[
    {
        "client_msg_id": "19cfd707-88bf-42b1-a0f5-b6114d935584",
        "type": "message",
        "text": "```[arensburger@pq ~\/Federici_work\/Tni-mitochondrion]$ perl ~\/utilities\/combine-colums.pl -in F38_rpkm.txt,F39_rpkm.txt,F40_rpkm.txt,F41_rpkm.txt,F42_rpkm.txt,F43_rpkm.txt,F44_rpkm.txt,F45_rpkm.txt,F46_rpkm.txt,F47_rpkm.txt,F48_rpkm.txt,F49_rpkm.txt,F50_rpkm.txt,F51_rpkm.txt,F52_rpkm.txt,F53_rpkm.txt,F54_rpkm.txt,F55_rpkm.txt,F56_rpkm.txt,F57_rpkm.txt,F58_rpkm.txt,F59_rpkm.txt,F60_rpkm.txt,F61_rpkm.txt,F62_rpkm.txt,F63_rpkm.txt &gt; F38-63-TnAV61a-1.xls &gt; F38-63-mito.xls```",
        "user": "U01793PULLV",
        "ts": "1631921840.008300",
        "blocks": [
            {
                "type": "rich_text",
                "block_id": "HAj",
                "elements": [
                    {
                        "type": "rich_text_preformatted",
                        "elements": [
                            {
                                "type": "text",
                                "text": "[arensburger@pq ~\/Federici_work\/Tni-mitochondrion]$ perl ~\/utilities\/combine-colums.pl -in F38_rpkm.txt,F39_rpkm.txt,F40_rpkm.txt,F41_rpkm.txt,F42_rpkm.txt,F43_rpkm.txt,F44_rpkm.txt,F45_rpkm.txt,F46_rpkm.txt,F47_rpkm.txt,F48_rpkm.txt,F49_rpkm.txt,F50_rpkm.txt,F51_rpkm.txt,F52_rpkm.txt,F53_rpkm.txt,F54_rpkm.txt,F55_rpkm.txt,F56_rpkm.txt,F57_rpkm.txt,F58_rpkm.txt,F59_rpkm.txt,F60_rpkm.txt,F61_rpkm.txt,F62_rpkm.txt,F63_rpkm.txt > F38-63-TnAV61a-1.xls > F38-63-mito.xls"
                            }
                        ]
                    }
                ]
            }
        ],
        "team": "T017P3M8W7K",
        "user_team": "T017P3M8W7K",
        "source_team": "T017P3M8W7K",
        "user_profile": {
            "avatar_hash": "743a9fc0b5f6",
            "image_72": "https:\/\/avatars.slack-edge.com\/2022-06-30\/3731255580839_743a9fc0b5f63f195af3_72.jpg",
            "first_name": "parensburger",
            "real_name": "parensburger",
            "display_name": "Peter",
            "team": "T017P3M8W7K",
            "name": "parensburger",
            "is_restricted": false,
            "is_ultra_restricted": false
        }
    },
    {
        "client_msg_id": "f3db8736-af59-4a84-b7a5-7568e246cc36",
        "type": "message",
        "text": "sent the content of file:\/\/\/home\/peter\/GoogleDrive\/Work\/Research%20Analysis\/Federici%20work\/Tni%20work%20September%202021 to Heba",
        "user": "U01793PULLV",
        "ts": "1631922841.008900",
        "blocks": [
            {
                "type": "rich_text",
                "block_id": "M1a",
                "elements": [
                    {
                        "type": "rich_text_section",
                        "elements": [
                            {
                                "type": "text",
                                "text": "sent the content of file:\/\/\/home\/peter\/GoogleDrive\/Work\/Research%20Analysis\/Federici%20work\/Tni%20work%20September%202021 to Heba"
                            }
                        ]
                    }
                ]
            }
        ],
        "team": "T017P3M8W7K",
        "user_team": "T017P3M8W7K",
        "source_team": "T017P3M8W7K",
        "user_profile": {
            "avatar_hash": "743a9fc0b5f6",
            "image_72": "https:\/\/avatars.slack-edge.com\/2022-06-30\/3731255580839_743a9fc0b5f63f195af3_72.jpg",
            "first_name": "parensburger",
            "real_name": "parensburger",
            "display_name": "Peter",
            "team": "T017P3M8W7K",
            "name": "parensburger",
            "is_restricted": false,
            "is_ultra_restricted": false
        }
    }
]