[
    {
        "client_msg_id": "7c99ba32-5225-4e29-9b8f-4086d17a03a7",
        "type": "message",
        "text": "Combine\n```[arensburger@pq ~\/Federici_work\/Tni-genome]$ perl ~\/utilities\/combine-colums.pl -in F38_rpkm.txt,F39_rpkm.txt,F40_rpkm.txt,F41_rpkm.txt,F42_rpkm.txt,F43_rpkm.txt,F44_rpkm.txt,F45_rpkm.txt,F46_rpkm.txt,F47_rpkm.txt,F48_rpkm.txt,F49_rpkm.txt,F50_rpkm.txt,F51_rpkm.txt,F52_rpkm.txt,F53_rpkm.txt,F54_rpkm.txt,F55_rpkm.txt,F56_rpkm.txt,F57_rpkm.txt,F58_rpkm.txt,F59_rpkm.txt,F60_rpkm.txt,F61_rpkm.txt,F62_rpkm.txt,F63_rpkm.txt &gt; F38-63-genome-heba3.xls```",
        "user": "U01793PULLV",
        "ts": "1626533847.000200",
        "blocks": [
            {
                "type": "rich_text",
                "block_id": "h1v",
                "elements": [
                    {
                        "type": "rich_text_section",
                        "elements": [
                            {
                                "type": "text",
                                "text": "Combine\n"
                            }
                        ]
                    },
                    {
                        "type": "rich_text_preformatted",
                        "elements": [
                            {
                                "type": "text",
                                "text": "[arensburger@pq ~\/Federici_work\/Tni-genome]$ perl ~\/utilities\/combine-colums.pl -in F38_rpkm.txt,F39_rpkm.txt,F40_rpkm.txt,F41_rpkm.txt,F42_rpkm.txt,F43_rpkm.txt,F44_rpkm.txt,F45_rpkm.txt,F46_rpkm.txt,F47_rpkm.txt,F48_rpkm.txt,F49_rpkm.txt,F50_rpkm.txt,F51_rpkm.txt,F52_rpkm.txt,F53_rpkm.txt,F54_rpkm.txt,F55_rpkm.txt,F56_rpkm.txt,F57_rpkm.txt,F58_rpkm.txt,F59_rpkm.txt,F60_rpkm.txt,F61_rpkm.txt,F62_rpkm.txt,F63_rpkm.txt > F38-63-genome-heba3.xls"
                            }
                        ]
                    }
                ]
            }
        ],
        "team": "T017P3M8W7K",
        "user_team": "T017P3M8W7K",
        "source_team": "T017P3M8W7K",
        "user_profile": {
            "avatar_hash": "743a9fc0b5f6",
            "image_72": "https:\/\/avatars.slack-edge.com\/2022-06-30\/3731255580839_743a9fc0b5f63f195af3_72.jpg",
            "first_name": "parensburger",
            "real_name": "parensburger",
            "display_name": "Peter",
            "team": "T017P3M8W7K",
            "name": "parensburger",
            "is_restricted": false,
            "is_ultra_restricted": false
        }
    }
]