[
    {
        "client_msg_id": "00460eff-52fd-4169-9607-f0678c70e46d",
        "type": "message",
        "text": "Federici work is taking a lot of space on cppbc, making a backup called cppbc_backup_Nov_2021 and erasing the data in on CPPBC",
        "user": "U01793PULLV",
        "ts": "1635821530.001200",
        "blocks": [
            {
                "type": "rich_text",
                "block_id": "QI\/",
                "elements": [
                    {
                        "type": "rich_text_section",
                        "elements": [
                            {
                                "type": "text",
                                "text": "Federici work is taking a lot of space on cppbc, making a backup called cppbc_backup_Nov_2021 and erasing the data in on CPPBC"
                            }
                        ]
                    }
                ]
            }
        ],
        "team": "T017P3M8W7K",
        "user_team": "T017P3M8W7K",
        "source_team": "T017P3M8W7K",
        "user_profile": {
            "avatar_hash": "743a9fc0b5f6",
            "image_72": "https:\/\/avatars.slack-edge.com\/2022-06-30\/3731255580839_743a9fc0b5f63f195af3_72.jpg",
            "first_name": "parensburger",
            "real_name": "parensburger",
            "display_name": "Peter",
            "team": "T017P3M8W7K",
            "name": "parensburger",
            "is_restricted": false,
            "is_ultra_restricted": false
        }
    }
]