[
    {
        "client_msg_id": "940c5151-3e05-492a-8c3c-9b1d50a58521",
        "type": "message",
        "text": "Based on emails yesterday with Heba, I need to redo the calculations. Turns out I forgot to use the -oricorr.fq files so my numbers are not the same as what was deposited in GEO.",
        "user": "U01793PULLV",
        "ts": "1642785183.001200",
        "blocks": [
            {
                "type": "rich_text",
                "block_id": "qhQWZ",
                "elements": [
                    {
                        "type": "rich_text_section",
                        "elements": [
                            {
                                "type": "text",
                                "text": "Based on emails yesterday with Heba, I need to redo the calculations. Turns out I forgot to use the -oricorr.fq files so my numbers are not the same as what was deposited in GEO."
                            }
                        ]
                    }
                ]
            }
        ],
        "team": "T017P3M8W7K",
        "user_team": "T017P3M8W7K",
        "source_team": "T017P3M8W7K",
        "user_profile": {
            "avatar_hash": "743a9fc0b5f6",
            "image_72": "https:\/\/avatars.slack-edge.com\/2022-06-30\/3731255580839_743a9fc0b5f63f195af3_72.jpg",
            "first_name": "parensburger",
            "real_name": "parensburger",
            "display_name": "Peter",
            "team": "T017P3M8W7K",
            "name": "parensburger",
            "is_restricted": false,
            "is_ultra_restricted": false
        }
    },
    {
        "client_msg_id": "bab3c1be-e74a-4be7-84db-6b47e7616306",
        "type": "message",
        "text": "restoring the appropriate folder on CPPBC from backup",
        "user": "U01793PULLV",
        "ts": "1642785999.001700",
        "blocks": [
            {
                "type": "rich_text",
                "block_id": "qyDj",
                "elements": [
                    {
                        "type": "rich_text_section",
                        "elements": [
                            {
                                "type": "text",
                                "text": "restoring the appropriate folder on CPPBC from backup"
                            }
                        ]
                    }
                ]
            }
        ],
        "team": "T017P3M8W7K",
        "user_team": "T017P3M8W7K",
        "source_team": "T017P3M8W7K",
        "user_profile": {
            "avatar_hash": "743a9fc0b5f6",
            "image_72": "https:\/\/avatars.slack-edge.com\/2022-06-30\/3731255580839_743a9fc0b5f63f195af3_72.jpg",
            "first_name": "parensburger",
            "real_name": "parensburger",
            "display_name": "Peter",
            "team": "T017P3M8W7K",
            "name": "parensburger",
            "is_restricted": false,
            "is_ultra_restricted": false
        }
    }
]