[
    {
        "client_msg_id": "a5a7b27b-6bbb-4128-9939-3e3cbf7b2271",
        "type": "message",
        "text": "Hi Ramiro, sorry for the late reply, I was on the road all day yesterday after driving my son to college at Cal State Humboldt. I don't think that there's a version of Clustal installed for all users by default on the cluster. However, I do have a version that seems to work on my cluster account (it's version 1.2.0 of ClustalOmega). I'll email you the binary program to your gmail account. You'll want to upload the attached file to your cluster account using scp, make it executable, and run the program. I'm including some instructions in the email. If you run into problems let me know, and what error messages you are getting.",
        "user": "U01793PULLV",
        "ts": "1629234256.004400",
        "blocks": [
            {
                "type": "rich_text",
                "block_id": "CnXc",
                "elements": [
                    {
                        "type": "rich_text_section",
                        "elements": [
                            {
                                "type": "text",
                                "text": "Hi Ramiro, sorry for the late reply, I was on the road all day yesterday after driving my son to college at Cal State Humboldt. I don't think that there's a version of Clustal installed for all users by default on the cluster. However, I do have a version that seems to work on my cluster account (it's version 1.2.0 of ClustalOmega). I'll email you the binary program to your gmail account. You'll want to upload the attached file to your cluster account using scp, make it executable, and run the program. I'm including some instructions in the email. If you run into problems let me know, and what error messages you are getting."
                            }
                        ]
                    }
                ]
            }
        ],
        "team": "T017P3M8W7K",
        "user_team": "T017P3M8W7K",
        "source_team": "T017P3M8W7K",
        "user_profile": {
            "avatar_hash": "743a9fc0b5f6",
            "image_72": "https:\/\/avatars.slack-edge.com\/2022-06-30\/3731255580839_743a9fc0b5f63f195af3_72.jpg",
            "first_name": "parensburger",
            "real_name": "parensburger",
            "display_name": "Peter",
            "team": "T017P3M8W7K",
            "name": "parensburger",
            "is_restricted": false,
            "is_ultra_restricted": false
        }
    },
    {
        "client_msg_id": "fba624fa-f9c2-44b3-9c40-27cdd970a4f4",
        "type": "message",
        "text": "Awesome. Thank you Peter. I will work on your version of ClustalOmega.",
        "user": "U0293LRHUFR",
        "ts": "1629236357.005500",
        "blocks": [
            {
                "type": "rich_text",
                "block_id": "j5W",
                "elements": [
                    {
                        "type": "rich_text_section",
                        "elements": [
                            {
                                "type": "text",
                                "text": "Awesome. Thank you Peter. I will work on your version of ClustalOmega."
                            }
                        ]
                    }
                ]
            }
        ],
        "team": "T017P3M8W7K",
        "user_team": "T017P3M8W7K",
        "source_team": "T017P3M8W7K",
        "user_profile": {
            "avatar_hash": "ga24234cab0a",
            "image_72": "https:\/\/secure.gravatar.com\/avatar\/a24234cab0a90a119fc0063b3b1c9137.jpg?s=72&d=https%3A%2F%2Fa.slack-edge.com%2Fdf10d%2Fimg%2Favatars%2Fava_0007-72.png",
            "first_name": "",
            "real_name": "Ramiro Echeverria",
            "display_name": "",
            "team": "T017P3M8W7K",
            "name": "ramiroe",
            "is_restricted": false,
            "is_ultra_restricted": false
        }
    }
]