[
    {
        "client_msg_id": "142ba1f0-9477-4186-aa85-2f67006fce61",
        "type": "message",
        "text": "Just to remind you to re-run the RepeatMasker on Hays. Also, could you run RepeatMasker on the Lewis data as well? Both the Hays and Lewis data should be run on the V2 version of the P. tepidariorum genome. Let me know if you have any questions about this.",
        "user": "U01793PULLV",
        "ts": "1623715209.000100",
        "blocks": [
            {
                "type": "rich_text",
                "block_id": "g=uQM",
                "elements": [
                    {
                        "type": "rich_text_section",
                        "elements": [
                            {
                                "type": "text",
                                "text": "Just to remind you to re-run the RepeatMasker on Hays. Also, could you run RepeatMasker on the Lewis data as well? Both the Hays and Lewis data should be run on the V2 version of the P. tepidariorum genome. Let me know if you have any questions about this."
                            }
                        ]
                    }
                ]
            }
        ],
        "team": "T017P3M8W7K",
        "user_team": "T017P3M8W7K",
        "source_team": "T017P3M8W7K",
        "user_profile": {
            "avatar_hash": "743a9fc0b5f6",
            "image_72": "https:\/\/avatars.slack-edge.com\/2022-06-30\/3731255580839_743a9fc0b5f63f195af3_72.jpg",
            "first_name": "parensburger",
            "real_name": "parensburger",
            "display_name": "Peter",
            "team": "T017P3M8W7K",
            "name": "parensburger",
            "is_restricted": false,
            "is_ultra_restricted": false
        },
        "edited": {
            "user": "U01793PULLV",
            "ts": "1623715432.000000"
        },
        "thread_ts": "1623095547.000600",
        "parent_user_id": "U01QM0009D3"
    },
    {
        "client_msg_id": "59492644-59B3-4897-B376-152A76E41492",
        "type": "message",
        "text": "OH sorry I didn’t see the other message ",
        "user": "U01QM0009D3",
        "ts": "1623715542.000600",
        "blocks": [
            {
                "type": "rich_text",
                "block_id": "XRrJ",
                "elements": [
                    {
                        "type": "rich_text_section",
                        "elements": [
                            {
                                "type": "text",
                                "text": "OH sorry I didn’t see the other message "
                            }
                        ]
                    }
                ]
            }
        ],
        "team": "T017P3M8W7K",
        "user_team": "T017P3M8W7K",
        "source_team": "T017P3M8W7K",
        "user_profile": {
            "avatar_hash": "88a6cc2d842b",
            "image_72": "https:\/\/avatars.slack-edge.com\/2021-05-08\/2044578307474_88a6cc2d842bdc068cdb_72.png",
            "first_name": "Emi",
            "real_name": "Emi Hays",
            "display_name": "Emi Hays",
            "team": "T017P3M8W7K",
            "name": "emhays01",
            "is_restricted": false,
            "is_ultra_restricted": false
        },
        "thread_ts": "1623095547.000600",
        "parent_user_id": "U01QM0009D3"
    },
    {
        "client_msg_id": "1FECB28F-9314-4E17-BBE2-52860E92085D",
        "type": "message",
        "text": "Running it now! ",
        "user": "U01QM0009D3",
        "ts": "1623715553.001000",
        "blocks": [
            {
                "type": "rich_text",
                "block_id": "dmZ",
                "elements": [
                    {
                        "type": "rich_text_section",
                        "elements": [
                            {
                                "type": "text",
                                "text": "Running it now! "
                            }
                        ]
                    }
                ]
            }
        ],
        "team": "T017P3M8W7K",
        "user_team": "T017P3M8W7K",
        "source_team": "T017P3M8W7K",
        "user_profile": {
            "avatar_hash": "88a6cc2d842b",
            "image_72": "https:\/\/avatars.slack-edge.com\/2021-05-08\/2044578307474_88a6cc2d842bdc068cdb_72.png",
            "first_name": "Emi",
            "real_name": "Emi Hays",
            "display_name": "Emi Hays",
            "team": "T017P3M8W7K",
            "name": "emhays01",
            "is_restricted": false,
            "is_ultra_restricted": false
        },
        "thread_ts": "1623095547.000600",
        "parent_user_id": "U01QM0009D3"
    }
]