[
    {
        "client_msg_id": "7e7155b9-7112-4117-b9c4-e09f1035ae79",
        "type": "message",
        "text": "Finished; the files are called blastresults and spidermatches_isolated",
        "user": "U01QM0009D3",
        "ts": "1618092485.001900",
        "blocks": [
            {
                "type": "rich_text",
                "block_id": "DJ0nS",
                "elements": [
                    {
                        "type": "rich_text_section",
                        "elements": [
                            {
                                "type": "text",
                                "text": "Finished; the files are called blastresults and spidermatches_isolated"
                            }
                        ]
                    }
                ]
            }
        ],
        "team": "T017P3M8W7K",
        "user_team": "T017P3M8W7K",
        "source_team": "T017P3M8W7K",
        "user_profile": {
            "avatar_hash": "88a6cc2d842b",
            "image_72": "https:\/\/avatars.slack-edge.com\/2021-05-08\/2044578307474_88a6cc2d842bdc068cdb_72.png",
            "first_name": "Emi",
            "real_name": "Emi Hays",
            "display_name": "Emi Hays",
            "team": "T017P3M8W7K",
            "name": "emhays01",
            "is_restricted": false,
            "is_ultra_restricted": false
        }
    },
    {
        "client_msg_id": "81d7dd0f-1103-4e6d-806a-e8d7a68e2be0",
        "type": "message",
        "text": "There were 4698 matches; blastresults contains all of the database information and spidermatches_isolated has the isolated sequences from spider_TEs.fa",
        "user": "U01QM0009D3",
        "ts": "1618092517.002600",
        "blocks": [
            {
                "type": "rich_text",
                "block_id": "9ogY",
                "elements": [
                    {
                        "type": "rich_text_section",
                        "elements": [
                            {
                                "type": "text",
                                "text": "There were 4698 matches; blastresults contains all of the database information and spidermatches_isolated has the isolated sequences from spider_TEs.fa"
                            }
                        ]
                    }
                ]
            }
        ],
        "team": "T017P3M8W7K",
        "user_team": "T017P3M8W7K",
        "source_team": "T017P3M8W7K",
        "user_profile": {
            "avatar_hash": "88a6cc2d842b",
            "image_72": "https:\/\/avatars.slack-edge.com\/2021-05-08\/2044578307474_88a6cc2d842bdc068cdb_72.png",
            "first_name": "Emi",
            "real_name": "Emi Hays",
            "display_name": "Emi Hays",
            "team": "T017P3M8W7K",
            "name": "emhays01",
            "is_restricted": false,
            "is_ultra_restricted": false
        }
    }
]