[
    {
        "client_msg_id": "5aacc04e-2a77-4328-afe2-ad1a5adfe3d0",
        "type": "message",
        "text": "ok, those two files are in the \"recovered\" folder",
        "user": "U01793PULLV",
        "ts": "1622647036.000100",
        "blocks": [
            {
                "type": "rich_text",
                "block_id": "qHh",
                "elements": [
                    {
                        "type": "rich_text_section",
                        "elements": [
                            {
                                "type": "text",
                                "text": "ok, those two files are in the \"recovered\" folder"
                            }
                        ]
                    }
                ]
            }
        ],
        "team": "T017P3M8W7K",
        "user_team": "T017P3M8W7K",
        "source_team": "T017P3M8W7K",
        "user_profile": {
            "avatar_hash": "743a9fc0b5f6",
            "image_72": "https:\/\/avatars.slack-edge.com\/2022-06-30\/3731255580839_743a9fc0b5f63f195af3_72.jpg",
            "first_name": "parensburger",
            "real_name": "parensburger",
            "display_name": "Peter",
            "team": "T017P3M8W7K",
            "name": "parensburger",
            "is_restricted": false,
            "is_ultra_restricted": false
        },
        "thread_ts": "1622599740.016600",
        "parent_user_id": "U01QM0009D3"
    },
    {
        "client_msg_id": "2432ED04-1CE3-4F41-8431-CF6DF8283F48",
        "type": "message",
        "text": "Thank you! ",
        "user": "U01QM0009D3",
        "ts": "1622658836.000300",
        "blocks": [
            {
                "type": "rich_text",
                "block_id": "C9h",
                "elements": [
                    {
                        "type": "rich_text_section",
                        "elements": [
                            {
                                "type": "text",
                                "text": "Thank you! "
                            }
                        ]
                    }
                ]
            }
        ],
        "team": "T017P3M8W7K",
        "user_team": "T017P3M8W7K",
        "source_team": "T017P3M8W7K",
        "user_profile": {
            "avatar_hash": "88a6cc2d842b",
            "image_72": "https:\/\/avatars.slack-edge.com\/2021-05-08\/2044578307474_88a6cc2d842bdc068cdb_72.png",
            "first_name": "Emi",
            "real_name": "Emi Hays",
            "display_name": "Emi Hays",
            "team": "T017P3M8W7K",
            "name": "emhays01",
            "is_restricted": false,
            "is_ultra_restricted": false
        },
        "thread_ts": "1622599740.016600",
        "parent_user_id": "U01QM0009D3"
    },
    {
        "client_msg_id": "1d948229-769b-4f84-9463-6385090d6fbd",
        "type": "message",
        "text": "ok I can see it now, thanks for clarifying",
        "user": "U01793PULLV",
        "ts": "1622676149.002500",
        "blocks": [
            {
                "type": "rich_text",
                "block_id": "4+X",
                "elements": [
                    {
                        "type": "rich_text_section",
                        "elements": [
                            {
                                "type": "text",
                                "text": "ok I can see it now, thanks for clarifying"
                            }
                        ]
                    }
                ]
            }
        ],
        "team": "T017P3M8W7K",
        "user_team": "T017P3M8W7K",
        "source_team": "T017P3M8W7K",
        "user_profile": {
            "avatar_hash": "743a9fc0b5f6",
            "image_72": "https:\/\/avatars.slack-edge.com\/2022-06-30\/3731255580839_743a9fc0b5f63f195af3_72.jpg",
            "first_name": "parensburger",
            "real_name": "parensburger",
            "display_name": "Peter",
            "team": "T017P3M8W7K",
            "name": "parensburger",
            "is_restricted": false,
            "is_ultra_restricted": false
        },
        "thread_ts": "1622599264.012500",
        "parent_user_id": "U01QM0009D3"
    },
    {
        "type": "message",
        "text": "Before moving forward I wanted to summarize the state of the project so far in <https:\/\/docs.google.com\/document\/d\/1w5mHdtxEsLp5AntydG4C65edLWNVd4ujn5TMT33624U\/edit?usp=sharing|this document>. Could you take a moment to review it and answer the questions I have in the comments? I just want to have an accurate picture of where we are at right now so that we know where to go next with this. Also, feel free to comment or ask questions.\nLonger term, I'm envisioning that this project should be at least a poster, if not a talk, at the next undergrad research symposium (either on campus or <https:\/\/www.sccur.org\/|SCCUR>), and then you'd be an author on a publication where this would be a part of it. That would also open up the opportunities to get money to present this in out-of-state conferences, is this something you're interested in (in principle, no specifics yet).\nAlso, FYI I'm taking some time off at the end of the month to go back to the east coast; so there will be pause in research there for a while. How's your summer shaping up? You're working hard on this, and just so you know, you're doing much more than I would have expected from an undergrad so I'm really happy with what you've done, but I'm totally fine if you want to take a break at some point.",
        "files": [
            {
                "id": "F02419T7MAQ",
                "created": 1622680421,
                "timestamp": 1622680421,
                "name": "Spider TE annotation",
                "title": "Spider TE annotation",
                "mimetype": "application\/vnd.google-apps.document",
                "filetype": "gdoc",
                "pretty_type": "G Suite Document",
                "user": "U01793PULLV",
                "user_team": "T017P3M8W7K",
                "editable": false,
                "size": 118116,
                "mode": "external",
                "is_external": true,
                "external_type": "gdrive",
                "is_public": true,
                "public_url_shared": false,
                "display_as_bot": false,
                "username": "",
                "url_private": "https:\/\/docs.google.com\/document\/d\/1w5mHdtxEsLp5AntydG4C65edLWNVd4ujn5TMT33624U\/edit?usp=sharing",
                "media_display_type": "unknown",
                "thumb_64": "https:\/\/files.slack.com\/files-tmb\/T017P3M8W7K-F02419T7MAQ-edb5f771f9\/spider_te_annotation_64.png?t=xoxe-1261123302257-6395895314663-6407612319125-137f2171a6b5696e8e285d5b7bbfa693",
                "thumb_80": "https:\/\/files.slack.com\/files-tmb\/T017P3M8W7K-F02419T7MAQ-edb5f771f9\/spider_te_annotation_80.png?t=xoxe-1261123302257-6395895314663-6407612319125-137f2171a6b5696e8e285d5b7bbfa693",
                "thumb_360": "https:\/\/files.slack.com\/files-tmb\/T017P3M8W7K-F02419T7MAQ-edb5f771f9\/spider_te_annotation_360.png?t=xoxe-1261123302257-6395895314663-6407612319125-137f2171a6b5696e8e285d5b7bbfa693",
                "thumb_360_w": 278,
                "thumb_360_h": 360,
                "thumb_480": "https:\/\/files.slack.com\/files-tmb\/T017P3M8W7K-F02419T7MAQ-edb5f771f9\/spider_te_annotation_480.png?t=xoxe-1261123302257-6395895314663-6407612319125-137f2171a6b5696e8e285d5b7bbfa693",
                "thumb_480_w": 371,
                "thumb_480_h": 480,
                "thumb_160": "https:\/\/files.slack.com\/files-tmb\/T017P3M8W7K-F02419T7MAQ-edb5f771f9\/spider_te_annotation_160.png?t=xoxe-1261123302257-6395895314663-6407612319125-137f2171a6b5696e8e285d5b7bbfa693",
                "thumb_720": "https:\/\/files.slack.com\/files-tmb\/T017P3M8W7K-F02419T7MAQ-edb5f771f9\/spider_te_annotation_720.png?t=xoxe-1261123302257-6395895314663-6407612319125-137f2171a6b5696e8e285d5b7bbfa693",
                "thumb_720_w": 557,
                "thumb_720_h": 720,
                "thumb_800": "https:\/\/files.slack.com\/files-tmb\/T017P3M8W7K-F02419T7MAQ-edb5f771f9\/spider_te_annotation_800.png?t=xoxe-1261123302257-6395895314663-6407612319125-137f2171a6b5696e8e285d5b7bbfa693",
                "thumb_800_w": 800,
                "thumb_800_h": 1035,
                "thumb_960": "https:\/\/files.slack.com\/files-tmb\/T017P3M8W7K-F02419T7MAQ-edb5f771f9\/spider_te_annotation_960.png?t=xoxe-1261123302257-6395895314663-6407612319125-137f2171a6b5696e8e285d5b7bbfa693",
                "thumb_960_w": 742,
                "thumb_960_h": 960,
                "thumb_1024": "https:\/\/files.slack.com\/files-tmb\/T017P3M8W7K-F02419T7MAQ-edb5f771f9\/spider_te_annotation_1024.png?t=xoxe-1261123302257-6395895314663-6407612319125-137f2171a6b5696e8e285d5b7bbfa693",
                "thumb_1024_w": 791,
                "thumb_1024_h": 1024,
                "original_w": 800,
                "original_h": 1035,
                "thumb_tiny": "AwAwACXTJxSZ9jQ3Smgj3FADgfY0tMyPU04Yz1JoAWiiigBG6VHxUtM2HPWgBtKDzTth\/vUuKAFooooAKKKKACiiigAooooA\/9k=",
                "permalink": "https:\/\/arensburgerla-9bj1862.slack.com\/files\/U01793PULLV\/F02419T7MAQ\/spider_te_annotation",
                "is_starred": true,
                "saved": {
                    "is_archived": true,
                    "date_completed": 0,
                    "date_due": 1,
                    "state": "archived"
                },
                "external_id": "1w5mHdtxEsLp5AntydG4C65edLWNVd4ujn5TMT33624U",
                "external_url": "https:\/\/docs.google.com\/document\/d\/1w5mHdtxEsLp5AntydG4C65edLWNVd4ujn5TMT33624U\/edit?usp=sharing",
                "has_rich_preview": true,
                "file_access": "visible"
            }
        ],
        "upload": false,
        "user": "U01793PULLV",
        "display_as_bot": false,
        "x_files": [
            "F02419T7MAQ"
        ],
        "ts": "1622680420.011900",
        "blocks": [
            {
                "type": "rich_text",
                "block_id": "=za",
                "elements": [
                    {
                        "type": "rich_text_section",
                        "elements": [
                            {
                                "type": "text",
                                "text": "Before moving forward I wanted to summarize the state of the project so far in "
                            },
                            {
                                "type": "link",
                                "url": "https:\/\/docs.google.com\/document\/d\/1w5mHdtxEsLp5AntydG4C65edLWNVd4ujn5TMT33624U\/edit?usp=sharing",
                                "text": "this document"
                            },
                            {
                                "type": "text",
                                "text": ". Could you take a moment to review it and answer the questions I have in the comments? I just want to have an accurate picture of where we are at right now so that we know where to go next with this. Also, feel free to comment or ask questions.\nLonger term, I'm envisioning that this project should be at least a poster, if not a talk, at the next undergrad research symposium (either on campus or "
                            },
                            {
                                "type": "link",
                                "url": "https:\/\/www.sccur.org\/",
                                "text": "SCCUR"
                            },
                            {
                                "type": "text",
                                "text": "), and then you'd be an author on a publication where this would be a part of it. That would also open up the opportunities to get money to present this in out-of-state conferences, is this something you're interested in (in principle, no specifics yet).\nAlso, FYI I'm taking some time off at the end of the month to go back to the east coast; so there will be pause in research there for a while. How's your summer shaping up? You're working hard on this, and just so you know, you're doing much more than I would have expected from an undergrad so I'm really happy with what you've done, but I'm totally fine if you want to take a break at some point."
                            }
                        ]
                    }
                ]
            }
        ],
        "client_msg_id": "d0c4ad2f-ebb1-4005-88b3-d5ffc35014d7"
    }
]