[
    {
        "client_msg_id": "9FA757B5-32A3-42CB-B15E-6826B9CC2BD3",
        "type": "message",
        "text": "I finished summer school, so I have more time to work on this now ",
        "user": "U01QM0009D3",
        "ts": "1628644295.000800",
        "blocks": [
            {
                "type": "rich_text",
                "block_id": "X4GTy",
                "elements": [
                    {
                        "type": "rich_text_section",
                        "elements": [
                            {
                                "type": "text",
                                "text": "I finished summer school, so I have more time to work on this now "
                            }
                        ]
                    }
                ]
            }
        ],
        "team": "T017P3M8W7K",
        "user_team": "T017P3M8W7K",
        "source_team": "T017P3M8W7K",
        "user_profile": {
            "avatar_hash": "88a6cc2d842b",
            "image_72": "https:\/\/avatars.slack-edge.com\/2021-05-08\/2044578307474_88a6cc2d842bdc068cdb_72.png",
            "first_name": "Emi",
            "real_name": "Emi Hays",
            "display_name": "Emi Hays",
            "team": "T017P3M8W7K",
            "name": "emhays01",
            "is_restricted": false,
            "is_ultra_restricted": false
        },
        "thread_ts": "1628644295.000800",
        "reply_count": 2,
        "reply_users_count": 2,
        "latest_reply": "1628656711.001800",
        "reply_users": [
            "U01793PULLV",
            "U01QM0009D3"
        ],
        "replies": [
            {
                "user": "U01793PULLV",
                "ts": "1628650191.000900"
            },
            {
                "user": "U01QM0009D3",
                "ts": "1628656711.001800"
            }
        ],
        "is_locked": false,
        "subscribed": true,
        "last_read": "1628656711.001800"
    },
    {
        "client_msg_id": "a4d2f336-d230-4237-815c-c861c7263602",
        "type": "message",
        "text": "Cool, but just in time for me to leave for a few days :grinning: (taking my son to college). Let's get back to this at the start of the semester in two weeks.",
        "user": "U01793PULLV",
        "ts": "1628650191.000900",
        "blocks": [
            {
                "type": "rich_text",
                "block_id": "lU8",
                "elements": [
                    {
                        "type": "rich_text_section",
                        "elements": [
                            {
                                "type": "text",
                                "text": "Cool, but just in time for me to leave for a few days "
                            },
                            {
                                "type": "emoji",
                                "name": "grinning",
                                "unicode": "1f600"
                            },
                            {
                                "type": "text",
                                "text": " (taking my son to college). Let's get back to this at the start of the semester in two weeks."
                            }
                        ]
                    }
                ]
            }
        ],
        "team": "T017P3M8W7K",
        "user_team": "T017P3M8W7K",
        "source_team": "T017P3M8W7K",
        "user_profile": {
            "avatar_hash": "743a9fc0b5f6",
            "image_72": "https:\/\/avatars.slack-edge.com\/2022-06-30\/3731255580839_743a9fc0b5f63f195af3_72.jpg",
            "first_name": "parensburger",
            "real_name": "parensburger",
            "display_name": "Peter",
            "team": "T017P3M8W7K",
            "name": "parensburger",
            "is_restricted": false,
            "is_ultra_restricted": false
        },
        "thread_ts": "1628644295.000800",
        "parent_user_id": "U01QM0009D3"
    },
    {
        "client_msg_id": "6DB89C07-9206-4736-AABA-6F7634A37C99",
        "type": "message",
        "text": "HAHAHA sounds good! I hope your son settles in well :-)) ",
        "user": "U01QM0009D3",
        "ts": "1628656711.001800",
        "blocks": [
            {
                "type": "rich_text",
                "block_id": "R+eM3",
                "elements": [
                    {
                        "type": "rich_text_section",
                        "elements": [
                            {
                                "type": "text",
                                "text": "HAHAHA sounds good! I hope your son settles in well :-)) "
                            }
                        ]
                    }
                ]
            }
        ],
        "team": "T017P3M8W7K",
        "user_team": "T017P3M8W7K",
        "source_team": "T017P3M8W7K",
        "user_profile": {
            "avatar_hash": "88a6cc2d842b",
            "image_72": "https:\/\/avatars.slack-edge.com\/2021-05-08\/2044578307474_88a6cc2d842bdc068cdb_72.png",
            "first_name": "Emi",
            "real_name": "Emi Hays",
            "display_name": "Emi Hays",
            "team": "T017P3M8W7K",
            "name": "emhays01",
            "is_restricted": false,
            "is_ultra_restricted": false
        },
        "thread_ts": "1628644295.000800",
        "parent_user_id": "U01QM0009D3"
    }
]