[
    {
        "client_msg_id": "e6ae3847-4d5d-448f-9e79-ec02d7511362",
        "type": "message",
        "text": "yes, once all the sequences have been labelled so they can traced back to their original databases you should combine all the proteins into a single file.",
        "user": "U01793PULLV",
        "ts": "1616512281.001100",
        "blocks": [
            {
                "type": "rich_text",
                "block_id": "pnRzM",
                "elements": [
                    {
                        "type": "rich_text_section",
                        "elements": [
                            {
                                "type": "text",
                                "text": "yes, once all the sequences have been labelled so they can traced back to their original databases you should combine all the proteins into a single file."
                            }
                        ]
                    }
                ]
            }
        ],
        "team": "T017P3M8W7K",
        "user_team": "T017P3M8W7K",
        "source_team": "T017P3M8W7K",
        "user_profile": {
            "avatar_hash": "743a9fc0b5f6",
            "image_72": "https:\/\/avatars.slack-edge.com\/2022-06-30\/3731255580839_743a9fc0b5f63f195af3_72.jpg",
            "first_name": "parensburger",
            "real_name": "parensburger",
            "display_name": "Peter",
            "team": "T017P3M8W7K",
            "name": "parensburger",
            "is_restricted": false,
            "is_ultra_restricted": false
        }
    },
    {
        "client_msg_id": "4F8B10ED-3FB3-4CF9-9C1B-DDCA6CDF4CFA",
        "type": "message",
        "text": "Great; I named that file “totalDB.fa”. What should I do next?",
        "user": "U01QM0009D3",
        "ts": "1616519139.001500",
        "blocks": [
            {
                "type": "rich_text",
                "block_id": "zA2",
                "elements": [
                    {
                        "type": "rich_text_section",
                        "elements": [
                            {
                                "type": "text",
                                "text": "Great; I named that file “totalDB.fa”. What should I do next?"
                            }
                        ]
                    }
                ]
            }
        ],
        "team": "T017P3M8W7K",
        "user_team": "T017P3M8W7K",
        "source_team": "T017P3M8W7K",
        "user_profile": {
            "avatar_hash": "88a6cc2d842b",
            "image_72": "https:\/\/avatars.slack-edge.com\/2021-05-08\/2044578307474_88a6cc2d842bdc068cdb_72.png",
            "first_name": "Emi",
            "real_name": "Emi Hays",
            "display_name": "Emi Hays",
            "team": "T017P3M8W7K",
            "name": "emhays01",
            "is_restricted": false,
            "is_ultra_restricted": false
        },
        "edited": {
            "user": "U01QM0009D3",
            "ts": "1616519153.000000"
        }
    },
    {
        "client_msg_id": "aa896a01-378d-42be-8a60-bfbf7a5baf9d",
        "type": "message",
        "text": "Next you're going to make database of these sequences so that you can compare each of your sequences in Ptep1_denovoLibTEs_filtered.fa to the sequences in totalDB.fa .  You'll be building the database and doing the searching using the program BLAST from the command line on Traviata. Blast is already installed on Traviata. You can find the commands to build the database and run BLAST in this <https:\/\/www.ncbi.nlm.nih.gov\/books\/NBK279690\/|manual>. Once you have a feel for the command lines, go to the \"Quick start\" section to build the database and run the blast. Be aware that the manual talks about downloading sequences from the NCBI website, but you won't do that, you'll only be using your totalDB.fa sequences. Let me know if you get stuck.",
        "user": "U01793PULLV",
        "ts": "1616521103.007000",
        "blocks": [
            {
                "type": "rich_text",
                "block_id": "9GFWi",
                "elements": [
                    {
                        "type": "rich_text_section",
                        "elements": [
                            {
                                "type": "text",
                                "text": "Next you're going to make database of these sequences so that you can compare each of your sequences in Ptep1_denovoLibTEs_filtered.fa to the sequences in totalDB.fa .  You'll be building the database and doing the searching using the program BLAST from the command line on Traviata. Blast is already installed on Traviata. You can find the commands to build the database and run BLAST in this "
                            },
                            {
                                "type": "link",
                                "url": "https:\/\/www.ncbi.nlm.nih.gov\/books\/NBK279690\/",
                                "text": "manual"
                            },
                            {
                                "type": "text",
                                "text": ". Once you have a feel for the command lines, go to the \"Quick start\" section to build the database and run the blast. Be aware that the manual talks about downloading sequences from the NCBI website, but you won't do that, you'll only be using your totalDB.fa sequences. Let me know if you get stuck."
                            }
                        ]
                    }
                ]
            }
        ],
        "team": "T017P3M8W7K",
        "user_team": "T017P3M8W7K",
        "source_team": "T017P3M8W7K",
        "user_profile": {
            "avatar_hash": "743a9fc0b5f6",
            "image_72": "https:\/\/avatars.slack-edge.com\/2022-06-30\/3731255580839_743a9fc0b5f63f195af3_72.jpg",
            "first_name": "parensburger",
            "real_name": "parensburger",
            "display_name": "Peter",
            "team": "T017P3M8W7K",
            "name": "parensburger",
            "is_restricted": false,
            "is_ultra_restricted": false
        },
        "attachments": [
            {
                "service_name": "NCBI Bookshelf",
                "title": "BLAST® Command Line Applications User Manual",
                "title_link": "https:\/\/www.ncbi.nlm.nih.gov\/books\/NBK279690\/",
                "text": "This manual documents the BLAST (Basic Local Alignment Search Tool) command line applications developed at the National Center for Biotechnology Information (NCBI).",
                "fallback": "NCBI Bookshelf: BLAST® Command Line Applications User Manual",
                "thumb_url": "https:\/\/www.ncbi.nlm.nih.gov\/corehtml\/pmc\/pmcgifs\/bookshelf\/thumbs\/th-helpblastclaum-lrg.png",
                "from_url": "https:\/\/www.ncbi.nlm.nih.gov\/books\/NBK279690\/",
                "thumb_width": 160,
                "thumb_height": 200,
                "service_icon": "http:\/\/www.ncbi.nlm.nih.gov\/favicon.ico",
                "id": 1,
                "original_url": "https:\/\/www.ncbi.nlm.nih.gov\/books\/NBK279690\/"
            }
        ]
    }
]