[
    {
        "client_msg_id": "5adabe88-9be7-4fd6-9609-6d4648f76cf7",
        "type": "message",
        "text": "These are awesome!What we'll do is that we'll ignore the bed formatted ones because you need the original genome they came from to get the nucleotide sequence and that's a bit much for now. However, you're going to do two things:\n1. I put into you home folder on traviata a short python script that will convert the embl formatted file to fasta. This is a VERY short program with no frills. The program expects a file called \"in.embl\" that contains the embl formatted database (you can uses the command lines mv or cp to change the name of your input database file to \"in.embl\"), and it will produce a file called \"out.fas\" that contain the fasta formatted file (you'll have rename that file of course). Once you have your in.embl file ready make sure the files in.embl and convert_embl.py are in the in same directory and from that directory you run program from the command line by typing:\n`python3 convert_embl.py` \nYou may see error or warning messages as it works, but that's ok. Once finished check for the out.fas file and rename it to something more appropriate\n\n2. Once you've converted all your files to fasta format, you're going to rename every fasta sequence to something that will identify what database that sequence came from. To do that, you'll use the following command (it's called a Perl on-liner, very useful for this kind of stuff). The following command takes the file \"out2.fas\" and inserts the word \"NAME\" between the \"&gt;\" character of each fasta title and rest of the title:\n`peter@traviata:~\/Desktop$ perl -pi~ -e 's\/&gt;(.+)\/&gt;NAME_$1\/' out2.fas`\nUse this command (starting with the word \"perl\") and modify \"NAME\" and \"out2.fas\" to match a unique name for each database (record those unique names here on Slack) and your database file name respectively. Be careful, this perl on-liner will overwrite your original file with the new names, so if you mess up you can't go back. Therefore, it might be a good idea to work on copies of your databases rather the originals.\n\nLet me know if you have questions, or when you're done. Then you'll merge all your nucleotide fasta files into a single file and run the <https:\/\/arensburgerla-9bj1862.slack.com\/archives\/C01R1KGQN2V\/p1615992127008500|getorf> program on it. After that you'll merge all the protein sequences and make a database out of them to search the spider TE sequences with.",
        "user": "U01793PULLV",
        "ts": "1616264385.018400",
        "blocks": [
            {
                "type": "rich_text",
                "block_id": "xwiTZ",
                "elements": [
                    {
                        "type": "rich_text_section",
                        "elements": [
                            {
                                "type": "text",
                                "text": "These are awesome!What we'll do is that we'll ignore the bed formatted ones because you need the original genome they came from to get the nucleotide sequence and that's a bit much for now. However, you're going to do two things:\n"
                            }
                        ]
                    },
                    {
                        "type": "rich_text_list",
                        "elements": [
                            {
                                "type": "rich_text_section",
                                "elements": [
                                    {
                                        "type": "text",
                                        "text": "I put into you home folder on traviata a short python script that will convert the embl formatted file to fasta. This is a VERY short program with no frills. The program expects a file called \"in.embl\" that contains the embl formatted database (you can uses the command lines mv or cp to change the name of your input database file to \"in.embl\"), and it will produce a file called \"out.fas\" that contain the fasta formatted file (you'll have rename that file of course). Once you have your in.embl file ready make sure the files in.embl and convert_embl.py are in the in same directory and from that directory you run program from the command line by typing:"
                                    }
                                ]
                            }
                        ],
                        "style": "ordered",
                        "indent": 0
                    },
                    {
                        "type": "rich_text_section",
                        "elements": [
                            {
                                "type": "text",
                                "text": "python3 convert_embl.py ",
                                "style": {
                                    "code": true
                                }
                            },
                            {
                                "type": "text",
                                "text": "\nYou may see error or warning messages as it works, but that's ok. Once finished check for the out.fas file and rename it to something more appropriate\n\n2. Once you've converted all your files to fasta format, you're going to rename every fasta sequence to something that will identify what database that sequence came from. To do that, you'll use the following command (it's called a Perl on-liner, very useful for this kind of stuff). The following command takes the file \"out2.fas\" and inserts the word \"NAME\" between the \">\" character of each fasta title and rest of the title:\n"
                            },
                            {
                                "type": "text",
                                "text": "peter@traviata:~\/Desktop$ perl -pi~ -e 's\/>(.+)\/>NAME_$1\/' out2.fas",
                                "style": {
                                    "code": true
                                }
                            },
                            {
                                "type": "text",
                                "text": "\nUse this command (starting with the word \"perl\") and modify \"NAME\" and \"out2.fas\" to match a unique name for each database (record those unique names here on Slack) and your database file name respectively. Be careful, this perl on-liner will overwrite your original file with the new names, so if you mess up you can't go back. Therefore, it might be a good idea to work on copies of your databases rather the originals.\n\nLet me know if you have questions, or when you're done. Then you'll merge all your nucleotide fasta files into a single file and run the "
                            },
                            {
                                "type": "link",
                                "url": "https:\/\/arensburgerla-9bj1862.slack.com\/archives\/C01R1KGQN2V\/p1615992127008500",
                                "text": "getorf"
                            },
                            {
                                "type": "text",
                                "text": " program on it. After that you'll merge all the protein sequences and make a database out of them to search the spider TE sequences with."
                            }
                        ]
                    }
                ]
            }
        ],
        "team": "T017P3M8W7K",
        "user_team": "T017P3M8W7K",
        "source_team": "T017P3M8W7K",
        "user_profile": {
            "avatar_hash": "743a9fc0b5f6",
            "image_72": "https:\/\/avatars.slack-edge.com\/2022-06-30\/3731255580839_743a9fc0b5f63f195af3_72.jpg",
            "first_name": "parensburger",
            "real_name": "parensburger",
            "display_name": "Peter",
            "team": "T017P3M8W7K",
            "name": "parensburger",
            "is_restricted": false,
            "is_ultra_restricted": false
        },
        "attachments": [
            {
                "from_url": "https:\/\/arensburgerla-9bj1862.slack.com\/archives\/C01R1KGQN2V\/p1615992127008500",
                "fallback": "[March 17th, 2021 7:42 AM] parensburger: I installed a program so that you can search for ORFs in the nucleotide databases. Use the <http:\/\/bio.biomedicine.gu.se\/cgi-bin\/emboss\/help\/getorf|getorf> command on the traviata command line to produce an output file with ORFs. Run it with the parameter \"-minsize 300\" (meaning that each ORF has to originate from a nucleotide sequence at least 300 nucleotides long).\nIf you're lost on any of this please let me know, I'll be happy to explain in more detail.",
                "ts": "1615992127.008500",
                "author_id": "U01793PULLV",
                "author_subname": "parensburger",
                "channel_id": "C01R1KGQN2V",
                "is_msg_unfurl": true,
                "is_reply_unfurl": true,
                "text": "I installed a program so that you can search for ORFs in the nucleotide databases. Use the <http:\/\/bio.biomedicine.gu.se\/cgi-bin\/emboss\/help\/getorf|getorf> command on the traviata command line to produce an output file with ORFs. Run it with the parameter \"-minsize 300\" (meaning that each ORF has to originate from a nucleotide sequence at least 300 nucleotides long).\nIf you're lost on any of this please let me know, I'll be happy to explain in more detail.",
                "author_name": "parensburger",
                "author_link": "https:\/\/arensburgerla-9bj1862.slack.com\/team\/U01793PULLV",
                "author_icon": "https:\/\/avatars.slack-edge.com\/2021-03-10\/1828476404999_1cb495fb76ca89583fd1_48.png",
                "mrkdwn_in": [
                    "text"
                ],
                "id": 1,
                "original_url": "https:\/\/arensburgerla-9bj1862.slack.com\/archives\/C01R1KGQN2V\/p1615992127008500",
                "footer": "Thread in Slack Conversation"
            }
        ]
    }
]