[
    {
        "client_msg_id": "5d0900d7-43ff-48b9-b54d-79793ae1910d",
        "type": "message",
        "text": "Great, so now the issue is how to partition this list into \"overlap amount\". This can be defined several ways: 1) number of Hays TEs (i.e. your elements) that have a match to Lewis TEs, 2) number of Lewis TEs that have a match to Hays TEs, 3) for each pair of TEs from the Hays and Lewis list, what percent of the Hays TE overlaps with the Lewis TE, 4) for each pair of TEs, what percent of the Lewis TE overlaps with the Hays TE. For 1) and 2) it's just a number, for 3) and 4) the data should probably be presented as histograms. All the information to do this is in the BLAST file, but the data need to be parsed out of it.\nI know it may seems like too much analysis, but what this will do is answer the question of 1) how much the Hays and Lewis TE lists overlap, 2) is the overlap deep (i.e. the two list are basically find the same sequences) or are they shallow (i.e. just a few sequences overlap but there's lots on the edge that does not overlap).\nThink you can figure out how to generate and present these data? I can show you how to graph the histogram in R once you have the data.",
        "user": "U01793PULLV",
        "ts": "1620138200.011300",
        "blocks": [
            {
                "type": "rich_text",
                "block_id": "ZdeZi",
                "elements": [
                    {
                        "type": "rich_text_section",
                        "elements": [
                            {
                                "type": "text",
                                "text": "Great, so now the issue is how to partition this list into \"overlap amount\". This can be defined several ways: 1) number of Hays TEs (i.e. your elements) that have a match to Lewis TEs, 2) number of Lewis TEs that have a match to Hays TEs, 3) for each pair of TEs from the Hays and Lewis list, what percent of the Hays TE overlaps with the Lewis TE, 4) for each pair of TEs, what percent of the Lewis TE overlaps with the Hays TE. For 1) and 2) it's just a number, for 3) and 4) the data should probably be presented as histograms. All the information to do this is in the BLAST file, but the data need to be parsed out of it.\nI know it may seems like too much analysis, but what this will do is answer the question of 1) how much the Hays and Lewis TE lists overlap, 2) is the overlap deep (i.e. the two list are basically find the same sequences) or are they shallow (i.e. just a few sequences overlap but there's lots on the edge that does not overlap).\nThink you can figure out how to generate and present these data? I can show you how to graph the histogram in R once you have the data."
                            }
                        ]
                    }
                ]
            }
        ],
        "team": "T017P3M8W7K",
        "user_team": "T017P3M8W7K",
        "source_team": "T017P3M8W7K",
        "user_profile": {
            "avatar_hash": "743a9fc0b5f6",
            "image_72": "https:\/\/avatars.slack-edge.com\/2022-06-30\/3731255580839_743a9fc0b5f63f195af3_72.jpg",
            "first_name": "parensburger",
            "real_name": "parensburger",
            "display_name": "Peter",
            "team": "T017P3M8W7K",
            "name": "parensburger",
            "is_restricted": false,
            "is_ultra_restricted": false
        }
    }
]