[
    {
        "client_msg_id": "c43c9a90-569e-49a4-bd2b-579a0f96edf6",
        "type": "message",
        "text": "I'm getting many errors like this: \"invalid record in file spidergenome_hays.out.bed. Record is NW_018367640.1 512801 512800\". I'm assuming it's because the start site (512801) is after the end site (512800). I checked back in the spidergenome_vers2.fa.out file (this is what I got spidergenome_hays.out.bed from) and these lines actually all have the same start and end site in this file. I'm going to look for a way to remove those lines from spidergenome_vers2.fa.out then remake spidergenome_hays.out.bed. Before I look deeply into it, have you heard of this before &amp; know a quick fix? If not, I'll work on this tonight\/the next few days. Thanks!",
        "user": "U01QM0009D3",
        "ts": "1632949417.005200",
        "blocks": [
            {
                "type": "rich_text",
                "block_id": "f7=",
                "elements": [
                    {
                        "type": "rich_text_section",
                        "elements": [
                            {
                                "type": "text",
                                "text": "I'm getting many errors like this: \"invalid record in file spidergenome_hays.out.bed. Record is NW_018367640.1 512801 512800\". I'm assuming it's because the start site (512801) is after the end site (512800). I checked back in the spidergenome_vers2.fa.out file (this is what I got spidergenome_hays.out.bed from) and these lines actually all have the same start and end site in this file. I'm going to look for a way to remove those lines from spidergenome_vers2.fa.out then remake spidergenome_hays.out.bed. Before I look deeply into it, have you heard of this before & know a quick fix? If not, I'll work on this tonight\/the next few days. Thanks!"
                            }
                        ]
                    }
                ]
            }
        ],
        "team": "T017P3M8W7K",
        "user_team": "T017P3M8W7K",
        "source_team": "T017P3M8W7K",
        "user_profile": {
            "avatar_hash": "88a6cc2d842b",
            "image_72": "https:\/\/avatars.slack-edge.com\/2021-05-08\/2044578307474_88a6cc2d842bdc068cdb_72.png",
            "first_name": "Emi",
            "real_name": "Emi Hays",
            "display_name": "Emi Hays",
            "team": "T017P3M8W7K",
            "name": "emhays01",
            "is_restricted": false,
            "is_ultra_restricted": false
        },
        "thread_ts": "1632949417.005200",
        "reply_count": 2,
        "reply_users_count": 2,
        "latest_reply": "1632950568.006000",
        "reply_users": [
            "U01793PULLV",
            "U01QM0009D3"
        ],
        "replies": [
            {
                "user": "U01793PULLV",
                "ts": "1632949688.005400"
            },
            {
                "user": "U01QM0009D3",
                "ts": "1632950568.006000"
            }
        ],
        "is_locked": false,
        "subscribed": true,
        "last_read": "1632950568.006000"
    },
    {
        "client_msg_id": "15c566b9-c66f-4cc8-96b7-ad391c6e98d1",
        "type": "message",
        "text": "can you post here one of those lines that has the same start and end site? This is in the RepeatMasker file? No I have not heard of this.",
        "user": "U01793PULLV",
        "ts": "1632949688.005400",
        "blocks": [
            {
                "type": "rich_text",
                "block_id": "SZCKp",
                "elements": [
                    {
                        "type": "rich_text_section",
                        "elements": [
                            {
                                "type": "text",
                                "text": "can you post here one of those lines that has the same start and end site? This is in the RepeatMasker file? No I have not heard of this."
                            }
                        ]
                    }
                ]
            }
        ],
        "team": "T017P3M8W7K",
        "user_team": "T017P3M8W7K",
        "source_team": "T017P3M8W7K",
        "user_profile": {
            "avatar_hash": "743a9fc0b5f6",
            "image_72": "https:\/\/avatars.slack-edge.com\/2022-06-30\/3731255580839_743a9fc0b5f63f195af3_72.jpg",
            "first_name": "parensburger",
            "real_name": "parensburger",
            "display_name": "Peter",
            "team": "T017P3M8W7K",
            "name": "parensburger",
            "is_restricted": false,
            "is_ultra_restricted": false
        },
        "thread_ts": "1632949417.005200",
        "parent_user_id": "U01QM0009D3"
    },
    {
        "client_msg_id": "32EA6891-3DD6-45DB-A39C-BAFEB836D119",
        "type": "message",
        "text": "I’ll send it tonight! I just left for work :sweat_smile:",
        "user": "U01QM0009D3",
        "ts": "1632950568.006000",
        "blocks": [
            {
                "type": "rich_text",
                "block_id": "7RTI",
                "elements": [
                    {
                        "type": "rich_text_section",
                        "elements": [
                            {
                                "type": "text",
                                "text": "I’ll send it tonight! I just left for work "
                            },
                            {
                                "type": "emoji",
                                "name": "sweat_smile",
                                "unicode": "1f605"
                            }
                        ]
                    }
                ]
            }
        ],
        "team": "T017P3M8W7K",
        "user_team": "T017P3M8W7K",
        "source_team": "T017P3M8W7K",
        "user_profile": {
            "avatar_hash": "88a6cc2d842b",
            "image_72": "https:\/\/avatars.slack-edge.com\/2021-05-08\/2044578307474_88a6cc2d842bdc068cdb_72.png",
            "first_name": "Emi",
            "real_name": "Emi Hays",
            "display_name": "Emi Hays",
            "team": "T017P3M8W7K",
            "name": "emhays01",
            "is_restricted": false,
            "is_ultra_restricted": false
        },
        "thread_ts": "1632949417.005200",
        "parent_user_id": "U01QM0009D3"
    }
]