[
    {
        "client_msg_id": "dc6617ac-fc41-4e6f-b335-200511102cab",
        "type": "message",
        "text": "With a max E-value of 1e-6, there are now 305 matches; the file is named blastmatches_top1_1e-6. Should I do a lower E-value?",
        "user": "U01QM0009D3",
        "ts": "1617177089.001200",
        "blocks": [
            {
                "type": "rich_text",
                "block_id": "57zI",
                "elements": [
                    {
                        "type": "rich_text_section",
                        "elements": [
                            {
                                "type": "text",
                                "text": "With a max E-value of 1e-6, there are now 305 matches; the file is named blastmatches_top1_1e-6. Should I do a lower E-value?"
                            }
                        ]
                    }
                ]
            }
        ],
        "team": "T017P3M8W7K",
        "user_team": "T017P3M8W7K",
        "source_team": "T017P3M8W7K",
        "user_profile": {
            "avatar_hash": "88a6cc2d842b",
            "image_72": "https:\/\/avatars.slack-edge.com\/2021-05-08\/2044578307474_88a6cc2d842bdc068cdb_72.png",
            "first_name": "Emi",
            "real_name": "Emi Hays",
            "display_name": "Emi Hays",
            "team": "T017P3M8W7K",
            "name": "emhays01",
            "is_restricted": false,
            "is_ultra_restricted": false
        },
        "edited": {
            "user": "U01QM0009D3",
            "ts": "1617177169.000000"
        }
    },
    {
        "client_msg_id": "b4c75c63-9883-4ae7-af32-dd873235fa8f",
        "type": "message",
        "text": "No need to lower the E-value, that looks good (at least so far). The next thing you need to do, is to isolate from the file spider_TE.fa those entries that had a match to the file blastmatches_top1_1e-6 so you can have a list of TEs from spiders that have a reasonable chance of being real.\nBy the way, don't remove any of the files like blastmatches_top1_1e-6 even after you're done, because those files will be needed later to trace individual TEs back to what the matched to.",
        "user": "U01793PULLV",
        "ts": "1617204283.003500",
        "blocks": [
            {
                "type": "rich_text",
                "block_id": "hdka",
                "elements": [
                    {
                        "type": "rich_text_section",
                        "elements": [
                            {
                                "type": "text",
                                "text": "No need to lower the E-value, that looks good (at least so far). The next thing you need to do, is to isolate from the file spider_TE.fa those entries that had a match to the file blastmatches_top1_1e-6 so you can have a list of TEs from spiders that have a reasonable chance of being real.\nBy the way, don't remove any of the files like blastmatches_top1_1e-6 even after you're done, because those files will be needed later to trace individual TEs back to what the matched to."
                            }
                        ]
                    }
                ]
            }
        ],
        "team": "T017P3M8W7K",
        "user_team": "T017P3M8W7K",
        "source_team": "T017P3M8W7K",
        "user_profile": {
            "avatar_hash": "743a9fc0b5f6",
            "image_72": "https:\/\/avatars.slack-edge.com\/2022-06-30\/3731255580839_743a9fc0b5f63f195af3_72.jpg",
            "first_name": "parensburger",
            "real_name": "parensburger",
            "display_name": "Peter",
            "team": "T017P3M8W7K",
            "name": "parensburger",
            "is_restricted": false,
            "is_ultra_restricted": false
        }
    },
    {
        "client_msg_id": "A5823282-CA9E-40C8-8EF2-75E9C2F89EB5",
        "type": "message",
        "text": "Sorry, I’m a little confused; blastmatches_top1_1e-6 is the file I got from re-running spider_TE.fa against the database (with the E-value limit) then using the script to make a file with only the highest hit per sequence. I thought that contained possible matches? Or do I need a file that shows the complete sequences directly from spider_TEs.fa? ",
        "user": "U01QM0009D3",
        "ts": "1617222224.000800",
        "blocks": [
            {
                "type": "rich_text",
                "block_id": "Pi8dr",
                "elements": [
                    {
                        "type": "rich_text_section",
                        "elements": [
                            {
                                "type": "text",
                                "text": "Sorry, I’m a little confused; blastmatches_top1_1e-6 is the file I got from re-running spider_TE.fa against the database (with the E-value limit) then using the script to make a file with only the highest hit per sequence. I thought that contained possible matches? Or do I need a file that shows the complete sequences directly from spider_TEs.fa? "
                            }
                        ]
                    }
                ]
            }
        ],
        "team": "T017P3M8W7K",
        "user_team": "T017P3M8W7K",
        "source_team": "T017P3M8W7K",
        "user_profile": {
            "avatar_hash": "88a6cc2d842b",
            "image_72": "https:\/\/avatars.slack-edge.com\/2021-05-08\/2044578307474_88a6cc2d842bdc068cdb_72.png",
            "first_name": "Emi",
            "real_name": "Emi Hays",
            "display_name": "Emi Hays",
            "team": "T017P3M8W7K",
            "name": "emhays01",
            "is_restricted": false,
            "is_ultra_restricted": false
        }
    },
    {
        "client_msg_id": "97857d4e-2f47-4b4a-a28b-caf8d6cca907",
        "type": "message",
        "text": "Right. You now know the name of the sequences from spider_TEs.fas that match known TE sequences, but you what we need is the DNA sequence from spider_TEs.fas, not just the name. Let me know if it's still unclear.",
        "user": "U01793PULLV",
        "ts": "1617222629.003000",
        "blocks": [
            {
                "type": "rich_text",
                "block_id": "Bnmv",
                "elements": [
                    {
                        "type": "rich_text_section",
                        "elements": [
                            {
                                "type": "text",
                                "text": "Right. You now know the name of the sequences from spider_TEs.fas that match known TE sequences, but you what we need is the DNA sequence from spider_TEs.fas, not just the name. Let me know if it's still unclear."
                            }
                        ]
                    }
                ]
            }
        ],
        "team": "T017P3M8W7K",
        "user_team": "T017P3M8W7K",
        "source_team": "T017P3M8W7K",
        "user_profile": {
            "avatar_hash": "743a9fc0b5f6",
            "image_72": "https:\/\/avatars.slack-edge.com\/2022-06-30\/3731255580839_743a9fc0b5f63f195af3_72.jpg",
            "first_name": "parensburger",
            "real_name": "parensburger",
            "display_name": "Peter",
            "team": "T017P3M8W7K",
            "name": "parensburger",
            "is_restricted": false,
            "is_ultra_restricted": false
        }
    }
]