[
    {
        "client_msg_id": "a1e83162-c246-4c4a-a756-fc42d45b937e",
        "type": "message",
        "text": "I figured out my mistake; I'll get back to you once I fix it! I'm just focusing on finals for the next couple of days",
        "user": "U01QM0009D3",
        "ts": "1621406630.002700",
        "blocks": [
            {
                "type": "rich_text",
                "block_id": "TK1",
                "elements": [
                    {
                        "type": "rich_text_section",
                        "elements": [
                            {
                                "type": "text",
                                "text": "I figured out my mistake; I'll get back to you once I fix it! I'm just focusing on finals for the next couple of days"
                            }
                        ]
                    }
                ]
            }
        ],
        "team": "T017P3M8W7K",
        "user_team": "T017P3M8W7K",
        "source_team": "T017P3M8W7K",
        "user_profile": {
            "avatar_hash": "88a6cc2d842b",
            "image_72": "https:\/\/avatars.slack-edge.com\/2021-05-08\/2044578307474_88a6cc2d842bdc068cdb_72.png",
            "first_name": "Emi",
            "real_name": "Emi Hays",
            "display_name": "Emi Hays",
            "team": "T017P3M8W7K",
            "name": "emhays01",
            "is_restricted": false,
            "is_ultra_restricted": false
        }
    }
]