[
    {
        "client_msg_id": "f24b5843-cf1d-4129-8ac5-0b23ae6e99ba",
        "type": "message",
        "text": "I'm a little confused by the \"RepeatMasker run files\" section of the document. Numbers 1 and 3 are both labeled \"spidermatches_isolated.fa –&gt; run against V2 of P. tepidariorum\"; are they supposed to be something different?",
        "user": "U01QM0009D3",
        "ts": "1629958582.003400",
        "blocks": [
            {
                "type": "rich_text",
                "block_id": "1ZsC",
                "elements": [
                    {
                        "type": "rich_text_section",
                        "elements": [
                            {
                                "type": "text",
                                "text": "I'm a little confused by the \"RepeatMasker run files\" section of the document. Numbers 1 and 3 are both labeled \"spidermatches_isolated.fa –> run against V2 of P. tepidariorum\"; are they supposed to be something different?"
                            }
                        ]
                    }
                ]
            }
        ],
        "team": "T017P3M8W7K",
        "user_team": "T017P3M8W7K",
        "source_team": "T017P3M8W7K",
        "user_profile": {
            "avatar_hash": "88a6cc2d842b",
            "image_72": "https:\/\/avatars.slack-edge.com\/2021-05-08\/2044578307474_88a6cc2d842bdc068cdb_72.png",
            "first_name": "Emi",
            "real_name": "Emi Hays",
            "display_name": "Emi Hays",
            "team": "T017P3M8W7K",
            "name": "emhays01",
            "is_restricted": false,
            "is_ultra_restricted": false
        },
        "thread_ts": "1629958582.003400",
        "reply_count": 1,
        "reply_users_count": 1,
        "latest_reply": "1630000709.006300",
        "reply_users": [
            "U01793PULLV"
        ],
        "replies": [
            {
                "user": "U01793PULLV",
                "ts": "1630000709.006300"
            }
        ],
        "is_locked": false,
        "subscribed": true,
        "last_read": "1630000709.006300"
    },
    {
        "client_msg_id": "5b815641-e4c2-463b-9307-a5e886498790",
        "type": "message",
        "text": "Also, for number 1, can you explain why the location of the hits run are in the file haysTEs_chr.fa instead of spidermatches_isolated.fa (that's the file I ran)? Sorry, I haven't looked at this in-depth for over a month so I'm a little rusty on it all :sweat_smile:",
        "user": "U01QM0009D3",
        "ts": "1629958715.004900",
        "blocks": [
            {
                "type": "rich_text",
                "block_id": "HF7fc",
                "elements": [
                    {
                        "type": "rich_text_section",
                        "elements": [
                            {
                                "type": "text",
                                "text": "Also, for number 1, can you explain why the location of the hits run are in the file haysTEs_chr.fa instead of spidermatches_isolated.fa (that's the file I ran)? Sorry, I haven't looked at this in-depth for over a month so I'm a little rusty on it all "
                            },
                            {
                                "type": "emoji",
                                "name": "sweat_smile",
                                "unicode": "1f605"
                            }
                        ]
                    }
                ]
            }
        ],
        "team": "T017P3M8W7K",
        "user_team": "T017P3M8W7K",
        "source_team": "T017P3M8W7K",
        "user_profile": {
            "avatar_hash": "88a6cc2d842b",
            "image_72": "https:\/\/avatars.slack-edge.com\/2021-05-08\/2044578307474_88a6cc2d842bdc068cdb_72.png",
            "first_name": "Emi",
            "real_name": "Emi Hays",
            "display_name": "Emi Hays",
            "team": "T017P3M8W7K",
            "name": "emhays01",
            "is_restricted": false,
            "is_ultra_restricted": false
        },
        "thread_ts": "1629958715.004900",
        "reply_count": 1,
        "reply_users_count": 1,
        "latest_reply": "1630001000.006500",
        "reply_users": [
            "U01793PULLV"
        ],
        "replies": [
            {
                "user": "U01793PULLV",
                "ts": "1630001000.006500"
            }
        ],
        "is_locked": false,
        "subscribed": true,
        "last_read": "1630001000.006500"
    },
    {
        "type": "message",
        "text": "Here's my thought process on what spidermatches_isolated.fa, lewisTEs_chr.fa, and HaysTEs_chr.fa are",
        "files": [
            {
                "id": "F02CSR69T1P",
                "created": 1629959670,
                "timestamp": 1629959670,
                "name": "Screen Shot 2021-08-25 at 11.33.53 PM.png",
                "title": "Screen Shot 2021-08-25 at 11.33.53 PM.png",
                "mimetype": "image\/png",
                "filetype": "png",
                "pretty_type": "PNG",
                "user": "U01QM0009D3",
                "user_team": "T017P3M8W7K",
                "editable": false,
                "size": 218944,
                "mode": "hosted",
                "is_external": false,
                "external_type": "",
                "is_public": true,
                "public_url_shared": false,
                "display_as_bot": false,
                "username": "",
                "url_private": "https:\/\/files.slack.com\/files-pri\/T017P3M8W7K-F02CSR69T1P\/screen_shot_2021-08-25_at_11.33.53_pm.png?t=xoxe-1261123302257-6395895314663-6407612319125-137f2171a6b5696e8e285d5b7bbfa693",
                "url_private_download": "https:\/\/files.slack.com\/files-pri\/T017P3M8W7K-F02CSR69T1P\/download\/screen_shot_2021-08-25_at_11.33.53_pm.png?t=xoxe-1261123302257-6395895314663-6407612319125-137f2171a6b5696e8e285d5b7bbfa693",
                "media_display_type": "unknown",
                "thumb_64": "https:\/\/files.slack.com\/files-tmb\/T017P3M8W7K-F02CSR69T1P-bed0bbbdfe\/screen_shot_2021-08-25_at_11.33.53_pm_64.png?t=xoxe-1261123302257-6395895314663-6407612319125-137f2171a6b5696e8e285d5b7bbfa693",
                "thumb_80": "https:\/\/files.slack.com\/files-tmb\/T017P3M8W7K-F02CSR69T1P-bed0bbbdfe\/screen_shot_2021-08-25_at_11.33.53_pm_80.png?t=xoxe-1261123302257-6395895314663-6407612319125-137f2171a6b5696e8e285d5b7bbfa693",
                "thumb_360": "https:\/\/files.slack.com\/files-tmb\/T017P3M8W7K-F02CSR69T1P-bed0bbbdfe\/screen_shot_2021-08-25_at_11.33.53_pm_360.png?t=xoxe-1261123302257-6395895314663-6407612319125-137f2171a6b5696e8e285d5b7bbfa693",
                "thumb_360_w": 360,
                "thumb_360_h": 265,
                "thumb_480": "https:\/\/files.slack.com\/files-tmb\/T017P3M8W7K-F02CSR69T1P-bed0bbbdfe\/screen_shot_2021-08-25_at_11.33.53_pm_480.png?t=xoxe-1261123302257-6395895314663-6407612319125-137f2171a6b5696e8e285d5b7bbfa693",
                "thumb_480_w": 480,
                "thumb_480_h": 354,
                "thumb_160": "https:\/\/files.slack.com\/files-tmb\/T017P3M8W7K-F02CSR69T1P-bed0bbbdfe\/screen_shot_2021-08-25_at_11.33.53_pm_160.png?t=xoxe-1261123302257-6395895314663-6407612319125-137f2171a6b5696e8e285d5b7bbfa693",
                "thumb_720": "https:\/\/files.slack.com\/files-tmb\/T017P3M8W7K-F02CSR69T1P-bed0bbbdfe\/screen_shot_2021-08-25_at_11.33.53_pm_720.png?t=xoxe-1261123302257-6395895314663-6407612319125-137f2171a6b5696e8e285d5b7bbfa693",
                "thumb_720_w": 720,
                "thumb_720_h": 531,
                "thumb_800": "https:\/\/files.slack.com\/files-tmb\/T017P3M8W7K-F02CSR69T1P-bed0bbbdfe\/screen_shot_2021-08-25_at_11.33.53_pm_800.png?t=xoxe-1261123302257-6395895314663-6407612319125-137f2171a6b5696e8e285d5b7bbfa693",
                "thumb_800_w": 800,
                "thumb_800_h": 590,
                "thumb_960": "https:\/\/files.slack.com\/files-tmb\/T017P3M8W7K-F02CSR69T1P-bed0bbbdfe\/screen_shot_2021-08-25_at_11.33.53_pm_960.png?t=xoxe-1261123302257-6395895314663-6407612319125-137f2171a6b5696e8e285d5b7bbfa693",
                "thumb_960_w": 960,
                "thumb_960_h": 708,
                "thumb_1024": "https:\/\/files.slack.com\/files-tmb\/T017P3M8W7K-F02CSR69T1P-bed0bbbdfe\/screen_shot_2021-08-25_at_11.33.53_pm_1024.png?t=xoxe-1261123302257-6395895314663-6407612319125-137f2171a6b5696e8e285d5b7bbfa693",
                "thumb_1024_w": 1024,
                "thumb_1024_h": 755,
                "image_exif_rotation": 1,
                "original_w": 1214,
                "original_h": 895,
                "thumb_tiny": "AwAjADDRKnqDim729RTyCehxURUjrQApkb1FJ5jeooAbHH8qcN3cH8qABZB3P4U9WDDIpM\/7J\/KlB\/2TQAHPbFREEdc1NSEA9QKAIe\/TJp3B7AfWmjOaUsfU0AAByPufkaeocf3cd8CmjcR1\/WnLuHuPrQA+iiigBmwelGxfSnUUAAUDtS0UUAf\/2Q==",
                "permalink": "https:\/\/arensburgerla-9bj1862.slack.com\/files\/U01QM0009D3\/F02CSR69T1P\/screen_shot_2021-08-25_at_11.33.53_pm.png",
                "permalink_public": "https:\/\/slack-files.com\/T017P3M8W7K-F02CSR69T1P-bfaa5eb6f3",
                "is_starred": false,
                "has_rich_preview": false,
                "file_access": "visible"
            }
        ],
        "upload": false,
        "user": "U01QM0009D3",
        "display_as_bot": false,
        "ts": "1629959762.006000",
        "blocks": [
            {
                "type": "rich_text",
                "block_id": "IAvBD",
                "elements": [
                    {
                        "type": "rich_text_section",
                        "elements": [
                            {
                                "type": "text",
                                "text": "Here's my thought process on what spidermatches_isolated.fa, lewisTEs_chr.fa, and HaysTEs_chr.fa are"
                            }
                        ]
                    }
                ]
            }
        ],
        "thread_ts": "1629959762.006000",
        "reply_count": 2,
        "reply_users_count": 2,
        "latest_reply": "1630004593.007000",
        "reply_users": [
            "U01793PULLV",
            "U01QM0009D3"
        ],
        "replies": [
            {
                "user": "U01793PULLV",
                "ts": "1630002052.006700"
            },
            {
                "user": "U01QM0009D3",
                "ts": "1630004593.007000"
            }
        ],
        "is_locked": false,
        "subscribed": true,
        "last_read": "1630004593.007000"
    }
]