[
    {
        "client_msg_id": "24855950-4950-48a1-b453-c09b4022bdf1",
        "type": "message",
        "text": "Hi Emi,  the results look good. Next thing you'll do is to work on \"masking\" the genome. This means, you're going to estimate the percentage of the spider genome that is covered by these sequences you have identified. To do that you'll be using the program <https:\/\/www.repeatmasker.org\/|RepeatMasker> (you can read more about it <http:\/\/www.repeatmasker.org\/webrepeatmaskerhelp.html|here>). I am currently working on installing it on Traviata, so give a few days to get that done. Once it's installed you'll format your data in the correct format then run the program.\n\nIn the meantime, could you clean up your directory on Traviata a bit? I mean, remove files that you don't need, organize the files so that you know what is what, perhaps make some notes etc. Just get everything cleaned up, so you can easily find everything.",
        "user": "U01793PULLV",
        "ts": "1618337429.005300",
        "blocks": [
            {
                "type": "rich_text",
                "block_id": "H7VQr",
                "elements": [
                    {
                        "type": "rich_text_section",
                        "elements": [
                            {
                                "type": "text",
                                "text": "Hi Emi,  the results look good. Next thing you'll do is to work on \"masking\" the genome. This means, you're going to estimate the percentage of the spider genome that is covered by these sequences you have identified. To do that you'll be using the program "
                            },
                            {
                                "type": "link",
                                "url": "https:\/\/www.repeatmasker.org\/",
                                "text": "RepeatMasker"
                            },
                            {
                                "type": "text",
                                "text": " (you can read more about it "
                            },
                            {
                                "type": "link",
                                "url": "http:\/\/www.repeatmasker.org\/webrepeatmaskerhelp.html",
                                "text": "here"
                            },
                            {
                                "type": "text",
                                "text": "). I am currently working on installing it on Traviata, so give a few days to get that done. Once it's installed you'll format your data in the correct format then run the program.\n\nIn the meantime, could you clean up your directory on Traviata a bit? I mean, remove files that you don't need, organize the files so that you know what is what, perhaps make some notes etc. Just get everything cleaned up, so you can easily find everything."
                            }
                        ]
                    }
                ]
            }
        ],
        "team": "T017P3M8W7K",
        "user_team": "T017P3M8W7K",
        "source_team": "T017P3M8W7K",
        "user_profile": {
            "avatar_hash": "743a9fc0b5f6",
            "image_72": "https:\/\/avatars.slack-edge.com\/2022-06-30\/3731255580839_743a9fc0b5f63f195af3_72.jpg",
            "first_name": "parensburger",
            "real_name": "parensburger",
            "display_name": "Peter",
            "team": "T017P3M8W7K",
            "name": "parensburger",
            "is_restricted": false,
            "is_ultra_restricted": false
        }
    },
    {
        "client_msg_id": "AE325447-F20C-4B11-B327-EC27BE056B6B",
        "type": "message",
        "text": "Sounds good ",
        "user": "U01QM0009D3",
        "ts": "1618353239.000200",
        "blocks": [
            {
                "type": "rich_text",
                "block_id": "s8vD",
                "elements": [
                    {
                        "type": "rich_text_section",
                        "elements": [
                            {
                                "type": "text",
                                "text": "Sounds good "
                            }
                        ]
                    }
                ]
            }
        ],
        "team": "T017P3M8W7K",
        "user_team": "T017P3M8W7K",
        "source_team": "T017P3M8W7K",
        "user_profile": {
            "avatar_hash": "88a6cc2d842b",
            "image_72": "https:\/\/avatars.slack-edge.com\/2021-05-08\/2044578307474_88a6cc2d842bdc068cdb_72.png",
            "first_name": "Emi",
            "real_name": "Emi Hays",
            "display_name": "Emi Hays",
            "team": "T017P3M8W7K",
            "name": "emhays01",
            "is_restricted": false,
            "is_ultra_restricted": false
        }
    }
]