[
    {
        "client_msg_id": "39b4f092-0cf2-4d34-a988-dc487dbfc311",
        "type": "message",
        "text": "Where should I share the results with you? I’m not done yet, but that are 383 matches between spider_TEs.fa and the total database, and I feel like that's too much to send on here.",
        "user": "U01QM0009D3",
        "ts": "1616923657.001400",
        "blocks": [
            {
                "type": "rich_text",
                "block_id": "xW=",
                "elements": [
                    {
                        "type": "rich_text_section",
                        "elements": [
                            {
                                "type": "text",
                                "text": "Where should I share the results with you? I’m not done yet, but that are 383 matches between spider_TEs.fa and the total database, and I feel like that's too much to send on here."
                            }
                        ]
                    }
                ]
            }
        ],
        "team": "T017P3M8W7K",
        "user_team": "T017P3M8W7K",
        "source_team": "T017P3M8W7K",
        "user_profile": {
            "avatar_hash": "88a6cc2d842b",
            "image_72": "https:\/\/avatars.slack-edge.com\/2021-05-08\/2044578307474_88a6cc2d842bdc068cdb_72.png",
            "first_name": "Emi",
            "real_name": "Emi Hays",
            "display_name": "Emi Hays",
            "team": "T017P3M8W7K",
            "name": "emhays01",
            "is_restricted": false,
            "is_ultra_restricted": false
        },
        "edited": {
            "user": "U01QM0009D3",
            "ts": "1616930185.000000"
        }
    },
    {
        "client_msg_id": "38333ace-6a33-405c-9199-c68c575ba3da",
        "type": "message",
        "text": "Just tell me the name of the file on your account on Traviata, I can copy the files from your account to mine",
        "user": "U01793PULLV",
        "ts": "1616949314.001000",
        "blocks": [
            {
                "type": "rich_text",
                "block_id": "9xL",
                "elements": [
                    {
                        "type": "rich_text_section",
                        "elements": [
                            {
                                "type": "text",
                                "text": "Just tell me the name of the file on your account on Traviata, I can copy the files from your account to mine"
                            }
                        ]
                    }
                ]
            }
        ],
        "team": "T017P3M8W7K",
        "user_team": "T017P3M8W7K",
        "source_team": "T017P3M8W7K",
        "user_profile": {
            "avatar_hash": "743a9fc0b5f6",
            "image_72": "https:\/\/avatars.slack-edge.com\/2022-06-30\/3731255580839_743a9fc0b5f63f195af3_72.jpg",
            "first_name": "parensburger",
            "real_name": "parensburger",
            "display_name": "Peter",
            "team": "T017P3M8W7K",
            "name": "parensburger",
            "is_restricted": false,
            "is_ultra_restricted": false
        }
    },
    {
        "client_msg_id": "FBC36656-2249-4EF0-9164-020BD0A3FEF9",
        "type": "message",
        "text": "Is there a shortcut to narrow down the results to only the lowest e-value for each sequence, or do I need to go through them manually? \n(+sorry for the delay; I had midterms this week) ",
        "user": "U01QM0009D3",
        "ts": "1616957015.001400",
        "blocks": [
            {
                "type": "rich_text",
                "block_id": "lVcu",
                "elements": [
                    {
                        "type": "rich_text_section",
                        "elements": [
                            {
                                "type": "text",
                                "text": "Is there a shortcut to narrow down the results to only the lowest e-value for each sequence, or do I need to go through them manually? \n"
                            },
                            {
                                "type": "text",
                                "text": "(+sorry for the delay; I had midterms this week) "
                            }
                        ]
                    }
                ]
            }
        ],
        "team": "T017P3M8W7K",
        "user_team": "T017P3M8W7K",
        "source_team": "T017P3M8W7K",
        "user_profile": {
            "avatar_hash": "88a6cc2d842b",
            "image_72": "https:\/\/avatars.slack-edge.com\/2021-05-08\/2044578307474_88a6cc2d842bdc068cdb_72.png",
            "first_name": "Emi",
            "real_name": "Emi Hays",
            "display_name": "Emi Hays",
            "team": "T017P3M8W7K",
            "name": "emhays01",
            "is_restricted": false,
            "is_ultra_restricted": false
        },
        "thread_ts": "1616957015.001400",
        "reply_count": 1,
        "reply_users_count": 1,
        "latest_reply": "1616966294.002200",
        "reply_users": [
            "U01793PULLV"
        ],
        "replies": [
            {
                "user": "U01793PULLV",
                "ts": "1616966294.002200"
            }
        ],
        "is_locked": false,
        "subscribed": true,
        "last_read": "1616966294.002200"
    },
    {
        "client_msg_id": "ca9c8849-81e6-401e-ad73-6be0011181fb",
        "type": "message",
        "text": "Is using -max_target_seqs 1 a good idea? Or does that often result in errors",
        "user": "U01QM0009D3",
        "ts": "1616965839.000500",
        "blocks": [
            {
                "type": "rich_text",
                "block_id": "CaM",
                "elements": [
                    {
                        "type": "rich_text_section",
                        "elements": [
                            {
                                "type": "text",
                                "text": "Is using -max_target_seqs 1 a good idea? Or does that often result in errors"
                            }
                        ]
                    }
                ]
            }
        ],
        "team": "T017P3M8W7K",
        "user_team": "T017P3M8W7K",
        "source_team": "T017P3M8W7K",
        "user_profile": {
            "avatar_hash": "88a6cc2d842b",
            "image_72": "https:\/\/avatars.slack-edge.com\/2021-05-08\/2044578307474_88a6cc2d842bdc068cdb_72.png",
            "first_name": "Emi",
            "real_name": "Emi Hays",
            "display_name": "Emi Hays",
            "team": "T017P3M8W7K",
            "name": "emhays01",
            "is_restricted": false,
            "is_ultra_restricted": false
        },
        "thread_ts": "1616965839.000500",
        "reply_count": 1,
        "reply_users_count": 1,
        "latest_reply": "1616966176.000800",
        "reply_users": [
            "U01793PULLV"
        ],
        "replies": [
            {
                "user": "U01793PULLV",
                "ts": "1616966176.000800"
            }
        ],
        "is_locked": false,
        "subscribed": true,
        "last_read": "1616966176.000800"
    },
    {
        "client_msg_id": "a9fc8381-f6d7-4ec0-9d80-f9135c9d7085",
        "type": "message",
        "text": "I don't know, I can see that there was discussion online a few years back about exactly -max_target_seq does, and it's not an option I use often. Sorry, I can't help you here.",
        "user": "U01793PULLV",
        "ts": "1616966176.000800",
        "blocks": [
            {
                "type": "rich_text",
                "block_id": "H6V",
                "elements": [
                    {
                        "type": "rich_text_section",
                        "elements": [
                            {
                                "type": "text",
                                "text": "I don't know, I can see that there was discussion online a few years back about exactly -max_target_seq does, and it's not an option I use often. Sorry, I can't help you here."
                            }
                        ]
                    }
                ]
            }
        ],
        "team": "T017P3M8W7K",
        "user_team": "T017P3M8W7K",
        "source_team": "T017P3M8W7K",
        "user_profile": {
            "avatar_hash": "743a9fc0b5f6",
            "image_72": "https:\/\/avatars.slack-edge.com\/2022-06-30\/3731255580839_743a9fc0b5f63f195af3_72.jpg",
            "first_name": "parensburger",
            "real_name": "parensburger",
            "display_name": "Peter",
            "team": "T017P3M8W7K",
            "name": "parensburger",
            "is_restricted": false,
            "is_ultra_restricted": false
        },
        "thread_ts": "1616965839.000500",
        "parent_user_id": "U01QM0009D3"
    },
    {
        "client_msg_id": "ef6269cf-3bcc-4115-bc54-e279fda2dc50",
        "type": "message",
        "text": "I'd write personally a script to do that, but I suspect there must be a way. Any way that you could get the results in a format that could be imported into a spreadsheet, then sort it that way? I'm just guessing here.",
        "user": "U01793PULLV",
        "ts": "1616966294.002200",
        "blocks": [
            {
                "type": "rich_text",
                "block_id": "DSjH",
                "elements": [
                    {
                        "type": "rich_text_section",
                        "elements": [
                            {
                                "type": "text",
                                "text": "I'd write personally a script to do that, but I suspect there must be a way. Any way that you could get the results in a format that could be imported into a spreadsheet, then sort it that way? I'm just guessing here."
                            }
                        ]
                    }
                ]
            }
        ],
        "team": "T017P3M8W7K",
        "user_team": "T017P3M8W7K",
        "source_team": "T017P3M8W7K",
        "user_profile": {
            "avatar_hash": "743a9fc0b5f6",
            "image_72": "https:\/\/avatars.slack-edge.com\/2022-06-30\/3731255580839_743a9fc0b5f63f195af3_72.jpg",
            "first_name": "parensburger",
            "real_name": "parensburger",
            "display_name": "Peter",
            "team": "T017P3M8W7K",
            "name": "parensburger",
            "is_restricted": false,
            "is_ultra_restricted": false
        },
        "thread_ts": "1616957015.001400",
        "parent_user_id": "U01QM0009D3"
    },
    {
        "client_msg_id": "FE9A3319-BCE8-41F5-910F-E6ECE6014042",
        "type": "message",
        "text": "Hmm I’ll think over it. For now, I did over half of them manually already, so I’m going to try max_target_seqs &amp; compare the results to see how it looks ",
        "user": "U01QM0009D3",
        "ts": "1616966376.003000",
        "blocks": [
            {
                "type": "rich_text",
                "block_id": "jhhIa",
                "elements": [
                    {
                        "type": "rich_text_section",
                        "elements": [
                            {
                                "type": "text",
                                "text": "Hmm I’ll think over it. For now, I did over half of them manually already, so I’m going to try max_target_seqs & compare the results to see how it looks "
                            }
                        ]
                    }
                ]
            }
        ],
        "team": "T017P3M8W7K",
        "user_team": "T017P3M8W7K",
        "source_team": "T017P3M8W7K",
        "user_profile": {
            "avatar_hash": "88a6cc2d842b",
            "image_72": "https:\/\/avatars.slack-edge.com\/2021-05-08\/2044578307474_88a6cc2d842bdc068cdb_72.png",
            "first_name": "Emi",
            "real_name": "Emi Hays",
            "display_name": "Emi Hays",
            "team": "T017P3M8W7K",
            "name": "emhays01",
            "is_restricted": false,
            "is_ultra_restricted": false
        },
        "thread_ts": "1616966376.003000",
        "reply_count": 1,
        "reply_users_count": 1,
        "latest_reply": "1616972565.000100",
        "reply_users": [
            "U01793PULLV"
        ],
        "replies": [
            {
                "user": "U01793PULLV",
                "ts": "1616972565.000100"
            }
        ],
        "is_locked": false,
        "subscribed": true,
        "last_read": "1616972565.000100"
    },
    {
        "client_msg_id": "c13ea3a6-0bd6-4164-8df3-63a0828bd362",
        "type": "message",
        "text": "ok, sounds good",
        "user": "U01793PULLV",
        "ts": "1616972565.000100",
        "blocks": [
            {
                "type": "rich_text",
                "block_id": "++3",
                "elements": [
                    {
                        "type": "rich_text_section",
                        "elements": [
                            {
                                "type": "text",
                                "text": "ok, sounds good"
                            }
                        ]
                    }
                ]
            }
        ],
        "team": "T017P3M8W7K",
        "user_team": "T017P3M8W7K",
        "source_team": "T017P3M8W7K",
        "user_profile": {
            "avatar_hash": "743a9fc0b5f6",
            "image_72": "https:\/\/avatars.slack-edge.com\/2022-06-30\/3731255580839_743a9fc0b5f63f195af3_72.jpg",
            "first_name": "parensburger",
            "real_name": "parensburger",
            "display_name": "Peter",
            "team": "T017P3M8W7K",
            "name": "parensburger",
            "is_restricted": false,
            "is_ultra_restricted": false
        },
        "thread_ts": "1616966376.003000",
        "parent_user_id": "U01QM0009D3"
    }
]