[
    {
        "client_msg_id": "0A76A455-013E-40E3-B711-431B852A6ABB",
        "type": "message",
        "text": "Hmm I’m going to try adjusting the “minimum overlap required as a fraction of A &amp; B” options. I’ll also look into the BED files more",
        "user": "U01QM0009D3",
        "ts": "1635466242.016300",
        "blocks": [
            {
                "type": "rich_text",
                "block_id": "dPkfz",
                "elements": [
                    {
                        "type": "rich_text_section",
                        "elements": [
                            {
                                "type": "text",
                                "text": "Hmm I’m going to try adjusting the “minimum overlap required as a fraction of A & B” options. I’ll also look into the BED files more"
                            }
                        ]
                    }
                ]
            }
        ],
        "team": "T017P3M8W7K",
        "user_team": "T017P3M8W7K",
        "source_team": "T017P3M8W7K",
        "user_profile": {
            "avatar_hash": "88a6cc2d842b",
            "image_72": "https:\/\/avatars.slack-edge.com\/2021-05-08\/2044578307474_88a6cc2d842bdc068cdb_72.png",
            "first_name": "Emi",
            "real_name": "Emi Hays",
            "display_name": "Emi Hays",
            "team": "T017P3M8W7K",
            "name": "emhays01",
            "is_restricted": false,
            "is_ultra_restricted": false
        },
        "thread_ts": "1635466242.016300",
        "reply_count": 1,
        "reply_users_count": 1,
        "latest_reply": "1635466690.016500",
        "reply_users": [
            "U01793PULLV"
        ],
        "replies": [
            {
                "user": "U01793PULLV",
                "ts": "1635466690.016500"
            }
        ],
        "is_locked": false,
        "subscribed": true,
        "last_read": "1635466690.016500"
    },
    {
        "client_msg_id": "05e916d1-ae3e-406e-8269-ec78d2208f80",
        "type": "message",
        "text": "ok",
        "user": "U01793PULLV",
        "ts": "1635466690.016500",
        "blocks": [
            {
                "type": "rich_text",
                "block_id": "CRdg2",
                "elements": [
                    {
                        "type": "rich_text_section",
                        "elements": [
                            {
                                "type": "text",
                                "text": "ok"
                            }
                        ]
                    }
                ]
            }
        ],
        "team": "T017P3M8W7K",
        "user_team": "T017P3M8W7K",
        "source_team": "T017P3M8W7K",
        "user_profile": {
            "avatar_hash": "743a9fc0b5f6",
            "image_72": "https:\/\/avatars.slack-edge.com\/2022-06-30\/3731255580839_743a9fc0b5f63f195af3_72.jpg",
            "first_name": "parensburger",
            "real_name": "parensburger",
            "display_name": "Peter",
            "team": "T017P3M8W7K",
            "name": "parensburger",
            "is_restricted": false,
            "is_ultra_restricted": false
        },
        "thread_ts": "1635466242.016300",
        "parent_user_id": "U01QM0009D3"
    }
]