[
    {
        "client_msg_id": "2a1ffaea-9e80-489a-be42-952f1954400e",
        "type": "message",
        "text": "There are 3 files, each called spidergenome_vers2.fa.out, but they're in different folders. One's in spidergenomefiles_OG, another in spidergenomefiles_hays, and the last in spidergenomefiles_lewis. Should I rename all of the spidergenome_vers2.fa.out files to make it less confusing?",
        "user": "U01QM0009D3",
        "ts": "1632342005.001400",
        "blocks": [
            {
                "type": "rich_text",
                "block_id": "jZj2",
                "elements": [
                    {
                        "type": "rich_text_section",
                        "elements": [
                            {
                                "type": "text",
                                "text": "There are 3 files, each called spidergenome_vers2.fa.out, but they're in different folders. One's in spidergenomefiles_OG, another in spidergenomefiles_hays, and the last in spidergenomefiles_lewis. Should I rename all of the spidergenome_vers2.fa.out files to make it less confusing?"
                            }
                        ]
                    }
                ]
            }
        ],
        "team": "T017P3M8W7K",
        "user_team": "T017P3M8W7K",
        "source_team": "T017P3M8W7K",
        "user_profile": {
            "avatar_hash": "88a6cc2d842b",
            "image_72": "https:\/\/avatars.slack-edge.com\/2021-05-08\/2044578307474_88a6cc2d842bdc068cdb_72.png",
            "first_name": "Emi",
            "real_name": "Emi Hays",
            "display_name": "Emi Hays",
            "team": "T017P3M8W7K",
            "name": "emhays01",
            "is_restricted": false,
            "is_ultra_restricted": false
        },
        "thread_ts": "1632342005.001400",
        "reply_count": 4,
        "reply_users_count": 2,
        "latest_reply": "1632613449.000100",
        "reply_users": [
            "U01793PULLV",
            "U01QM0009D3"
        ],
        "replies": [
            {
                "user": "U01793PULLV",
                "ts": "1632364688.000100"
            },
            {
                "user": "U01QM0009D3",
                "ts": "1632384302.000100"
            },
            {
                "user": "U01793PULLV",
                "ts": "1632440966.000100"
            },
            {
                "user": "U01QM0009D3",
                "ts": "1632613449.000100"
            }
        ],
        "is_locked": false,
        "subscribed": true,
        "last_read": "1632613449.000100"
    },
    {
        "client_msg_id": "88e288cf-85ff-4100-a1a4-0d62af8a6232",
        "type": "message",
        "text": "I'll work on this tomorrow. I'll let you know if I have have a hard time finding one of the file to work on.",
        "user": "U01793PULLV",
        "ts": "1632364688.000100",
        "blocks": [
            {
                "type": "rich_text",
                "block_id": "=m4dC",
                "elements": [
                    {
                        "type": "rich_text_section",
                        "elements": [
                            {
                                "type": "text",
                                "text": "I'll work on this tomorrow. I'll let you know if I have have a hard time finding one of the file to work on."
                            }
                        ]
                    }
                ]
            }
        ],
        "team": "T017P3M8W7K",
        "user_team": "T017P3M8W7K",
        "source_team": "T017P3M8W7K",
        "user_profile": {
            "avatar_hash": "743a9fc0b5f6",
            "image_72": "https:\/\/avatars.slack-edge.com\/2022-06-30\/3731255580839_743a9fc0b5f63f195af3_72.jpg",
            "first_name": "parensburger",
            "real_name": "parensburger",
            "display_name": "Peter",
            "team": "T017P3M8W7K",
            "name": "parensburger",
            "is_restricted": false,
            "is_ultra_restricted": false
        },
        "thread_ts": "1632342005.001400",
        "parent_user_id": "U01QM0009D3"
    }
]