[
    {
        "client_msg_id": "610EB41C-4EC5-4733-B169-1DB9712798ED",
        "type": "message",
        "text": "Sorry for the delay! I’ve been busy with work, studying for my o chem 2 midterm, &amp; some other stuff. My midterm is on Thursday, so I’ll have time after that :-)) ",
        "user": "U01QM0009D3",
        "ts": "1631661462.001100",
        "blocks": [
            {
                "type": "rich_text",
                "block_id": "YeiK",
                "elements": [
                    {
                        "type": "rich_text_section",
                        "elements": [
                            {
                                "type": "text",
                                "text": "Sorry for the delay! I’ve been busy with work, studying for my o chem 2 midterm, & some other stuff. My midterm is on Thursday, so I’ll have time after that :-)) "
                            }
                        ]
                    }
                ]
            }
        ],
        "team": "T017P3M8W7K",
        "user_team": "T017P3M8W7K",
        "source_team": "T017P3M8W7K",
        "user_profile": {
            "avatar_hash": "88a6cc2d842b",
            "image_72": "https:\/\/avatars.slack-edge.com\/2021-05-08\/2044578307474_88a6cc2d842bdc068cdb_72.png",
            "first_name": "Emi",
            "real_name": "Emi Hays",
            "display_name": "Emi Hays",
            "team": "T017P3M8W7K",
            "name": "emhays01",
            "is_restricted": false,
            "is_ultra_restricted": false
        },
        "thread_ts": "1631661462.001100",
        "reply_count": 1,
        "reply_users_count": 1,
        "latest_reply": "1631661509.001200",
        "reply_users": [
            "U01793PULLV"
        ],
        "replies": [
            {
                "user": "U01793PULLV",
                "ts": "1631661509.001200"
            }
        ],
        "is_locked": false,
        "subscribed": true,
        "last_read": "1631661509.001200"
    },
    {
        "client_msg_id": "6e65fa63-f9e9-475e-bee8-db477ed335d4",
        "type": "message",
        "text": "ok, thanks for letting me know",
        "user": "U01793PULLV",
        "ts": "1631661509.001200",
        "blocks": [
            {
                "type": "rich_text",
                "block_id": "=VPU8",
                "elements": [
                    {
                        "type": "rich_text_section",
                        "elements": [
                            {
                                "type": "text",
                                "text": "ok, thanks for letting me know"
                            }
                        ]
                    }
                ]
            }
        ],
        "team": "T017P3M8W7K",
        "user_team": "T017P3M8W7K",
        "source_team": "T017P3M8W7K",
        "user_profile": {
            "avatar_hash": "743a9fc0b5f6",
            "image_72": "https:\/\/avatars.slack-edge.com\/2022-06-30\/3731255580839_743a9fc0b5f63f195af3_72.jpg",
            "first_name": "parensburger",
            "real_name": "parensburger",
            "display_name": "Peter",
            "team": "T017P3M8W7K",
            "name": "parensburger",
            "is_restricted": false,
            "is_ultra_restricted": false
        },
        "thread_ts": "1631661462.001100",
        "parent_user_id": "U01QM0009D3"
    }
]