[
    {
        "client_msg_id": "05B513D8-0BFD-4D98-9A36-457170FAFA71",
        "type": "message",
        "text": "Sounds good; thank you!! ",
        "user": "U01QM0009D3",
        "ts": "1627534628.002100",
        "blocks": [
            {
                "type": "rich_text",
                "block_id": "aIhu",
                "elements": [
                    {
                        "type": "rich_text_section",
                        "elements": [
                            {
                                "type": "text",
                                "text": "Sounds good; thank you!! "
                            }
                        ]
                    }
                ]
            }
        ],
        "team": "T017P3M8W7K",
        "user_team": "T017P3M8W7K",
        "source_team": "T017P3M8W7K",
        "user_profile": {
            "avatar_hash": "88a6cc2d842b",
            "image_72": "https:\/\/avatars.slack-edge.com\/2021-05-08\/2044578307474_88a6cc2d842bdc068cdb_72.png",
            "first_name": "Emi",
            "real_name": "Emi Hays",
            "display_name": "Emi Hays",
            "team": "T017P3M8W7K",
            "name": "emhays01",
            "is_restricted": false,
            "is_ultra_restricted": false
        },
        "thread_ts": "1627418860.001400",
        "parent_user_id": "U01QM0009D3"
    },
    {
        "type": "message",
        "subtype": "channel_join",
        "ts": "1627540943.002500",
        "user": "U0293LRHUFR",
        "text": "<@U0293LRHUFR> has joined the channel"
    }
]