[
    {
        "type": "message",
        "text": "The semester is back on. I've updated the <https:\/\/docs.google.com\/document\/d\/1w5mHdtxEsLp5AntydG4C65edLWNVd4ujn5TMT33624U\/edit?usp=sharing|summary file> with your work with some information for you to fill out and another RepeatMasker run to do. There's no rush on this, let me know if you have questions.",
        "files": [
            {
                "id": "F02419T7MAQ",
                "created": 1622680421,
                "timestamp": 1622680421,
                "name": "Spider TE annotation",
                "title": "Spider TE annotation",
                "mimetype": "application\/vnd.google-apps.document",
                "filetype": "gdoc",
                "pretty_type": "G Suite Document",
                "user": "U01793PULLV",
                "user_team": "T017P3M8W7K",
                "editable": false,
                "size": 118116,
                "mode": "external",
                "is_external": true,
                "external_type": "gdrive",
                "is_public": true,
                "public_url_shared": false,
                "display_as_bot": false,
                "username": "",
                "url_private": "https:\/\/docs.google.com\/document\/d\/1w5mHdtxEsLp5AntydG4C65edLWNVd4ujn5TMT33624U\/edit?usp=sharing",
                "media_display_type": "unknown",
                "thumb_64": "https:\/\/files.slack.com\/files-tmb\/T017P3M8W7K-F02419T7MAQ-edb5f771f9\/spider_te_annotation_64.png?t=xoxe-1261123302257-6395895314663-6407612319125-137f2171a6b5696e8e285d5b7bbfa693",
                "thumb_80": "https:\/\/files.slack.com\/files-tmb\/T017P3M8W7K-F02419T7MAQ-edb5f771f9\/spider_te_annotation_80.png?t=xoxe-1261123302257-6395895314663-6407612319125-137f2171a6b5696e8e285d5b7bbfa693",
                "thumb_360": "https:\/\/files.slack.com\/files-tmb\/T017P3M8W7K-F02419T7MAQ-edb5f771f9\/spider_te_annotation_360.png?t=xoxe-1261123302257-6395895314663-6407612319125-137f2171a6b5696e8e285d5b7bbfa693",
                "thumb_360_w": 278,
                "thumb_360_h": 360,
                "thumb_480": "https:\/\/files.slack.com\/files-tmb\/T017P3M8W7K-F02419T7MAQ-edb5f771f9\/spider_te_annotation_480.png?t=xoxe-1261123302257-6395895314663-6407612319125-137f2171a6b5696e8e285d5b7bbfa693",
                "thumb_480_w": 371,
                "thumb_480_h": 480,
                "thumb_160": "https:\/\/files.slack.com\/files-tmb\/T017P3M8W7K-F02419T7MAQ-edb5f771f9\/spider_te_annotation_160.png?t=xoxe-1261123302257-6395895314663-6407612319125-137f2171a6b5696e8e285d5b7bbfa693",
                "thumb_720": "https:\/\/files.slack.com\/files-tmb\/T017P3M8W7K-F02419T7MAQ-edb5f771f9\/spider_te_annotation_720.png?t=xoxe-1261123302257-6395895314663-6407612319125-137f2171a6b5696e8e285d5b7bbfa693",
                "thumb_720_w": 557,
                "thumb_720_h": 720,
                "thumb_800": "https:\/\/files.slack.com\/files-tmb\/T017P3M8W7K-F02419T7MAQ-edb5f771f9\/spider_te_annotation_800.png?t=xoxe-1261123302257-6395895314663-6407612319125-137f2171a6b5696e8e285d5b7bbfa693",
                "thumb_800_w": 800,
                "thumb_800_h": 1035,
                "thumb_960": "https:\/\/files.slack.com\/files-tmb\/T017P3M8W7K-F02419T7MAQ-edb5f771f9\/spider_te_annotation_960.png?t=xoxe-1261123302257-6395895314663-6407612319125-137f2171a6b5696e8e285d5b7bbfa693",
                "thumb_960_w": 742,
                "thumb_960_h": 960,
                "thumb_1024": "https:\/\/files.slack.com\/files-tmb\/T017P3M8W7K-F02419T7MAQ-edb5f771f9\/spider_te_annotation_1024.png?t=xoxe-1261123302257-6395895314663-6407612319125-137f2171a6b5696e8e285d5b7bbfa693",
                "thumb_1024_w": 791,
                "thumb_1024_h": 1024,
                "original_w": 800,
                "original_h": 1035,
                "thumb_tiny": "AwAwACXTJxSZ9jQ3Smgj3FADgfY0tMyPU04Yz1JoAWiiigBG6VHxUtM2HPWgBtKDzTth\/vUuKAFooooAKKKKACiiigAooooA\/9k=",
                "permalink": "https:\/\/arensburgerla-9bj1862.slack.com\/files\/U01793PULLV\/F02419T7MAQ\/spider_te_annotation",
                "is_starred": true,
                "saved": {
                    "is_archived": true,
                    "date_completed": 0,
                    "date_due": 1,
                    "state": "archived"
                },
                "external_id": "1w5mHdtxEsLp5AntydG4C65edLWNVd4ujn5TMT33624U",
                "external_url": "https:\/\/docs.google.com\/document\/d\/1w5mHdtxEsLp5AntydG4C65edLWNVd4ujn5TMT33624U\/edit?usp=sharing",
                "has_rich_preview": true,
                "file_access": "visible"
            }
        ],
        "upload": false,
        "user": "U01793PULLV",
        "display_as_bot": false,
        "x_files": [
            "F02419T7MAQ"
        ],
        "ts": "1629761826.001800",
        "blocks": [
            {
                "type": "rich_text",
                "block_id": "HNBPw",
                "elements": [
                    {
                        "type": "rich_text_section",
                        "elements": [
                            {
                                "type": "text",
                                "text": "The semester is back on. I've updated the "
                            },
                            {
                                "type": "link",
                                "url": "https:\/\/docs.google.com\/document\/d\/1w5mHdtxEsLp5AntydG4C65edLWNVd4ujn5TMT33624U\/edit?usp=sharing",
                                "text": "summary file"
                            },
                            {
                                "type": "text",
                                "text": " with your work with some information for you to fill out and another RepeatMasker run to do. There's no rush on this, let me know if you have questions."
                            }
                        ]
                    }
                ]
            }
        ],
        "client_msg_id": "8891a232-ba5d-438a-9272-dcb92fcdb828"
    },
    {
        "client_msg_id": "AF07C4D5-6C40-43F4-BE16-CA7C094418FC",
        "type": "message",
        "text": "Okay, sounds good",
        "user": "U01QM0009D3",
        "ts": "1629774710.002300",
        "blocks": [
            {
                "type": "rich_text",
                "block_id": "N1s",
                "elements": [
                    {
                        "type": "rich_text_section",
                        "elements": [
                            {
                                "type": "text",
                                "text": "Okay, sounds good"
                            }
                        ]
                    }
                ]
            }
        ],
        "team": "T017P3M8W7K",
        "user_team": "T017P3M8W7K",
        "source_team": "T017P3M8W7K",
        "user_profile": {
            "avatar_hash": "88a6cc2d842b",
            "image_72": "https:\/\/avatars.slack-edge.com\/2021-05-08\/2044578307474_88a6cc2d842bdc068cdb_72.png",
            "first_name": "Emi",
            "real_name": "Emi Hays",
            "display_name": "Emi Hays",
            "team": "T017P3M8W7K",
            "name": "emhays01",
            "is_restricted": false,
            "is_ultra_restricted": false
        }
    }
]