[
    {
        "client_msg_id": "c3ca00db-4b5b-4f62-88a3-436bb6a6da83",
        "type": "message",
        "text": "so what is the percentage of TEs, by your count, in the _Parasteatoda tepidariorum_ genome?",
        "user": "U01793PULLV",
        "ts": "1619116251.001100",
        "blocks": [
            {
                "type": "rich_text",
                "block_id": "wOqLy",
                "elements": [
                    {
                        "type": "rich_text_section",
                        "elements": [
                            {
                                "type": "text",
                                "text": "so what is the percentage of TEs, by your count, in the "
                            },
                            {
                                "type": "text",
                                "text": "Parasteatoda tepidariorum",
                                "style": {
                                    "italic": true
                                }
                            },
                            {
                                "type": "text",
                                "text": " genome?"
                            }
                        ]
                    }
                ]
            }
        ],
        "team": "T017P3M8W7K",
        "user_team": "T017P3M8W7K",
        "source_team": "T017P3M8W7K",
        "user_profile": {
            "avatar_hash": "743a9fc0b5f6",
            "image_72": "https:\/\/avatars.slack-edge.com\/2022-06-30\/3731255580839_743a9fc0b5f63f195af3_72.jpg",
            "first_name": "parensburger",
            "real_name": "parensburger",
            "display_name": "Peter",
            "team": "T017P3M8W7K",
            "name": "parensburger",
            "is_restricted": false,
            "is_ultra_restricted": false
        }
    },
    {
        "client_msg_id": "28b8fef2-0986-4d72-a7ac-b77405ac6c06",
        "type": "message",
        "text": "34.95%",
        "user": "U01QM0009D3",
        "ts": "1619127375.000200",
        "blocks": [
            {
                "type": "rich_text",
                "block_id": "r+96x",
                "elements": [
                    {
                        "type": "rich_text_section",
                        "elements": [
                            {
                                "type": "text",
                                "text": "34.95%"
                            }
                        ]
                    }
                ]
            }
        ],
        "team": "T017P3M8W7K",
        "user_team": "T017P3M8W7K",
        "source_team": "T017P3M8W7K",
        "user_profile": {
            "avatar_hash": "88a6cc2d842b",
            "image_72": "https:\/\/avatars.slack-edge.com\/2021-05-08\/2044578307474_88a6cc2d842bdc068cdb_72.png",
            "first_name": "Emi",
            "real_name": "Emi Hays",
            "display_name": "Emi Hays",
            "team": "T017P3M8W7K",
            "name": "emhays01",
            "is_restricted": false,
            "is_ultra_restricted": false
        }
    }
]