[
    {
        "client_msg_id": "5b33a6bf-5848-4521-8116-b16eb099dcd7",
        "type": "message",
        "text": "Not sure what you mean. It's a Venn diagram, so if there are 10 elements where 3 elements are only found in one dataset, 5 elements only found in another dataset, and 2 elements are found in both datasets; then the diagram should have the number 3, 5, and 2 in the appropriate areas. Does that answer your question?",
        "user": "U01793PULLV",
        "ts": "1634391092.000100",
        "blocks": [
            {
                "type": "rich_text",
                "block_id": "bm37y",
                "elements": [
                    {
                        "type": "rich_text_section",
                        "elements": [
                            {
                                "type": "text",
                                "text": "Not sure what you mean. It's a Venn diagram, so if there are 10 elements where 3 elements are only found in one dataset, 5 elements only found in another dataset, and 2 elements are found in both datasets; then the diagram should have the number 3, 5, and 2 in the appropriate areas. Does that answer your question?"
                            }
                        ]
                    }
                ]
            }
        ],
        "team": "T017P3M8W7K",
        "user_team": "T017P3M8W7K",
        "source_team": "T017P3M8W7K",
        "user_profile": {
            "avatar_hash": "743a9fc0b5f6",
            "image_72": "https:\/\/avatars.slack-edge.com\/2022-06-30\/3731255580839_743a9fc0b5f63f195af3_72.jpg",
            "first_name": "parensburger",
            "real_name": "parensburger",
            "display_name": "Peter",
            "team": "T017P3M8W7K",
            "name": "parensburger",
            "is_restricted": false,
            "is_ultra_restricted": false
        },
        "thread_ts": "1633787113.000400",
        "parent_user_id": "U01793PULLV"
    },
    {
        "client_msg_id": "22C3F315-6628-4F9E-810C-699383177D46",
        "type": "message",
        "text": "Yes, that answers it! Thanks ",
        "user": "U01QM0009D3",
        "ts": "1634427616.000300",
        "blocks": [
            {
                "type": "rich_text",
                "block_id": "XZT3",
                "elements": [
                    {
                        "type": "rich_text_section",
                        "elements": [
                            {
                                "type": "text",
                                "text": "Yes, that answers it! Thanks "
                            }
                        ]
                    }
                ]
            }
        ],
        "team": "T017P3M8W7K",
        "user_team": "T017P3M8W7K",
        "source_team": "T017P3M8W7K",
        "user_profile": {
            "avatar_hash": "88a6cc2d842b",
            "image_72": "https:\/\/avatars.slack-edge.com\/2021-05-08\/2044578307474_88a6cc2d842bdc068cdb_72.png",
            "first_name": "Emi",
            "real_name": "Emi Hays",
            "display_name": "Emi Hays",
            "team": "T017P3M8W7K",
            "name": "emhays01",
            "is_restricted": false,
            "is_ultra_restricted": false
        },
        "thread_ts": "1633787113.000400",
        "parent_user_id": "U01793PULLV"
    },
    {
        "type": "message",
        "text": "Is this what you're looking for? Or is this missing info\/too simple?",
        "files": [
            {
                "id": "F02J3BUED3N",
                "created": 1634431696,
                "timestamp": 1634431696,
                "name": "Screen Shot 2021-10-16 at 5.47.50 PM.png",
                "title": "Screen Shot 2021-10-16 at 5.47.50 PM.png",
                "mimetype": "image\/png",
                "filetype": "png",
                "pretty_type": "PNG",
                "user": "U01QM0009D3",
                "user_team": "T017P3M8W7K",
                "editable": false,
                "size": 121842,
                "mode": "hosted",
                "is_external": false,
                "external_type": "",
                "is_public": true,
                "public_url_shared": false,
                "display_as_bot": false,
                "username": "",
                "url_private": "https:\/\/files.slack.com\/files-pri\/T017P3M8W7K-F02J3BUED3N\/screen_shot_2021-10-16_at_5.47.50_pm.png?t=xoxe-1261123302257-6395895314663-6407612319125-137f2171a6b5696e8e285d5b7bbfa693",
                "url_private_download": "https:\/\/files.slack.com\/files-pri\/T017P3M8W7K-F02J3BUED3N\/download\/screen_shot_2021-10-16_at_5.47.50_pm.png?t=xoxe-1261123302257-6395895314663-6407612319125-137f2171a6b5696e8e285d5b7bbfa693",
                "media_display_type": "unknown",
                "thumb_64": "https:\/\/files.slack.com\/files-tmb\/T017P3M8W7K-F02J3BUED3N-fc79931c37\/screen_shot_2021-10-16_at_5.47.50_pm_64.png?t=xoxe-1261123302257-6395895314663-6407612319125-137f2171a6b5696e8e285d5b7bbfa693",
                "thumb_80": "https:\/\/files.slack.com\/files-tmb\/T017P3M8W7K-F02J3BUED3N-fc79931c37\/screen_shot_2021-10-16_at_5.47.50_pm_80.png?t=xoxe-1261123302257-6395895314663-6407612319125-137f2171a6b5696e8e285d5b7bbfa693",
                "thumb_360": "https:\/\/files.slack.com\/files-tmb\/T017P3M8W7K-F02J3BUED3N-fc79931c37\/screen_shot_2021-10-16_at_5.47.50_pm_360.png?t=xoxe-1261123302257-6395895314663-6407612319125-137f2171a6b5696e8e285d5b7bbfa693",
                "thumb_360_w": 360,
                "thumb_360_h": 344,
                "thumb_480": "https:\/\/files.slack.com\/files-tmb\/T017P3M8W7K-F02J3BUED3N-fc79931c37\/screen_shot_2021-10-16_at_5.47.50_pm_480.png?t=xoxe-1261123302257-6395895314663-6407612319125-137f2171a6b5696e8e285d5b7bbfa693",
                "thumb_480_w": 480,
                "thumb_480_h": 458,
                "thumb_160": "https:\/\/files.slack.com\/files-tmb\/T017P3M8W7K-F02J3BUED3N-fc79931c37\/screen_shot_2021-10-16_at_5.47.50_pm_160.png?t=xoxe-1261123302257-6395895314663-6407612319125-137f2171a6b5696e8e285d5b7bbfa693",
                "thumb_720": "https:\/\/files.slack.com\/files-tmb\/T017P3M8W7K-F02J3BUED3N-fc79931c37\/screen_shot_2021-10-16_at_5.47.50_pm_720.png?t=xoxe-1261123302257-6395895314663-6407612319125-137f2171a6b5696e8e285d5b7bbfa693",
                "thumb_720_w": 720,
                "thumb_720_h": 687,
                "thumb_800": "https:\/\/files.slack.com\/files-tmb\/T017P3M8W7K-F02J3BUED3N-fc79931c37\/screen_shot_2021-10-16_at_5.47.50_pm_800.png?t=xoxe-1261123302257-6395895314663-6407612319125-137f2171a6b5696e8e285d5b7bbfa693",
                "thumb_800_w": 800,
                "thumb_800_h": 763,
                "thumb_960": "https:\/\/files.slack.com\/files-tmb\/T017P3M8W7K-F02J3BUED3N-fc79931c37\/screen_shot_2021-10-16_at_5.47.50_pm_960.png?t=xoxe-1261123302257-6395895314663-6407612319125-137f2171a6b5696e8e285d5b7bbfa693",
                "thumb_960_w": 960,
                "thumb_960_h": 916,
                "thumb_1024": "https:\/\/files.slack.com\/files-tmb\/T017P3M8W7K-F02J3BUED3N-fc79931c37\/screen_shot_2021-10-16_at_5.47.50_pm_1024.png?t=xoxe-1261123302257-6395895314663-6407612319125-137f2171a6b5696e8e285d5b7bbfa693",
                "thumb_1024_w": 1024,
                "thumb_1024_h": 977,
                "image_exif_rotation": 1,
                "original_w": 1375,
                "original_h": 1312,
                "thumb_tiny": "AwAtADDSJ7DrSH3yfpSj1pec+1ADTkdDn2oGSMk\/gKXnPHagZzz3oAQe2R9aUHsetHOegxQexoAB3FBOOKCM0i59jQAYGc9c0nAPXFOIJ69PajBHTBFAADmg8kCk53dhxSgYoAWkHBxS0EZoAQ470vTpSEHHXI9xRjPU0AA5OaWiigD\/2Q==",
                "permalink": "https:\/\/arensburgerla-9bj1862.slack.com\/files\/U01QM0009D3\/F02J3BUED3N\/screen_shot_2021-10-16_at_5.47.50_pm.png",
                "permalink_public": "https:\/\/slack-files.com\/T017P3M8W7K-F02J3BUED3N-687b6bd88a",
                "is_starred": false,
                "has_rich_preview": false,
                "file_access": "visible"
            }
        ],
        "upload": false,
        "user": "U01QM0009D3",
        "display_as_bot": false,
        "ts": "1634431928.001400",
        "blocks": [
            {
                "type": "rich_text",
                "block_id": "tQMA",
                "elements": [
                    {
                        "type": "rich_text_section",
                        "elements": [
                            {
                                "type": "text",
                                "text": "Is this what you're looking for? Or is this missing info\/too simple?"
                            }
                        ]
                    }
                ]
            }
        ],
        "client_msg_id": "4688383c-f8f7-4314-9bd7-02fc9701ccbb"
    },
    {
        "client_msg_id": "c7d79c0f-2788-435f-a576-7df199230eb2",
        "type": "message",
        "text": "Besides the empty middle portion, of course",
        "user": "U01QM0009D3",
        "ts": "1634431993.002500",
        "blocks": [
            {
                "type": "rich_text",
                "block_id": "w2gH",
                "elements": [
                    {
                        "type": "rich_text_section",
                        "elements": [
                            {
                                "type": "text",
                                "text": "Besides the empty middle portion, of course"
                            }
                        ]
                    }
                ]
            }
        ],
        "team": "T017P3M8W7K",
        "user_team": "T017P3M8W7K",
        "source_team": "T017P3M8W7K",
        "user_profile": {
            "avatar_hash": "88a6cc2d842b",
            "image_72": "https:\/\/avatars.slack-edge.com\/2021-05-08\/2044578307474_88a6cc2d842bdc068cdb_72.png",
            "first_name": "Emi",
            "real_name": "Emi Hays",
            "display_name": "Emi Hays",
            "team": "T017P3M8W7K",
            "name": "emhays01",
            "is_restricted": false,
            "is_ultra_restricted": false
        }
    },
    {
        "client_msg_id": "12db1cff-0180-43e0-998f-b699c9379f14",
        "type": "message",
        "text": "yes, thanks",
        "user": "U01793PULLV",
        "ts": "1634432047.002800",
        "blocks": [
            {
                "type": "rich_text",
                "block_id": "nZUhp",
                "elements": [
                    {
                        "type": "rich_text_section",
                        "elements": [
                            {
                                "type": "text",
                                "text": "yes, thanks"
                            }
                        ]
                    }
                ]
            }
        ],
        "team": "T017P3M8W7K",
        "user_team": "T017P3M8W7K",
        "source_team": "T017P3M8W7K",
        "user_profile": {
            "avatar_hash": "743a9fc0b5f6",
            "image_72": "https:\/\/avatars.slack-edge.com\/2022-06-30\/3731255580839_743a9fc0b5f63f195af3_72.jpg",
            "first_name": "parensburger",
            "real_name": "parensburger",
            "display_name": "Peter",
            "team": "T017P3M8W7K",
            "name": "parensburger",
            "is_restricted": false,
            "is_ultra_restricted": false
        }
    }
]