[
    {
        "client_msg_id": "be331815-bf7d-452b-bb89-d5ab31f11506",
        "type": "message",
        "text": "Is the command \"RepeatMasker -lib temp.fa spidermatches_isolated\" correct? If so the results were 15.77% bases masked",
        "user": "U01QM0009D3",
        "ts": "1618798617.001100",
        "blocks": [
            {
                "type": "rich_text",
                "block_id": "Ye==",
                "elements": [
                    {
                        "type": "rich_text_section",
                        "elements": [
                            {
                                "type": "text",
                                "text": "Is the command \"RepeatMasker -lib temp.fa spidermatches_isolated\" correct? If so the results were 15.77% bases masked"
                            }
                        ]
                    }
                ]
            }
        ],
        "team": "T017P3M8W7K",
        "user_team": "T017P3M8W7K",
        "source_team": "T017P3M8W7K",
        "user_profile": {
            "avatar_hash": "88a6cc2d842b",
            "image_72": "https:\/\/avatars.slack-edge.com\/2021-05-08\/2044578307474_88a6cc2d842bdc068cdb_72.png",
            "first_name": "Emi",
            "real_name": "Emi Hays",
            "display_name": "Emi Hays",
            "team": "T017P3M8W7K",
            "name": "emhays01",
            "is_restricted": false,
            "is_ultra_restricted": false
        }
    }
]