[
    {
        "client_msg_id": "803f1131-3c42-49b5-86f5-cf4b0971e2f7",
        "type": "message",
        "text": "I've been trying to run a command, but my computer keeps disconnecting from VPN before it finishes. Do you know how to use \"nohup\" for this:\nfor next in $(cut -f1 &lt;file name&gt; | sort -u); do grep -w -m 1 \"$next\" &lt;file name&gt; ; done &gt; &lt; output file &gt;\nI keep getting an error message :0 I looked up how to use it in BASH but I haven't found suggestions that work",
        "user": "U01QM0009D3",
        "ts": "1622000884.000100",
        "blocks": [
            {
                "type": "rich_text",
                "block_id": "f9jLs",
                "elements": [
                    {
                        "type": "rich_text_section",
                        "elements": [
                            {
                                "type": "text",
                                "text": "I've been trying to run a command, but my computer keeps disconnecting from VPN before it finishes. Do you know how to use \"nohup\" for this:\nfor next in $(cut -f1 <file name> | sort -u); do grep -w -m 1 \"$next\" <file name> ; done > < output file >\nI keep getting an error message :0 I looked up how to use it in BASH but I haven't found suggestions that work"
                            }
                        ]
                    }
                ]
            }
        ],
        "team": "T017P3M8W7K",
        "user_team": "T017P3M8W7K",
        "source_team": "T017P3M8W7K",
        "user_profile": {
            "avatar_hash": "88a6cc2d842b",
            "image_72": "https:\/\/avatars.slack-edge.com\/2021-05-08\/2044578307474_88a6cc2d842bdc068cdb_72.png",
            "first_name": "Emi",
            "real_name": "Emi Hays",
            "display_name": "Emi Hays",
            "team": "T017P3M8W7K",
            "name": "emhays01",
            "is_restricted": false,
            "is_ultra_restricted": false
        },
        "thread_ts": "1622000884.000100",
        "reply_count": 1,
        "reply_users_count": 1,
        "latest_reply": "1622038594.000300",
        "reply_users": [
            "U01793PULLV"
        ],
        "replies": [
            {
                "user": "U01793PULLV",
                "ts": "1622038594.000300"
            }
        ],
        "is_locked": false,
        "subscribed": true,
        "last_read": "1622038594.000300"
    }
]