[
    {
        "client_msg_id": "011242e4-8b25-4fad-a0f2-7dbc74a2e8db",
        "type": "message",
        "text": "Repeat Masker finished running with spider_TEs.fa! The results are a 40.33% coverage of the genome",
        "user": "U01QM0009D3",
        "ts": "1630558462.001100",
        "blocks": [
            {
                "type": "rich_text",
                "block_id": "u\/0X",
                "elements": [
                    {
                        "type": "rich_text_section",
                        "elements": [
                            {
                                "type": "text",
                                "text": "Repeat Masker finished running with spider_TEs.fa! The results are a 40.33% coverage of the genome"
                            }
                        ]
                    }
                ]
            }
        ],
        "team": "T017P3M8W7K",
        "user_team": "T017P3M8W7K",
        "source_team": "T017P3M8W7K",
        "user_profile": {
            "avatar_hash": "88a6cc2d842b",
            "image_72": "https:\/\/avatars.slack-edge.com\/2021-05-08\/2044578307474_88a6cc2d842bdc068cdb_72.png",
            "first_name": "Emi",
            "real_name": "Emi Hays",
            "display_name": "Emi Hays",
            "team": "T017P3M8W7K",
            "name": "emhays01",
            "is_restricted": false,
            "is_ultra_restricted": false
        }
    },
    {
        "client_msg_id": "a2768282-c998-4a6f-a318-9c63268106e8",
        "type": "message",
        "text": "I updated the google doc with this information ^",
        "user": "U01QM0009D3",
        "ts": "1630558502.001400",
        "blocks": [
            {
                "type": "rich_text",
                "block_id": "MTlQ",
                "elements": [
                    {
                        "type": "rich_text_section",
                        "elements": [
                            {
                                "type": "text",
                                "text": "I updated the google doc with this information ^"
                            }
                        ]
                    }
                ]
            }
        ],
        "team": "T017P3M8W7K",
        "user_team": "T017P3M8W7K",
        "source_team": "T017P3M8W7K",
        "user_profile": {
            "avatar_hash": "88a6cc2d842b",
            "image_72": "https:\/\/avatars.slack-edge.com\/2021-05-08\/2044578307474_88a6cc2d842bdc068cdb_72.png",
            "first_name": "Emi",
            "real_name": "Emi Hays",
            "display_name": "Emi Hays",
            "team": "T017P3M8W7K",
            "name": "emhays01",
            "is_restricted": false,
            "is_ultra_restricted": false
        }
    }
]