[
    {
        "type": "message",
        "subtype": "channel_join",
        "ts": "1615311164.000200",
        "user": "U01793PULLV",
        "text": "<@U01793PULLV> has joined the channel"
    },
    {
        "client_msg_id": "081e319b-0b6e-4e7f-8e14-7131bcd4ae01",
        "type": "message",
        "text": "Emi joined the lab a few days ago, she's been getting familiar with the lab computers. Her project will be parse the file Ptep1_denovoLibTEs_filtered.fa, that was generated from the _Parasteatoda tepidariorum_ spider genome using REPET. She and I have been having an email exchange about this:\n\nPeter Arensburger\nMon 3\/8\/2021 11:18 AM\nHi Emi,\n\nNow that you are familiar with some basic Linux commands, you're going to have a look at a file that you'll be examining for your project. This file contains a list of possible transposable element sequences from a spider genome. This file was generated by a program called REPET, that scans a genome and reports sequences that might be transposons (i.e. transposable elements). Your job will be to examine this output file in more detail and weed out false positives (i.e. sequences that are not transposons) and try to identify what kind of transposable elements have been found by REPET. But those objectives are for later, for now I just want you to get familiar manipulating this file.\n\nThe file is in the folder \/mnt\/data\/TE_analysis and is called Ptep1_denovoLibTEs_filtered.fa . This file is in a format called FASTA, which is used to display DNA and protein sequences, you can read about it <https:\/\/nam11.safelinks.protection.outlook.com\/?url=https%3A%2F%2Fen.wikipedia.org%2Fwiki%2FFASTA_format&amp;data=04%7C01%7Cparensburger%40cpp.edu%7C96a73374c0a74981ace108d8e2a8c3f6%7C164ba61e39ec4f5d89ffaa1f00a521b4%7C0%7C0%7C637508561826369207%7CUnknown%7CTWFpbGZsb3d8eyJWIjoiMC4wLjAwMDAiLCJQIjoiV2luMzIiLCJBTiI6Ik1haWwiLCJXVCI6Mn0%3D%7C1000&amp;sdata=cmNbrEih7W9l12Oo3gijhXV52eULFyZBUpmMrfi2jc8%3D&amp;reserved=0|here>. Here's what I want you to do:\n\n1) using the appropriate command lines (you have to figure which ones yourself), copy the file Ptep1_denovoLibTEs_filtered.fa from the directory \/mnt\/data\/TE_analysis to your home folder which is called \/home\/ehays\n2) find appropriate command lines to tell me a) how large is this file in kb, b) what is the title of the file sequence that file (by \"title\" I mean the line that start with &gt; symbol), c) what is the title of the last sequence in that file.\n\nEmail me the results when you have them, if you're stuck let me know and I'll help you find the right commands.\n\nGood luck,\n\n Peter\n\nEmi Hays\nMon 3\/8\/2021 7:09 PM\nHi Dr. Arensburger,\n\nFor the file size, I used the command *ls -sh* and got 29M, which is 29,000kB if I'm not mistaken. I used the command *grep -r \"&gt;\"* and found that the title of the first sequence is \"DXX_Ptep1-B-G10001-Map4\" and the last is \"RXX-LARD_Ptetp1-L-B9999-Map1\". Is that correct?\n\n Thanks!\n\nEmi",
        "user": "U01793PULLV",
        "ts": "1615311980.003300",
        "blocks": [
            {
                "type": "rich_text",
                "block_id": "eUKl",
                "elements": [
                    {
                        "type": "rich_text_section",
                        "elements": [
                            {
                                "type": "text",
                                "text": "Emi joined the lab a few days ago, she's been getting familiar with the lab computers. Her project will be parse the file Ptep1_denovoLibTEs_filtered.fa, that was generated from the "
                            },
                            {
                                "type": "text",
                                "text": "Parasteatoda tepidariorum",
                                "style": {
                                    "italic": true
                                }
                            },
                            {
                                "type": "text",
                                "text": " spider genome using REPET. She and I have been having an email exchange about this:\n\nPeter Arensburger\nMon 3\/8\/2021 11:18 AM\nHi Emi,\n\nNow that you are familiar with some basic Linux commands, you're going to have a look at a file that you'll be examining for your project. This file contains a list of possible transposable element sequences from a spider genome. This file was generated by a program called REPET, that scans a genome and reports sequences that might be transposons (i.e. transposable elements). Your job will be to examine this output file in more detail and weed out false positives (i.e. sequences that are not transposons) and try to identify what kind of transposable elements have been found by REPET. But those objectives are for later, for now I just want you to get familiar manipulating this file.\n\nThe file is in the folder \/mnt\/data\/TE_analysis and is called Ptep1_denovoLibTEs_filtered.fa . This file is in a format called FASTA, which is used to display DNA and protein sequences, you can read about it "
                            },
                            {
                                "type": "link",
                                "url": "https:\/\/nam11.safelinks.protection.outlook.com\/?url=https%3A%2F%2Fen.wikipedia.org%2Fwiki%2FFASTA_format&data=04%7C01%7Cparensburger%40cpp.edu%7C96a73374c0a74981ace108d8e2a8c3f6%7C164ba61e39ec4f5d89ffaa1f00a521b4%7C0%7C0%7C637508561826369207%7CUnknown%7CTWFpbGZsb3d8eyJWIjoiMC4wLjAwMDAiLCJQIjoiV2luMzIiLCJBTiI6Ik1haWwiLCJXVCI6Mn0%3D%7C1000&sdata=cmNbrEih7W9l12Oo3gijhXV52eULFyZBUpmMrfi2jc8%3D&reserved=0",
                                "text": "here"
                            },
                            {
                                "type": "text",
                                "text": ". Here's what I want you to do:\n\n1) using the appropriate command lines (you have to figure which ones yourself), copy the file Ptep1_denovoLibTEs_filtered.fa from the directory \/mnt\/data\/TE_analysis to your home folder which is called \/home\/ehays\n2) find appropriate command lines to tell me a) how large is this file in kb, b) what is the title of the file sequence that file (by \"title\" I mean the line that start with > symbol), c) what is the title of the last sequence in that file.\n\nEmail me the results when you have them, if you're stuck let me know and I'll help you find the right commands.\n\nGood luck,\n\n Peter\n\nEmi Hays\nMon 3\/8\/2021 7:09 PM\nHi Dr. Arensburger,\n\nFor the file size, I used the command "
                            },
                            {
                                "type": "text",
                                "text": "ls -sh",
                                "style": {
                                    "bold": true
                                }
                            },
                            {
                                "type": "text",
                                "text": " and got 29M, which is 29,000kB if I'm not mistaken. I used the command "
                            },
                            {
                                "type": "text",
                                "text": "grep -r \">\"",
                                "style": {
                                    "bold": true
                                }
                            },
                            {
                                "type": "text",
                                "text": " and found that the title of the first sequence is \"DXX_Ptep1-B-G10001-Map4\" and the last is \"RXX-LARD_Ptetp1-L-B9999-Map1\". Is that correct?\n\n Thanks!\n\nEmi"
                            }
                        ]
                    }
                ]
            }
        ],
        "team": "T017P3M8W7K",
        "user_team": "T017P3M8W7K",
        "source_team": "T017P3M8W7K",
        "user_profile": {
            "avatar_hash": "743a9fc0b5f6",
            "image_72": "https:\/\/avatars.slack-edge.com\/2022-06-30\/3731255580839_743a9fc0b5f63f195af3_72.jpg",
            "first_name": "parensburger",
            "real_name": "parensburger",
            "display_name": "Peter",
            "team": "T017P3M8W7K",
            "name": "parensburger",
            "is_restricted": false,
            "is_ultra_restricted": false
        }
    },
    {
        "client_msg_id": "a8e0212e-aa0a-4264-a8dc-0c4970f17903",
        "type": "message",
        "text": "The next assignment will be to start comparing these nucleotide sequences to a database of known protein sequences, and seeing which ones seem to match up to known transposons. You'll do this for now using the blastx program on the web. blastx is a specific type of database searching under a much larger BLAST program. You can read about BLAST searching <https:\/\/blast.ncbi.nlm.nih.gov\/Blast.cgi?CMD=Web&amp;PAGE_TYPE=BlastDocs|here>.\n• Compare the first 3 sequences in the Ptep1_denovoLibTEs_filtered.fa to the \"nr\" database on NCBI using the program <https:\/\/blast.ncbi.nlm.nih.gov\/Blast.cgi?PROGRAM=blastx&amp;PAGE_TYPE=BlastSearch&amp;LINK_LOC=blasthome|blastx>. Report here the names of the two best matches from the nr database to each of the the 3 sequences. The match names are found in the \"Description\" field of the blastx search result page. \n• Also, count how many sequences are in the file Ptep1_denovoLibTEs_filtered.fa",
        "user": "U01793PULLV",
        "ts": "1615313679.015100",
        "blocks": [
            {
                "type": "rich_text",
                "block_id": "Mpf2J",
                "elements": [
                    {
                        "type": "rich_text_section",
                        "elements": [
                            {
                                "type": "text",
                                "text": "The next assignment will be to start comparing these nucleotide sequences to a database of known protein sequences, and seeing which ones seem to match up to known transposons. You'll do this for now using the blastx program on the web. blastx is a specific type of database searching under a much larger BLAST program. You can read about BLAST searching "
                            },
                            {
                                "type": "link",
                                "url": "https:\/\/blast.ncbi.nlm.nih.gov\/Blast.cgi?CMD=Web&PAGE_TYPE=BlastDocs",
                                "text": "here"
                            },
                            {
                                "type": "text",
                                "text": ".\n"
                            }
                        ]
                    },
                    {
                        "type": "rich_text_list",
                        "elements": [
                            {
                                "type": "rich_text_section",
                                "elements": [
                                    {
                                        "type": "text",
                                        "text": "Compare the first 3 sequences in the Ptep1_denovoLibTEs_filtered.fa to the \"nr\" database on NCBI using the program "
                                    },
                                    {
                                        "type": "link",
                                        "url": "https:\/\/blast.ncbi.nlm.nih.gov\/Blast.cgi?PROGRAM=blastx&PAGE_TYPE=BlastSearch&LINK_LOC=blasthome",
                                        "text": "blastx"
                                    },
                                    {
                                        "type": "text",
                                        "text": ". Report here the names of the two best matches from the nr database to each of the the 3 sequences. The match names are found in the \"Description\" field of the blastx search result page. "
                                    }
                                ]
                            },
                            {
                                "type": "rich_text_section",
                                "elements": [
                                    {
                                        "type": "text",
                                        "text": "Also, count how many sequences are in the file Ptep1_denovoLibTEs_filtered.fa"
                                    }
                                ]
                            }
                        ],
                        "style": "bullet",
                        "indent": 0
                    }
                ]
            }
        ],
        "team": "T017P3M8W7K",
        "user_team": "T017P3M8W7K",
        "source_team": "T017P3M8W7K",
        "user_profile": {
            "avatar_hash": "743a9fc0b5f6",
            "image_72": "https:\/\/avatars.slack-edge.com\/2022-06-30\/3731255580839_743a9fc0b5f63f195af3_72.jpg",
            "first_name": "parensburger",
            "real_name": "parensburger",
            "display_name": "Peter",
            "team": "T017P3M8W7K",
            "name": "parensburger",
            "is_restricted": false,
            "is_ultra_restricted": false
        },
        "attachments": [
            {
                "text": "BLAST help page",
                "fallback": "BLAST help page",
                "from_url": "https:\/\/blast.ncbi.nlm.nih.gov\/Blast.cgi?CMD=Web&PAGE_TYPE=BlastDocs",
                "service_icon": "https:\/\/blast.ncbi.nlm.nih.gov\/favicon.ico",
                "service_name": "blast.ncbi.nlm.nih.gov",
                "id": 1,
                "original_url": "https:\/\/blast.ncbi.nlm.nih.gov\/Blast.cgi?CMD=Web&amp;PAGE_TYPE=BlastDocs"
            }
        ]
    },
    {
        "type": "message",
        "subtype": "channel_join",
        "ts": "1615324710.000200",
        "user": "U01QM0009D3",
        "text": "<@U01QM0009D3> has joined the channel"
    },
    {
        "client_msg_id": "96806687-d204-4dd7-8c0f-900dda7f9acd",
        "type": "message",
        "text": "Sequence 1: DXX_Ptep1-B-G10001-Map4\nbest matches:\n• hypothetical protein AVEN_171855-1 [Araneus ventricosus]; E value: 1e-23\n• uncharacterized protein LOC762622 [Strongylocentrotus purpuratus]; E value: 2e-23\nSequence 2: DTX-incomp_Ptep1-B-G10012-Map3\nbest matches:\n• uncharacterized protein LOC107436918 [Parasteatoda tepidariorum]; E value: 1e-106\n• hypothetical protein AVEN_29306-1 [Araneus ventricosus]; E value: 1e-67\nSequence 3: DTX-incomp_Ptep1-B-G10027-Map3\nbest matches:\n• hypothetical protein X975_23270, partial [Stegodyphus mimosarum]; E value: 1e-56\n• hypothetical protein X975_10339, partial [Stegodyphus mimosarum]; E value: 2e-55\nNumber of sequences: 10,688",
        "user": "U01QM0009D3",
        "ts": "1615351616.006100",
        "blocks": [
            {
                "type": "rich_text",
                "block_id": "KyMtE",
                "elements": [
                    {
                        "type": "rich_text_section",
                        "elements": [
                            {
                                "type": "text",
                                "text": "Sequence 1: DXX_Ptep1-B-G10001-Map4\nbest matches:\n"
                            }
                        ]
                    },
                    {
                        "type": "rich_text_list",
                        "elements": [
                            {
                                "type": "rich_text_section",
                                "elements": [
                                    {
                                        "type": "text",
                                        "text": "hypothetical protein AVEN_171855-1 [Araneus ventricosus]; E value: 1e-23"
                                    }
                                ]
                            },
                            {
                                "type": "rich_text_section",
                                "elements": [
                                    {
                                        "type": "text",
                                        "text": "uncharacterized protein LOC762622 [Strongylocentrotus purpuratus]; E value: 2e-23"
                                    }
                                ]
                            }
                        ],
                        "style": "bullet",
                        "indent": 0
                    },
                    {
                        "type": "rich_text_section",
                        "elements": [
                            {
                                "type": "text",
                                "text": "\nSequence 2: DTX-incomp_Ptep1-B-G10012-Map3\nbest matches:\n"
                            }
                        ]
                    },
                    {
                        "type": "rich_text_list",
                        "elements": [
                            {
                                "type": "rich_text_section",
                                "elements": [
                                    {
                                        "type": "text",
                                        "text": "uncharacterized protein LOC107436918 [Parasteatoda tepidariorum]; E value: 1e-106"
                                    }
                                ]
                            },
                            {
                                "type": "rich_text_section",
                                "elements": [
                                    {
                                        "type": "text",
                                        "text": "hypothetical protein AVEN_29306-1 [Araneus ventricosus]; E value: 1e-67"
                                    }
                                ]
                            }
                        ],
                        "style": "bullet",
                        "indent": 0
                    },
                    {
                        "type": "rich_text_section",
                        "elements": [
                            {
                                "type": "text",
                                "text": "\nSequence 3: DTX-incomp_Ptep1-B-G10027-Map3\nbest matches:\n"
                            }
                        ]
                    },
                    {
                        "type": "rich_text_list",
                        "elements": [
                            {
                                "type": "rich_text_section",
                                "elements": [
                                    {
                                        "type": "text",
                                        "text": "hypothetical protein X975_23270, partial [Stegodyphus mimosarum]; E value: 1e-56"
                                    }
                                ]
                            },
                            {
                                "type": "rich_text_section",
                                "elements": [
                                    {
                                        "type": "text",
                                        "text": "hypothetical protein X975_10339, partial [Stegodyphus mimosarum]; E value: 2e-55"
                                    }
                                ]
                            }
                        ],
                        "style": "bullet",
                        "indent": 0
                    },
                    {
                        "type": "rich_text_section",
                        "elements": [
                            {
                                "type": "text",
                                "text": "\nNumber of sequences: 10,688"
                            }
                        ]
                    }
                ]
            }
        ],
        "team": "T017P3M8W7K",
        "user_team": "T017P3M8W7K",
        "source_team": "T017P3M8W7K",
        "user_profile": {
            "avatar_hash": "88a6cc2d842b",
            "image_72": "https:\/\/avatars.slack-edge.com\/2021-05-08\/2044578307474_88a6cc2d842bdc068cdb_72.png",
            "first_name": "Emi",
            "real_name": "Emi Hays",
            "display_name": "Emi Hays",
            "team": "T017P3M8W7K",
            "name": "emhays01",
            "is_restricted": false,
            "is_ultra_restricted": false
        }
    }
]