[
    {
        "client_msg_id": "2220a26e-f6ff-4571-b49c-98940cd7f859",
        "type": "message",
        "text": "Great, thanks for confirming. Can you run RepeatMasker with the same genome but using the Lewis data set now?",
        "user": "U01793PULLV",
        "ts": "1623952007.000100",
        "blocks": [
            {
                "type": "rich_text",
                "block_id": "3An",
                "elements": [
                    {
                        "type": "rich_text_section",
                        "elements": [
                            {
                                "type": "text",
                                "text": "Great, thanks for confirming. Can you run RepeatMasker with the same genome but using the Lewis data set now?"
                            }
                        ]
                    }
                ]
            }
        ],
        "team": "T017P3M8W7K",
        "user_team": "T017P3M8W7K",
        "source_team": "T017P3M8W7K",
        "user_profile": {
            "avatar_hash": "743a9fc0b5f6",
            "image_72": "https:\/\/avatars.slack-edge.com\/2022-06-30\/3731255580839_743a9fc0b5f63f195af3_72.jpg",
            "first_name": "parensburger",
            "real_name": "parensburger",
            "display_name": "Peter",
            "team": "T017P3M8W7K",
            "name": "parensburger",
            "is_restricted": false,
            "is_ultra_restricted": false
        },
        "thread_ts": "1623903064.000800",
        "parent_user_id": "U01QM0009D3",
        "reactions": [
            {
                "name": "white_check_mark",
                "users": [
                    "U01QM0009D3"
                ],
                "count": 1
            }
        ]
    }
]