[
    {
        "client_msg_id": "c3484fb5-7eaa-4885-83c0-2d1bcabc1c7a",
        "type": "message",
        "text": "An update: something must've gone wrong with my computer really quickly; I've only gotten through 6 of the 11 smaller spider_TEs.fa files and there are a LOT more matches. Each one takes about 3-5 hours to finish. I just found a way to keep my computer from disconnecting from VPN, so at least that won't be an issue anymore.\nIn the meantime, I'm looking for a way to isolate the matches in spider_TEs.fa",
        "user": "U01QM0009D3",
        "ts": "1617568404.003700",
        "blocks": [
            {
                "type": "rich_text",
                "block_id": "4ABx7",
                "elements": [
                    {
                        "type": "rich_text_section",
                        "elements": [
                            {
                                "type": "text",
                                "text": "An update: something must've gone wrong with my computer really quickly; I've only gotten through 6 of the 11 smaller spider_TEs.fa files and there are a LOT more matches. Each one takes about 3-5 hours to finish. I just found a way to keep my computer from disconnecting from VPN, so at least that won't be an issue anymore.\nIn the meantime, I'm looking for a way to isolate the matches in spider_TEs.fa"
                            }
                        ]
                    }
                ]
            }
        ],
        "team": "T017P3M8W7K",
        "user_team": "T017P3M8W7K",
        "source_team": "T017P3M8W7K",
        "user_profile": {
            "avatar_hash": "88a6cc2d842b",
            "image_72": "https:\/\/avatars.slack-edge.com\/2021-05-08\/2044578307474_88a6cc2d842bdc068cdb_72.png",
            "first_name": "Emi",
            "real_name": "Emi Hays",
            "display_name": "Emi Hays",
            "team": "T017P3M8W7K",
            "name": "emhays01",
            "is_restricted": false,
            "is_ultra_restricted": false
        }
    },
    {
        "client_msg_id": "d10128f0-cee4-4ff0-b6f1-3f0351939779",
        "type": "message",
        "text": "if you're having trouble isolating where the issue is let me known, and maybe we can troubleshoot together",
        "user": "U01793PULLV",
        "ts": "1617573490.001700",
        "blocks": [
            {
                "type": "rich_text",
                "block_id": "s4x3d",
                "elements": [
                    {
                        "type": "rich_text_section",
                        "elements": [
                            {
                                "type": "text",
                                "text": "if you're having trouble isolating where the issue is let me known, and maybe we can troubleshoot together"
                            }
                        ]
                    }
                ]
            }
        ],
        "team": "T017P3M8W7K",
        "user_team": "T017P3M8W7K",
        "source_team": "T017P3M8W7K",
        "user_profile": {
            "avatar_hash": "743a9fc0b5f6",
            "image_72": "https:\/\/avatars.slack-edge.com\/2022-06-30\/3731255580839_743a9fc0b5f63f195af3_72.jpg",
            "first_name": "parensburger",
            "real_name": "parensburger",
            "display_name": "Peter",
            "team": "T017P3M8W7K",
            "name": "parensburger",
            "is_restricted": false,
            "is_ultra_restricted": false
        },
        "reactions": [
            {
                "name": "white_check_mark",
                "users": [
                    "U01QM0009D3"
                ],
                "count": 1
            }
        ]
    }
]