[
    {
        "client_msg_id": "baeba372-7e75-461a-8bf5-0afebdbb1461",
        "type": "message",
        "text": "Using the blast file between Lewis and Hays with an e-value cut off of 1e-6:\n116,745 Lewis sequences have a match to a Hays sequence (files are still called lewis#_toH.fa, lewis%_toH.txt, and hays_seqs.fa)\n4,248 Hays sequences have a match to a Lewis sequence (files are still called hays#_toL.fa, hays%_toL.txt, and lewis_seqs.fa)",
        "user": "U01QM0009D3",
        "ts": "1623463459.002400",
        "blocks": [
            {
                "type": "rich_text",
                "block_id": "QWmb",
                "elements": [
                    {
                        "type": "rich_text_section",
                        "elements": [
                            {
                                "type": "text",
                                "text": "Using the blast file between Lewis and Hays with an e-value cut off of 1e-6:\n116,745 Lewis sequences have a match to a Hays sequence (files are still called lewis#_toH.fa, lewis%_toH.txt, and hays_seqs.fa)\n4,248 Hays sequences have a match to a Lewis sequence (files are still called hays#_toL.fa, hays%_toL.txt, and lewis_seqs.fa)"
                            }
                        ]
                    }
                ]
            }
        ],
        "team": "T017P3M8W7K",
        "user_team": "T017P3M8W7K",
        "source_team": "T017P3M8W7K",
        "user_profile": {
            "avatar_hash": "88a6cc2d842b",
            "image_72": "https:\/\/avatars.slack-edge.com\/2021-05-08\/2044578307474_88a6cc2d842bdc068cdb_72.png",
            "first_name": "Emi",
            "real_name": "Emi Hays",
            "display_name": "Emi Hays",
            "team": "T017P3M8W7K",
            "name": "emhays01",
            "is_restricted": false,
            "is_ultra_restricted": false
        },
        "thread_ts": "1623463459.002400",
        "reply_count": 1,
        "reply_users_count": 1,
        "latest_reply": "1623521589.000100",
        "reply_users": [
            "U01793PULLV"
        ],
        "replies": [
            {
                "user": "U01793PULLV",
                "ts": "1623521589.000100"
            }
        ],
        "is_locked": false,
        "subscribed": true,
        "last_read": "1623521589.000100"
    },
    {
        "client_msg_id": "ee1d77d1-61e7-447c-bfe5-27fa22a227b3",
        "type": "message",
        "text": "(In the folders lewis or hays, respectively, in the LHmatches_analysis folder)",
        "user": "U01QM0009D3",
        "ts": "1623463540.003300",
        "blocks": [
            {
                "type": "rich_text",
                "block_id": "T9kVz",
                "elements": [
                    {
                        "type": "rich_text_section",
                        "elements": [
                            {
                                "type": "text",
                                "text": "(In the folders lewis or hays, respectively, in the LHmatches_analysis folder)"
                            }
                        ]
                    }
                ]
            }
        ],
        "team": "T017P3M8W7K",
        "user_team": "T017P3M8W7K",
        "source_team": "T017P3M8W7K",
        "user_profile": {
            "avatar_hash": "88a6cc2d842b",
            "image_72": "https:\/\/avatars.slack-edge.com\/2021-05-08\/2044578307474_88a6cc2d842bdc068cdb_72.png",
            "first_name": "Emi",
            "real_name": "Emi Hays",
            "display_name": "Emi Hays",
            "team": "T017P3M8W7K",
            "name": "emhays01",
            "is_restricted": false,
            "is_ultra_restricted": false
        }
    }
]