[
    {
        "client_msg_id": "a3b30e2e-be3a-45ff-8ded-37a51b2256ef",
        "type": "message",
        "text": "Btw, it's currently on batch 2428 of 25311, so it's going to take a while :0",
        "user": "U01QM0009D3",
        "ts": "1624509763.000700",
        "blocks": [
            {
                "type": "rich_text",
                "block_id": "W7z",
                "elements": [
                    {
                        "type": "rich_text_section",
                        "elements": [
                            {
                                "type": "text",
                                "text": "Btw, it's currently on batch 2428 of 25311, so it's going to take a while :0"
                            }
                        ]
                    }
                ]
            }
        ],
        "team": "T017P3M8W7K",
        "user_team": "T017P3M8W7K",
        "source_team": "T017P3M8W7K",
        "user_profile": {
            "avatar_hash": "88a6cc2d842b",
            "image_72": "https:\/\/avatars.slack-edge.com\/2021-05-08\/2044578307474_88a6cc2d842bdc068cdb_72.png",
            "first_name": "Emi",
            "real_name": "Emi Hays",
            "display_name": "Emi Hays",
            "team": "T017P3M8W7K",
            "name": "emhays01",
            "is_restricted": false,
            "is_ultra_restricted": false
        },
        "thread_ts": "1624509763.000700",
        "reply_count": 3,
        "reply_users_count": 2,
        "latest_reply": "1624675530.000700",
        "reply_users": [
            "U01793PULLV",
            "U01QM0009D3"
        ],
        "replies": [
            {
                "user": "U01793PULLV",
                "ts": "1624549801.000100"
            },
            {
                "user": "U01QM0009D3",
                "ts": "1624675343.000500"
            },
            {
                "user": "U01793PULLV",
                "ts": "1624675530.000700"
            }
        ],
        "is_locked": false,
        "subscribed": true,
        "last_read": "1624675530.000700"
    }
]