[
    {
        "client_msg_id": "4a1f0f1d-77b9-47c9-a395-e5518e5668f9",
        "type": "message",
        "text": "Ah gosh I was stuck because I kept making the same typo over and over. I finally noticed it though, so I'm rerunning blast between lewisTEs_chr.fa (now containing the TE names too, not just the chromosome &amp; positions) and haysTEs_chr.fa. Then I should be able to find the number of Lewis TEs that have a match to Hays and the % overlap",
        "user": "U01QM0009D3",
        "ts": "1620864249.002600",
        "blocks": [
            {
                "type": "rich_text",
                "block_id": "Lzzbc",
                "elements": [
                    {
                        "type": "rich_text_section",
                        "elements": [
                            {
                                "type": "text",
                                "text": "Ah gosh I was stuck because I kept making the same typo over and over. I finally noticed it though, so I'm rerunning blast between lewisTEs_chr.fa (now containing the TE names too, not just the chromosome & positions) and haysTEs_chr.fa. Then I should be able to find the number of Lewis TEs that have a match to Hays and the % overlap"
                            }
                        ]
                    }
                ]
            }
        ],
        "team": "T017P3M8W7K",
        "user_team": "T017P3M8W7K",
        "source_team": "T017P3M8W7K",
        "user_profile": {
            "avatar_hash": "88a6cc2d842b",
            "image_72": "https:\/\/avatars.slack-edge.com\/2021-05-08\/2044578307474_88a6cc2d842bdc068cdb_72.png",
            "first_name": "Emi",
            "real_name": "Emi Hays",
            "display_name": "Emi Hays",
            "team": "T017P3M8W7K",
            "name": "emhays01",
            "is_restricted": false,
            "is_ultra_restricted": false
        }
    },
    {
        "client_msg_id": "2f0c1dae-635b-4fdd-8adf-f387aa72a552",
        "type": "message",
        "text": ":clap:",
        "user": "U01793PULLV",
        "ts": "1620865704.000200",
        "blocks": [
            {
                "type": "rich_text",
                "block_id": "P1+T",
                "elements": [
                    {
                        "type": "rich_text_section",
                        "elements": [
                            {
                                "type": "emoji",
                                "name": "clap",
                                "unicode": "1f44f"
                            }
                        ]
                    }
                ]
            }
        ],
        "team": "T017P3M8W7K",
        "user_team": "T017P3M8W7K",
        "source_team": "T017P3M8W7K",
        "user_profile": {
            "avatar_hash": "743a9fc0b5f6",
            "image_72": "https:\/\/avatars.slack-edge.com\/2022-06-30\/3731255580839_743a9fc0b5f63f195af3_72.jpg",
            "first_name": "parensburger",
            "real_name": "parensburger",
            "display_name": "Peter",
            "team": "T017P3M8W7K",
            "name": "parensburger",
            "is_restricted": false,
            "is_ultra_restricted": false
        }
    }
]