[
    {
        "client_msg_id": "718d94f2-90ac-4ccc-849f-7cf7318ed8c6",
        "type": "message",
        "text": "Okay, sounds great; I had a lot going on this week, so I appreciate it.\nI've just downloaded the file. What should I do next?",
        "user": "U01QM0009D3",
        "ts": "1615782553.001400",
        "blocks": [
            {
                "type": "rich_text",
                "block_id": "D7+vr",
                "elements": [
                    {
                        "type": "rich_text_section",
                        "elements": [
                            {
                                "type": "text",
                                "text": "Okay, sounds great; I had a lot going on this week, so I appreciate it.\nI've just downloaded the file. What should I do next?"
                            }
                        ]
                    }
                ]
            }
        ],
        "team": "T017P3M8W7K",
        "user_team": "T017P3M8W7K",
        "source_team": "T017P3M8W7K",
        "user_profile": {
            "avatar_hash": "88a6cc2d842b",
            "image_72": "https:\/\/avatars.slack-edge.com\/2021-05-08\/2044578307474_88a6cc2d842bdc068cdb_72.png",
            "first_name": "Emi",
            "real_name": "Emi Hays",
            "display_name": "Emi Hays",
            "team": "T017P3M8W7K",
            "name": "emhays01",
            "is_restricted": false,
            "is_ultra_restricted": false
        }
    },
    {
        "client_msg_id": "4172fd61-5e23-47c0-8241-9448e948d8e9",
        "type": "message",
        "text": "Next, you'll transfer your file from your mac to your home directory on traviata using scp (read about it <https:\/\/kb.iu.edu\/d\/agye|here>). To do that you'll go to the command lines on your mac (i.e. the Terminal program) and change directories (using the command cd) to the directory where your file is on your mac. After you've made sure the VPN is running you'll transfer the file using the command (fill in the file name as appropriate):\n```scp &lt;name of file with transposon seqeuences&gt; ehays@134.71.67.54:\/home\/ehays```\nif all goes well the file will start to transfer and give you status updates on how much has been transferred (this could take a while depending on how big your file is and how quick your connection is).",
        "user": "U01793PULLV",
        "ts": "1615783378.008400",
        "blocks": [
            {
                "type": "rich_text",
                "block_id": "LWaul",
                "elements": [
                    {
                        "type": "rich_text_section",
                        "elements": [
                            {
                                "type": "text",
                                "text": "Next, you'll transfer your file from your mac to your home directory on traviata using scp (read about it "
                            },
                            {
                                "type": "link",
                                "url": "https:\/\/kb.iu.edu\/d\/agye",
                                "text": "here"
                            },
                            {
                                "type": "text",
                                "text": "). To do that you'll go to the command lines on your mac (i.e. the Terminal program) and change directories (using the command cd) to the directory where your file is on your mac. After you've made sure the VPN is running you'll transfer the file using the command (fill in the file name as appropriate):\n"
                            }
                        ]
                    },
                    {
                        "type": "rich_text_preformatted",
                        "elements": [
                            {
                                "type": "text",
                                "text": "scp <name of file with transposon seqeuences> ehays@134.71.67.54:\/home\/ehays"
                            }
                        ]
                    },
                    {
                        "type": "rich_text_section",
                        "elements": [
                            {
                                "type": "text",
                                "text": "if all goes well the file will start to transfer and give you status updates on how much has been transferred (this could take a while depending on how big your file is and how quick your connection is)."
                            }
                        ]
                    }
                ]
            }
        ],
        "team": "T017P3M8W7K",
        "user_team": "T017P3M8W7K",
        "source_team": "T017P3M8W7K",
        "user_profile": {
            "avatar_hash": "743a9fc0b5f6",
            "image_72": "https:\/\/avatars.slack-edge.com\/2022-06-30\/3731255580839_743a9fc0b5f63f195af3_72.jpg",
            "first_name": "parensburger",
            "real_name": "parensburger",
            "display_name": "Peter",
            "team": "T017P3M8W7K",
            "name": "parensburger",
            "is_restricted": false,
            "is_ultra_restricted": false
        },
        "attachments": [
            {
                "title": "Use SCP to securely transfer files between two Unix computers",
                "title_link": "https:\/\/kb.iu.edu\/d\/agye",
                "text": "In Unix, you can use SCP (the scp command) to securely copy files and directories between remote hosts without starting an FTP session or logging into the re...",
                "fallback": "Use SCP to securely transfer files between two Unix computers",
                "from_url": "https:\/\/kb.iu.edu\/d\/agye",
                "service_icon": "https:\/\/kb.iu.edu\/favicon.ico",
                "service_name": "kb.iu.edu",
                "id": 1,
                "original_url": "https:\/\/kb.iu.edu\/d\/agye"
            }
        ]
    },
    {
        "client_msg_id": "64d08cea-1d6a-4136-a4af-e3047cfa1402",
        "type": "message",
        "text": "It downloaded really fast, so I hope I have the right file. Does it contain 6187 sequences?",
        "user": "U01QM0009D3",
        "ts": "1615790946.009600",
        "blocks": [
            {
                "type": "rich_text",
                "block_id": "HuE",
                "elements": [
                    {
                        "type": "rich_text_section",
                        "elements": [
                            {
                                "type": "text",
                                "text": "It downloaded really fast, so I hope I have the right file. Does it contain 6187 sequences?"
                            }
                        ]
                    }
                ]
            }
        ],
        "team": "T017P3M8W7K",
        "user_team": "T017P3M8W7K",
        "source_team": "T017P3M8W7K",
        "user_profile": {
            "avatar_hash": "88a6cc2d842b",
            "image_72": "https:\/\/avatars.slack-edge.com\/2021-05-08\/2044578307474_88a6cc2d842bdc068cdb_72.png",
            "first_name": "Emi",
            "real_name": "Emi Hays",
            "display_name": "Emi Hays",
            "team": "T017P3M8W7K",
            "name": "emhays01",
            "is_restricted": false,
            "is_ultra_restricted": false
        }
    },
    {
        "client_msg_id": "6134e9c5-0d42-4a09-ac88-afb5cdf11270",
        "type": "message",
        "text": "If so, I've transferred it",
        "user": "U01QM0009D3",
        "ts": "1615790981.010000",
        "blocks": [
            {
                "type": "rich_text",
                "block_id": "GNlz6",
                "elements": [
                    {
                        "type": "rich_text_section",
                        "elements": [
                            {
                                "type": "text",
                                "text": "If so, I've transferred it"
                            }
                        ]
                    }
                ]
            }
        ],
        "team": "T017P3M8W7K",
        "user_team": "T017P3M8W7K",
        "source_team": "T017P3M8W7K",
        "user_profile": {
            "avatar_hash": "88a6cc2d842b",
            "image_72": "https:\/\/avatars.slack-edge.com\/2021-05-08\/2044578307474_88a6cc2d842bdc068cdb_72.png",
            "first_name": "Emi",
            "real_name": "Emi Hays",
            "display_name": "Emi Hays",
            "team": "T017P3M8W7K",
            "name": "emhays01",
            "is_restricted": false,
            "is_ultra_restricted": false
        }
    }
]