[
    {
        "type": "message",
        "text": "(Note: I renamed \"Ptep1_denovoLibTEs_filtered.fa\" as \"spider_TEs.fa\" so that I could type it faster).\nI used the command \"blastx -db totalDB.fa -query spider_TEs.fa -out blastresults.fa\", and here's what the output file looks like:",
        "files": [
            {
                "id": "F01SMP659DX",
                "created": 1616580974,
                "timestamp": 1616580974,
                "name": "Screen Shot 2021-03-24 at 3.14.16 AM.png",
                "title": "Screen Shot 2021-03-24 at 3.14.16 AM.png",
                "mimetype": "image\/png",
                "filetype": "png",
                "pretty_type": "PNG",
                "user": "U01QM0009D3",
                "user_team": "T017P3M8W7K",
                "editable": false,
                "size": 1076904,
                "mode": "hosted",
                "is_external": false,
                "external_type": "",
                "is_public": true,
                "public_url_shared": false,
                "display_as_bot": false,
                "username": "",
                "url_private": "https:\/\/files.slack.com\/files-pri\/T017P3M8W7K-F01SMP659DX\/screen_shot_2021-03-24_at_3.14.16_am.png?t=xoxe-1261123302257-6395895314663-6407612319125-137f2171a6b5696e8e285d5b7bbfa693",
                "url_private_download": "https:\/\/files.slack.com\/files-pri\/T017P3M8W7K-F01SMP659DX\/download\/screen_shot_2021-03-24_at_3.14.16_am.png?t=xoxe-1261123302257-6395895314663-6407612319125-137f2171a6b5696e8e285d5b7bbfa693",
                "media_display_type": "unknown",
                "thumb_64": "https:\/\/files.slack.com\/files-tmb\/T017P3M8W7K-F01SMP659DX-0872d3184e\/screen_shot_2021-03-24_at_3.14.16_am_64.png?t=xoxe-1261123302257-6395895314663-6407612319125-137f2171a6b5696e8e285d5b7bbfa693",
                "thumb_80": "https:\/\/files.slack.com\/files-tmb\/T017P3M8W7K-F01SMP659DX-0872d3184e\/screen_shot_2021-03-24_at_3.14.16_am_80.png?t=xoxe-1261123302257-6395895314663-6407612319125-137f2171a6b5696e8e285d5b7bbfa693",
                "thumb_360": "https:\/\/files.slack.com\/files-tmb\/T017P3M8W7K-F01SMP659DX-0872d3184e\/screen_shot_2021-03-24_at_3.14.16_am_360.png?t=xoxe-1261123302257-6395895314663-6407612319125-137f2171a6b5696e8e285d5b7bbfa693",
                "thumb_360_w": 248,
                "thumb_360_h": 360,
                "thumb_480": "https:\/\/files.slack.com\/files-tmb\/T017P3M8W7K-F01SMP659DX-0872d3184e\/screen_shot_2021-03-24_at_3.14.16_am_480.png?t=xoxe-1261123302257-6395895314663-6407612319125-137f2171a6b5696e8e285d5b7bbfa693",
                "thumb_480_w": 330,
                "thumb_480_h": 480,
                "thumb_160": "https:\/\/files.slack.com\/files-tmb\/T017P3M8W7K-F01SMP659DX-0872d3184e\/screen_shot_2021-03-24_at_3.14.16_am_160.png?t=xoxe-1261123302257-6395895314663-6407612319125-137f2171a6b5696e8e285d5b7bbfa693",
                "thumb_720": "https:\/\/files.slack.com\/files-tmb\/T017P3M8W7K-F01SMP659DX-0872d3184e\/screen_shot_2021-03-24_at_3.14.16_am_720.png?t=xoxe-1261123302257-6395895314663-6407612319125-137f2171a6b5696e8e285d5b7bbfa693",
                "thumb_720_w": 495,
                "thumb_720_h": 720,
                "thumb_800": "https:\/\/files.slack.com\/files-tmb\/T017P3M8W7K-F01SMP659DX-0872d3184e\/screen_shot_2021-03-24_at_3.14.16_am_800.png?t=xoxe-1261123302257-6395895314663-6407612319125-137f2171a6b5696e8e285d5b7bbfa693",
                "thumb_800_w": 800,
                "thumb_800_h": 1163,
                "thumb_960": "https:\/\/files.slack.com\/files-tmb\/T017P3M8W7K-F01SMP659DX-0872d3184e\/screen_shot_2021-03-24_at_3.14.16_am_960.png?t=xoxe-1261123302257-6395895314663-6407612319125-137f2171a6b5696e8e285d5b7bbfa693",
                "thumb_960_w": 660,
                "thumb_960_h": 960,
                "thumb_1024": "https:\/\/files.slack.com\/files-tmb\/T017P3M8W7K-F01SMP659DX-0872d3184e\/screen_shot_2021-03-24_at_3.14.16_am_1024.png?t=xoxe-1261123302257-6395895314663-6407612319125-137f2171a6b5696e8e285d5b7bbfa693",
                "thumb_1024_w": 704,
                "thumb_1024_h": 1024,
                "image_exif_rotation": 1,
                "original_w": 1124,
                "original_h": 1634,
                "thumb_tiny": "AwAwACGoT6ECkyf736UD71O\/OgBuT\/e\/SkPPU\/pT\/wA6D070ARUUtFADh96nf560049vypPy\/KgB\/bt+dNLe360mPf8ASjHv+lACZ9qM+1JRQA8fep3500dad+X50AH55oPQ9aOPb86aW9qAG0UZozQB\/9k=",
                "permalink": "https:\/\/arensburgerla-9bj1862.slack.com\/files\/U01QM0009D3\/F01SMP659DX\/screen_shot_2021-03-24_at_3.14.16_am.png",
                "permalink_public": "https:\/\/slack-files.com\/T017P3M8W7K-F01SMP659DX-90e9785c86",
                "is_starred": false,
                "has_rich_preview": false,
                "file_access": "visible"
            }
        ],
        "upload": false,
        "user": "U01QM0009D3",
        "display_as_bot": false,
        "ts": "1616582212.007900",
        "blocks": [
            {
                "type": "rich_text",
                "block_id": "hGDDM",
                "elements": [
                    {
                        "type": "rich_text_section",
                        "elements": [
                            {
                                "type": "text",
                                "text": "(Note: I renamed \"Ptep1_denovoLibTEs_filtered.fa\" as \"spider_TEs.fa\" so that I could type it faster).\nI used the command \"blastx -db totalDB.fa -query spider_TEs.fa -out blastresults.fa\", and here's what the output file looks like:"
                            }
                        ]
                    }
                ]
            }
        ],
        "edited": {
            "user": "U01QM0009D3",
            "ts": "1616582365.000000"
        }
    },
    {
        "client_msg_id": "1523e89c-df2e-462e-b308-eeb634041f65",
        "type": "message",
        "text": "I ran into a few errors at first, though. Is this how it should look?",
        "user": "U01QM0009D3",
        "ts": "1616582349.010100",
        "blocks": [
            {
                "type": "rich_text",
                "block_id": "4CnIe",
                "elements": [
                    {
                        "type": "rich_text_section",
                        "elements": [
                            {
                                "type": "text",
                                "text": "I ran into a few errors at first, though. Is this how it should look?"
                            }
                        ]
                    }
                ]
            }
        ],
        "team": "T017P3M8W7K",
        "user_team": "T017P3M8W7K",
        "source_team": "T017P3M8W7K",
        "user_profile": {
            "avatar_hash": "88a6cc2d842b",
            "image_72": "https:\/\/avatars.slack-edge.com\/2021-05-08\/2044578307474_88a6cc2d842bdc068cdb_72.png",
            "first_name": "Emi",
            "real_name": "Emi Hays",
            "display_name": "Emi Hays",
            "team": "T017P3M8W7K",
            "name": "emhays01",
            "is_restricted": false,
            "is_ultra_restricted": false
        },
        "edited": {
            "user": "U01QM0009D3",
            "ts": "1616582406.000000"
        }
    },
    {
        "client_msg_id": "a5aae859-1ae8-473a-a34a-a65f0c303346",
        "type": "message",
        "text": "Very good, it looks right. You'll notice that every blast match comes with an \"Expected\" value, this is also called an E-value. It's a measure of likely you are to get this match by random chance (i.e. the lower the number the better). Your job now is to identify those sequences in spider_TEs.fa that have a match to the totalDB.fa databse, and to report the Expected value for each match (in case of matches to multiple database entries, report the lowest evalue), as well as the name of the database entry (this is for identification purposes later on). Let me now if you need help with this.",
        "user": "U01793PULLV",
        "ts": "1616596719.004400",
        "blocks": [
            {
                "type": "rich_text",
                "block_id": "oRBW4",
                "elements": [
                    {
                        "type": "rich_text_section",
                        "elements": [
                            {
                                "type": "text",
                                "text": "Very good, it looks right. You'll notice that every blast match comes with an \"Expected\" value, this is also called an E-value. It's a measure of likely you are to get this match by random chance (i.e. the lower the number the better). Your job now is to identify those sequences in spider_TEs.fa that have a match to the totalDB.fa databse, and to report the Expected value for each match (in case of matches to multiple database entries, report the lowest evalue), as well as the name of the database entry (this is for identification purposes later on). Let me now if you need help with this."
                            }
                        ]
                    }
                ]
            }
        ],
        "team": "T017P3M8W7K",
        "user_team": "T017P3M8W7K",
        "source_team": "T017P3M8W7K",
        "user_profile": {
            "avatar_hash": "743a9fc0b5f6",
            "image_72": "https:\/\/avatars.slack-edge.com\/2022-06-30\/3731255580839_743a9fc0b5f63f195af3_72.jpg",
            "first_name": "parensburger",
            "real_name": "parensburger",
            "display_name": "Peter",
            "team": "T017P3M8W7K",
            "name": "parensburger",
            "is_restricted": false,
            "is_ultra_restricted": false
        }
    },
    {
        "client_msg_id": "87768b9c-1093-4aeb-bcf5-9528037be218",
        "type": "message",
        "text": "In that format, the sequence ID wasn't displayed, so I made another copy with the command \"blastx -db totalDB.fa -query spider_TEs.fa -out blastresults_formatted.fa -outfmt “6 qseqid sseqid evalue stitle sblastnames scomnames”; the new, formatted output file is called blastresults_formatted.fa\n\nThere are a lot of repeats per query sequence, so to go through them more easily, I took a few more steps. I want to confirm with you that this will work though so that I don't spend time on something that would just be inaccurate. Here are the steps:\n• make a file of only the titles of the query sequences that matched with the totalDB.fa database; command: blastx -db totalDB.fa -query spider_TEs.fa -out seqIDlist -outfmt \"6 qseqid\" (output file: seqIDlist)\n• remove the repeat lines from seqIDlist, keeping one of each; command: sort seqIDlist | uniq\n• back in blastresults_formatted.fa, use the command: grep -r \"_name of sequence from seqIDlist_\" blastresults_formatted.fa\n• write down the matches with the lowest E-value for each sequence from seqIDlist\nWould this work, or should I do something else?",
        "user": "U01QM0009D3",
        "ts": "1616627511.009500",
        "blocks": [
            {
                "type": "rich_text",
                "block_id": "5hKF",
                "elements": [
                    {
                        "type": "rich_text_section",
                        "elements": [
                            {
                                "type": "text",
                                "text": "In that format, the sequence ID wasn't displayed, so I made another copy with the command \"blastx -db totalDB.fa -query spider_TEs.fa -out blastresults_formatted.fa -outfmt “6 qseqid sseqid evalue stitle sblastnames scomnames”; the new, formatted output file is called blastresults_formatted.fa\n\nThere are a lot of repeats per query sequence, so to go through them more easily, I took a few more steps. I want to confirm with you that this will work though so that I don't spend time on something that would just be inaccurate. Here are the steps:\n"
                            }
                        ]
                    },
                    {
                        "type": "rich_text_list",
                        "elements": [
                            {
                                "type": "rich_text_section",
                                "elements": [
                                    {
                                        "type": "text",
                                        "text": "make a file of only the titles of the query sequences that matched with the totalDB.fa database; command: blastx -db totalDB.fa -query spider_TEs.fa -out seqIDlist -outfmt \"6 qseqid\" (output file: seqIDlist)"
                                    }
                                ]
                            },
                            {
                                "type": "rich_text_section",
                                "elements": [
                                    {
                                        "type": "text",
                                        "text": "remove the repeat lines from seqIDlist, keeping one of each; command: sort seqIDlist | uniq"
                                    }
                                ]
                            },
                            {
                                "type": "rich_text_section",
                                "elements": [
                                    {
                                        "type": "text",
                                        "text": "back in blastresults_formatted.fa, use the command: grep -r \""
                                    },
                                    {
                                        "type": "text",
                                        "text": "name of sequence from seqIDlist",
                                        "style": {
                                            "italic": true
                                        }
                                    },
                                    {
                                        "type": "text",
                                        "text": "\" blastresults_formatted.fa"
                                    }
                                ]
                            },
                            {
                                "type": "rich_text_section",
                                "elements": [
                                    {
                                        "type": "text",
                                        "text": "write down the matches with the lowest E-value for each sequence from seqIDlist"
                                    }
                                ]
                            }
                        ],
                        "style": "bullet",
                        "indent": 0
                    },
                    {
                        "type": "rich_text_section",
                        "elements": [
                            {
                                "type": "text",
                                "text": "\nWould this work, or should I do something else?"
                            }
                        ]
                    }
                ]
            }
        ],
        "team": "T017P3M8W7K",
        "user_team": "T017P3M8W7K",
        "source_team": "T017P3M8W7K",
        "user_profile": {
            "avatar_hash": "88a6cc2d842b",
            "image_72": "https:\/\/avatars.slack-edge.com\/2021-05-08\/2044578307474_88a6cc2d842bdc068cdb_72.png",
            "first_name": "Emi",
            "real_name": "Emi Hays",
            "display_name": "Emi Hays",
            "team": "T017P3M8W7K",
            "name": "emhays01",
            "is_restricted": false,
            "is_ultra_restricted": false
        },
        "edited": {
            "user": "U01QM0009D3",
            "ts": "1616627721.000000"
        }
    },
    {
        "client_msg_id": "e1eedd7b-209c-4243-a1ed-5e147d9656d7",
        "type": "message",
        "text": "Looks to me that it should work, but you need to check that. What I would do if I were you would be test your analysis pipeline out on  a small dataset that you can check by hand to make sure it's working the way you want it to. You can generate such a dataset by making a file that contains, say, the first 30 lines of your spider_TEs.fa file like this:\n```head -n 30 spider_TEs.fa &gt; spider_TEs_short.fa```\nThis will create a new file called \"spider_TEs_short.fa\", you can then run your pipeline on that small file and check to see if the results you get make sense with what you'd expect.",
        "user": "U01793PULLV",
        "ts": "1616628652.015200",
        "blocks": [
            {
                "type": "rich_text",
                "block_id": "cPXE",
                "elements": [
                    {
                        "type": "rich_text_section",
                        "elements": [
                            {
                                "type": "text",
                                "text": "Looks to me that it should work, but you need to check that. What I would do if I were you would be test your analysis pipeline out on  a small dataset that you can check by hand to make sure it's working the way you want it to. You can generate such a dataset by making a file that contains, say, the first 30 lines of your spider_TEs.fa file like this:\n"
                            }
                        ]
                    },
                    {
                        "type": "rich_text_preformatted",
                        "elements": [
                            {
                                "type": "text",
                                "text": "head -n 30 spider_TEs.fa > spider_TEs_short.fa"
                            }
                        ]
                    },
                    {
                        "type": "rich_text_section",
                        "elements": [
                            {
                                "type": "text",
                                "text": "This will create a new file called \"spider_TEs_short.fa\", you can then run your pipeline on that small file and check to see if the results you get make sense with what you'd expect."
                            }
                        ]
                    }
                ]
            }
        ],
        "team": "T017P3M8W7K",
        "user_team": "T017P3M8W7K",
        "source_team": "T017P3M8W7K",
        "user_profile": {
            "avatar_hash": "743a9fc0b5f6",
            "image_72": "https:\/\/avatars.slack-edge.com\/2022-06-30\/3731255580839_743a9fc0b5f63f195af3_72.jpg",
            "first_name": "parensburger",
            "real_name": "parensburger",
            "display_name": "Peter",
            "team": "T017P3M8W7K",
            "name": "parensburger",
            "is_restricted": false,
            "is_ultra_restricted": false
        }
    },
    {
        "client_msg_id": "C083FDB9-4C49-447F-8046-7993197B6A4D",
        "type": "message",
        "text": "Okay, thanks your help. I’ll test that out tonight",
        "user": "U01QM0009D3",
        "ts": "1616628805.015800",
        "blocks": [
            {
                "type": "rich_text",
                "block_id": "CKeV",
                "elements": [
                    {
                        "type": "rich_text_section",
                        "elements": [
                            {
                                "type": "text",
                                "text": "Okay, thanks your help. I’ll test that out tonight"
                            }
                        ]
                    }
                ]
            }
        ],
        "team": "T017P3M8W7K",
        "user_team": "T017P3M8W7K",
        "source_team": "T017P3M8W7K",
        "user_profile": {
            "avatar_hash": "88a6cc2d842b",
            "image_72": "https:\/\/avatars.slack-edge.com\/2021-05-08\/2044578307474_88a6cc2d842bdc068cdb_72.png",
            "first_name": "Emi",
            "real_name": "Emi Hays",
            "display_name": "Emi Hays",
            "team": "T017P3M8W7K",
            "name": "emhays01",
            "is_restricted": false,
            "is_ultra_restricted": false
        }
    }
]