[
    {
        "client_msg_id": "53eb4f79-1154-4fea-89c6-c616647d5397",
        "type": "message",
        "text": "I double-checked \"blastmatches_top1_1e-6\", and I think blastx didn't run completely on the original file (I'm guessing my computer disconnected from VPN at the time, or another issue; I had left it running when I went to work, so I'm not certain what exactly happened). I've been redoing that today, but I kept running into random issues; I don't think my computer can stay on for long enough to finish the entire file. So for now, I'm going to split a copy of spider_TEs.fa into different files, run blastx on each file, then combine all of the results.\n\nHere's what I'm using to split (a copy of) spider_TEs.fa:\n```awk 'BEGIN {n_seq=0;} \/^&gt;\/ {if(n_seq%1000==0){file=sprintf(\"myseq%d.fa\",n_seq);} print &gt;&gt; file; n_seq++; next;} { print &gt;&gt; file; }' &lt; spider_TEs.fa```\n(Source: <https:\/\/www.biostars.org\/p\/13270\/>)\n\nI checked these smaller files out, and they all add up to the original 10,688 sequences.\nI'll check in again once I've isolated the matches within spider_TEs.fa or if I run into any other issues\/changes; just wanted to update you on what I'm doing.",
        "user": "U01QM0009D3",
        "ts": "1617264389.010200",
        "blocks": [
            {
                "type": "rich_text",
                "block_id": "23W",
                "elements": [
                    {
                        "type": "rich_text_section",
                        "elements": [
                            {
                                "type": "text",
                                "text": "I double-checked \"blastmatches_top1_1e-6\", and I think blastx didn't run completely on the original file (I'm guessing my computer disconnected from VPN at the time, or another issue; I had left it running when I went to work, so I'm not certain what exactly happened). I've been redoing that today, but I kept running into random issues; I don't think my computer can stay on for long enough to finish the entire file. So for now, I'm going to split a copy of spider_TEs.fa into different files, run blastx on each file, then combine all of the results.\n\nHere's what I'm using to split (a copy of) spider_TEs.fa:\n"
                            }
                        ]
                    },
                    {
                        "type": "rich_text_preformatted",
                        "elements": [
                            {
                                "type": "text",
                                "text": "awk 'BEGIN {n_seq=0;} \/^>\/ {if(n_seq%1000==0){file=sprintf(\"myseq%d.fa\",n_seq);} print >> file; n_seq++; next;} { print >> file; }' < spider_TEs.fa"
                            }
                        ]
                    },
                    {
                        "type": "rich_text_section",
                        "elements": [
                            {
                                "type": "text",
                                "text": "(Source: "
                            },
                            {
                                "type": "link",
                                "url": "https:\/\/www.biostars.org\/p\/13270\/"
                            },
                            {
                                "type": "text",
                                "text": ")\n\nI checked these smaller files out, and they all add up to the original 10,688 sequences.\nI'll check in again once I've isolated the matches within spider_TEs.fa or if I run into any other issues\/changes; just wanted to update you on what I'm doing."
                            }
                        ]
                    }
                ]
            }
        ],
        "team": "T017P3M8W7K",
        "user_team": "T017P3M8W7K",
        "source_team": "T017P3M8W7K",
        "user_profile": {
            "avatar_hash": "88a6cc2d842b",
            "image_72": "https:\/\/avatars.slack-edge.com\/2021-05-08\/2044578307474_88a6cc2d842bdc068cdb_72.png",
            "first_name": "Emi",
            "real_name": "Emi Hays",
            "display_name": "Emi Hays",
            "team": "T017P3M8W7K",
            "name": "emhays01",
            "is_restricted": false,
            "is_ultra_restricted": false
        },
        "edited": {
            "user": "U01QM0009D3",
            "ts": "1617265727.000000"
        }
    },
    {
        "client_msg_id": "0072cbfc-27e2-4155-b205-1a3fcc65a253",
        "type": "message",
        "text": "That all sounds good. By the way, you can run stuff on traviata in the background, meaning that you can log off and it will keep running. To run a command in the background you can use the command:\n```nohup &lt;command line here, like blastx ... &gt; &amp;```\nThe \"nohup\" command tells the computer to send the screen output of the program to a file called nohup.out and \"&amp;\" tells the computer to run everything in the background, so you can log out. The issue will be for you to know the program has finished running, it won't tell when it's done on it's own.",
        "user": "U01793PULLV",
        "ts": "1617282462.007000",
        "blocks": [
            {
                "type": "rich_text",
                "block_id": "2YCiu",
                "elements": [
                    {
                        "type": "rich_text_section",
                        "elements": [
                            {
                                "type": "text",
                                "text": "That all sounds good. By the way, you can run stuff on traviata in the background, meaning that you can log off and it will keep running. To run a command in the background you can use the command:\n"
                            }
                        ]
                    },
                    {
                        "type": "rich_text_preformatted",
                        "elements": [
                            {
                                "type": "text",
                                "text": "nohup <command line here, like blastx ... > &"
                            }
                        ]
                    },
                    {
                        "type": "rich_text_section",
                        "elements": [
                            {
                                "type": "text",
                                "text": "The \"nohup\" command tells the computer to send the screen output of the program to a file called nohup.out and \"&\" tells the computer to run everything in the background, so you can log out. The issue will be for you to know the program has finished running, it won't tell when it's done on it's own."
                            }
                        ]
                    }
                ]
            }
        ],
        "team": "T017P3M8W7K",
        "user_team": "T017P3M8W7K",
        "source_team": "T017P3M8W7K",
        "user_profile": {
            "avatar_hash": "743a9fc0b5f6",
            "image_72": "https:\/\/avatars.slack-edge.com\/2022-06-30\/3731255580839_743a9fc0b5f63f195af3_72.jpg",
            "first_name": "parensburger",
            "real_name": "parensburger",
            "display_name": "Peter",
            "team": "T017P3M8W7K",
            "name": "parensburger",
            "is_restricted": false,
            "is_ultra_restricted": false
        }
    }
]