[
    {
        "client_msg_id": "a815684f-9f04-43bd-b06f-c0c1af1ad685",
        "type": "message",
        "text": "There is no deadline for this project, so do your homework first. As long as you dedicate at least a couple of hours a week to this project, you'll be in great shape. Please don't feel pressured to get back to me right away.\nRegarding your solution, it's very good. You've identified a few of the issues: 1) you need to reduce the databases sizes (i.e. the \"nr\" database is just too huge), 2) running this online will take way too long.\nTo resolve issue #1, you're going to go to <https:\/\/www.ncbi.nlm.nih.gov\/|NCBI> and do a  search for the words \"transposable element\", and select the results for proteins (not nucleotides). Furthermore, you'll want to narrow your results to only animal proteins (hint: look in the top left corner of the proteins page to narrow your results). Finally, you'll download all the proteins into a FASTA formated file to your computer (hint: look for the \"Send to:\" link at the top of the page). You're going to use this file as your database to compare the Ptep1_denovoLibTEs_filtered.fa file to. Once you have the file, I'll show how to upload it to your account on traviata.\nTo resolve issue #2, rather than using Blast2Go, you'll run blast locally on traviata, using Ptep1_denovoLibTEs_filtered.fa as a query file and your protein transposable element file as a database. We'll go over that when you've finished issue #1.\nIf you're stuck on any of these parts let me know, I'm happy to help.",
        "user": "U01793PULLV",
        "ts": "1615475716.014100",
        "blocks": [
            {
                "type": "rich_text",
                "block_id": "Uom",
                "elements": [
                    {
                        "type": "rich_text_section",
                        "elements": [
                            {
                                "type": "text",
                                "text": "There is no deadline for this project, so do your homework first. As long as you dedicate at least a couple of hours a week to this project, you'll be in great shape. Please don't feel pressured to get back to me right away.\nRegarding your solution, it's very good. You've identified a few of the issues: 1) you need to reduce the databases sizes (i.e. the \"nr\" database is just too huge), 2) running this online will take way too long.\nTo resolve issue #1, you're going to go to "
                            },
                            {
                                "type": "link",
                                "url": "https:\/\/www.ncbi.nlm.nih.gov\/",
                                "text": "NCBI"
                            },
                            {
                                "type": "text",
                                "text": " and do a  search for the words \"transposable element\", and select the results for proteins (not nucleotides). Furthermore, you'll want to narrow your results to only animal proteins (hint: look in the top left corner of the proteins page to narrow your results). Finally, you'll download all the proteins into a FASTA formated file to your computer (hint: look for the \"Send to:\" link at the top of the page). You're going to use this file as your database to compare the Ptep1_denovoLibTEs_filtered.fa file to. Once you have the file, I'll show how to upload it to your account on traviata.\nTo resolve issue #2, rather than using Blast2Go, you'll run blast locally on traviata, using Ptep1_denovoLibTEs_filtered.fa as a query file and your protein transposable element file as a database. We'll go over that when you've finished issue #1.\nIf you're stuck on any of these parts let me know, I'm happy to help."
                            }
                        ]
                    }
                ]
            }
        ],
        "team": "T017P3M8W7K",
        "user_team": "T017P3M8W7K",
        "source_team": "T017P3M8W7K",
        "user_profile": {
            "avatar_hash": "743a9fc0b5f6",
            "image_72": "https:\/\/avatars.slack-edge.com\/2022-06-30\/3731255580839_743a9fc0b5f63f195af3_72.jpg",
            "first_name": "parensburger",
            "real_name": "parensburger",
            "display_name": "Peter",
            "team": "T017P3M8W7K",
            "name": "parensburger",
            "is_restricted": false,
            "is_ultra_restricted": false
        },
        "attachments": [
            {
                "title": "National Center for Biotechnology Information",
                "title_link": "https:\/\/www.ncbi.nlm.nih.gov\/",
                "fallback": "National Center for Biotechnology Information",
                "image_url": "https:\/\/www.ncbi.nlm.nih.gov\/corehtml\/logo256.gif",
                "from_url": "https:\/\/www.ncbi.nlm.nih.gov\/",
                "image_width": 202,
                "image_height": 250,
                "image_bytes": 14702,
                "service_icon": "https:\/\/www.ncbi.nlm.nih.gov\/favicon.ico",
                "service_name": "ncbi.nlm.nih.gov",
                "id": 1,
                "original_url": "https:\/\/www.ncbi.nlm.nih.gov\/"
            }
        ]
    }
]