[
    {
        "client_msg_id": "1A6DF958-A7D8-43C4-B027-D29A2B483FF9",
        "type": "message",
        "text": "Should the Venn diagram only include numbers in each portion, then? ",
        "user": "U01QM0009D3",
        "ts": "1634326921.001400",
        "blocks": [
            {
                "type": "rich_text",
                "block_id": "ZGs",
                "elements": [
                    {
                        "type": "rich_text_section",
                        "elements": [
                            {
                                "type": "text",
                                "text": "Should the Venn diagram only include numbers in each portion, then? "
                            }
                        ]
                    }
                ]
            }
        ],
        "team": "T017P3M8W7K",
        "user_team": "T017P3M8W7K",
        "source_team": "T017P3M8W7K",
        "user_profile": {
            "avatar_hash": "88a6cc2d842b",
            "image_72": "https:\/\/avatars.slack-edge.com\/2021-05-08\/2044578307474_88a6cc2d842bdc068cdb_72.png",
            "first_name": "Emi",
            "real_name": "Emi Hays",
            "display_name": "Emi Hays",
            "team": "T017P3M8W7K",
            "name": "emhays01",
            "is_restricted": false,
            "is_ultra_restricted": false
        },
        "thread_ts": "1633787113.000400",
        "parent_user_id": "U01793PULLV"
    }
]