[
    {
        "client_msg_id": "a0ed46bf-518b-44f8-bbb1-f8de540975b1",
        "type": "message",
        "text": "(I'm numbering my responses for each question so it's less confusing :face_with_cowboy_hat:)\n1) What are the questions for the document? I can't see the comments, for some reason. Otherwise, everything looks good to me. :-)\n2) Yes, I'd be interested in this! When the time comes, I'd like to hear more about it.\n3) I hope you have a nice time in the east coast! My summer is going to be slightly busy; I'm taking organic chemistry 1 (lecture + lab) and starting a small teaching job (just for kids 8-13 years old at a summer school program). I think it'll all be manageable, though.",
        "user": "U01QM0009D3",
        "ts": "1622774757.006800",
        "blocks": [
            {
                "type": "rich_text",
                "block_id": "3dq0",
                "elements": [
                    {
                        "type": "rich_text_section",
                        "elements": [
                            {
                                "type": "text",
                                "text": "(I'm numbering my responses for each question so it's less confusing "
                            },
                            {
                                "type": "emoji",
                                "name": "face_with_cowboy_hat",
                                "unicode": "1f920"
                            },
                            {
                                "type": "text",
                                "text": ")\n1) What are the questions for the document? I can't see the comments, for some reason. Otherwise, everything looks good to me. :-)\n2) Yes, I'd be interested in this! When the time comes, I'd like to hear more about it.\n3) I hope you have a nice time in the east coast! My summer is going to be slightly busy; I'm taking organic chemistry 1 (lecture + lab) and starting a small teaching job (just for kids 8-13 years old at a summer school program). I think it'll all be manageable, though."
                            }
                        ]
                    }
                ]
            }
        ],
        "team": "T017P3M8W7K",
        "user_team": "T017P3M8W7K",
        "source_team": "T017P3M8W7K",
        "user_profile": {
            "avatar_hash": "88a6cc2d842b",
            "image_72": "https:\/\/avatars.slack-edge.com\/2021-05-08\/2044578307474_88a6cc2d842bdc068cdb_72.png",
            "first_name": "Emi",
            "real_name": "Emi Hays",
            "display_name": "Emi Hays",
            "team": "T017P3M8W7K",
            "name": "emhays01",
            "is_restricted": false,
            "is_ultra_restricted": false
        },
        "thread_ts": "1622774757.006800",
        "reply_count": 2,
        "reply_users_count": 2,
        "latest_reply": "1623035586.000200",
        "reply_users": [
            "U01793PULLV",
            "U01QM0009D3"
        ],
        "replies": [
            {
                "user": "U01793PULLV",
                "ts": "1622776203.006900"
            },
            {
                "user": "U01QM0009D3",
                "ts": "1623035586.000200"
            }
        ],
        "is_locked": false,
        "subscribed": true,
        "last_read": "1623035586.000200"
    },
    {
        "client_msg_id": "3a550843-c66b-4899-96f0-74212efe72c6",
        "type": "message",
        "text": "I don't understand how my comments\/questions disappeared without a trace :anguished:. I've put them back into the document. Let me know if you don't see them. I'm mostly interested in you double checking that everything in that document is accurate, I'll be using those results to decide about where to go next with this so it's important we both agree on what the results are.",
        "user": "U01793PULLV",
        "ts": "1622776203.006900",
        "blocks": [
            {
                "type": "rich_text",
                "block_id": "N+QQ",
                "elements": [
                    {
                        "type": "rich_text_section",
                        "elements": [
                            {
                                "type": "text",
                                "text": "I don't understand how my comments\/questions disappeared without a trace "
                            },
                            {
                                "type": "emoji",
                                "name": "anguished",
                                "unicode": "1f627"
                            },
                            {
                                "type": "text",
                                "text": ". I've put them back into the document. Let me know if you don't see them. I'm mostly interested in you double checking that everything in that document is accurate, I'll be using those results to decide about where to go next with this so it's important we both agree on what the results are."
                            }
                        ]
                    }
                ]
            }
        ],
        "team": "T017P3M8W7K",
        "user_team": "T017P3M8W7K",
        "source_team": "T017P3M8W7K",
        "user_profile": {
            "avatar_hash": "743a9fc0b5f6",
            "image_72": "https:\/\/avatars.slack-edge.com\/2022-06-30\/3731255580839_743a9fc0b5f63f195af3_72.jpg",
            "first_name": "parensburger",
            "real_name": "parensburger",
            "display_name": "Peter",
            "team": "T017P3M8W7K",
            "name": "parensburger",
            "is_restricted": false,
            "is_ultra_restricted": false
        },
        "thread_ts": "1622774757.006800",
        "parent_user_id": "U01QM0009D3"
    }
]