[
    {
        "client_msg_id": "49d70b01-ab26-4f6c-8233-1bb4c2a11459",
        "type": "message",
        "text": "Thank you! I think it worked. Also, I just accidentally deleted a file UGH. Is there a way to recover it?",
        "user": "U01QM0009D3",
        "ts": "1622103727.000500",
        "blocks": [
            {
                "type": "rich_text",
                "block_id": "6mk9h",
                "elements": [
                    {
                        "type": "rich_text_section",
                        "elements": [
                            {
                                "type": "text",
                                "text": "Thank you! I think it worked. Also, I just accidentally deleted a file UGH. Is there a way to recover it?"
                            }
                        ]
                    }
                ]
            }
        ],
        "team": "T017P3M8W7K",
        "user_team": "T017P3M8W7K",
        "source_team": "T017P3M8W7K",
        "user_profile": {
            "avatar_hash": "88a6cc2d842b",
            "image_72": "https:\/\/avatars.slack-edge.com\/2021-05-08\/2044578307474_88a6cc2d842bdc068cdb_72.png",
            "first_name": "Emi",
            "real_name": "Emi Hays",
            "display_name": "Emi Hays",
            "team": "T017P3M8W7K",
            "name": "emhays01",
            "is_restricted": false,
            "is_ultra_restricted": false
        },
        "edited": {
            "user": "U01QM0009D3",
            "ts": "1622107352.000000"
        },
        "thread_ts": "1622103727.000500",
        "reply_count": 5,
        "reply_users_count": 2,
        "latest_reply": "1622169461.002400",
        "reply_users": [
            "U01793PULLV",
            "U01QM0009D3"
        ],
        "replies": [
            {
                "user": "U01793PULLV",
                "ts": "1622160711.000100"
            },
            {
                "user": "U01QM0009D3",
                "ts": "1622161471.001100"
            },
            {
                "user": "U01QM0009D3",
                "ts": "1622161501.001600"
            },
            {
                "user": "U01793PULLV",
                "ts": "1622162480.001800"
            },
            {
                "user": "U01QM0009D3",
                "ts": "1622169461.002400"
            }
        ],
        "is_locked": false,
        "subscribed": true,
        "last_read": "1622169461.002400"
    },
    {
        "client_msg_id": "aeec7091-fa03-4220-80a6-f0aeaf40b364",
        "type": "message",
        "text": "Glad to hear it worked. I don't see a file with the name UGH in the backup that was made at 9:08 PM last night (the backups are done weekly at that time). When was that file created?",
        "user": "U01793PULLV",
        "ts": "1622160711.000100",
        "blocks": [
            {
                "type": "rich_text",
                "block_id": "8aapj",
                "elements": [
                    {
                        "type": "rich_text_section",
                        "elements": [
                            {
                                "type": "text",
                                "text": "Glad to hear it worked. I don't see a file with the name UGH in the backup that was made at 9:08 PM last night (the backups are done weekly at that time). When was that file created?"
                            }
                        ]
                    }
                ]
            }
        ],
        "team": "T017P3M8W7K",
        "user_team": "T017P3M8W7K",
        "source_team": "T017P3M8W7K",
        "user_profile": {
            "avatar_hash": "743a9fc0b5f6",
            "image_72": "https:\/\/avatars.slack-edge.com\/2022-06-30\/3731255580839_743a9fc0b5f63f195af3_72.jpg",
            "first_name": "parensburger",
            "real_name": "parensburger",
            "display_name": "Peter",
            "team": "T017P3M8W7K",
            "name": "parensburger",
            "is_restricted": false,
            "is_ultra_restricted": false
        },
        "thread_ts": "1622103727.000500",
        "parent_user_id": "U01QM0009D3"
    },
    {
        "client_msg_id": "5601DA84-CF03-4A14-8FD4-F8314A11A49D",
        "type": "message",
        "text": "OH no, it’s called spidermatches_isolated.fa ",
        "user": "U01QM0009D3",
        "ts": "1622161471.001100",
        "blocks": [
            {
                "type": "rich_text",
                "block_id": "NfX",
                "elements": [
                    {
                        "type": "rich_text_section",
                        "elements": [
                            {
                                "type": "text",
                                "text": "OH no, it’s called spidermatches_isolated.fa "
                            }
                        ]
                    }
                ]
            }
        ],
        "team": "T017P3M8W7K",
        "user_team": "T017P3M8W7K",
        "source_team": "T017P3M8W7K",
        "user_profile": {
            "avatar_hash": "88a6cc2d842b",
            "image_72": "https:\/\/avatars.slack-edge.com\/2021-05-08\/2044578307474_88a6cc2d842bdc068cdb_72.png",
            "first_name": "Emi",
            "real_name": "Emi Hays",
            "display_name": "Emi Hays",
            "team": "T017P3M8W7K",
            "name": "emhays01",
            "is_restricted": false,
            "is_ultra_restricted": false
        },
        "thread_ts": "1622103727.000500",
        "parent_user_id": "U01QM0009D3"
    },
    {
        "client_msg_id": "83B988BA-471F-4574-A358-2228D43E9FFD",
        "type": "message",
        "text": "It’s from a month ago, I think! It’s older",
        "user": "U01QM0009D3",
        "ts": "1622161501.001600",
        "blocks": [
            {
                "type": "rich_text",
                "block_id": "EK0u",
                "elements": [
                    {
                        "type": "rich_text_section",
                        "elements": [
                            {
                                "type": "text",
                                "text": "It’s from a month ago, I think! It’s older"
                            }
                        ]
                    }
                ]
            }
        ],
        "team": "T017P3M8W7K",
        "user_team": "T017P3M8W7K",
        "source_team": "T017P3M8W7K",
        "user_profile": {
            "avatar_hash": "88a6cc2d842b",
            "image_72": "https:\/\/avatars.slack-edge.com\/2021-05-08\/2044578307474_88a6cc2d842bdc068cdb_72.png",
            "first_name": "Emi",
            "real_name": "Emi Hays",
            "display_name": "Emi Hays",
            "team": "T017P3M8W7K",
            "name": "emhays01",
            "is_restricted": false,
            "is_ultra_restricted": false
        },
        "thread_ts": "1622103727.000500",
        "parent_user_id": "U01QM0009D3"
    },
    {
        "client_msg_id": "186164f7-1750-430f-88e4-856defb6c44f",
        "type": "message",
        "text": "Now I feel like an (old) idiot for not getting it :drooling_face:. I put the backed up file from last night into the folder *\/home\/ehays\/recovered*; let me know if you have any issues with that file.",
        "user": "U01793PULLV",
        "ts": "1622162480.001800",
        "blocks": [
            {
                "type": "rich_text",
                "block_id": "SJgi",
                "elements": [
                    {
                        "type": "rich_text_section",
                        "elements": [
                            {
                                "type": "text",
                                "text": "Now I feel like an (old) idiot for not getting it "
                            },
                            {
                                "type": "emoji",
                                "name": "drooling_face",
                                "unicode": "1f924"
                            },
                            {
                                "type": "text",
                                "text": ". I put the backed up file from last night into the folder "
                            },
                            {
                                "type": "text",
                                "text": "\/home\/ehays\/recovered",
                                "style": {
                                    "bold": true
                                }
                            },
                            {
                                "type": "text",
                                "text": "; let me know if you have any issues with that file."
                            }
                        ]
                    }
                ]
            }
        ],
        "team": "T017P3M8W7K",
        "user_team": "T017P3M8W7K",
        "source_team": "T017P3M8W7K",
        "user_profile": {
            "avatar_hash": "743a9fc0b5f6",
            "image_72": "https:\/\/avatars.slack-edge.com\/2022-06-30\/3731255580839_743a9fc0b5f63f195af3_72.jpg",
            "first_name": "parensburger",
            "real_name": "parensburger",
            "display_name": "Peter",
            "team": "T017P3M8W7K",
            "name": "parensburger",
            "is_restricted": false,
            "is_ultra_restricted": false
        },
        "thread_ts": "1622103727.000500",
        "parent_user_id": "U01QM0009D3"
    },
    {
        "client_msg_id": "B310B4E7-5FD4-4880-A244-0E52CF0C202A",
        "type": "message",
        "text": "HAHAHA that’s fine :D thank you!!",
        "user": "U01QM0009D3",
        "ts": "1622169461.002400",
        "blocks": [
            {
                "type": "rich_text",
                "block_id": "QIlvE",
                "elements": [
                    {
                        "type": "rich_text_section",
                        "elements": [
                            {
                                "type": "text",
                                "text": "HAHAHA that’s fine :D thank you!!"
                            }
                        ]
                    }
                ]
            }
        ],
        "team": "T017P3M8W7K",
        "user_team": "T017P3M8W7K",
        "source_team": "T017P3M8W7K",
        "user_profile": {
            "avatar_hash": "88a6cc2d842b",
            "image_72": "https:\/\/avatars.slack-edge.com\/2021-05-08\/2044578307474_88a6cc2d842bdc068cdb_72.png",
            "first_name": "Emi",
            "real_name": "Emi Hays",
            "display_name": "Emi Hays",
            "team": "T017P3M8W7K",
            "name": "emhays01",
            "is_restricted": false,
            "is_ultra_restricted": false
        },
        "thread_ts": "1622103727.000500",
        "parent_user_id": "U01QM0009D3"
    }
]