[
    {
        "client_msg_id": "bc4b39ba-2099-4bae-a440-518813e7b844",
        "type": "message",
        "text": "lewisTEs_chr.fa (I renamed it from “lewis_TEsextracted.fa) is 147mb; spidermatches_chr.fa is 946mb. I should compare those two files?",
        "user": "U01QM0009D3",
        "ts": "1620030699.003200",
        "blocks": [
            {
                "type": "rich_text",
                "block_id": "JI7V",
                "elements": [
                    {
                        "type": "rich_text_section",
                        "elements": [
                            {
                                "type": "text",
                                "text": "lewisTEs_chr.fa (I renamed it from “lewis_TEsextracted.fa) is 147mb; spidermatches_chr.fa is 946mb. I should compare those two files?"
                            }
                        ]
                    }
                ]
            }
        ],
        "team": "T017P3M8W7K",
        "user_team": "T017P3M8W7K",
        "source_team": "T017P3M8W7K",
        "user_profile": {
            "avatar_hash": "88a6cc2d842b",
            "image_72": "https:\/\/avatars.slack-edge.com\/2021-05-08\/2044578307474_88a6cc2d842bdc068cdb_72.png",
            "first_name": "Emi",
            "real_name": "Emi Hays",
            "display_name": "Emi Hays",
            "team": "T017P3M8W7K",
            "name": "emhays01",
            "is_restricted": false,
            "is_ultra_restricted": false
        }
    },
    {
        "client_msg_id": "42aa8898-ecd7-4b08-a1ba-5ba325e9f14e",
        "type": "message",
        "text": "Yes. Basically, we want to find out where you and Lewis agree and disagree (e.g. are all your sequences contained within the large Lewis list, or did you find new sequences they did not discover).",
        "user": "U01793PULLV",
        "ts": "1620063748.001900",
        "blocks": [
            {
                "type": "rich_text",
                "block_id": "8HsM",
                "elements": [
                    {
                        "type": "rich_text_section",
                        "elements": [
                            {
                                "type": "text",
                                "text": "Yes. Basically, we want to find out where you and Lewis agree and disagree (e.g. are all your sequences contained within the large Lewis list, or did you find new sequences they did not discover)."
                            }
                        ]
                    }
                ]
            }
        ],
        "team": "T017P3M8W7K",
        "user_team": "T017P3M8W7K",
        "source_team": "T017P3M8W7K",
        "user_profile": {
            "avatar_hash": "743a9fc0b5f6",
            "image_72": "https:\/\/avatars.slack-edge.com\/2022-06-30\/3731255580839_743a9fc0b5f63f195af3_72.jpg",
            "first_name": "parensburger",
            "real_name": "parensburger",
            "display_name": "Peter",
            "team": "T017P3M8W7K",
            "name": "parensburger",
            "is_restricted": false,
            "is_ultra_restricted": false
        }
    },
    {
        "type": "message",
        "text": "The blast results file comparing the two is lewis_myspider_matches.fa, but it's not a simple list of which sequences match; there's a lot of overlap. Here's what it looks like:",
        "files": [
            {
                "id": "F020Q6B3H6Z",
                "created": 1620109452,
                "timestamp": 1620109452,
                "name": "Screen Shot 2021-05-03 at 1.28.59 AM.png",
                "title": "Screen Shot 2021-05-03 at 1.28.59 AM.png",
                "mimetype": "image\/png",
                "filetype": "png",
                "pretty_type": "PNG",
                "user": "U01QM0009D3",
                "user_team": "T017P3M8W7K",
                "editable": false,
                "size": 1109332,
                "mode": "hosted",
                "is_external": false,
                "external_type": "",
                "is_public": true,
                "public_url_shared": false,
                "display_as_bot": false,
                "username": "",
                "url_private": "https:\/\/files.slack.com\/files-pri\/T017P3M8W7K-F020Q6B3H6Z\/screen_shot_2021-05-03_at_1.28.59_am.png?t=xoxe-1261123302257-6395895314663-6407612319125-137f2171a6b5696e8e285d5b7bbfa693",
                "url_private_download": "https:\/\/files.slack.com\/files-pri\/T017P3M8W7K-F020Q6B3H6Z\/download\/screen_shot_2021-05-03_at_1.28.59_am.png?t=xoxe-1261123302257-6395895314663-6407612319125-137f2171a6b5696e8e285d5b7bbfa693",
                "media_display_type": "unknown",
                "thumb_64": "https:\/\/files.slack.com\/files-tmb\/T017P3M8W7K-F020Q6B3H6Z-cfce5c7387\/screen_shot_2021-05-03_at_1.28.59_am_64.png?t=xoxe-1261123302257-6395895314663-6407612319125-137f2171a6b5696e8e285d5b7bbfa693",
                "thumb_80": "https:\/\/files.slack.com\/files-tmb\/T017P3M8W7K-F020Q6B3H6Z-cfce5c7387\/screen_shot_2021-05-03_at_1.28.59_am_80.png?t=xoxe-1261123302257-6395895314663-6407612319125-137f2171a6b5696e8e285d5b7bbfa693",
                "thumb_360": "https:\/\/files.slack.com\/files-tmb\/T017P3M8W7K-F020Q6B3H6Z-cfce5c7387\/screen_shot_2021-05-03_at_1.28.59_am_360.png?t=xoxe-1261123302257-6395895314663-6407612319125-137f2171a6b5696e8e285d5b7bbfa693",
                "thumb_360_w": 360,
                "thumb_360_h": 216,
                "thumb_480": "https:\/\/files.slack.com\/files-tmb\/T017P3M8W7K-F020Q6B3H6Z-cfce5c7387\/screen_shot_2021-05-03_at_1.28.59_am_480.png?t=xoxe-1261123302257-6395895314663-6407612319125-137f2171a6b5696e8e285d5b7bbfa693",
                "thumb_480_w": 480,
                "thumb_480_h": 288,
                "thumb_160": "https:\/\/files.slack.com\/files-tmb\/T017P3M8W7K-F020Q6B3H6Z-cfce5c7387\/screen_shot_2021-05-03_at_1.28.59_am_160.png?t=xoxe-1261123302257-6395895314663-6407612319125-137f2171a6b5696e8e285d5b7bbfa693",
                "thumb_720": "https:\/\/files.slack.com\/files-tmb\/T017P3M8W7K-F020Q6B3H6Z-cfce5c7387\/screen_shot_2021-05-03_at_1.28.59_am_720.png?t=xoxe-1261123302257-6395895314663-6407612319125-137f2171a6b5696e8e285d5b7bbfa693",
                "thumb_720_w": 720,
                "thumb_720_h": 432,
                "thumb_800": "https:\/\/files.slack.com\/files-tmb\/T017P3M8W7K-F020Q6B3H6Z-cfce5c7387\/screen_shot_2021-05-03_at_1.28.59_am_800.png?t=xoxe-1261123302257-6395895314663-6407612319125-137f2171a6b5696e8e285d5b7bbfa693",
                "thumb_800_w": 800,
                "thumb_800_h": 480,
                "thumb_960": "https:\/\/files.slack.com\/files-tmb\/T017P3M8W7K-F020Q6B3H6Z-cfce5c7387\/screen_shot_2021-05-03_at_1.28.59_am_960.png?t=xoxe-1261123302257-6395895314663-6407612319125-137f2171a6b5696e8e285d5b7bbfa693",
                "thumb_960_w": 960,
                "thumb_960_h": 576,
                "thumb_1024": "https:\/\/files.slack.com\/files-tmb\/T017P3M8W7K-F020Q6B3H6Z-cfce5c7387\/screen_shot_2021-05-03_at_1.28.59_am_1024.png?t=xoxe-1261123302257-6395895314663-6407612319125-137f2171a6b5696e8e285d5b7bbfa693",
                "thumb_1024_w": 1024,
                "thumb_1024_h": 615,
                "image_exif_rotation": 1,
                "original_w": 1506,
                "original_h": 904,
                "thumb_tiny": "AwAcADCue1NJwwHrTj2+tMP+sWgB\/pSbRnoKXuKB1oAaFBPQUzb1x2NSj+tMHRqAHnt9aYf9YtKTTGY78+lAEvcUDrUe8+1HmH2oAf2\/Gm9N1J5h9qTccGgD\/9k=",
                "permalink": "https:\/\/arensburgerla-9bj1862.slack.com\/files\/U01QM0009D3\/F020Q6B3H6Z\/screen_shot_2021-05-03_at_1.28.59_am.png",
                "permalink_public": "https:\/\/slack-files.com\/T017P3M8W7K-F020Q6B3H6Z-91ee012fa9",
                "is_starred": false,
                "has_rich_preview": false,
                "file_access": "visible"
            }
        ],
        "upload": false,
        "user": "U01QM0009D3",
        "display_as_bot": false,
        "ts": "1620110755.003700",
        "blocks": [
            {
                "type": "rich_text",
                "block_id": "+9YE",
                "elements": [
                    {
                        "type": "rich_text_section",
                        "elements": [
                            {
                                "type": "text",
                                "text": "The blast results file comparing the two is lewis_myspider_matches.fa, but it's not a simple list of which sequences match; there's a lot of overlap. Here's what it looks like:"
                            }
                        ]
                    }
                ]
            }
        ]
    },
    {
        "client_msg_id": "df48a4d3-a620-4c18-9041-2d86b9689b9a",
        "type": "message",
        "text": "(Column 1 labels the sequences from lewisTEs_chr.fa; column 2 is from spidermatches_chr.fa)",
        "user": "U01QM0009D3",
        "ts": "1620110915.005700",
        "blocks": [
            {
                "type": "rich_text",
                "block_id": "5j0tY",
                "elements": [
                    {
                        "type": "rich_text_section",
                        "elements": [
                            {
                                "type": "text",
                                "text": "(Column 1 labels the sequences from lewisTEs_chr.fa; column 2 is from spidermatches_chr.fa)"
                            }
                        ]
                    }
                ]
            }
        ],
        "team": "T017P3M8W7K",
        "user_team": "T017P3M8W7K",
        "source_team": "T017P3M8W7K",
        "user_profile": {
            "avatar_hash": "88a6cc2d842b",
            "image_72": "https:\/\/avatars.slack-edge.com\/2021-05-08\/2044578307474_88a6cc2d842bdc068cdb_72.png",
            "first_name": "Emi",
            "real_name": "Emi Hays",
            "display_name": "Emi Hays",
            "team": "T017P3M8W7K",
            "name": "emhays01",
            "is_restricted": false,
            "is_ultra_restricted": false
        }
    }
]