[
    {
        "client_msg_id": "fb6fbf31-9361-4ac4-bf45-f7a7eb6c3e24",
        "type": "message",
        "text": "ok, thanks for the update",
        "user": "U01793PULLV",
        "ts": "1621785624.000400",
        "blocks": [
            {
                "type": "rich_text",
                "block_id": "XpKF",
                "elements": [
                    {
                        "type": "rich_text_section",
                        "elements": [
                            {
                                "type": "text",
                                "text": "ok, thanks for the update"
                            }
                        ]
                    }
                ]
            }
        ],
        "team": "T017P3M8W7K",
        "user_team": "T017P3M8W7K",
        "source_team": "T017P3M8W7K",
        "user_profile": {
            "avatar_hash": "743a9fc0b5f6",
            "image_72": "https:\/\/avatars.slack-edge.com\/2022-06-30\/3731255580839_743a9fc0b5f63f195af3_72.jpg",
            "first_name": "parensburger",
            "real_name": "parensburger",
            "display_name": "Peter",
            "team": "T017P3M8W7K",
            "name": "parensburger",
            "is_restricted": false,
            "is_ultra_restricted": false
        },
        "thread_ts": "1621731435.001200",
        "parent_user_id": "U01QM0009D3"
    }
]