[
    {
        "client_msg_id": "603125fd-3283-46cc-9b37-a3b04b38cdbf",
        "type": "message",
        "text": "Sure it's possible. Using your example, the way to avoid this issue would be compare the junctions. Specifically compare the union of 1&amp;2 (i.e. cows, cats, bunnies) with the union of 1&amp;3 (i.e. cats, bunnies) to conclude that cats and bunnies belong in the middle. Same thing for union of 1&amp;2 with 2&amp;3.",
        "user": "U01793PULLV",
        "ts": "1638205045.023600",
        "blocks": [
            {
                "type": "rich_text",
                "block_id": "QiH",
                "elements": [
                    {
                        "type": "rich_text_section",
                        "elements": [
                            {
                                "type": "text",
                                "text": "Sure it's possible. Using your example, the way to avoid this issue would be compare the junctions. Specifically compare the union of 1&2 (i.e. cows, cats, bunnies) with the union of 1&3 (i.e. cats, bunnies) to conclude that cats and bunnies belong in the middle. Same thing for union of 1&2 with 2&3."
                            }
                        ]
                    }
                ]
            }
        ],
        "team": "T017P3M8W7K",
        "user_team": "T017P3M8W7K",
        "source_team": "T017P3M8W7K",
        "user_profile": {
            "avatar_hash": "743a9fc0b5f6",
            "image_72": "https:\/\/avatars.slack-edge.com\/2022-06-30\/3731255580839_743a9fc0b5f63f195af3_72.jpg",
            "first_name": "parensburger",
            "real_name": "parensburger",
            "display_name": "Peter",
            "team": "T017P3M8W7K",
            "name": "parensburger",
            "is_restricted": false,
            "is_ultra_restricted": false
        },
        "thread_ts": "1638147070.021500",
        "parent_user_id": "U01QM0009D3"
    }
]