[
    {
        "client_msg_id": "e142031b-7a94-4b7d-a58a-9ef0ae579481",
        "type": "message",
        "text": "Ohhh the list included the sequence positions, so the lines were all different",
        "user": "U01QM0009D3",
        "ts": "1620695080.001600",
        "blocks": [
            {
                "type": "rich_text",
                "block_id": "5o0",
                "elements": [
                    {
                        "type": "rich_text_section",
                        "elements": [
                            {
                                "type": "text",
                                "text": "Ohhh the list included the sequence positions, so the lines were all different"
                            }
                        ]
                    }
                ]
            }
        ],
        "team": "T017P3M8W7K",
        "user_team": "T017P3M8W7K",
        "source_team": "T017P3M8W7K",
        "user_profile": {
            "avatar_hash": "88a6cc2d842b",
            "image_72": "https:\/\/avatars.slack-edge.com\/2021-05-08\/2044578307474_88a6cc2d842bdc068cdb_72.png",
            "first_name": "Emi",
            "real_name": "Emi Hays",
            "display_name": "Emi Hays",
            "team": "T017P3M8W7K",
            "name": "emhays01",
            "is_restricted": false,
            "is_ultra_restricted": false
        }
    },
    {
        "type": "message",
        "text": "Also, should I remove the sequences that look like the top few in this picture? In the spidergenome.out file, they're classified as \"simple repeats\"",
        "files": [
            {
                "id": "F021NQV34JY",
                "created": 1620695091,
                "timestamp": 1620695091,
                "name": "Screen Shot 2021-05-10 at 6.03.55 PM.png",
                "title": "Screen Shot 2021-05-10 at 6.03.55 PM.png",
                "mimetype": "image\/png",
                "filetype": "png",
                "pretty_type": "PNG",
                "user": "U01QM0009D3",
                "user_team": "T017P3M8W7K",
                "editable": false,
                "size": 77787,
                "mode": "hosted",
                "is_external": false,
                "external_type": "",
                "is_public": true,
                "public_url_shared": false,
                "display_as_bot": false,
                "username": "",
                "url_private": "https:\/\/files.slack.com\/files-pri\/T017P3M8W7K-F021NQV34JY\/screen_shot_2021-05-10_at_6.03.55_pm.png?t=xoxe-1261123302257-6395895314663-6407612319125-137f2171a6b5696e8e285d5b7bbfa693",
                "url_private_download": "https:\/\/files.slack.com\/files-pri\/T017P3M8W7K-F021NQV34JY\/download\/screen_shot_2021-05-10_at_6.03.55_pm.png?t=xoxe-1261123302257-6395895314663-6407612319125-137f2171a6b5696e8e285d5b7bbfa693",
                "media_display_type": "unknown",
                "thumb_64": "https:\/\/files.slack.com\/files-tmb\/T017P3M8W7K-F021NQV34JY-343a3f5473\/screen_shot_2021-05-10_at_6.03.55_pm_64.png?t=xoxe-1261123302257-6395895314663-6407612319125-137f2171a6b5696e8e285d5b7bbfa693",
                "thumb_80": "https:\/\/files.slack.com\/files-tmb\/T017P3M8W7K-F021NQV34JY-343a3f5473\/screen_shot_2021-05-10_at_6.03.55_pm_80.png?t=xoxe-1261123302257-6395895314663-6407612319125-137f2171a6b5696e8e285d5b7bbfa693",
                "thumb_360": "https:\/\/files.slack.com\/files-tmb\/T017P3M8W7K-F021NQV34JY-343a3f5473\/screen_shot_2021-05-10_at_6.03.55_pm_360.png?t=xoxe-1261123302257-6395895314663-6407612319125-137f2171a6b5696e8e285d5b7bbfa693",
                "thumb_360_w": 360,
                "thumb_360_h": 307,
                "thumb_480": "https:\/\/files.slack.com\/files-tmb\/T017P3M8W7K-F021NQV34JY-343a3f5473\/screen_shot_2021-05-10_at_6.03.55_pm_480.png?t=xoxe-1261123302257-6395895314663-6407612319125-137f2171a6b5696e8e285d5b7bbfa693",
                "thumb_480_w": 480,
                "thumb_480_h": 410,
                "thumb_160": "https:\/\/files.slack.com\/files-tmb\/T017P3M8W7K-F021NQV34JY-343a3f5473\/screen_shot_2021-05-10_at_6.03.55_pm_160.png?t=xoxe-1261123302257-6395895314663-6407612319125-137f2171a6b5696e8e285d5b7bbfa693",
                "image_exif_rotation": 1,
                "original_w": 594,
                "original_h": 507,
                "thumb_tiny": "AwAoADCsM4\/z\/hTJM55p46dv0qN\/vUANooooAKKKKAJ8EEdf1prKWPfj2NKcZHT9P8KBjJ6fpQAzyzjg\/pS+Ucd8\/SnAAjt\/n8KXAYY9\/Yf0oAiZQpxnJ+lNqQIuP\/r01gA2BQBL3H0\/z3oHU\/5\/rSDqPpS\/xtQAi5wf8\/1oJwhOSP8AP1oWkb\/VUANyP77flTScnqT7mkooA\/\/Z",
                "permalink": "https:\/\/arensburgerla-9bj1862.slack.com\/files\/U01QM0009D3\/F021NQV34JY\/screen_shot_2021-05-10_at_6.03.55_pm.png",
                "permalink_public": "https:\/\/slack-files.com\/T017P3M8W7K-F021NQV34JY-01c62e41be",
                "is_starred": false,
                "has_rich_preview": false,
                "file_access": "visible"
            }
        ],
        "upload": false,
        "user": "U01QM0009D3",
        "display_as_bot": false,
        "ts": "1620695308.002800",
        "blocks": [
            {
                "type": "rich_text",
                "block_id": "PUav3",
                "elements": [
                    {
                        "type": "rich_text_section",
                        "elements": [
                            {
                                "type": "text",
                                "text": "Also, should I remove the sequences that look like the top few in this picture? In the spidergenome.out file, they're classified as \"simple repeats\""
                            }
                        ]
                    }
                ]
            }
        ],
        "thread_ts": "1620695308.002800",
        "reply_count": 1,
        "reply_users_count": 1,
        "latest_reply": "1620697083.006400",
        "reply_users": [
            "U01793PULLV"
        ],
        "replies": [
            {
                "user": "U01793PULLV",
                "ts": "1620697083.006400"
            }
        ],
        "is_locked": false,
        "subscribed": true,
        "last_read": "1620697083.006400"
    },
    {
        "client_msg_id": "f9b6f872-b281-4827-a6ab-7bf5a70baab3",
        "type": "message",
        "text": "Yes, you should. We'll deal with simple repeats with another program at some point later.",
        "user": "U01793PULLV",
        "ts": "1620697083.006400",
        "blocks": [
            {
                "type": "rich_text",
                "block_id": "to9JJ",
                "elements": [
                    {
                        "type": "rich_text_section",
                        "elements": [
                            {
                                "type": "text",
                                "text": "Yes, you should. We'll deal with simple repeats with another program at some point later."
                            }
                        ]
                    }
                ]
            }
        ],
        "team": "T017P3M8W7K",
        "user_team": "T017P3M8W7K",
        "source_team": "T017P3M8W7K",
        "user_profile": {
            "avatar_hash": "743a9fc0b5f6",
            "image_72": "https:\/\/avatars.slack-edge.com\/2022-06-30\/3731255580839_743a9fc0b5f63f195af3_72.jpg",
            "first_name": "parensburger",
            "real_name": "parensburger",
            "display_name": "Peter",
            "team": "T017P3M8W7K",
            "name": "parensburger",
            "is_restricted": false,
            "is_ultra_restricted": false
        },
        "thread_ts": "1620695308.002800",
        "parent_user_id": "U01QM0009D3"
    }
]