[
    {
        "client_msg_id": "c0580985-c68e-4930-be9b-47d1cbbed93d",
        "type": "message",
        "text": "yes, please",
        "user": "U01793PULLV",
        "ts": "1623165736.000100",
        "blocks": [
            {
                "type": "rich_text",
                "block_id": "TxFr9",
                "elements": [
                    {
                        "type": "rich_text_section",
                        "elements": [
                            {
                                "type": "text",
                                "text": "yes, please"
                            }
                        ]
                    }
                ]
            }
        ],
        "team": "T017P3M8W7K",
        "user_team": "T017P3M8W7K",
        "source_team": "T017P3M8W7K",
        "user_profile": {
            "avatar_hash": "743a9fc0b5f6",
            "image_72": "https:\/\/avatars.slack-edge.com\/2022-06-30\/3731255580839_743a9fc0b5f63f195af3_72.jpg",
            "first_name": "parensburger",
            "real_name": "parensburger",
            "display_name": "Peter",
            "team": "T017P3M8W7K",
            "name": "parensburger",
            "is_restricted": false,
            "is_ultra_restricted": false
        },
        "thread_ts": "1623095547.000600",
        "parent_user_id": "U01QM0009D3"
    },
    {
        "client_msg_id": "29f7cd35-f535-4ad5-a60d-5b2c852bfc0f",
        "type": "message",
        "text": "yes, it would be good to see if that makes a difference to the results, but mostly I'd like you to do it so the methodology is consistent throughout",
        "user": "U01793PULLV",
        "ts": "1623165828.000300",
        "blocks": [
            {
                "type": "rich_text",
                "block_id": "HY9",
                "elements": [
                    {
                        "type": "rich_text_section",
                        "elements": [
                            {
                                "type": "text",
                                "text": "yes, it would be good to see if that makes a difference to the results, but mostly I'd like you to do it so the methodology is consistent throughout"
                            }
                        ]
                    }
                ]
            }
        ],
        "team": "T017P3M8W7K",
        "user_team": "T017P3M8W7K",
        "source_team": "T017P3M8W7K",
        "user_profile": {
            "avatar_hash": "743a9fc0b5f6",
            "image_72": "https:\/\/avatars.slack-edge.com\/2022-06-30\/3731255580839_743a9fc0b5f63f195af3_72.jpg",
            "first_name": "parensburger",
            "real_name": "parensburger",
            "display_name": "Peter",
            "team": "T017P3M8W7K",
            "name": "parensburger",
            "is_restricted": false,
            "is_ultra_restricted": false
        },
        "thread_ts": "1623095778.003400",
        "parent_user_id": "U01QM0009D3"
    },
    {
        "client_msg_id": "CC5A63FC-DE7E-4D45-B205-3CEF34B70DC6",
        "type": "message",
        "text": "Sounds good! ",
        "user": "U01QM0009D3",
        "ts": "1623214062.000200",
        "blocks": [
            {
                "type": "rich_text",
                "block_id": "Ea1",
                "elements": [
                    {
                        "type": "rich_text_section",
                        "elements": [
                            {
                                "type": "text",
                                "text": "Sounds good! "
                            }
                        ]
                    }
                ]
            }
        ],
        "team": "T017P3M8W7K",
        "user_team": "T017P3M8W7K",
        "source_team": "T017P3M8W7K",
        "user_profile": {
            "avatar_hash": "88a6cc2d842b",
            "image_72": "https:\/\/avatars.slack-edge.com\/2021-05-08\/2044578307474_88a6cc2d842bdc068cdb_72.png",
            "first_name": "Emi",
            "real_name": "Emi Hays",
            "display_name": "Emi Hays",
            "team": "T017P3M8W7K",
            "name": "emhays01",
            "is_restricted": false,
            "is_ultra_restricted": false
        },
        "thread_ts": "1623095778.003400",
        "parent_user_id": "U01QM0009D3"
    }
]