[
    {
        "client_msg_id": "4ceccd11-fba3-4653-98d5-29e4569e5b45",
        "type": "message",
        "text": "I used nohup to run RepeatMasker on the lewisTEs_chr.fa file (right before I sent that message ^), let it run for some time, checked in on the progress right now, and realized that I had a typo in the command so it didn't do anything :woman-facepalming::skin-tone-2: anyway, thanks for clarifying that; I get it now! I'll check back in once RepeatMasker finishes running",
        "user": "U01QM0009D3",
        "ts": "1624261979.003000",
        "blocks": [
            {
                "type": "rich_text",
                "block_id": "JxQq",
                "elements": [
                    {
                        "type": "rich_text_section",
                        "elements": [
                            {
                                "type": "text",
                                "text": "I used nohup to run RepeatMasker on the lewisTEs_chr.fa file (right before I sent that message ^), let it run for some time, checked in on the progress right now, and realized that I had a typo in the command so it didn't do anything "
                            },
                            {
                                "type": "emoji",
                                "name": "woman-facepalming",
                                "unicode": "1f926-1f3fb-200d-2640-fe0f",
                                "skin_tone": 2
                            },
                            {
                                "type": "text",
                                "text": " anyway, thanks for clarifying that; I get it now! I'll check back in once RepeatMasker finishes running"
                            }
                        ]
                    }
                ]
            }
        ],
        "team": "T017P3M8W7K",
        "user_team": "T017P3M8W7K",
        "source_team": "T017P3M8W7K",
        "user_profile": {
            "avatar_hash": "88a6cc2d842b",
            "image_72": "https:\/\/avatars.slack-edge.com\/2021-05-08\/2044578307474_88a6cc2d842bdc068cdb_72.png",
            "first_name": "Emi",
            "real_name": "Emi Hays",
            "display_name": "Emi Hays",
            "team": "T017P3M8W7K",
            "name": "emhays01",
            "is_restricted": false,
            "is_ultra_restricted": false
        }
    }
]