[
    {
        "client_msg_id": "d56929e5-80cb-4d7d-a713-09609e006ccd",
        "type": "message",
        "text": "that’s fine, get your finals out the way, this can wait",
        "user": "U01793PULLV",
        "ts": "1621441916.000500",
        "blocks": [
            {
                "type": "rich_text",
                "block_id": "y0hX+",
                "elements": [
                    {
                        "type": "rich_text_section",
                        "elements": [
                            {
                                "type": "text",
                                "text": "that’s fine, get your finals out the way, this can wait"
                            }
                        ]
                    }
                ]
            }
        ],
        "team": "T017P3M8W7K",
        "user_team": "T017P3M8W7K",
        "source_team": "T017P3M8W7K",
        "user_profile": {
            "avatar_hash": "743a9fc0b5f6",
            "image_72": "https:\/\/avatars.slack-edge.com\/2022-06-30\/3731255580839_743a9fc0b5f63f195af3_72.jpg",
            "first_name": "parensburger",
            "real_name": "parensburger",
            "display_name": "Peter",
            "team": "T017P3M8W7K",
            "name": "parensburger",
            "is_restricted": false,
            "is_ultra_restricted": false
        }
    }
]