[
    {
        "client_msg_id": "5c1bdd67-063b-4e8d-ad31-f37140648521",
        "type": "message",
        "text": "Before we work on the \"minimum overlap\" issue, I think you need to look closely at your .bed files. You're right that those numbers do not make sense. The _P. tepidariorum_ genome as a whole has about 1.4 * 10^9 bp, and your RM results indicated that TEs cover about 35% of that, so you'd expect that the bed files should over about 490,000,000 bp or so. You may want to check if your .bed files have overlaps, where the same genomic position is included on more than one line. You need to make sure that's not the case, otherwise the Venn diagram numbers can't make sense.",
        "user": "U01793PULLV",
        "ts": "1635957848.030400",
        "blocks": [
            {
                "type": "rich_text",
                "block_id": "e3HSN",
                "elements": [
                    {
                        "type": "rich_text_section",
                        "elements": [
                            {
                                "type": "text",
                                "text": "Before we work on the \"minimum overlap\" issue, I think you need to look closely at your .bed files. You're right that those numbers do not make sense. The "
                            },
                            {
                                "type": "text",
                                "text": "P. tepidariorum",
                                "style": {
                                    "italic": true
                                }
                            },
                            {
                                "type": "text",
                                "text": " genome as a whole has about 1.4 * 10^9 bp, and your RM results indicated that TEs cover about 35% of that, so you'd expect that the bed files should over about 490,000,000 bp or so. You may want to check if your .bed files have overlaps, where the same genomic position is included on more than one line. You need to make sure that's not the case, otherwise the Venn diagram numbers can't make sense."
                            }
                        ]
                    }
                ]
            }
        ],
        "team": "T017P3M8W7K",
        "user_team": "T017P3M8W7K",
        "source_team": "T017P3M8W7K",
        "user_profile": {
            "avatar_hash": "743a9fc0b5f6",
            "image_72": "https:\/\/avatars.slack-edge.com\/2022-06-30\/3731255580839_743a9fc0b5f63f195af3_72.jpg",
            "first_name": "parensburger",
            "real_name": "parensburger",
            "display_name": "Peter",
            "team": "T017P3M8W7K",
            "name": "parensburger",
            "is_restricted": false,
            "is_ultra_restricted": false
        }
    }
]