[
    {
        "client_msg_id": "f4e133f2-e9f2-4d28-aa93-c188236188ea",
        "type": "message",
        "text": "That looks to be correct. If you compare the list of TE sequences from Lewis to the TE sequences you found, what's the difference in file size? It would also be good to find out which sequences are unique to each list, or in common between the lists. Perhaps you could use BLAST to compare the two files to each other.",
        "user": "U01793PULLV",
        "ts": "1619823338.003100",
        "blocks": [
            {
                "type": "rich_text",
                "block_id": "CRM",
                "elements": [
                    {
                        "type": "rich_text_section",
                        "elements": [
                            {
                                "type": "text",
                                "text": "That looks to be correct. If you compare the list of TE sequences from Lewis to the TE sequences you found, what's the difference in file size? It would also be good to find out which sequences are unique to each list, or in common between the lists. Perhaps you could use BLAST to compare the two files to each other."
                            }
                        ]
                    }
                ]
            }
        ],
        "team": "T017P3M8W7K",
        "user_team": "T017P3M8W7K",
        "source_team": "T017P3M8W7K",
        "user_profile": {
            "avatar_hash": "743a9fc0b5f6",
            "image_72": "https:\/\/avatars.slack-edge.com\/2022-06-30\/3731255580839_743a9fc0b5f63f195af3_72.jpg",
            "first_name": "parensburger",
            "real_name": "parensburger",
            "display_name": "Peter",
            "team": "T017P3M8W7K",
            "name": "parensburger",
            "is_restricted": false,
            "is_ultra_restricted": false
        }
    }
]