[
    {
        "client_msg_id": "C3E6B17A-4E0A-4CFB-A075-AD6B1A67F27D",
        "type": "message",
        "text": "Should I use version 1 of the spider genome, since that’s the one Lewis used? Or still version 2 ",
        "user": "U01QM0009D3",
        "ts": "1624000904.001000",
        "blocks": [
            {
                "type": "rich_text",
                "block_id": "01m9O",
                "elements": [
                    {
                        "type": "rich_text_section",
                        "elements": [
                            {
                                "type": "text",
                                "text": "Should I use version 1 of the spider genome, since that’s the one Lewis used? Or still version 2 "
                            }
                        ]
                    }
                ]
            }
        ],
        "team": "T017P3M8W7K",
        "user_team": "T017P3M8W7K",
        "source_team": "T017P3M8W7K",
        "user_profile": {
            "avatar_hash": "88a6cc2d842b",
            "image_72": "https:\/\/avatars.slack-edge.com\/2021-05-08\/2044578307474_88a6cc2d842bdc068cdb_72.png",
            "first_name": "Emi",
            "real_name": "Emi Hays",
            "display_name": "Emi Hays",
            "team": "T017P3M8W7K",
            "name": "emhays01",
            "is_restricted": false,
            "is_ultra_restricted": false
        },
        "thread_ts": "1623903064.000800",
        "parent_user_id": "U01QM0009D3"
    },
    {
        "client_msg_id": "e25b7efe-725c-437e-9958-f852bca8c701",
        "type": "message",
        "text": "still version 2, we want to be able to compare the Hay's RepeatMasker results to the Lewis RepeatMasker results.",
        "user": "U01793PULLV",
        "ts": "1624041852.000100",
        "blocks": [
            {
                "type": "rich_text",
                "block_id": "6g15",
                "elements": [
                    {
                        "type": "rich_text_section",
                        "elements": [
                            {
                                "type": "text",
                                "text": "still version 2, we want to be able to compare the Hay's RepeatMasker results to the Lewis RepeatMasker results."
                            }
                        ]
                    }
                ]
            }
        ],
        "team": "T017P3M8W7K",
        "user_team": "T017P3M8W7K",
        "source_team": "T017P3M8W7K",
        "user_profile": {
            "avatar_hash": "743a9fc0b5f6",
            "image_72": "https:\/\/avatars.slack-edge.com\/2022-06-30\/3731255580839_743a9fc0b5f63f195af3_72.jpg",
            "first_name": "parensburger",
            "real_name": "parensburger",
            "display_name": "Peter",
            "team": "T017P3M8W7K",
            "name": "parensburger",
            "is_restricted": false,
            "is_ultra_restricted": false
        },
        "thread_ts": "1623903064.000800",
        "parent_user_id": "U01QM0009D3",
        "reactions": [
            {
                "name": "white_check_mark",
                "users": [
                    "U01QM0009D3"
                ],
                "count": 1
            }
        ]
    }
]