[
    {
        "client_msg_id": "e41fac8e-2362-4696-a1e8-eec93c476edf",
        "type": "message",
        "text": "Btw RepeatMasker finished running with lewisTEs_chr.fa; 35.25% bases were masked",
        "user": "U01QM0009D3",
        "ts": "1627418833.000700",
        "blocks": [
            {
                "type": "rich_text",
                "block_id": "\/YMa",
                "elements": [
                    {
                        "type": "rich_text_section",
                        "elements": [
                            {
                                "type": "text",
                                "text": "Btw RepeatMasker finished running with lewisTEs_chr.fa; 35.25% bases were masked"
                            }
                        ]
                    }
                ]
            }
        ],
        "team": "T017P3M8W7K",
        "user_team": "T017P3M8W7K",
        "source_team": "T017P3M8W7K",
        "user_profile": {
            "avatar_hash": "88a6cc2d842b",
            "image_72": "https:\/\/avatars.slack-edge.com\/2021-05-08\/2044578307474_88a6cc2d842bdc068cdb_72.png",
            "first_name": "Emi",
            "real_name": "Emi Hays",
            "display_name": "Emi Hays",
            "team": "T017P3M8W7K",
            "name": "emhays01",
            "is_restricted": false,
            "is_ultra_restricted": false
        }
    },
    {
        "client_msg_id": "86625ed3-c0b9-4fab-ba1c-2baefb294787",
        "type": "message",
        "text": "Is there anything else I should do at the moment? I've been a bit preoccupied with organic chemistry heh",
        "user": "U01QM0009D3",
        "ts": "1627418860.001400",
        "blocks": [
            {
                "type": "rich_text",
                "block_id": "kfOn",
                "elements": [
                    {
                        "type": "rich_text_section",
                        "elements": [
                            {
                                "type": "text",
                                "text": "Is there anything else I should do at the moment? I've been a bit preoccupied with organic chemistry heh"
                            }
                        ]
                    }
                ]
            }
        ],
        "team": "T017P3M8W7K",
        "user_team": "T017P3M8W7K",
        "source_team": "T017P3M8W7K",
        "user_profile": {
            "avatar_hash": "88a6cc2d842b",
            "image_72": "https:\/\/avatars.slack-edge.com\/2021-05-08\/2044578307474_88a6cc2d842bdc068cdb_72.png",
            "first_name": "Emi",
            "real_name": "Emi Hays",
            "display_name": "Emi Hays",
            "team": "T017P3M8W7K",
            "name": "emhays01",
            "is_restricted": false,
            "is_ultra_restricted": false
        },
        "thread_ts": "1627418860.001400",
        "reply_count": 2,
        "reply_users_count": 2,
        "latest_reply": "1627534628.002100",
        "reply_users": [
            "U01793PULLV",
            "U01QM0009D3"
        ],
        "replies": [
            {
                "user": "U01793PULLV",
                "ts": "1627431664.001500"
            },
            {
                "user": "U01QM0009D3",
                "ts": "1627534628.002100"
            }
        ],
        "is_locked": false,
        "subscribed": true,
        "last_read": "1627534628.002100"
    },
    {
        "client_msg_id": "5862818c-6505-410a-803b-d2d8a1b64b33",
        "type": "message",
        "text": "Thanks for the information. I figured that organic chem was taking up a lot of your time. Why don't we pause on the project until fall and let you finish up your classes?",
        "user": "U01793PULLV",
        "ts": "1627431664.001500",
        "blocks": [
            {
                "type": "rich_text",
                "block_id": "nt=",
                "elements": [
                    {
                        "type": "rich_text_section",
                        "elements": [
                            {
                                "type": "text",
                                "text": "Thanks for the information. I figured that organic chem was taking up a lot of your time. Why don't we pause on the project until fall and let you finish up your classes?"
                            }
                        ]
                    }
                ]
            }
        ],
        "team": "T017P3M8W7K",
        "user_team": "T017P3M8W7K",
        "source_team": "T017P3M8W7K",
        "user_profile": {
            "avatar_hash": "743a9fc0b5f6",
            "image_72": "https:\/\/avatars.slack-edge.com\/2022-06-30\/3731255580839_743a9fc0b5f63f195af3_72.jpg",
            "first_name": "parensburger",
            "real_name": "parensburger",
            "display_name": "Peter",
            "team": "T017P3M8W7K",
            "name": "parensburger",
            "is_restricted": false,
            "is_ultra_restricted": false
        },
        "thread_ts": "1627418860.001400",
        "parent_user_id": "U01QM0009D3"
    }
]