[
    {
        "client_msg_id": "bb9b3297-b892-4a4a-936d-16c6bdf43875",
        "type": "message",
        "text": "It finished! The files are spidergenome.masked",
        "user": "U01QM0009D3",
        "ts": "1619029943.000700",
        "blocks": [
            {
                "type": "rich_text",
                "block_id": "y+RQt",
                "elements": [
                    {
                        "type": "rich_text_section",
                        "elements": [
                            {
                                "type": "text",
                                "text": "It finished! The files are spidergenome.masked"
                            }
                        ]
                    }
                ]
            }
        ],
        "team": "T017P3M8W7K",
        "user_team": "T017P3M8W7K",
        "source_team": "T017P3M8W7K",
        "user_profile": {
            "avatar_hash": "88a6cc2d842b",
            "image_72": "https:\/\/avatars.slack-edge.com\/2021-05-08\/2044578307474_88a6cc2d842bdc068cdb_72.png",
            "first_name": "Emi",
            "real_name": "Emi Hays",
            "display_name": "Emi Hays",
            "team": "T017P3M8W7K",
            "name": "emhays01",
            "is_restricted": false,
            "is_ultra_restricted": false
        }
    }
]