[
    {
        "client_msg_id": "2dcf9b5e-60ef-402a-b719-a8379ec50fa9",
        "type": "message",
        "text": "I had a closer look at the Venn diagram, and there's something I'm not getting about the data (could totally just be me, don't hesitate to correct me). The genome size of the V2 spider genome is around 1.4x10^9 base pairs. However, when I add up the numbers in the Hays, Lewis, or OG circle individually I get totals around 3x10^9. So I'm not clear what the numbers in the diagram actually represent, I thought they were the number of positions in the V2 spider genome covered by TE sequences. Can you help me understand? Thanks.",
        "user": "U01793PULLV",
        "ts": "1635180012.006300",
        "blocks": [
            {
                "type": "rich_text",
                "block_id": "0oF",
                "elements": [
                    {
                        "type": "rich_text_section",
                        "elements": [
                            {
                                "type": "text",
                                "text": "I had a closer look at the Venn diagram, and there's something I'm not getting about the data (could totally just be me, don't hesitate to correct me). The genome size of the V2 spider genome is around 1.4x10^9 base pairs. However, when I add up the numbers in the Hays, Lewis, or OG circle individually I get totals around 3x10^9. So I'm not clear what the numbers in the diagram actually represent, I thought they were the number of positions in the V2 spider genome covered by TE sequences. Can you help me understand? Thanks."
                            }
                        ]
                    }
                ]
            }
        ],
        "team": "T017P3M8W7K",
        "user_team": "T017P3M8W7K",
        "source_team": "T017P3M8W7K",
        "user_profile": {
            "avatar_hash": "743a9fc0b5f6",
            "image_72": "https:\/\/avatars.slack-edge.com\/2022-06-30\/3731255580839_743a9fc0b5f63f195af3_72.jpg",
            "first_name": "parensburger",
            "real_name": "parensburger",
            "display_name": "Peter",
            "team": "T017P3M8W7K",
            "name": "parensburger",
            "is_restricted": false,
            "is_ultra_restricted": false
        }
    },
    {
        "client_msg_id": "4C35536A-9175-45D2-8840-25A0020CDB94",
        "type": "message",
        "text": "I thought that was weird too. I used the start &amp; end site data directly from the bed files, but I think I know why it doesn’t add up. I’ll send you a screenshot &amp; my thoughts when I get home from work tonight. ",
        "user": "U01QM0009D3",
        "ts": "1635201592.008300",
        "blocks": [
            {
                "type": "rich_text",
                "block_id": "LYj",
                "elements": [
                    {
                        "type": "rich_text_section",
                        "elements": [
                            {
                                "type": "text",
                                "text": "I thought that was weird too. I used the start & end site data directly from the bed files, but I think I know why it doesn’t add up. I’ll send you a screenshot & my thoughts when I get home from work tonight. "
                            }
                        ]
                    }
                ]
            }
        ],
        "team": "T017P3M8W7K",
        "user_team": "T017P3M8W7K",
        "source_team": "T017P3M8W7K",
        "user_profile": {
            "avatar_hash": "88a6cc2d842b",
            "image_72": "https:\/\/avatars.slack-edge.com\/2021-05-08\/2044578307474_88a6cc2d842bdc068cdb_72.png",
            "first_name": "Emi",
            "real_name": "Emi Hays",
            "display_name": "Emi Hays",
            "team": "T017P3M8W7K",
            "name": "emhays01",
            "is_restricted": false,
            "is_ultra_restricted": false
        }
    }
]