[
    {
        "client_msg_id": "d8820ca0-5052-401b-a1bb-988607a14db5",
        "type": "message",
        "text": "I've installed the RepeatMasker program on traviata, you should be able to run it from the command line by typing \"RepeatMasker\". When you run the program without any parameters you'll get a list of possible arguments. You should try that out first to make sure the program works. If it does not tell me, but FYI the program is installed in the folder \/usr\/local\/bin\/RepeatMasker.\nThis program takes two files as input: 1) a genome file, 2) a list of TEs. It then tries to see if entire TEs or partial segments of the TE will match to the genome and will report where and what percentage of the genome is made up of TE fragments. You're going to run this on the spider genome <https:\/\/www.ncbi.nlm.nih.gov\/assembly\/GCF_000365465.2\/|here>. However, the genome is huge and it will take a long time to run, so I'd like you to practice first on a small segment of the spider genome so you know what you're doing before you launch a multi-day computer run. I've put a file called \"temp.fa\" into your directory on traviata, it's the first 10,000 lines of the spider genome, use that as your genome file for now. Your TE list is the one you made (spidermatches_isolated). Look over the program inputs and outputs as described in the links to RepeatMasker I sent you earlier, you're going to use the -lib argument with your spidermatches_isolated file. Run RepeatMasker and tell me what percentage of temp.fa is masked by your TEs. By the way, when you run the program you'll see an error message about a database it cannot find, ignore that error message. Let me know if you have questions.",
        "user": "U01793PULLV",
        "ts": "1618522307.011400",
        "blocks": [
            {
                "type": "rich_text",
                "block_id": "iWCsP",
                "elements": [
                    {
                        "type": "rich_text_section",
                        "elements": [
                            {
                                "type": "text",
                                "text": "I've installed the RepeatMasker program on traviata, you should be able to run it from the command line by typing \"RepeatMasker\". When you run the program without any parameters you'll get a list of possible arguments. You should try that out first to make sure the program works. If it does not tell me, but FYI the program is installed in the folder \/usr\/local\/bin\/RepeatMasker.\nThis program takes two files as input: 1) a genome file, 2) a list of TEs. It then tries to see if entire TEs or partial segments of the TE will match to the genome and will report where and what percentage of the genome is made up of TE fragments. You're going to run this on the spider genome "
                            },
                            {
                                "type": "link",
                                "url": "https:\/\/www.ncbi.nlm.nih.gov\/assembly\/GCF_000365465.2\/",
                                "text": "here"
                            },
                            {
                                "type": "text",
                                "text": ". However, the genome is huge and it will take a long time to run, so I'd like you to practice first on a small segment of the spider genome so you know what you're doing before you launch a multi-day computer run. I've put a file called \"temp.fa\" into your directory on traviata, it's the first 10,000 lines of the spider genome, use that as your genome file for now. Your TE list is the one you made (spidermatches_isolated). Look over the program inputs and outputs as described in the links to RepeatMasker I sent you earlier, you're going to use the -lib argument with your spidermatches_isolated file. Run RepeatMasker and tell me what percentage of temp.fa is masked by your TEs. By the way, when you run the program you'll see an error message about a database it cannot find, ignore that error message. Let me know if you have questions."
                            }
                        ]
                    }
                ]
            }
        ],
        "team": "T017P3M8W7K",
        "user_team": "T017P3M8W7K",
        "source_team": "T017P3M8W7K",
        "user_profile": {
            "avatar_hash": "743a9fc0b5f6",
            "image_72": "https:\/\/avatars.slack-edge.com\/2022-06-30\/3731255580839_743a9fc0b5f63f195af3_72.jpg",
            "first_name": "parensburger",
            "real_name": "parensburger",
            "display_name": "Peter",
            "team": "T017P3M8W7K",
            "name": "parensburger",
            "is_restricted": false,
            "is_ultra_restricted": false
        },
        "reactions": [
            {
                "name": "white_check_mark",
                "users": [
                    "U01QM0009D3"
                ],
                "count": 1
            }
        ]
    }
]