[
    {
        "client_msg_id": "0e2b0b2e-58ee-470e-b952-cc13cbb71387",
        "type": "message",
        "text": "Blastx finished running on the small files. To isolate the matches in spider_TEs.fa, here's my plan:\n• run blastx on each small file again but just to get the sequence IDs (of matches from spider_TEs.fa)\n• linearize each sequence in spider_TEs.fa; command: perl -pe '$. &gt; 1 and \/^&gt;\/ ? print \"\\n\" : chomp' spider_TEs.fa &gt; spider_TEs_linear\n• Isolate the matches with the command: grep -w -A 1 -f seqIDs1sorted spider_TEs_linear --no-group-separator &gt; extractedseqs1 \nI did that to the first small file of spider_TEs_linear, and it looks like it worked. Does that seem good to you, too?\nIf so, now, I need to run blastx for sequence IDs on the rest of spider_TEs.fa and follow the same steps.",
        "user": "U01QM0009D3",
        "ts": "1617780159.003700",
        "blocks": [
            {
                "type": "rich_text",
                "block_id": "KlW",
                "elements": [
                    {
                        "type": "rich_text_section",
                        "elements": [
                            {
                                "type": "text",
                                "text": "Blastx finished running on the small files. To isolate the matches in spider_TEs.fa, here's my plan:\n"
                            }
                        ]
                    },
                    {
                        "type": "rich_text_list",
                        "elements": [
                            {
                                "type": "rich_text_section",
                                "elements": [
                                    {
                                        "type": "text",
                                        "text": "run blastx on each small file again but just to get the sequence IDs (of matches from spider_TEs.fa)"
                                    }
                                ]
                            },
                            {
                                "type": "rich_text_section",
                                "elements": [
                                    {
                                        "type": "text",
                                        "text": "linearize each sequence in spider_TEs.fa; command: perl -pe '$. > 1 and \/^>\/ ? print \"\\n\" : chomp' spider_TEs.fa > spider_TEs_linear"
                                    }
                                ]
                            },
                            {
                                "type": "rich_text_section",
                                "elements": [
                                    {
                                        "type": "text",
                                        "text": "Isolate the matches with the command: grep -w -A 1 -f seqIDs1sorted spider_TEs_linear --no-group-separator > extractedseqs1 "
                                    }
                                ]
                            }
                        ],
                        "style": "bullet",
                        "indent": 0
                    },
                    {
                        "type": "rich_text_section",
                        "elements": [
                            {
                                "type": "text",
                                "text": "I did that to the first small file of spider_TEs_linear, and it looks like it worked. Does that seem good to you, too?\nIf so, now, I need to run blastx for sequence IDs on the rest of spider_TEs.fa and follow the same steps."
                            }
                        ]
                    }
                ]
            }
        ],
        "team": "T017P3M8W7K",
        "user_team": "T017P3M8W7K",
        "source_team": "T017P3M8W7K",
        "user_profile": {
            "avatar_hash": "88a6cc2d842b",
            "image_72": "https:\/\/avatars.slack-edge.com\/2021-05-08\/2044578307474_88a6cc2d842bdc068cdb_72.png",
            "first_name": "Emi",
            "real_name": "Emi Hays",
            "display_name": "Emi Hays",
            "team": "T017P3M8W7K",
            "name": "emhays01",
            "is_restricted": false,
            "is_ultra_restricted": false
        }
    },
    {
        "client_msg_id": "74df14b1-d62c-4031-8345-393012c181b0",
        "type": "message",
        "text": "I don't see anything wrong with your plan, if it's giving you results that look correct then go for it. Well done researching this.",
        "user": "U01793PULLV",
        "ts": "1617801701.000700",
        "blocks": [
            {
                "type": "rich_text",
                "block_id": "m4r",
                "elements": [
                    {
                        "type": "rich_text_section",
                        "elements": [
                            {
                                "type": "text",
                                "text": "I don't see anything wrong with your plan, if it's giving you results that look correct then go for it. Well done researching this."
                            }
                        ]
                    }
                ]
            }
        ],
        "team": "T017P3M8W7K",
        "user_team": "T017P3M8W7K",
        "source_team": "T017P3M8W7K",
        "user_profile": {
            "avatar_hash": "743a9fc0b5f6",
            "image_72": "https:\/\/avatars.slack-edge.com\/2022-06-30\/3731255580839_743a9fc0b5f63f195af3_72.jpg",
            "first_name": "parensburger",
            "real_name": "parensburger",
            "display_name": "Peter",
            "team": "T017P3M8W7K",
            "name": "parensburger",
            "is_restricted": false,
            "is_ultra_restricted": false
        },
        "reactions": [
            {
                "name": "white_check_mark",
                "users": [
                    "U01QM0009D3"
                ],
                "count": 1
            }
        ]
    }
]