[
    {
        "client_msg_id": "8fb8735a-e52f-4f40-9fd3-7855b07c0dd6",
        "type": "message",
        "text": "The list of Lewis TEs that match with their sequences is in the file lewis#_toH.fa (still in the folder LHmatches_analysis). I removed the Lewis TEs that had matches to Hays short repeats and put them in a separate file; without those, 116,831 Lewis TEs have a match to Hays",
        "user": "U01QM0009D3",
        "ts": "1621114163.000900",
        "blocks": [
            {
                "type": "rich_text",
                "block_id": "NPMP",
                "elements": [
                    {
                        "type": "rich_text_section",
                        "elements": [
                            {
                                "type": "text",
                                "text": "The list of Lewis TEs that match with their sequences is in the file lewis#_toH.fa (still in the folder LHmatches_analysis). I removed the Lewis TEs that had matches to Hays short repeats and put them in a separate file; without those, 116,831 Lewis TEs have a match to Hays"
                            }
                        ]
                    }
                ]
            }
        ],
        "team": "T017P3M8W7K",
        "user_team": "T017P3M8W7K",
        "source_team": "T017P3M8W7K",
        "user_profile": {
            "avatar_hash": "88a6cc2d842b",
            "image_72": "https:\/\/avatars.slack-edge.com\/2021-05-08\/2044578307474_88a6cc2d842bdc068cdb_72.png",
            "first_name": "Emi",
            "real_name": "Emi Hays",
            "display_name": "Emi Hays",
            "team": "T017P3M8W7K",
            "name": "emhays01",
            "is_restricted": false,
            "is_ultra_restricted": false
        },
        "edited": {
            "user": "U01QM0009D3",
            "ts": "1621115311.000000"
        }
    },
    {
        "client_msg_id": "6292188d-36ad-40a9-8c66-9715088b764d",
        "type": "message",
        "text": "And the percent overlap file for Lewis is called lewis%_toH.txt",
        "user": "U01QM0009D3",
        "ts": "1621115376.002400",
        "blocks": [
            {
                "type": "rich_text",
                "block_id": "DAmr",
                "elements": [
                    {
                        "type": "rich_text_section",
                        "elements": [
                            {
                                "type": "text",
                                "text": "And the percent overlap file for Lewis is called lewis%_toH.txt"
                            }
                        ]
                    }
                ]
            }
        ],
        "team": "T017P3M8W7K",
        "user_team": "T017P3M8W7K",
        "source_team": "T017P3M8W7K",
        "user_profile": {
            "avatar_hash": "88a6cc2d842b",
            "image_72": "https:\/\/avatars.slack-edge.com\/2021-05-08\/2044578307474_88a6cc2d842bdc068cdb_72.png",
            "first_name": "Emi",
            "real_name": "Emi Hays",
            "display_name": "Emi Hays",
            "team": "T017P3M8W7K",
            "name": "emhays01",
            "is_restricted": false,
            "is_ultra_restricted": false
        }
    },
    {
        "client_msg_id": "e06c6ba5-44b3-4410-8664-855f565d47c7",
        "type": "message",
        "text": "SO in sum, within the LHmatches_analysis folder:\n1)) 4,256 Hays TEs have a match to Lewis; file: hays#_toL.fa\n2)) 116,831 Lewis TEs have a match to Hays; file: lewis#_toH.fa\n3)) the percent overlap for each Hays TE to its Lewis match is in the file hays%_toL.txt\n4)) the percent overlap for each Lewis TE to its Hays match is in the file lewis%_toH.txt",
        "user": "U01QM0009D3",
        "ts": "1621117762.004600",
        "blocks": [
            {
                "type": "rich_text",
                "block_id": "hEVO4",
                "elements": [
                    {
                        "type": "rich_text_section",
                        "elements": [
                            {
                                "type": "text",
                                "text": "SO in sum, within the LHmatches_analysis folder:\n1)) 4,256 Hays TEs have a match to Lewis; file: hays#_toL.fa\n2)) 116,831 Lewis TEs have a match to Hays; file: lewis#_toH.fa\n3)) the percent overlap for each Hays TE to its Lewis match is in the file hays%_toL.txt\n4)) the percent overlap for each Lewis TE to its Hays match is in the file lewis%_toH.txt"
                            }
                        ]
                    }
                ]
            }
        ],
        "team": "T017P3M8W7K",
        "user_team": "T017P3M8W7K",
        "source_team": "T017P3M8W7K",
        "user_profile": {
            "avatar_hash": "88a6cc2d842b",
            "image_72": "https:\/\/avatars.slack-edge.com\/2021-05-08\/2044578307474_88a6cc2d842bdc068cdb_72.png",
            "first_name": "Emi",
            "real_name": "Emi Hays",
            "display_name": "Emi Hays",
            "team": "T017P3M8W7K",
            "name": "emhays01",
            "is_restricted": false,
            "is_ultra_restricted": false
        }
    }
]