[
    {
        "client_msg_id": "217572D4-3C66-4E51-8FD6-5DD300A87ACA",
        "type": "message",
        "text": "Sounds good; safe travels! ",
        "user": "U01QM0009D3",
        "ts": "1624675343.000500",
        "blocks": [
            {
                "type": "rich_text",
                "block_id": "jsyy",
                "elements": [
                    {
                        "type": "rich_text_section",
                        "elements": [
                            {
                                "type": "text",
                                "text": "Sounds good; safe travels! "
                            }
                        ]
                    }
                ]
            }
        ],
        "team": "T017P3M8W7K",
        "user_team": "T017P3M8W7K",
        "source_team": "T017P3M8W7K",
        "user_profile": {
            "avatar_hash": "88a6cc2d842b",
            "image_72": "https:\/\/avatars.slack-edge.com\/2021-05-08\/2044578307474_88a6cc2d842bdc068cdb_72.png",
            "first_name": "Emi",
            "real_name": "Emi Hays",
            "display_name": "Emi Hays",
            "team": "T017P3M8W7K",
            "name": "emhays01",
            "is_restricted": false,
            "is_ultra_restricted": false
        },
        "thread_ts": "1624509763.000700",
        "parent_user_id": "U01QM0009D3"
    },
    {
        "client_msg_id": "ec12a94f-7667-41c8-b655-b2218d266729",
        "type": "message",
        "text": "You should be getting an email from Nam Kim about your cluster account. It's very similar to the traviata account, same commands. You can ask him about how to log into the cluster, or you can wait until I come back. See you in 12 days or so.",
        "user": "U01793PULLV",
        "ts": "1624675530.000700",
        "blocks": [
            {
                "type": "rich_text",
                "block_id": "MoUt",
                "elements": [
                    {
                        "type": "rich_text_section",
                        "elements": [
                            {
                                "type": "text",
                                "text": "You should be getting an email from Nam Kim about your cluster account. It's very similar to the traviata account, same commands. You can ask him about how to log into the cluster, or you can wait until I come back. See you in 12 days or so."
                            }
                        ]
                    }
                ]
            }
        ],
        "team": "T017P3M8W7K",
        "user_team": "T017P3M8W7K",
        "source_team": "T017P3M8W7K",
        "user_profile": {
            "avatar_hash": "743a9fc0b5f6",
            "image_72": "https:\/\/avatars.slack-edge.com\/2022-06-30\/3731255580839_743a9fc0b5f63f195af3_72.jpg",
            "first_name": "parensburger",
            "real_name": "parensburger",
            "display_name": "Peter",
            "team": "T017P3M8W7K",
            "name": "parensburger",
            "is_restricted": false,
            "is_ultra_restricted": false
        },
        "thread_ts": "1624509763.000700",
        "parent_user_id": "U01QM0009D3"
    }
]