[
    {
        "client_msg_id": "77C5A073-FE4E-45E3-9CE4-F4DCEF64EC92",
        "type": "message",
        "text": "Sounds good; I have a lot of work to do at the moment, so I’ll start tomorrow ",
        "user": "U01QM0009D3",
        "ts": "1618701463.000500",
        "blocks": [
            {
                "type": "rich_text",
                "block_id": "ukE8X",
                "elements": [
                    {
                        "type": "rich_text_section",
                        "elements": [
                            {
                                "type": "text",
                                "text": "Sounds good; I have a lot of work to do at the moment, so I’ll start tomorrow "
                            }
                        ]
                    }
                ]
            }
        ],
        "team": "T017P3M8W7K",
        "user_team": "T017P3M8W7K",
        "source_team": "T017P3M8W7K",
        "user_profile": {
            "avatar_hash": "88a6cc2d842b",
            "image_72": "https:\/\/avatars.slack-edge.com\/2021-05-08\/2044578307474_88a6cc2d842bdc068cdb_72.png",
            "first_name": "Emi",
            "real_name": "Emi Hays",
            "display_name": "Emi Hays",
            "team": "T017P3M8W7K",
            "name": "emhays01",
            "is_restricted": false,
            "is_ultra_restricted": false
        }
    }
]