[
    {
        "client_msg_id": "C1913182-B156-49ED-9B37-91B4047030A1",
        "type": "message",
        "text": "I think the RepeatMasker should be done running now; I’ll check on it when I get home in an hour or so &amp; tell you the results! ",
        "user": "U01QM0009D3",
        "ts": "1623888970.001000",
        "blocks": [
            {
                "type": "rich_text",
                "block_id": "ZkMV",
                "elements": [
                    {
                        "type": "rich_text_section",
                        "elements": [
                            {
                                "type": "text",
                                "text": "I think the RepeatMasker should be done running now; I’ll check on it when I get home in an hour or so & tell you the results! "
                            }
                        ]
                    }
                ]
            }
        ],
        "team": "T017P3M8W7K",
        "user_team": "T017P3M8W7K",
        "source_team": "T017P3M8W7K",
        "user_profile": {
            "avatar_hash": "88a6cc2d842b",
            "image_72": "https:\/\/avatars.slack-edge.com\/2021-05-08\/2044578307474_88a6cc2d842bdc068cdb_72.png",
            "first_name": "Emi",
            "real_name": "Emi Hays",
            "display_name": "Emi Hays",
            "team": "T017P3M8W7K",
            "name": "emhays01",
            "is_restricted": false,
            "is_ultra_restricted": false
        },
        "thread_ts": "1623888970.001000",
        "reply_count": 2,
        "reply_users_count": 2,
        "latest_reply": "1623889452.002200",
        "reply_users": [
            "U01793PULLV",
            "U01QM0009D3"
        ],
        "replies": [
            {
                "user": "U01793PULLV",
                "ts": "1623889245.001100"
            },
            {
                "user": "U01QM0009D3",
                "ts": "1623889452.002200"
            }
        ],
        "is_locked": false,
        "subscribed": true,
        "last_read": "1623889452.002200"
    },
    {
        "client_msg_id": "fb6f5965-848f-4241-bda4-94a9fb632f2b",
        "type": "message",
        "text": "Great thanks. And happy <https:\/\/transposonsworldwide.slack.com\/archives\/CG7UZ382H\/p1623875640019300|Transposon Day>, if you don't know who Barbara McClintock was, you should look her up she was quite an amazing scientist.",
        "user": "U01793PULLV",
        "ts": "1623889245.001100",
        "blocks": [
            {
                "type": "rich_text",
                "block_id": "aw=I",
                "elements": [
                    {
                        "type": "rich_text_section",
                        "elements": [
                            {
                                "type": "text",
                                "text": "Great thanks. And happy "
                            },
                            {
                                "type": "link",
                                "url": "https:\/\/transposonsworldwide.slack.com\/archives\/CG7UZ382H\/p1623875640019300",
                                "text": "Transposon Day"
                            },
                            {
                                "type": "text",
                                "text": ", if you don't know who Barbara McClintock was, you should look her up she was quite an amazing scientist."
                            }
                        ]
                    }
                ]
            }
        ],
        "team": "T017P3M8W7K",
        "user_team": "T017P3M8W7K",
        "source_team": "T017P3M8W7K",
        "user_profile": {
            "avatar_hash": "743a9fc0b5f6",
            "image_72": "https:\/\/avatars.slack-edge.com\/2022-06-30\/3731255580839_743a9fc0b5f63f195af3_72.jpg",
            "first_name": "parensburger",
            "real_name": "parensburger",
            "display_name": "Peter",
            "team": "T017P3M8W7K",
            "name": "parensburger",
            "is_restricted": false,
            "is_ultra_restricted": false
        },
        "thread_ts": "1623888970.001000",
        "parent_user_id": "U01QM0009D3"
    },
    {
        "client_msg_id": "1AE4338B-864A-42F7-A125-A595950ABF64",
        "type": "message",
        "text": "Ooo I know who she is but didn’t know about Transposon Day :D ",
        "user": "U01QM0009D3",
        "ts": "1623889452.002200",
        "blocks": [
            {
                "type": "rich_text",
                "block_id": "hCa",
                "elements": [
                    {
                        "type": "rich_text_section",
                        "elements": [
                            {
                                "type": "text",
                                "text": "Ooo I know who she is but didn’t know about Transposon Day :D "
                            }
                        ]
                    }
                ]
            }
        ],
        "team": "T017P3M8W7K",
        "user_team": "T017P3M8W7K",
        "source_team": "T017P3M8W7K",
        "user_profile": {
            "avatar_hash": "88a6cc2d842b",
            "image_72": "https:\/\/avatars.slack-edge.com\/2021-05-08\/2044578307474_88a6cc2d842bdc068cdb_72.png",
            "first_name": "Emi",
            "real_name": "Emi Hays",
            "display_name": "Emi Hays",
            "team": "T017P3M8W7K",
            "name": "emhays01",
            "is_restricted": false,
            "is_ultra_restricted": false
        },
        "thread_ts": "1623888970.001000",
        "parent_user_id": "U01QM0009D3"
    },
    {
        "type": "message",
        "text": "The data from the document you shared matches it!",
        "files": [
            {
                "id": "F025PQWLLDP",
                "created": 1623903036,
                "timestamp": 1623903036,
                "name": "Screen Shot 2021-06-16 at 9.09.36 PM.png",
                "title": "Screen Shot 2021-06-16 at 9.09.36 PM.png",
                "mimetype": "image\/png",
                "filetype": "png",
                "pretty_type": "PNG",
                "user": "U01QM0009D3",
                "user_team": "T017P3M8W7K",
                "editable": false,
                "size": 140828,
                "mode": "hosted",
                "is_external": false,
                "external_type": "",
                "is_public": true,
                "public_url_shared": false,
                "display_as_bot": false,
                "username": "",
                "url_private": "https:\/\/files.slack.com\/files-pri\/T017P3M8W7K-F025PQWLLDP\/screen_shot_2021-06-16_at_9.09.36_pm.png?t=xoxe-1261123302257-6395895314663-6407612319125-137f2171a6b5696e8e285d5b7bbfa693",
                "url_private_download": "https:\/\/files.slack.com\/files-pri\/T017P3M8W7K-F025PQWLLDP\/download\/screen_shot_2021-06-16_at_9.09.36_pm.png?t=xoxe-1261123302257-6395895314663-6407612319125-137f2171a6b5696e8e285d5b7bbfa693",
                "media_display_type": "unknown",
                "thumb_64": "https:\/\/files.slack.com\/files-tmb\/T017P3M8W7K-F025PQWLLDP-cf12f5d546\/screen_shot_2021-06-16_at_9.09.36_pm_64.png?t=xoxe-1261123302257-6395895314663-6407612319125-137f2171a6b5696e8e285d5b7bbfa693",
                "thumb_80": "https:\/\/files.slack.com\/files-tmb\/T017P3M8W7K-F025PQWLLDP-cf12f5d546\/screen_shot_2021-06-16_at_9.09.36_pm_80.png?t=xoxe-1261123302257-6395895314663-6407612319125-137f2171a6b5696e8e285d5b7bbfa693",
                "thumb_360": "https:\/\/files.slack.com\/files-tmb\/T017P3M8W7K-F025PQWLLDP-cf12f5d546\/screen_shot_2021-06-16_at_9.09.36_pm_360.png?t=xoxe-1261123302257-6395895314663-6407612319125-137f2171a6b5696e8e285d5b7bbfa693",
                "thumb_360_w": 360,
                "thumb_360_h": 126,
                "thumb_480": "https:\/\/files.slack.com\/files-tmb\/T017P3M8W7K-F025PQWLLDP-cf12f5d546\/screen_shot_2021-06-16_at_9.09.36_pm_480.png?t=xoxe-1261123302257-6395895314663-6407612319125-137f2171a6b5696e8e285d5b7bbfa693",
                "thumb_480_w": 480,
                "thumb_480_h": 168,
                "thumb_160": "https:\/\/files.slack.com\/files-tmb\/T017P3M8W7K-F025PQWLLDP-cf12f5d546\/screen_shot_2021-06-16_at_9.09.36_pm_160.png?t=xoxe-1261123302257-6395895314663-6407612319125-137f2171a6b5696e8e285d5b7bbfa693",
                "thumb_720": "https:\/\/files.slack.com\/files-tmb\/T017P3M8W7K-F025PQWLLDP-cf12f5d546\/screen_shot_2021-06-16_at_9.09.36_pm_720.png?t=xoxe-1261123302257-6395895314663-6407612319125-137f2171a6b5696e8e285d5b7bbfa693",
                "thumb_720_w": 720,
                "thumb_720_h": 251,
                "thumb_800": "https:\/\/files.slack.com\/files-tmb\/T017P3M8W7K-F025PQWLLDP-cf12f5d546\/screen_shot_2021-06-16_at_9.09.36_pm_800.png?t=xoxe-1261123302257-6395895314663-6407612319125-137f2171a6b5696e8e285d5b7bbfa693",
                "thumb_800_w": 800,
                "thumb_800_h": 279,
                "image_exif_rotation": 1,
                "original_w": 839,
                "original_h": 293,
                "thumb_tiny": "AwAQADCrikHX7pz9KTePShdpbgUAOPy\/\/qpPmPRaGI6EUFQB0oATLf3abtPpT9g9ajoA\/9k=",
                "permalink": "https:\/\/arensburgerla-9bj1862.slack.com\/files\/U01QM0009D3\/F025PQWLLDP\/screen_shot_2021-06-16_at_9.09.36_pm.png",
                "permalink_public": "https:\/\/slack-files.com\/T017P3M8W7K-F025PQWLLDP-4a499a21e3",
                "is_starred": false,
                "has_rich_preview": false,
                "file_access": "visible"
            }
        ],
        "upload": false,
        "user": "U01QM0009D3",
        "display_as_bot": false,
        "ts": "1623903064.000800",
        "blocks": [
            {
                "type": "rich_text",
                "block_id": "ETBr",
                "elements": [
                    {
                        "type": "rich_text_section",
                        "elements": [
                            {
                                "type": "text",
                                "text": "The data from the document you shared matches it!"
                            }
                        ]
                    }
                ]
            }
        ],
        "thread_ts": "1623903064.000800",
        "reply_count": 3,
        "reply_users_count": 2,
        "latest_reply": "1624041852.000100",
        "reply_users": [
            "U01793PULLV",
            "U01QM0009D3"
        ],
        "replies": [
            {
                "user": "U01793PULLV",
                "ts": "1623952007.000100"
            },
            {
                "user": "U01QM0009D3",
                "ts": "1624000904.001000"
            },
            {
                "user": "U01793PULLV",
                "ts": "1624041852.000100"
            }
        ],
        "is_locked": false,
        "subscribed": true,
        "last_read": "1624041852.000100"
    },
    {
        "client_msg_id": "1e87b8c9-b01c-4fe3-bca1-8cdc1765016d",
        "type": "message",
        "text": "34.95%",
        "user": "U01QM0009D3",
        "ts": "1623903073.001200",
        "blocks": [
            {
                "type": "rich_text",
                "block_id": "qt3N",
                "elements": [
                    {
                        "type": "rich_text_section",
                        "elements": [
                            {
                                "type": "text",
                                "text": "34.95%"
                            }
                        ]
                    }
                ]
            }
        ],
        "team": "T017P3M8W7K",
        "user_team": "T017P3M8W7K",
        "source_team": "T017P3M8W7K",
        "user_profile": {
            "avatar_hash": "88a6cc2d842b",
            "image_72": "https:\/\/avatars.slack-edge.com\/2021-05-08\/2044578307474_88a6cc2d842bdc068cdb_72.png",
            "first_name": "Emi",
            "real_name": "Emi Hays",
            "display_name": "Emi Hays",
            "team": "T017P3M8W7K",
            "name": "emhays01",
            "is_restricted": false,
            "is_ultra_restricted": false
        }
    }
]