[
    {
        "client_msg_id": "06daec7f-7029-4864-a59e-93b482754bfa",
        "type": "message",
        "text": "That's fine, I'm going to be traveling starting tomorrow until July 7th, so this is a good time to just let things run. But next time you've got a really big RepeatMasker run, let's run it on the computer cluster. I'll get you an account on there in the meantime.",
        "user": "U01793PULLV",
        "ts": "1624549801.000100",
        "blocks": [
            {
                "type": "rich_text",
                "block_id": "3QpL",
                "elements": [
                    {
                        "type": "rich_text_section",
                        "elements": [
                            {
                                "type": "text",
                                "text": "That's fine, I'm going to be traveling starting tomorrow until July 7th, so this is a good time to just let things run. But next time you've got a really big RepeatMasker run, let's run it on the computer cluster. I'll get you an account on there in the meantime."
                            }
                        ]
                    }
                ]
            }
        ],
        "team": "T017P3M8W7K",
        "user_team": "T017P3M8W7K",
        "source_team": "T017P3M8W7K",
        "user_profile": {
            "avatar_hash": "743a9fc0b5f6",
            "image_72": "https:\/\/avatars.slack-edge.com\/2022-06-30\/3731255580839_743a9fc0b5f63f195af3_72.jpg",
            "first_name": "parensburger",
            "real_name": "parensburger",
            "display_name": "Peter",
            "team": "T017P3M8W7K",
            "name": "parensburger",
            "is_restricted": false,
            "is_ultra_restricted": false
        },
        "thread_ts": "1624509763.000700",
        "parent_user_id": "U01QM0009D3"
    }
]