[
    {
        "client_msg_id": "e13fa48b-2bf2-41d3-b4bf-18176de6ff24",
        "type": "message",
        "text": "I copied and ran your script, but the output file only has \"##gff-version 3\" written in it (from line 24 of the script, I'm assuming), so I'm a little confused. Do you know why it looks like this?",
        "user": "U01QM0009D3",
        "ts": "1632209812.002100",
        "blocks": [
            {
                "type": "rich_text",
                "block_id": "W00rc",
                "elements": [
                    {
                        "type": "rich_text_section",
                        "elements": [
                            {
                                "type": "text",
                                "text": "I copied and ran your script, but the output file only has \"##gff-version 3\" written in it (from line 24 of the script, I'm assuming), so I'm a little confused. Do you know why it looks like this?"
                            }
                        ]
                    }
                ]
            }
        ],
        "team": "T017P3M8W7K",
        "user_team": "T017P3M8W7K",
        "source_team": "T017P3M8W7K",
        "user_profile": {
            "avatar_hash": "88a6cc2d842b",
            "image_72": "https:\/\/avatars.slack-edge.com\/2021-05-08\/2044578307474_88a6cc2d842bdc068cdb_72.png",
            "first_name": "Emi",
            "real_name": "Emi Hays",
            "display_name": "Emi Hays",
            "team": "T017P3M8W7K",
            "name": "emhays01",
            "is_restricted": false,
            "is_ultra_restricted": false
        }
    },
    {
        "client_msg_id": "da3ed003-3ca3-44e8-9047-a8a4d3b1dbf5",
        "type": "message",
        "text": "The script was written for a specific application, not a general purpose script, which is why it probably is failing on you. Can you give a specific file you want converted? I'll adapt the script to it.",
        "user": "U01793PULLV",
        "ts": "1632240056.002700",
        "blocks": [
            {
                "type": "rich_text",
                "block_id": "Z\/zR3",
                "elements": [
                    {
                        "type": "rich_text_section",
                        "elements": [
                            {
                                "type": "text",
                                "text": "The script was written for a specific application, not a general purpose script, which is why it probably is failing on you. Can you give a specific file you want converted? I'll adapt the script to it."
                            }
                        ]
                    }
                ]
            }
        ],
        "team": "T017P3M8W7K",
        "user_team": "T017P3M8W7K",
        "source_team": "T017P3M8W7K",
        "user_profile": {
            "avatar_hash": "743a9fc0b5f6",
            "image_72": "https:\/\/avatars.slack-edge.com\/2022-06-30\/3731255580839_743a9fc0b5f63f195af3_72.jpg",
            "first_name": "parensburger",
            "real_name": "parensburger",
            "display_name": "Peter",
            "team": "T017P3M8W7K",
            "name": "parensburger",
            "is_restricted": false,
            "is_ultra_restricted": false
        }
    }
]