[
    {
        "client_msg_id": "e509d6da-04f1-4c8b-b585-4014192e2cce",
        "type": "message",
        "text": "Here's what I did (hopefully this makes sense :crossed_fingers::skin-tone-2:)\nEach TE mapped to multiple parts of the genome, so I first reduced the blast results to the top 1 match (for the lewis sequences then the hays sequences, respectively).\n\nSo, for the lewis%_toH.txt example you sent [where the top match for the lewis TE Ag-Jen-1_2662_2922 (NW_015484665.1:34730-35388) is RIX-comp_Ptep1-B-R2360-Map12 (NW_018370170.1:6465417-6467299)]:\nWhen you search for this Lewis TE in lewis#_toH.fa, you get the sequence that you found, too. If you search for this Hays TE in hays#_toL.fa, you get the right Hays TE name but with the wrong position in the genome (so the sequence is not a proper match). Specifically, you get that TE with NW_018378134.1:235054-235248. The significant match is with the position NW_018370170.1:6465417-6467299.\n\nYou can find the significant matches for lewis#_toH.fa in the file hays_seqs.fa. I organized it a little better now, so there are two new folders in LHmatches_analysis: lewis and hays. The \"lewis\" folder contains lewis%_toH.txt, lewis#_toH.fa, and hays_seqs.fa. The \"hays\" folder contains hays%_toL.txt, hays#_toL.fa, and lewis_seqs.fa",
        "user": "U01QM0009D3",
        "ts": "1622599264.012500",
        "blocks": [
            {
                "type": "rich_text",
                "block_id": "eRh",
                "elements": [
                    {
                        "type": "rich_text_section",
                        "elements": [
                            {
                                "type": "text",
                                "text": "Here's what I did (hopefully this makes sense "
                            },
                            {
                                "type": "emoji",
                                "name": "crossed_fingers",
                                "unicode": "1f91e-1f3fb",
                                "skin_tone": 2
                            },
                            {
                                "type": "text",
                                "text": ")\nEach TE mapped to multiple parts of the genome, so I first reduced the blast results to the top 1 match (for the lewis sequences then the hays sequences, respectively).\n\nSo, for the lewis%_toH.txt example you sent [where the top match for the lewis TE Ag-Jen-1_2662_2922 (NW_015484665.1:34730-35388) is RIX-comp_Ptep1-B-R2360-Map12 (NW_018370170.1:6465417-6467299)]:\nWhen you search for this Lewis TE in lewis#_toH.fa, you get the sequence that you found, too. If you search for this Hays TE in hays#_toL.fa, you get the right Hays TE name but with the wrong position in the genome (so the sequence is not a proper match). Specifically, you get that TE with NW_018378134.1:235054-235248. The significant match is with the position NW_018370170.1:6465417-6467299.\n\nYou can find the significant matches for lewis#_toH.fa in the file hays_seqs.fa. I organized it a little better now, so there are two new folders in LHmatches_analysis: lewis and hays. The \"lewis\" folder contains lewis%_toH.txt, lewis#_toH.fa, and hays_seqs.fa. The \"hays\" folder contains hays%_toL.txt, hays#_toL.fa, and lewis_seqs.fa"
                            }
                        ]
                    }
                ]
            }
        ],
        "team": "T017P3M8W7K",
        "user_team": "T017P3M8W7K",
        "source_team": "T017P3M8W7K",
        "user_profile": {
            "avatar_hash": "88a6cc2d842b",
            "image_72": "https:\/\/avatars.slack-edge.com\/2021-05-08\/2044578307474_88a6cc2d842bdc068cdb_72.png",
            "first_name": "Emi",
            "real_name": "Emi Hays",
            "display_name": "Emi Hays",
            "team": "T017P3M8W7K",
            "name": "emhays01",
            "is_restricted": false,
            "is_ultra_restricted": false
        },
        "edited": {
            "user": "U01QM0009D3",
            "ts": "1622599521.000000"
        },
        "thread_ts": "1622599264.012500",
        "reply_count": 1,
        "reply_users_count": 1,
        "latest_reply": "1622676149.002500",
        "reply_users": [
            "U01793PULLV"
        ],
        "replies": [
            {
                "user": "U01793PULLV",
                "ts": "1622676149.002500"
            }
        ],
        "is_locked": false,
        "subscribed": true,
        "last_read": "1622676149.002500"
    },
    {
        "client_msg_id": "64e3051c-89a6-4e2c-a59d-d594ea58ddde",
        "type": "message",
        "text": "Also, while I was re-organizing it, I messed up again and accidentally removed one column from both lewis%_toH.txt and hays%_toL.txt (I was combining the TE name columns with the position columns using awk '{print $}' and forgot to include a number :anguished:).  Were the original files (under the same name) backed up? If so, could you help me add them back? If not, I can just redo some stuff",
        "user": "U01QM0009D3",
        "ts": "1622599740.016600",
        "blocks": [
            {
                "type": "rich_text",
                "block_id": "p3Ik",
                "elements": [
                    {
                        "type": "rich_text_section",
                        "elements": [
                            {
                                "type": "text",
                                "text": "Also, while I was re-organizing it, I messed up again and accidentally removed one column from both lewis%_toH.txt and hays%_toL.txt (I was combining the TE name columns with the position columns using awk '{print $}' and forgot to include a number "
                            },
                            {
                                "type": "emoji",
                                "name": "anguished",
                                "unicode": "1f627"
                            },
                            {
                                "type": "text",
                                "text": ").  Were the original files (under the same name) backed up? If so, could you help me add them back? If not, I can just redo some stuff"
                            }
                        ]
                    }
                ]
            }
        ],
        "team": "T017P3M8W7K",
        "user_team": "T017P3M8W7K",
        "source_team": "T017P3M8W7K",
        "user_profile": {
            "avatar_hash": "88a6cc2d842b",
            "image_72": "https:\/\/avatars.slack-edge.com\/2021-05-08\/2044578307474_88a6cc2d842bdc068cdb_72.png",
            "first_name": "Emi",
            "real_name": "Emi Hays",
            "display_name": "Emi Hays",
            "team": "T017P3M8W7K",
            "name": "emhays01",
            "is_restricted": false,
            "is_ultra_restricted": false
        },
        "thread_ts": "1622599740.016600",
        "reply_count": 6,
        "reply_users_count": 2,
        "latest_reply": "1622658836.000300",
        "reply_users": [
            "U01793PULLV",
            "U01QM0009D3"
        ],
        "replies": [
            {
                "user": "U01793PULLV",
                "ts": "1622601038.016800"
            },
            {
                "user": "U01QM0009D3",
                "ts": "1622601071.017100"
            },
            {
                "user": "U01793PULLV",
                "ts": "1622601118.017300"
            },
            {
                "user": "U01QM0009D3",
                "ts": "1622601297.017700"
            },
            {
                "user": "U01793PULLV",
                "ts": "1622647036.000100"
            },
            {
                "user": "U01QM0009D3",
                "ts": "1622658836.000300"
            }
        ],
        "is_locked": false,
        "subscribed": true,
        "last_read": "1622658836.000300"
    },
    {
        "client_msg_id": "2bcd6dba-3c66-4c87-9870-00a1ff58bb51",
        "type": "message",
        "text": "I should have backups of the files lewis%_toH.txt and hays%_toL.txt from 5\/26\/21, 5\/19\/21, etc. (going back a week each time). Do you want me to retrieve the ones from 5\/26?",
        "user": "U01793PULLV",
        "ts": "1622601038.016800",
        "blocks": [
            {
                "type": "rich_text",
                "block_id": "QlHW",
                "elements": [
                    {
                        "type": "rich_text_section",
                        "elements": [
                            {
                                "type": "text",
                                "text": "I should have backups of the files lewis%_toH.txt and hays%_toL.txt from 5\/26\/21, 5\/19\/21, etc. (going back a week each time). Do you want me to retrieve the ones from 5\/26?"
                            }
                        ]
                    }
                ]
            }
        ],
        "team": "T017P3M8W7K",
        "user_team": "T017P3M8W7K",
        "source_team": "T017P3M8W7K",
        "user_profile": {
            "avatar_hash": "743a9fc0b5f6",
            "image_72": "https:\/\/avatars.slack-edge.com\/2022-06-30\/3731255580839_743a9fc0b5f63f195af3_72.jpg",
            "first_name": "parensburger",
            "real_name": "parensburger",
            "display_name": "Peter",
            "team": "T017P3M8W7K",
            "name": "parensburger",
            "is_restricted": false,
            "is_ultra_restricted": false
        },
        "thread_ts": "1622599740.016600",
        "parent_user_id": "U01QM0009D3"
    },
    {
        "client_msg_id": "7ADDCF76-F2A1-4AE2-BEDD-A5E3821DAA0D",
        "type": "message",
        "text": "Yes please :-) ",
        "user": "U01QM0009D3",
        "ts": "1622601071.017100",
        "blocks": [
            {
                "type": "rich_text",
                "block_id": "w5wPS",
                "elements": [
                    {
                        "type": "rich_text_section",
                        "elements": [
                            {
                                "type": "text",
                                "text": "Yes please :-) "
                            }
                        ]
                    }
                ]
            }
        ],
        "team": "T017P3M8W7K",
        "user_team": "T017P3M8W7K",
        "source_team": "T017P3M8W7K",
        "user_profile": {
            "avatar_hash": "88a6cc2d842b",
            "image_72": "https:\/\/avatars.slack-edge.com\/2021-05-08\/2044578307474_88a6cc2d842bdc068cdb_72.png",
            "first_name": "Emi",
            "real_name": "Emi Hays",
            "display_name": "Emi Hays",
            "team": "T017P3M8W7K",
            "name": "emhays01",
            "is_restricted": false,
            "is_ultra_restricted": false
        },
        "thread_ts": "1622599740.016600",
        "parent_user_id": "U01QM0009D3"
    },
    {
        "client_msg_id": "7b48c2e6-a6e7-42d2-a107-2b0532ce1a6e",
        "type": "message",
        "text": "ok, I'll get to it tomorrow. I have a dog who really wants his walk right now :slightly_smiling_face:",
        "user": "U01793PULLV",
        "ts": "1622601118.017300",
        "blocks": [
            {
                "type": "rich_text",
                "block_id": "\/0r",
                "elements": [
                    {
                        "type": "rich_text_section",
                        "elements": [
                            {
                                "type": "text",
                                "text": "ok, I'll get to it tomorrow. I have a dog who really wants his walk right now "
                            },
                            {
                                "type": "emoji",
                                "name": "slightly_smiling_face",
                                "unicode": "1f642"
                            }
                        ]
                    }
                ]
            }
        ],
        "team": "T017P3M8W7K",
        "user_team": "T017P3M8W7K",
        "source_team": "T017P3M8W7K",
        "user_profile": {
            "avatar_hash": "743a9fc0b5f6",
            "image_72": "https:\/\/avatars.slack-edge.com\/2022-06-30\/3731255580839_743a9fc0b5f63f195af3_72.jpg",
            "first_name": "parensburger",
            "real_name": "parensburger",
            "display_name": "Peter",
            "team": "T017P3M8W7K",
            "name": "parensburger",
            "is_restricted": false,
            "is_ultra_restricted": false
        },
        "thread_ts": "1622599740.016600",
        "parent_user_id": "U01QM0009D3",
        "reactions": [
            {
                "name": "heart",
                "users": [
                    "U01QM0009D3"
                ],
                "count": 1
            }
        ]
    },
    {
        "client_msg_id": "99174EA8-FD8D-45C5-8172-703E90A946AA",
        "type": "message",
        "text": ":dog::dog: ",
        "user": "U01QM0009D3",
        "ts": "1622601297.017700",
        "blocks": [
            {
                "type": "rich_text",
                "block_id": "r8kw",
                "elements": [
                    {
                        "type": "rich_text_section",
                        "elements": [
                            {
                                "type": "emoji",
                                "name": "dog",
                                "unicode": "1f436"
                            },
                            {
                                "type": "emoji",
                                "name": "dog",
                                "unicode": "1f436"
                            },
                            {
                                "type": "text",
                                "text": " "
                            }
                        ]
                    }
                ]
            }
        ],
        "team": "T017P3M8W7K",
        "user_team": "T017P3M8W7K",
        "source_team": "T017P3M8W7K",
        "user_profile": {
            "avatar_hash": "88a6cc2d842b",
            "image_72": "https:\/\/avatars.slack-edge.com\/2021-05-08\/2044578307474_88a6cc2d842bdc068cdb_72.png",
            "first_name": "Emi",
            "real_name": "Emi Hays",
            "display_name": "Emi Hays",
            "team": "T017P3M8W7K",
            "name": "emhays01",
            "is_restricted": false,
            "is_ultra_restricted": false
        },
        "thread_ts": "1622599740.016600",
        "parent_user_id": "U01QM0009D3"
    }
]