[
    {
        "client_msg_id": "1112D676-791F-44AD-AC75-95B12518FA23",
        "type": "message",
        "text": "It’s taking a long time to process for the Lewis file, but I’m using the command “for next in $(cut -F1 &lt;percent overlap file&gt; | sort -u); do grep -w -m1 “$next” &lt;percent overlap file&gt;; done &gt; &lt;output file name&gt;” to get rid of the extra matches. It finished running for the Hays file &amp; is called hays%_toL.txt ",
        "user": "U01QM0009D3",
        "ts": "1621032097.004100",
        "blocks": [
            {
                "type": "rich_text",
                "block_id": "8M6",
                "elements": [
                    {
                        "type": "rich_text_section",
                        "elements": [
                            {
                                "type": "text",
                                "text": "It’s taking a long time to process for the Lewis file, but I’m using the command “for next in $(cut -F1 <percent overlap file> | sort -u); do grep -w -m1 “$next” <percent overlap file>; done > <output file name>” to get rid of the extra matches. It finished running for the Hays file & is called hays%_toL.txt "
                            }
                        ]
                    }
                ]
            }
        ],
        "team": "T017P3M8W7K",
        "user_team": "T017P3M8W7K",
        "source_team": "T017P3M8W7K",
        "user_profile": {
            "avatar_hash": "88a6cc2d842b",
            "image_72": "https:\/\/avatars.slack-edge.com\/2021-05-08\/2044578307474_88a6cc2d842bdc068cdb_72.png",
            "first_name": "Emi",
            "real_name": "Emi Hays",
            "display_name": "Emi Hays",
            "team": "T017P3M8W7K",
            "name": "emhays01",
            "is_restricted": false,
            "is_ultra_restricted": false
        }
    },
    {
        "client_msg_id": "D6907A77-6E9D-4925-BB1D-F5BBAEC16FE4",
        "type": "message",
        "text": "Then, I’ll add the sequences to the list of Lewis TEs that match Hays (in lewis#_toH.txt)",
        "user": "U01QM0009D3",
        "ts": "1621032153.005100",
        "blocks": [
            {
                "type": "rich_text",
                "block_id": "KtBp",
                "elements": [
                    {
                        "type": "rich_text_section",
                        "elements": [
                            {
                                "type": "text",
                                "text": "Then, I’ll add the sequences to the list of Lewis TEs that match Hays (in lewis#_toH.txt)"
                            }
                        ]
                    }
                ]
            }
        ],
        "team": "T017P3M8W7K",
        "user_team": "T017P3M8W7K",
        "source_team": "T017P3M8W7K",
        "user_profile": {
            "avatar_hash": "88a6cc2d842b",
            "image_72": "https:\/\/avatars.slack-edge.com\/2021-05-08\/2044578307474_88a6cc2d842bdc068cdb_72.png",
            "first_name": "Emi",
            "real_name": "Emi Hays",
            "display_name": "Emi Hays",
            "team": "T017P3M8W7K",
            "name": "emhays01",
            "is_restricted": false,
            "is_ultra_restricted": false
        },
        "edited": {
            "user": "U01QM0009D3",
            "ts": "1621116607.000000"
        }
    }
]