[
    {
        "client_msg_id": "ed9c9094-8e21-4e19-8b45-4e4fc2f9fc92",
        "type": "message",
        "text": "Your command is not quite correct. The -lib option tells RepeatMasker what file has the library of repeated elements. That file is \"spidermatches_isolated\" in your case, not \"temp.fa\" (temp.fa is your genome to be masked).",
        "user": "U01793PULLV",
        "ts": "1618855055.002100",
        "blocks": [
            {
                "type": "rich_text",
                "block_id": "5rV",
                "elements": [
                    {
                        "type": "rich_text_section",
                        "elements": [
                            {
                                "type": "text",
                                "text": "Your command is not quite correct. The -lib option tells RepeatMasker what file has the library of repeated elements. That file is \"spidermatches_isolated\" in your case, not \"temp.fa\" (temp.fa is your genome to be masked)."
                            }
                        ]
                    }
                ]
            }
        ],
        "team": "T017P3M8W7K",
        "user_team": "T017P3M8W7K",
        "source_team": "T017P3M8W7K",
        "user_profile": {
            "avatar_hash": "743a9fc0b5f6",
            "image_72": "https:\/\/avatars.slack-edge.com\/2022-06-30\/3731255580839_743a9fc0b5f63f195af3_72.jpg",
            "first_name": "parensburger",
            "real_name": "parensburger",
            "display_name": "Peter",
            "team": "T017P3M8W7K",
            "name": "parensburger",
            "is_restricted": false,
            "is_ultra_restricted": false
        }
    },
    {
        "client_msg_id": "34cc3588-13dc-4594-93a6-bba8213c247b",
        "type": "message",
        "text": "Would it be more like \"RepeatMasker temp.fa -lib spidermatches_isolated\"?",
        "user": "U01QM0009D3",
        "ts": "1618856855.002400",
        "blocks": [
            {
                "type": "rich_text",
                "block_id": "FWJ",
                "elements": [
                    {
                        "type": "rich_text_section",
                        "elements": [
                            {
                                "type": "text",
                                "text": "Would it be more like \"RepeatMasker temp.fa -lib spidermatches_isolated\"?"
                            }
                        ]
                    }
                ]
            }
        ],
        "team": "T017P3M8W7K",
        "user_team": "T017P3M8W7K",
        "source_team": "T017P3M8W7K",
        "user_profile": {
            "avatar_hash": "88a6cc2d842b",
            "image_72": "https:\/\/avatars.slack-edge.com\/2021-05-08\/2044578307474_88a6cc2d842bdc068cdb_72.png",
            "first_name": "Emi",
            "real_name": "Emi Hays",
            "display_name": "Emi Hays",
            "team": "T017P3M8W7K",
            "name": "emhays01",
            "is_restricted": false,
            "is_ultra_restricted": false
        }
    },
    {
        "client_msg_id": "dbd2ed33-4312-48af-b939-917ba47b755f",
        "type": "message",
        "text": "yes",
        "user": "U01793PULLV",
        "ts": "1618856867.002600",
        "blocks": [
            {
                "type": "rich_text",
                "block_id": "FiTt",
                "elements": [
                    {
                        "type": "rich_text_section",
                        "elements": [
                            {
                                "type": "text",
                                "text": "yes"
                            }
                        ]
                    }
                ]
            }
        ],
        "team": "T017P3M8W7K",
        "user_team": "T017P3M8W7K",
        "source_team": "T017P3M8W7K",
        "user_profile": {
            "avatar_hash": "743a9fc0b5f6",
            "image_72": "https:\/\/avatars.slack-edge.com\/2022-06-30\/3731255580839_743a9fc0b5f63f195af3_72.jpg",
            "first_name": "parensburger",
            "real_name": "parensburger",
            "display_name": "Peter",
            "team": "T017P3M8W7K",
            "name": "parensburger",
            "is_restricted": false,
            "is_ultra_restricted": false
        }
    },
    {
        "client_msg_id": "12289e94-03ac-4bd3-8091-4f768e7f1c58",
        "type": "message",
        "text": "you might have to put the -lib argument before temp.fa, not sure though",
        "user": "U01793PULLV",
        "ts": "1618856897.003400",
        "blocks": [
            {
                "type": "rich_text",
                "block_id": "6Jd",
                "elements": [
                    {
                        "type": "rich_text_section",
                        "elements": [
                            {
                                "type": "text",
                                "text": "you might have to put the -lib argument before temp.fa, not sure though"
                            }
                        ]
                    }
                ]
            }
        ],
        "team": "T017P3M8W7K",
        "user_team": "T017P3M8W7K",
        "source_team": "T017P3M8W7K",
        "user_profile": {
            "avatar_hash": "743a9fc0b5f6",
            "image_72": "https:\/\/avatars.slack-edge.com\/2022-06-30\/3731255580839_743a9fc0b5f63f195af3_72.jpg",
            "first_name": "parensburger",
            "real_name": "parensburger",
            "display_name": "Peter",
            "team": "T017P3M8W7K",
            "name": "parensburger",
            "is_restricted": false,
            "is_ultra_restricted": false
        }
    },
    {
        "client_msg_id": "bf7c6276-55db-4b4a-90be-73aa1047e81a",
        "type": "message",
        "text": "With temp.fa before -lib, it's 40.76% bases masked",
        "user": "U01QM0009D3",
        "ts": "1618856969.004100",
        "blocks": [
            {
                "type": "rich_text",
                "block_id": "yzD",
                "elements": [
                    {
                        "type": "rich_text_section",
                        "elements": [
                            {
                                "type": "text",
                                "text": "With temp.fa before -lib, it's 40.76% bases masked"
                            }
                        ]
                    }
                ]
            }
        ],
        "team": "T017P3M8W7K",
        "user_team": "T017P3M8W7K",
        "source_team": "T017P3M8W7K",
        "user_profile": {
            "avatar_hash": "88a6cc2d842b",
            "image_72": "https:\/\/avatars.slack-edge.com\/2021-05-08\/2044578307474_88a6cc2d842bdc068cdb_72.png",
            "first_name": "Emi",
            "real_name": "Emi Hays",
            "display_name": "Emi Hays",
            "team": "T017P3M8W7K",
            "name": "emhays01",
            "is_restricted": false,
            "is_ultra_restricted": false
        }
    },
    {
        "client_msg_id": "798e6580-8125-40f7-a663-d5f3e4748888",
        "type": "message",
        "text": "good, now you'll want to run the same thing on the whole spider genome",
        "user": "U01793PULLV",
        "ts": "1618857141.005200",
        "blocks": [
            {
                "type": "rich_text",
                "block_id": "K0F",
                "elements": [
                    {
                        "type": "rich_text_section",
                        "elements": [
                            {
                                "type": "text",
                                "text": "good, now you'll want to run the same thing on the whole spider genome"
                            }
                        ]
                    }
                ]
            }
        ],
        "team": "T017P3M8W7K",
        "user_team": "T017P3M8W7K",
        "source_team": "T017P3M8W7K",
        "user_profile": {
            "avatar_hash": "743a9fc0b5f6",
            "image_72": "https:\/\/avatars.slack-edge.com\/2022-06-30\/3731255580839_743a9fc0b5f63f195af3_72.jpg",
            "first_name": "parensburger",
            "real_name": "parensburger",
            "display_name": "Peter",
            "team": "T017P3M8W7K",
            "name": "parensburger",
            "is_restricted": false,
            "is_ultra_restricted": false
        },
        "reactions": [
            {
                "name": "white_check_mark",
                "users": [
                    "U01QM0009D3"
                ],
                "count": 1
            }
        ]
    },
    {
        "client_msg_id": "0c7e23e6-5737-4df5-89a0-f85fdb4e3ba2",
        "type": "message",
        "text": "It finished running; 69.49% of the bases were masked",
        "user": "U01QM0009D3",
        "ts": "1618860813.005900",
        "blocks": [
            {
                "type": "rich_text",
                "block_id": "quAX",
                "elements": [
                    {
                        "type": "rich_text_section",
                        "elements": [
                            {
                                "type": "text",
                                "text": "It finished running; 69.49% of the bases were masked"
                            }
                        ]
                    }
                ]
            }
        ],
        "team": "T017P3M8W7K",
        "user_team": "T017P3M8W7K",
        "source_team": "T017P3M8W7K",
        "user_profile": {
            "avatar_hash": "88a6cc2d842b",
            "image_72": "https:\/\/avatars.slack-edge.com\/2021-05-08\/2044578307474_88a6cc2d842bdc068cdb_72.png",
            "first_name": "Emi",
            "real_name": "Emi Hays",
            "display_name": "Emi Hays",
            "team": "T017P3M8W7K",
            "name": "emhays01",
            "is_restricted": false,
            "is_ultra_restricted": false
        }
    },
    {
        "client_msg_id": "cf852fab-e827-431b-9894-9b0b5f32349a",
        "type": "message",
        "text": "OH just kidding. I just realized i ran it on the wrong file",
        "user": "U01QM0009D3",
        "ts": "1618872058.000400",
        "blocks": [
            {
                "type": "rich_text",
                "block_id": "=03rg",
                "elements": [
                    {
                        "type": "rich_text_section",
                        "elements": [
                            {
                                "type": "text",
                                "text": "OH just kidding. I just realized i ran it on the wrong file"
                            }
                        ]
                    }
                ]
            }
        ],
        "team": "T017P3M8W7K",
        "user_team": "T017P3M8W7K",
        "source_team": "T017P3M8W7K",
        "user_profile": {
            "avatar_hash": "88a6cc2d842b",
            "image_72": "https:\/\/avatars.slack-edge.com\/2021-05-08\/2044578307474_88a6cc2d842bdc068cdb_72.png",
            "first_name": "Emi",
            "real_name": "Emi Hays",
            "display_name": "Emi Hays",
            "team": "T017P3M8W7K",
            "name": "emhays01",
            "is_restricted": false,
            "is_ultra_restricted": false
        }
    },
    {
        "client_msg_id": "ddcdb24c-1ca4-422a-b338-40bc2089c8f7",
        "type": "message",
        "text": ":slightly_smiling_face:",
        "user": "U01793PULLV",
        "ts": "1618874324.000800",
        "blocks": [
            {
                "type": "rich_text",
                "block_id": "I94N",
                "elements": [
                    {
                        "type": "rich_text_section",
                        "elements": [
                            {
                                "type": "emoji",
                                "name": "slightly_smiling_face",
                                "unicode": "1f642"
                            }
                        ]
                    }
                ]
            }
        ],
        "team": "T017P3M8W7K",
        "user_team": "T017P3M8W7K",
        "source_team": "T017P3M8W7K",
        "user_profile": {
            "avatar_hash": "743a9fc0b5f6",
            "image_72": "https:\/\/avatars.slack-edge.com\/2022-06-30\/3731255580839_743a9fc0b5f63f195af3_72.jpg",
            "first_name": "parensburger",
            "real_name": "parensburger",
            "display_name": "Peter",
            "team": "T017P3M8W7K",
            "name": "parensburger",
            "is_restricted": false,
            "is_ultra_restricted": false
        }
    }
]