[
    {
        "client_msg_id": "2d439dec-5617-404a-a146-892f058e2c3b",
        "type": "message",
        "text": "Sorry, that was an error on my part. I fixed the document with the correct file name.",
        "user": "U01793PULLV",
        "ts": "1630000709.006300",
        "blocks": [
            {
                "type": "rich_text",
                "block_id": "W=vjI",
                "elements": [
                    {
                        "type": "rich_text_section",
                        "elements": [
                            {
                                "type": "text",
                                "text": "Sorry, that was an error on my part. I fixed the document with the correct file name."
                            }
                        ]
                    }
                ]
            }
        ],
        "team": "T017P3M8W7K",
        "user_team": "T017P3M8W7K",
        "source_team": "T017P3M8W7K",
        "user_profile": {
            "avatar_hash": "743a9fc0b5f6",
            "image_72": "https:\/\/avatars.slack-edge.com\/2022-06-30\/3731255580839_743a9fc0b5f63f195af3_72.jpg",
            "first_name": "parensburger",
            "real_name": "parensburger",
            "display_name": "Peter",
            "team": "T017P3M8W7K",
            "name": "parensburger",
            "is_restricted": false,
            "is_ultra_restricted": false
        },
        "thread_ts": "1629958582.003400",
        "parent_user_id": "U01QM0009D3"
    },
    {
        "client_msg_id": "7f6e4879-467f-4e5b-a7b2-87bf8f14f940",
        "type": "message",
        "text": "This was a subtle test on my part to make sure you're reading the document :smirk:. No actually, I don't know why I put that there. Please fix it if it's not the right file.",
        "user": "U01793PULLV",
        "ts": "1630001000.006500",
        "blocks": [
            {
                "type": "rich_text",
                "block_id": "3uV",
                "elements": [
                    {
                        "type": "rich_text_section",
                        "elements": [
                            {
                                "type": "text",
                                "text": "This was a subtle test on my part to make sure you're reading the document "
                            },
                            {
                                "type": "emoji",
                                "name": "smirk",
                                "unicode": "1f60f"
                            },
                            {
                                "type": "text",
                                "text": ". No actually, I don't know why I put that there. Please fix it if it's not the right file."
                            }
                        ]
                    }
                ]
            }
        ],
        "team": "T017P3M8W7K",
        "user_team": "T017P3M8W7K",
        "source_team": "T017P3M8W7K",
        "user_profile": {
            "avatar_hash": "743a9fc0b5f6",
            "image_72": "https:\/\/avatars.slack-edge.com\/2022-06-30\/3731255580839_743a9fc0b5f63f195af3_72.jpg",
            "first_name": "parensburger",
            "real_name": "parensburger",
            "display_name": "Peter",
            "team": "T017P3M8W7K",
            "name": "parensburger",
            "is_restricted": false,
            "is_ultra_restricted": false
        },
        "thread_ts": "1629958715.004900",
        "parent_user_id": "U01QM0009D3"
    },
    {
        "client_msg_id": "c23594d7-87c8-444e-b183-1bd81e658613",
        "type": "message",
        "text": "Thanks, I entered some of the information from this file on the Google sheet, but please modify that sheet yourself as well, you should have editing privileges. The file you should be running the last RepeatMasker run on is *spider_TEs.fa* as I now have it on the Google sheet.",
        "user": "U01793PULLV",
        "ts": "1630002052.006700",
        "blocks": [
            {
                "type": "rich_text",
                "block_id": "lef",
                "elements": [
                    {
                        "type": "rich_text_section",
                        "elements": [
                            {
                                "type": "text",
                                "text": "Thanks, I entered some of the information from this file on the Google sheet, but please modify that sheet yourself as well, you should have editing privileges. The file you should be running the last RepeatMasker run on is "
                            },
                            {
                                "type": "text",
                                "text": "spider_TEs.fa",
                                "style": {
                                    "bold": true
                                }
                            },
                            {
                                "type": "text",
                                "text": " as I now have it on the Google sheet."
                            }
                        ]
                    }
                ]
            }
        ],
        "team": "T017P3M8W7K",
        "user_team": "T017P3M8W7K",
        "source_team": "T017P3M8W7K",
        "user_profile": {
            "avatar_hash": "743a9fc0b5f6",
            "image_72": "https:\/\/avatars.slack-edge.com\/2022-06-30\/3731255580839_743a9fc0b5f63f195af3_72.jpg",
            "first_name": "parensburger",
            "real_name": "parensburger",
            "display_name": "Peter",
            "team": "T017P3M8W7K",
            "name": "parensburger",
            "is_restricted": false,
            "is_ultra_restricted": false
        },
        "thread_ts": "1629959762.006000",
        "parent_user_id": "U01QM0009D3"
    },
    {
        "client_msg_id": "A4EA0E14-0910-42D6-A88E-2C8226A12DD4",
        "type": "message",
        "text": "Okay, sounds good!",
        "user": "U01QM0009D3",
        "ts": "1630004593.007000",
        "blocks": [
            {
                "type": "rich_text",
                "block_id": "w9TGD",
                "elements": [
                    {
                        "type": "rich_text_section",
                        "elements": [
                            {
                                "type": "text",
                                "text": "Okay, sounds good!"
                            }
                        ]
                    }
                ]
            }
        ],
        "team": "T017P3M8W7K",
        "user_team": "T017P3M8W7K",
        "source_team": "T017P3M8W7K",
        "user_profile": {
            "avatar_hash": "88a6cc2d842b",
            "image_72": "https:\/\/avatars.slack-edge.com\/2021-05-08\/2044578307474_88a6cc2d842bdc068cdb_72.png",
            "first_name": "Emi",
            "real_name": "Emi Hays",
            "display_name": "Emi Hays",
            "team": "T017P3M8W7K",
            "name": "emhays01",
            "is_restricted": false,
            "is_ultra_restricted": false
        },
        "thread_ts": "1629959762.006000",
        "parent_user_id": "U01QM0009D3"
    }
]