[
    {
        "type": "message",
        "text": "Here's the updated Venn Diagram, but the numbers still don't add up :0 For example, for the Hays circle, should the numbers that represent data unique to Hays (5776), the overlaps between Hays and Lewis (430082727), and the overlaps between Hays and OG (501964981) add up to 503572397bp? However, I'm assuming the \"Hays &amp; Lewis\" and \"Hays &amp; OG\" circles have overlaps too, so wouldn't this make the numbers not add up?",
        "files": [
            {
                "id": "F02NTQX2Z0A",
                "created": 1638145550,
                "timestamp": 1638145550,
                "name": "Screen Shot 2021-11-28 at 4.24.53 PM.png",
                "title": "Screen Shot 2021-11-28 at 4.24.53 PM.png",
                "mimetype": "image\/png",
                "filetype": "png",
                "pretty_type": "PNG",
                "user": "U01QM0009D3",
                "user_team": "T017P3M8W7K",
                "editable": false,
                "size": 137665,
                "mode": "hosted",
                "is_external": false,
                "external_type": "",
                "is_public": true,
                "public_url_shared": false,
                "display_as_bot": false,
                "username": "",
                "url_private": "https:\/\/files.slack.com\/files-pri\/T017P3M8W7K-F02NTQX2Z0A\/screen_shot_2021-11-28_at_4.24.53_pm.png?t=xoxe-1261123302257-6395895314663-6407612319125-137f2171a6b5696e8e285d5b7bbfa693",
                "url_private_download": "https:\/\/files.slack.com\/files-pri\/T017P3M8W7K-F02NTQX2Z0A\/download\/screen_shot_2021-11-28_at_4.24.53_pm.png?t=xoxe-1261123302257-6395895314663-6407612319125-137f2171a6b5696e8e285d5b7bbfa693",
                "media_display_type": "unknown",
                "thumb_64": "https:\/\/files.slack.com\/files-tmb\/T017P3M8W7K-F02NTQX2Z0A-78861db4c3\/screen_shot_2021-11-28_at_4.24.53_pm_64.png?t=xoxe-1261123302257-6395895314663-6407612319125-137f2171a6b5696e8e285d5b7bbfa693",
                "thumb_80": "https:\/\/files.slack.com\/files-tmb\/T017P3M8W7K-F02NTQX2Z0A-78861db4c3\/screen_shot_2021-11-28_at_4.24.53_pm_80.png?t=xoxe-1261123302257-6395895314663-6407612319125-137f2171a6b5696e8e285d5b7bbfa693",
                "thumb_360": "https:\/\/files.slack.com\/files-tmb\/T017P3M8W7K-F02NTQX2Z0A-78861db4c3\/screen_shot_2021-11-28_at_4.24.53_pm_360.png?t=xoxe-1261123302257-6395895314663-6407612319125-137f2171a6b5696e8e285d5b7bbfa693",
                "thumb_360_w": 360,
                "thumb_360_h": 345,
                "thumb_480": "https:\/\/files.slack.com\/files-tmb\/T017P3M8W7K-F02NTQX2Z0A-78861db4c3\/screen_shot_2021-11-28_at_4.24.53_pm_480.png?t=xoxe-1261123302257-6395895314663-6407612319125-137f2171a6b5696e8e285d5b7bbfa693",
                "thumb_480_w": 480,
                "thumb_480_h": 460,
                "thumb_160": "https:\/\/files.slack.com\/files-tmb\/T017P3M8W7K-F02NTQX2Z0A-78861db4c3\/screen_shot_2021-11-28_at_4.24.53_pm_160.png?t=xoxe-1261123302257-6395895314663-6407612319125-137f2171a6b5696e8e285d5b7bbfa693",
                "thumb_720": "https:\/\/files.slack.com\/files-tmb\/T017P3M8W7K-F02NTQX2Z0A-78861db4c3\/screen_shot_2021-11-28_at_4.24.53_pm_720.png?t=xoxe-1261123302257-6395895314663-6407612319125-137f2171a6b5696e8e285d5b7bbfa693",
                "thumb_720_w": 720,
                "thumb_720_h": 689,
                "thumb_800": "https:\/\/files.slack.com\/files-tmb\/T017P3M8W7K-F02NTQX2Z0A-78861db4c3\/screen_shot_2021-11-28_at_4.24.53_pm_800.png?t=xoxe-1261123302257-6395895314663-6407612319125-137f2171a6b5696e8e285d5b7bbfa693",
                "thumb_800_w": 800,
                "thumb_800_h": 766,
                "thumb_960": "https:\/\/files.slack.com\/files-tmb\/T017P3M8W7K-F02NTQX2Z0A-78861db4c3\/screen_shot_2021-11-28_at_4.24.53_pm_960.png?t=xoxe-1261123302257-6395895314663-6407612319125-137f2171a6b5696e8e285d5b7bbfa693",
                "thumb_960_w": 960,
                "thumb_960_h": 919,
                "thumb_1024": "https:\/\/files.slack.com\/files-tmb\/T017P3M8W7K-F02NTQX2Z0A-78861db4c3\/screen_shot_2021-11-28_at_4.24.53_pm_1024.png?t=xoxe-1261123302257-6395895314663-6407612319125-137f2171a6b5696e8e285d5b7bbfa693",
                "thumb_1024_w": 1024,
                "thumb_1024_h": 980,
                "image_exif_rotation": 1,
                "original_w": 1339,
                "original_h": 1282,
                "thumb_tiny": "AwAtADDSJ5wOtNJ5\/iNOXpn1pe9ADe2QT9DRnjJz9BSnOeO1H8X1oAaDn+8KcDzg0c56DFDdM+lAAPT0oJxxQRn60gz6A0AGBnOc5pOM8HGKdgnjoKTBHHBHvQAoOaD6etJzkYAFKBj60ALSDgkUtIRmgAIBHNAGBxTH4PPP40qcjqQKAHdW+lLR0ooA\/9k=",
                "permalink": "https:\/\/arensburgerla-9bj1862.slack.com\/files\/U01QM0009D3\/F02NTQX2Z0A\/screen_shot_2021-11-28_at_4.24.53_pm.png",
                "permalink_public": "https:\/\/slack-files.com\/T017P3M8W7K-F02NTQX2Z0A-1b9c136e7b",
                "is_starred": false,
                "has_rich_preview": false,
                "file_access": "visible"
            }
        ],
        "upload": false,
        "user": "U01QM0009D3",
        "display_as_bot": false,
        "ts": "1638147070.021500",
        "blocks": [
            {
                "type": "rich_text",
                "block_id": "\/msf8",
                "elements": [
                    {
                        "type": "rich_text_section",
                        "elements": [
                            {
                                "type": "text",
                                "text": "Here's the updated Venn Diagram, but the numbers still don't add up :0 For example, for the Hays circle, should the numbers that represent data unique to Hays (5776), the overlaps between Hays and Lewis (430082727), and the overlaps between Hays and OG (501964981) add up to 503572397bp? However, I'm assuming the \"Hays & Lewis\" and \"Hays & OG\" circles have overlaps too, so wouldn't this make the numbers not add up?"
                            }
                        ]
                    }
                ]
            }
        ],
        "client_msg_id": "2ae2f289-37dd-47f9-9239-328b1fb9acb2",
        "thread_ts": "1638147070.021500",
        "reply_count": 6,
        "reply_users_count": 2,
        "latest_reply": "1638205045.023600",
        "reply_users": [
            "U01793PULLV",
            "U01QM0009D3"
        ],
        "replies": [
            {
                "user": "U01793PULLV",
                "ts": "1638147929.022200"
            },
            {
                "user": "U01QM0009D3",
                "ts": "1638149781.022400"
            },
            {
                "user": "U01QM0009D3",
                "ts": "1638150373.022600"
            },
            {
                "user": "U01QM0009D3",
                "ts": "1638150419.023000"
            },
            {
                "user": "U01QM0009D3",
                "ts": "1638150444.023400"
            },
            {
                "user": "U01793PULLV",
                "ts": "1638205045.023600"
            }
        ],
        "is_locked": false,
        "subscribed": true,
        "last_read": "1638205045.023600"
    },
    {
        "client_msg_id": "43806a93-46c0-4382-a668-f51b15e7aa88",
        "type": "message",
        "text": "You're right that the numbers don't add up. If the total number of sequences in the \"Hays\" data set is 503572397, then the numbers in the \"Hays\" circle cannot add up up to more than that number (as they do in the figure you have). So something is still not right. :anguished:",
        "user": "U01793PULLV",
        "ts": "1638147929.022200",
        "blocks": [
            {
                "type": "rich_text",
                "block_id": "Kw89",
                "elements": [
                    {
                        "type": "rich_text_section",
                        "elements": [
                            {
                                "type": "text",
                                "text": "You're right that the numbers don't add up. If the total number of sequences in the \"Hays\" data set is 503572397, then the numbers in the \"Hays\" circle cannot add up up to more than that number (as they do in the figure you have). So something is still not right. "
                            },
                            {
                                "type": "emoji",
                                "name": "anguished",
                                "unicode": "1f627"
                            }
                        ]
                    }
                ]
            }
        ],
        "team": "T017P3M8W7K",
        "user_team": "T017P3M8W7K",
        "source_team": "T017P3M8W7K",
        "user_profile": {
            "avatar_hash": "743a9fc0b5f6",
            "image_72": "https:\/\/avatars.slack-edge.com\/2022-06-30\/3731255580839_743a9fc0b5f63f195af3_72.jpg",
            "first_name": "parensburger",
            "real_name": "parensburger",
            "display_name": "Peter",
            "team": "T017P3M8W7K",
            "name": "parensburger",
            "is_restricted": false,
            "is_ultra_restricted": false
        },
        "thread_ts": "1638147070.021500",
        "parent_user_id": "U01QM0009D3"
    },
    {
        "client_msg_id": "4855750b-8025-47d4-a56c-b140e4f93d73",
        "type": "message",
        "text": "Maybe it's because I haven't accounted for data in the innermost circle yet. I'll send an example to show what I mean in a minute",
        "user": "U01QM0009D3",
        "ts": "1638149781.022400",
        "blocks": [
            {
                "type": "rich_text",
                "block_id": "tkYr",
                "elements": [
                    {
                        "type": "rich_text_section",
                        "elements": [
                            {
                                "type": "text",
                                "text": "Maybe it's because I haven't accounted for data in the innermost circle yet. I'll send an example to show what I mean in a minute"
                            }
                        ]
                    }
                ]
            }
        ],
        "team": "T017P3M8W7K",
        "user_team": "T017P3M8W7K",
        "source_team": "T017P3M8W7K",
        "user_profile": {
            "avatar_hash": "88a6cc2d842b",
            "image_72": "https:\/\/avatars.slack-edge.com\/2021-05-08\/2044578307474_88a6cc2d842bdc068cdb_72.png",
            "first_name": "Emi",
            "real_name": "Emi Hays",
            "display_name": "Emi Hays",
            "team": "T017P3M8W7K",
            "name": "emhays01",
            "is_restricted": false,
            "is_ultra_restricted": false
        },
        "thread_ts": "1638147070.021500",
        "parent_user_id": "U01QM0009D3"
    },
    {
        "type": "message",
        "text": "These are 3 lists of 6 random animals in a venn diagram. The numbers in each circle add up to 6, as expected.",
        "files": [
            {
                "id": "F02NR084Y7P",
                "created": 1638150016,
                "timestamp": 1638150016,
                "name": "Screen Shot 2021-11-28 at 5.38.12 PM.png",
                "title": "Screen Shot 2021-11-28 at 5.38.12 PM.png",
                "mimetype": "image\/png",
                "filetype": "png",
                "pretty_type": "PNG",
                "user": "U01QM0009D3",
                "user_team": "T017P3M8W7K",
                "editable": false,
                "size": 169967,
                "mode": "hosted",
                "is_external": false,
                "external_type": "",
                "is_public": true,
                "public_url_shared": false,
                "display_as_bot": false,
                "username": "",
                "url_private": "https:\/\/files.slack.com\/files-pri\/T017P3M8W7K-F02NR084Y7P\/screen_shot_2021-11-28_at_5.38.12_pm.png?t=xoxe-1261123302257-6395895314663-6407612319125-137f2171a6b5696e8e285d5b7bbfa693",
                "url_private_download": "https:\/\/files.slack.com\/files-pri\/T017P3M8W7K-F02NR084Y7P\/download\/screen_shot_2021-11-28_at_5.38.12_pm.png?t=xoxe-1261123302257-6395895314663-6407612319125-137f2171a6b5696e8e285d5b7bbfa693",
                "media_display_type": "unknown",
                "thumb_64": "https:\/\/files.slack.com\/files-tmb\/T017P3M8W7K-F02NR084Y7P-f586f57c34\/screen_shot_2021-11-28_at_5.38.12_pm_64.png?t=xoxe-1261123302257-6395895314663-6407612319125-137f2171a6b5696e8e285d5b7bbfa693",
                "thumb_80": "https:\/\/files.slack.com\/files-tmb\/T017P3M8W7K-F02NR084Y7P-f586f57c34\/screen_shot_2021-11-28_at_5.38.12_pm_80.png?t=xoxe-1261123302257-6395895314663-6407612319125-137f2171a6b5696e8e285d5b7bbfa693",
                "thumb_360": "https:\/\/files.slack.com\/files-tmb\/T017P3M8W7K-F02NR084Y7P-f586f57c34\/screen_shot_2021-11-28_at_5.38.12_pm_360.png?t=xoxe-1261123302257-6395895314663-6407612319125-137f2171a6b5696e8e285d5b7bbfa693",
                "thumb_360_w": 360,
                "thumb_360_h": 327,
                "thumb_480": "https:\/\/files.slack.com\/files-tmb\/T017P3M8W7K-F02NR084Y7P-f586f57c34\/screen_shot_2021-11-28_at_5.38.12_pm_480.png?t=xoxe-1261123302257-6395895314663-6407612319125-137f2171a6b5696e8e285d5b7bbfa693",
                "thumb_480_w": 480,
                "thumb_480_h": 435,
                "thumb_160": "https:\/\/files.slack.com\/files-tmb\/T017P3M8W7K-F02NR084Y7P-f586f57c34\/screen_shot_2021-11-28_at_5.38.12_pm_160.png?t=xoxe-1261123302257-6395895314663-6407612319125-137f2171a6b5696e8e285d5b7bbfa693",
                "thumb_720": "https:\/\/files.slack.com\/files-tmb\/T017P3M8W7K-F02NR084Y7P-f586f57c34\/screen_shot_2021-11-28_at_5.38.12_pm_720.png?t=xoxe-1261123302257-6395895314663-6407612319125-137f2171a6b5696e8e285d5b7bbfa693",
                "thumb_720_w": 720,
                "thumb_720_h": 653,
                "thumb_800": "https:\/\/files.slack.com\/files-tmb\/T017P3M8W7K-F02NR084Y7P-f586f57c34\/screen_shot_2021-11-28_at_5.38.12_pm_800.png?t=xoxe-1261123302257-6395895314663-6407612319125-137f2171a6b5696e8e285d5b7bbfa693",
                "thumb_800_w": 800,
                "thumb_800_h": 726,
                "thumb_960": "https:\/\/files.slack.com\/files-tmb\/T017P3M8W7K-F02NR084Y7P-f586f57c34\/screen_shot_2021-11-28_at_5.38.12_pm_960.png?t=xoxe-1261123302257-6395895314663-6407612319125-137f2171a6b5696e8e285d5b7bbfa693",
                "thumb_960_w": 960,
                "thumb_960_h": 871,
                "thumb_1024": "https:\/\/files.slack.com\/files-tmb\/T017P3M8W7K-F02NR084Y7P-f586f57c34\/screen_shot_2021-11-28_at_5.38.12_pm_1024.png?t=xoxe-1261123302257-6395895314663-6407612319125-137f2171a6b5696e8e285d5b7bbfa693",
                "thumb_1024_w": 1024,
                "thumb_1024_h": 929,
                "image_exif_rotation": 1,
                "original_w": 1560,
                "original_h": 1415,
                "thumb_tiny": "AwArADDRKknrSEEfxU88Ckxge5oAQe+TRxS5xk0nTnv3oAXPsaXOaTvR70AB6UdRS00ggcd6AExxxjFGSe9OycdKbg54oAd1oPTHrSc8cUoHc9aAFpD0paKAE6igdaR+BkdaaCcgZoAf1P0paOlFAH\/\/2Q==",
                "permalink": "https:\/\/arensburgerla-9bj1862.slack.com\/files\/U01QM0009D3\/F02NR084Y7P\/screen_shot_2021-11-28_at_5.38.12_pm.png",
                "permalink_public": "https:\/\/slack-files.com\/T017P3M8W7K-F02NR084Y7P-1e9178d6e9",
                "is_starred": false,
                "has_rich_preview": false,
                "file_access": "visible"
            }
        ],
        "upload": false,
        "user": "U01QM0009D3",
        "display_as_bot": false,
        "ts": "1638150373.022600",
        "blocks": [
            {
                "type": "rich_text",
                "block_id": "ZJlkO",
                "elements": [
                    {
                        "type": "rich_text_section",
                        "elements": [
                            {
                                "type": "text",
                                "text": "These are 3 lists of 6 random animals in a venn diagram. The numbers in each circle add up to 6, as expected."
                            }
                        ]
                    }
                ]
            }
        ],
        "client_msg_id": "beb32d75-db2c-49ed-8ed0-fa423d18e337",
        "thread_ts": "1638147070.021500",
        "parent_user_id": "U01QM0009D3"
    },
    {
        "type": "message",
        "text": "However, if I exclude the middle circle, there are repeats in the sections that show overlaps between only 2 datasets, such as cats and bunnies, This makes the sum of animals in each circle inaccurate (8 instead of 6).",
        "files": [
            {
                "id": "F02NR0HGN77",
                "created": 1638150406,
                "timestamp": 1638150406,
                "name": "Screen Shot 2021-11-28 at 5.46.33 PM.png",
                "title": "Screen Shot 2021-11-28 at 5.46.33 PM.png",
                "mimetype": "image\/png",
                "filetype": "png",
                "pretty_type": "PNG",
                "user": "U01QM0009D3",
                "user_team": "T017P3M8W7K",
                "editable": false,
                "size": 140561,
                "mode": "hosted",
                "is_external": false,
                "external_type": "",
                "is_public": true,
                "public_url_shared": false,
                "display_as_bot": false,
                "username": "",
                "url_private": "https:\/\/files.slack.com\/files-pri\/T017P3M8W7K-F02NR0HGN77\/screen_shot_2021-11-28_at_5.46.33_pm.png?t=xoxe-1261123302257-6395895314663-6407612319125-137f2171a6b5696e8e285d5b7bbfa693",
                "url_private_download": "https:\/\/files.slack.com\/files-pri\/T017P3M8W7K-F02NR0HGN77\/download\/screen_shot_2021-11-28_at_5.46.33_pm.png?t=xoxe-1261123302257-6395895314663-6407612319125-137f2171a6b5696e8e285d5b7bbfa693",
                "media_display_type": "unknown",
                "thumb_64": "https:\/\/files.slack.com\/files-tmb\/T017P3M8W7K-F02NR0HGN77-8f0f1e14a4\/screen_shot_2021-11-28_at_5.46.33_pm_64.png?t=xoxe-1261123302257-6395895314663-6407612319125-137f2171a6b5696e8e285d5b7bbfa693",
                "thumb_80": "https:\/\/files.slack.com\/files-tmb\/T017P3M8W7K-F02NR0HGN77-8f0f1e14a4\/screen_shot_2021-11-28_at_5.46.33_pm_80.png?t=xoxe-1261123302257-6395895314663-6407612319125-137f2171a6b5696e8e285d5b7bbfa693",
                "thumb_360": "https:\/\/files.slack.com\/files-tmb\/T017P3M8W7K-F02NR0HGN77-8f0f1e14a4\/screen_shot_2021-11-28_at_5.46.33_pm_360.png?t=xoxe-1261123302257-6395895314663-6407612319125-137f2171a6b5696e8e285d5b7bbfa693",
                "thumb_360_w": 355,
                "thumb_360_h": 360,
                "thumb_480": "https:\/\/files.slack.com\/files-tmb\/T017P3M8W7K-F02NR0HGN77-8f0f1e14a4\/screen_shot_2021-11-28_at_5.46.33_pm_480.png?t=xoxe-1261123302257-6395895314663-6407612319125-137f2171a6b5696e8e285d5b7bbfa693",
                "thumb_480_w": 474,
                "thumb_480_h": 480,
                "thumb_160": "https:\/\/files.slack.com\/files-tmb\/T017P3M8W7K-F02NR0HGN77-8f0f1e14a4\/screen_shot_2021-11-28_at_5.46.33_pm_160.png?t=xoxe-1261123302257-6395895314663-6407612319125-137f2171a6b5696e8e285d5b7bbfa693",
                "thumb_720": "https:\/\/files.slack.com\/files-tmb\/T017P3M8W7K-F02NR0HGN77-8f0f1e14a4\/screen_shot_2021-11-28_at_5.46.33_pm_720.png?t=xoxe-1261123302257-6395895314663-6407612319125-137f2171a6b5696e8e285d5b7bbfa693",
                "thumb_720_w": 710,
                "thumb_720_h": 720,
                "thumb_800": "https:\/\/files.slack.com\/files-tmb\/T017P3M8W7K-F02NR0HGN77-8f0f1e14a4\/screen_shot_2021-11-28_at_5.46.33_pm_800.png?t=xoxe-1261123302257-6395895314663-6407612319125-137f2171a6b5696e8e285d5b7bbfa693",
                "thumb_800_w": 800,
                "thumb_800_h": 811,
                "thumb_960": "https:\/\/files.slack.com\/files-tmb\/T017P3M8W7K-F02NR0HGN77-8f0f1e14a4\/screen_shot_2021-11-28_at_5.46.33_pm_960.png?t=xoxe-1261123302257-6395895314663-6407612319125-137f2171a6b5696e8e285d5b7bbfa693",
                "thumb_960_w": 947,
                "thumb_960_h": 960,
                "thumb_1024": "https:\/\/files.slack.com\/files-tmb\/T017P3M8W7K-F02NR0HGN77-8f0f1e14a4\/screen_shot_2021-11-28_at_5.46.33_pm_1024.png?t=xoxe-1261123302257-6395895314663-6407612319125-137f2171a6b5696e8e285d5b7bbfa693",
                "thumb_1024_w": 1010,
                "thumb_1024_h": 1024,
                "image_exif_rotation": 1,
                "original_w": 1337,
                "original_h": 1355,
                "thumb_tiny": "AwAwAC\/SOOgAzSY\/zilXpn1pM\/nQAElff2o5Izn8qD97vxQOp96ADnsfzpQc\/WjvSE4w1ACr0x6Uh9BSkdx1pByOQaAEA+Y5Jo6E4PT1oxngDHvRg+n5UAOHNIwzhaMnPA6+tKBj60ALSD09KWkI\/OgAI56UDpSHPcUvJ9qADq30paAMUUAf\/9k=",
                "permalink": "https:\/\/arensburgerla-9bj1862.slack.com\/files\/U01QM0009D3\/F02NR0HGN77\/screen_shot_2021-11-28_at_5.46.33_pm.png",
                "permalink_public": "https:\/\/slack-files.com\/T017P3M8W7K-F02NR0HGN77-cd1b663346",
                "is_starred": false,
                "has_rich_preview": false,
                "file_access": "visible"
            }
        ],
        "upload": false,
        "user": "U01QM0009D3",
        "display_as_bot": false,
        "ts": "1638150419.023000",
        "blocks": [
            {
                "type": "rich_text",
                "block_id": "JJ7U",
                "elements": [
                    {
                        "type": "rich_text_section",
                        "elements": [
                            {
                                "type": "text",
                                "text": "However, if I exclude the middle circle, there are repeats in the sections that show overlaps between only 2 datasets, such as cats and bunnies, This makes the sum of animals in each circle inaccurate (8 instead of 6)."
                            }
                        ]
                    }
                ]
            }
        ],
        "client_msg_id": "67260c54-4a8b-4561-b553-36df0c44dd22",
        "thread_ts": "1638147070.021500",
        "parent_user_id": "U01QM0009D3"
    },
    {
        "client_msg_id": "bd8006c9-7050-43e6-9507-4f5d5e8ec6bd",
        "type": "message",
        "text": "Could the same problem apply to the spider TE venn diagram?",
        "user": "U01QM0009D3",
        "ts": "1638150444.023400",
        "blocks": [
            {
                "type": "rich_text",
                "block_id": "nZA+",
                "elements": [
                    {
                        "type": "rich_text_section",
                        "elements": [
                            {
                                "type": "text",
                                "text": "Could the same problem apply to the spider TE venn diagram?"
                            }
                        ]
                    }
                ]
            }
        ],
        "team": "T017P3M8W7K",
        "user_team": "T017P3M8W7K",
        "source_team": "T017P3M8W7K",
        "user_profile": {
            "avatar_hash": "88a6cc2d842b",
            "image_72": "https:\/\/avatars.slack-edge.com\/2021-05-08\/2044578307474_88a6cc2d842bdc068cdb_72.png",
            "first_name": "Emi",
            "real_name": "Emi Hays",
            "display_name": "Emi Hays",
            "team": "T017P3M8W7K",
            "name": "emhays01",
            "is_restricted": false,
            "is_ultra_restricted": false
        },
        "thread_ts": "1638147070.021500",
        "parent_user_id": "U01QM0009D3"
    }
]