[
    {
        "client_msg_id": "6821d43a-b81f-444b-bead-d97ddaf90066",
        "type": "message",
        "text": "How do I make sure they are limited to proteins? I've been looking through the site, but they all appear to be based on nucleotides",
        "user": "U01QM0009D3",
        "ts": "1615950470.000500",
        "blocks": [
            {
                "type": "rich_text",
                "block_id": "u1w",
                "elements": [
                    {
                        "type": "rich_text_section",
                        "elements": [
                            {
                                "type": "text",
                                "text": "How do I make sure they are limited to proteins? I've been looking through the site, but they all appear to be based on nucleotides"
                            }
                        ]
                    }
                ]
            }
        ],
        "team": "T017P3M8W7K",
        "user_team": "T017P3M8W7K",
        "source_team": "T017P3M8W7K",
        "user_profile": {
            "avatar_hash": "88a6cc2d842b",
            "image_72": "https:\/\/avatars.slack-edge.com\/2021-05-08\/2044578307474_88a6cc2d842bdc068cdb_72.png",
            "first_name": "Emi",
            "real_name": "Emi Hays",
            "display_name": "Emi Hays",
            "team": "T017P3M8W7K",
            "name": "emhays01",
            "is_restricted": false,
            "is_ultra_restricted": false
        }
    }
]