[
    {
        "client_msg_id": "a4faa622-362c-49bc-9458-f5f5df34fc75",
        "type": "message",
        "text": "For your question if the RepeatMasker data is still accurate, should I re-run it to double check?",
        "user": "U01QM0009D3",
        "ts": "1623095547.000600",
        "blocks": [
            {
                "type": "rich_text",
                "block_id": "K+QY",
                "elements": [
                    {
                        "type": "rich_text_section",
                        "elements": [
                            {
                                "type": "text",
                                "text": "For your question if the RepeatMasker data is still accurate, should I re-run it to double check?"
                            }
                        ]
                    }
                ]
            }
        ],
        "team": "T017P3M8W7K",
        "user_team": "T017P3M8W7K",
        "source_team": "T017P3M8W7K",
        "user_profile": {
            "avatar_hash": "88a6cc2d842b",
            "image_72": "https:\/\/avatars.slack-edge.com\/2021-05-08\/2044578307474_88a6cc2d842bdc068cdb_72.png",
            "first_name": "Emi",
            "real_name": "Emi Hays",
            "display_name": "Emi Hays",
            "team": "T017P3M8W7K",
            "name": "emhays01",
            "is_restricted": false,
            "is_ultra_restricted": false
        },
        "thread_ts": "1623095547.000600",
        "reply_count": 4,
        "reply_users_count": 2,
        "latest_reply": "1623715553.001000",
        "reply_users": [
            "U01793PULLV",
            "U01QM0009D3"
        ],
        "replies": [
            {
                "user": "U01793PULLV",
                "ts": "1623165736.000100"
            },
            {
                "user": "U01793PULLV",
                "ts": "1623715209.000100"
            },
            {
                "user": "U01QM0009D3",
                "ts": "1623715542.000600"
            },
            {
                "user": "U01QM0009D3",
                "ts": "1623715553.001000"
            }
        ],
        "is_locked": false,
        "subscribed": true,
        "last_read": "1623715553.001000"
    },
    {
        "client_msg_id": "48dee0fb-04e0-4832-a9c6-62d0a8f36171",
        "type": "message",
        "text": "And for the E-value cut off, I used one at first, but I re-did that step a few times and I don't think I included it in the file I ended up using. I narrowed the matches down to the top 1 per each query for the lewis &amp; hays files (e.g. hays%_toL.txt), though. Should I try this out again with the blast file that has an e-value cut off (I did 1e-6)?",
        "user": "U01QM0009D3",
        "ts": "1623095778.003400",
        "blocks": [
            {
                "type": "rich_text",
                "block_id": "IMyl",
                "elements": [
                    {
                        "type": "rich_text_section",
                        "elements": [
                            {
                                "type": "text",
                                "text": "And for the E-value cut off, I used one at first, but I re-did that step a few times and I don't think I included it in the file I ended up using. I narrowed the matches down to the top 1 per each query for the lewis & hays files (e.g. hays%_toL.txt), though. Should I try this out again with the blast file that has an e-value cut off (I did 1e-6)?"
                            }
                        ]
                    }
                ]
            }
        ],
        "team": "T017P3M8W7K",
        "user_team": "T017P3M8W7K",
        "source_team": "T017P3M8W7K",
        "user_profile": {
            "avatar_hash": "88a6cc2d842b",
            "image_72": "https:\/\/avatars.slack-edge.com\/2021-05-08\/2044578307474_88a6cc2d842bdc068cdb_72.png",
            "first_name": "Emi",
            "real_name": "Emi Hays",
            "display_name": "Emi Hays",
            "team": "T017P3M8W7K",
            "name": "emhays01",
            "is_restricted": false,
            "is_ultra_restricted": false
        },
        "thread_ts": "1623095778.003400",
        "reply_count": 2,
        "reply_users_count": 2,
        "latest_reply": "1623214062.000200",
        "reply_users": [
            "U01793PULLV",
            "U01QM0009D3"
        ],
        "replies": [
            {
                "user": "U01793PULLV",
                "ts": "1623165828.000300"
            },
            {
                "user": "U01QM0009D3",
                "ts": "1623214062.000200"
            }
        ],
        "is_locked": false,
        "subscribed": true,
        "last_read": "1623214062.000200"
    }
]