[
    {
        "type": "message",
        "text": "So in this example, would it be 370bp\/400bp? ",
        "files": [
            {
                "id": "F021AP5KJ3V",
                "created": 1620459579,
                "timestamp": 1620459579,
                "name": "Image from iOS.jpg",
                "title": "Image from iOS",
                "mimetype": "image\/jpeg",
                "filetype": "jpg",
                "pretty_type": "JPEG",
                "user": "U01QM0009D3",
                "user_team": "T017P3M8W7K",
                "editable": false,
                "size": 133972,
                "mode": "hosted",
                "is_external": false,
                "external_type": "",
                "is_public": true,
                "public_url_shared": false,
                "display_as_bot": false,
                "username": "",
                "url_private": "https:\/\/files.slack.com\/files-pri\/T017P3M8W7K-F021AP5KJ3V\/image_from_ios.jpg?t=xoxe-1261123302257-6395895314663-6407612319125-137f2171a6b5696e8e285d5b7bbfa693",
                "url_private_download": "https:\/\/files.slack.com\/files-pri\/T017P3M8W7K-F021AP5KJ3V\/download\/image_from_ios.jpg?t=xoxe-1261123302257-6395895314663-6407612319125-137f2171a6b5696e8e285d5b7bbfa693",
                "media_display_type": "unknown",
                "thumb_64": "https:\/\/files.slack.com\/files-tmb\/T017P3M8W7K-F021AP5KJ3V-f3a3c9145b\/image_from_ios_64.jpg?t=xoxe-1261123302257-6395895314663-6407612319125-137f2171a6b5696e8e285d5b7bbfa693",
                "thumb_80": "https:\/\/files.slack.com\/files-tmb\/T017P3M8W7K-F021AP5KJ3V-f3a3c9145b\/image_from_ios_80.jpg?t=xoxe-1261123302257-6395895314663-6407612319125-137f2171a6b5696e8e285d5b7bbfa693",
                "thumb_360": "https:\/\/files.slack.com\/files-tmb\/T017P3M8W7K-F021AP5KJ3V-f3a3c9145b\/image_from_ios_360.jpg?t=xoxe-1261123302257-6395895314663-6407612319125-137f2171a6b5696e8e285d5b7bbfa693",
                "thumb_360_w": 360,
                "thumb_360_h": 307,
                "thumb_480": "https:\/\/files.slack.com\/files-tmb\/T017P3M8W7K-F021AP5KJ3V-f3a3c9145b\/image_from_ios_480.jpg?t=xoxe-1261123302257-6395895314663-6407612319125-137f2171a6b5696e8e285d5b7bbfa693",
                "thumb_480_w": 480,
                "thumb_480_h": 409,
                "thumb_160": "https:\/\/files.slack.com\/files-tmb\/T017P3M8W7K-F021AP5KJ3V-f3a3c9145b\/image_from_ios_160.jpg?t=xoxe-1261123302257-6395895314663-6407612319125-137f2171a6b5696e8e285d5b7bbfa693",
                "thumb_720": "https:\/\/files.slack.com\/files-tmb\/T017P3M8W7K-F021AP5KJ3V-f3a3c9145b\/image_from_ios_720.jpg?t=xoxe-1261123302257-6395895314663-6407612319125-137f2171a6b5696e8e285d5b7bbfa693",
                "thumb_720_w": 720,
                "thumb_720_h": 614,
                "thumb_800": "https:\/\/files.slack.com\/files-tmb\/T017P3M8W7K-F021AP5KJ3V-f3a3c9145b\/image_from_ios_800.jpg?t=xoxe-1261123302257-6395895314663-6407612319125-137f2171a6b5696e8e285d5b7bbfa693",
                "thumb_800_w": 800,
                "thumb_800_h": 682,
                "thumb_960": "https:\/\/files.slack.com\/files-tmb\/T017P3M8W7K-F021AP5KJ3V-f3a3c9145b\/image_from_ios_960.jpg?t=xoxe-1261123302257-6395895314663-6407612319125-137f2171a6b5696e8e285d5b7bbfa693",
                "thumb_960_w": 960,
                "thumb_960_h": 819,
                "thumb_1024": "https:\/\/files.slack.com\/files-tmb\/T017P3M8W7K-F021AP5KJ3V-f3a3c9145b\/image_from_ios_1024.jpg?t=xoxe-1261123302257-6395895314663-6407612319125-137f2171a6b5696e8e285d5b7bbfa693",
                "thumb_1024_w": 1024,
                "thumb_1024_h": 873,
                "original_w": 1154,
                "original_h": 984,
                "thumb_tiny": "AwAoADCqOnReR19KRhtONy\/lTT1p\/foKAG9\/vD8qbk+35VJ+Ao\/AUARk5pKl\/wCAimN3oAU078DTe9O49f8AP5UAJ+dL+BpPxpfx\/wA\/lQAmPY01u9Oz701u9ACnrTufUf5\/Gmnr+VL3oAXn1FNLkU6ozQAu8+1ITmkooA\/\/2Q==",
                "permalink": "https:\/\/arensburgerla-9bj1862.slack.com\/files\/U01QM0009D3\/F021AP5KJ3V\/image_from_ios.jpg",
                "permalink_public": "https:\/\/slack-files.com\/T017P3M8W7K-F021AP5KJ3V-a963b3a385",
                "is_starred": false,
                "has_rich_preview": false,
                "file_access": "visible"
            }
        ],
        "upload": false,
        "user": "U01QM0009D3",
        "display_as_bot": false,
        "ts": "1620459676.008700",
        "blocks": [
            {
                "type": "rich_text",
                "block_id": "S0+",
                "elements": [
                    {
                        "type": "rich_text_section",
                        "elements": [
                            {
                                "type": "text",
                                "text": "So in this example, would it be 370bp\/400bp? "
                            }
                        ]
                    }
                ]
            }
        ],
        "client_msg_id": "5E7D9212-2C13-4483-82B8-EC9D97DB0F9C"
    },
    {
        "client_msg_id": "e75895a6-a336-42f8-9bf1-0e57d28922f6",
        "type": "message",
        "text": "Yes. And if I assume that this 400bp element is one that you found, then that would be the percent for part 3) from the Tuesday post; for part 4) it would be 370bp\/(length of the Lewis element)",
        "user": "U01793PULLV",
        "ts": "1620480960.010700",
        "blocks": [
            {
                "type": "rich_text",
                "block_id": "8lX",
                "elements": [
                    {
                        "type": "rich_text_section",
                        "elements": [
                            {
                                "type": "text",
                                "text": "Yes. And if I assume that this 400bp element is one that you found, then that would be the percent for part 3) from the Tuesday post; for part 4) it would be 370bp\/(length of the Lewis element)"
                            }
                        ]
                    }
                ]
            }
        ],
        "team": "T017P3M8W7K",
        "user_team": "T017P3M8W7K",
        "source_team": "T017P3M8W7K",
        "user_profile": {
            "avatar_hash": "743a9fc0b5f6",
            "image_72": "https:\/\/avatars.slack-edge.com\/2022-06-30\/3731255580839_743a9fc0b5f63f195af3_72.jpg",
            "first_name": "parensburger",
            "real_name": "parensburger",
            "display_name": "Peter",
            "team": "T017P3M8W7K",
            "name": "parensburger",
            "is_restricted": false,
            "is_ultra_restricted": false
        }
    }
]