[
    {
        "type": "message",
        "text": "I ran the getorf program on the combined databases and named the file \"nucleotide_dbs.orf\", and I named the merged protein sequences \"protein_dbs.fa\". Should I also combine the nucleotide_dbs.orf file with protein_dbs.fa?",
        "files": [
            {
                "id": "F01RPBX59FH",
                "created": 1616478906,
                "timestamp": 1616478906,
                "name": "Screen Shot 2021-03-22 at 10.54.45 PM.png",
                "title": "Screen Shot 2021-03-22 at 10.54.45 PM.png",
                "mimetype": "image\/png",
                "filetype": "png",
                "pretty_type": "PNG",
                "user": "U01QM0009D3",
                "user_team": "T017P3M8W7K",
                "editable": false,
                "size": 80364,
                "mode": "hosted",
                "is_external": false,
                "external_type": "",
                "is_public": true,
                "public_url_shared": false,
                "display_as_bot": false,
                "username": "",
                "url_private": "https:\/\/files.slack.com\/files-pri\/T017P3M8W7K-F01RPBX59FH\/screen_shot_2021-03-22_at_10.54.45_pm.png?t=xoxe-1261123302257-6395895314663-6407612319125-137f2171a6b5696e8e285d5b7bbfa693",
                "url_private_download": "https:\/\/files.slack.com\/files-pri\/T017P3M8W7K-F01RPBX59FH\/download\/screen_shot_2021-03-22_at_10.54.45_pm.png?t=xoxe-1261123302257-6395895314663-6407612319125-137f2171a6b5696e8e285d5b7bbfa693",
                "media_display_type": "unknown",
                "thumb_64": "https:\/\/files.slack.com\/files-tmb\/T017P3M8W7K-F01RPBX59FH-61c3cf187c\/screen_shot_2021-03-22_at_10.54.45_pm_64.png?t=xoxe-1261123302257-6395895314663-6407612319125-137f2171a6b5696e8e285d5b7bbfa693",
                "thumb_80": "https:\/\/files.slack.com\/files-tmb\/T017P3M8W7K-F01RPBX59FH-61c3cf187c\/screen_shot_2021-03-22_at_10.54.45_pm_80.png?t=xoxe-1261123302257-6395895314663-6407612319125-137f2171a6b5696e8e285d5b7bbfa693",
                "thumb_360": "https:\/\/files.slack.com\/files-tmb\/T017P3M8W7K-F01RPBX59FH-61c3cf187c\/screen_shot_2021-03-22_at_10.54.45_pm_360.png?t=xoxe-1261123302257-6395895314663-6407612319125-137f2171a6b5696e8e285d5b7bbfa693",
                "thumb_360_w": 360,
                "thumb_360_h": 138,
                "thumb_480": "https:\/\/files.slack.com\/files-tmb\/T017P3M8W7K-F01RPBX59FH-61c3cf187c\/screen_shot_2021-03-22_at_10.54.45_pm_480.png?t=xoxe-1261123302257-6395895314663-6407612319125-137f2171a6b5696e8e285d5b7bbfa693",
                "thumb_480_w": 480,
                "thumb_480_h": 184,
                "thumb_160": "https:\/\/files.slack.com\/files-tmb\/T017P3M8W7K-F01RPBX59FH-61c3cf187c\/screen_shot_2021-03-22_at_10.54.45_pm_160.png?t=xoxe-1261123302257-6395895314663-6407612319125-137f2171a6b5696e8e285d5b7bbfa693",
                "thumb_720": "https:\/\/files.slack.com\/files-tmb\/T017P3M8W7K-F01RPBX59FH-61c3cf187c\/screen_shot_2021-03-22_at_10.54.45_pm_720.png?t=xoxe-1261123302257-6395895314663-6407612319125-137f2171a6b5696e8e285d5b7bbfa693",
                "thumb_720_w": 720,
                "thumb_720_h": 276,
                "thumb_800": "https:\/\/files.slack.com\/files-tmb\/T017P3M8W7K-F01RPBX59FH-61c3cf187c\/screen_shot_2021-03-22_at_10.54.45_pm_800.png?t=xoxe-1261123302257-6395895314663-6407612319125-137f2171a6b5696e8e285d5b7bbfa693",
                "thumb_800_w": 800,
                "thumb_800_h": 307,
                "thumb_960": "https:\/\/files.slack.com\/files-tmb\/T017P3M8W7K-F01RPBX59FH-61c3cf187c\/screen_shot_2021-03-22_at_10.54.45_pm_960.png?t=xoxe-1261123302257-6395895314663-6407612319125-137f2171a6b5696e8e285d5b7bbfa693",
                "thumb_960_w": 960,
                "thumb_960_h": 368,
                "image_exif_rotation": 1,
                "original_w": 977,
                "original_h": 375,
                "thumb_tiny": "AwASADDQcdTk9PWmBiOc\/r\/9epH6fhUeCe5oAdvIbBxR5h9R\/n8abnjHPvS7WP8A+ugBylmGcjH0p9RhSOq5\/GnDcONvH1oAU01QPQU40goAbtGOgp6gBeKb2py9KAFooooA\/9k=",
                "permalink": "https:\/\/arensburgerla-9bj1862.slack.com\/files\/U01QM0009D3\/F01RPBX59FH\/screen_shot_2021-03-22_at_10.54.45_pm.png",
                "permalink_public": "https:\/\/slack-files.com\/T017P3M8W7K-F01RPBX59FH-e11b0e77ad",
                "is_starred": false,
                "has_rich_preview": false,
                "file_access": "visible"
            }
        ],
        "upload": false,
        "user": "U01QM0009D3",
        "display_as_bot": false,
        "ts": "1616479660.003300",
        "blocks": [
            {
                "type": "rich_text",
                "block_id": "u0G",
                "elements": [
                    {
                        "type": "rich_text_section",
                        "elements": [
                            {
                                "type": "text",
                                "text": "I ran the getorf program on the combined databases and named the file \"nucleotide_dbs.orf\", and I named the merged protein sequences \"protein_dbs.fa\". Should I also combine the nucleotide_dbs.orf file with protein_dbs.fa?"
                            }
                        ]
                    }
                ]
            }
        ]
    }
]