[
    {
        "client_msg_id": "e11c304d-a1b0-4bc9-ad06-228bb077d529",
        "type": "message",
        "text": "Can you post what the error message is?",
        "user": "U01793PULLV",
        "ts": "1622038594.000300",
        "blocks": [
            {
                "type": "rich_text",
                "block_id": "f=Z",
                "elements": [
                    {
                        "type": "rich_text_section",
                        "elements": [
                            {
                                "type": "text",
                                "text": "Can you post what the error message is?"
                            }
                        ]
                    }
                ]
            }
        ],
        "team": "T017P3M8W7K",
        "user_team": "T017P3M8W7K",
        "source_team": "T017P3M8W7K",
        "user_profile": {
            "avatar_hash": "743a9fc0b5f6",
            "image_72": "https:\/\/avatars.slack-edge.com\/2022-06-30\/3731255580839_743a9fc0b5f63f195af3_72.jpg",
            "first_name": "parensburger",
            "real_name": "parensburger",
            "display_name": "Peter",
            "team": "T017P3M8W7K",
            "name": "parensburger",
            "is_restricted": false,
            "is_ultra_restricted": false
        },
        "thread_ts": "1622000884.000100",
        "parent_user_id": "U01QM0009D3"
    },
    {
        "client_msg_id": "7c60bb36-e4da-4094-9a78-bf9036ec3a80",
        "type": "message",
        "text": "\"-bash: syntax error near unexpected token `do'\"",
        "user": "U01QM0009D3",
        "ts": "1622056370.000500",
        "blocks": [
            {
                "type": "rich_text",
                "block_id": "+nAG",
                "elements": [
                    {
                        "type": "rich_text_section",
                        "elements": [
                            {
                                "type": "text",
                                "text": "\"-bash: syntax error near unexpected token `do'\""
                            }
                        ]
                    }
                ]
            }
        ],
        "team": "T017P3M8W7K",
        "user_team": "T017P3M8W7K",
        "source_team": "T017P3M8W7K",
        "user_profile": {
            "avatar_hash": "88a6cc2d842b",
            "image_72": "https:\/\/avatars.slack-edge.com\/2021-05-08\/2044578307474_88a6cc2d842bdc068cdb_72.png",
            "first_name": "Emi",
            "real_name": "Emi Hays",
            "display_name": "Emi Hays",
            "team": "T017P3M8W7K",
            "name": "emhays01",
            "is_restricted": false,
            "is_ultra_restricted": false
        }
    },
    {
        "client_msg_id": "ab91537a-b5a7-47fb-b0be-d13b581e0443",
        "type": "message",
        "text": "Hmmm, no obvious error stands out to me in you bash command, but I'm not an expert in bash commands. Regarding using \"nohup\" you'll have to make a shell script. That's really easy, you just put create a file (let's name it rs.sh for example) that has as line 1: _*#!\/bin\/bash*_, and as the following lines whatever you want it to do (i.e. your bash commands). You then launch this script by typing _*sh rs.sh*_ on the command line. However, this will interrupt when you log out. To keep it running in the background with nohup you'd type on the command line _*nohup sh rs.sh &amp;*_ this will send the output of the command into a file called \"nohup.out\". Let me know if this helps.",
        "user": "U01793PULLV",
        "ts": "1622066939.007000",
        "blocks": [
            {
                "type": "rich_text",
                "block_id": "WRerQ",
                "elements": [
                    {
                        "type": "rich_text_section",
                        "elements": [
                            {
                                "type": "text",
                                "text": "Hmmm, no obvious error stands out to me in you bash command, but I'm not an expert in bash commands. Regarding using \"nohup\" you'll have to make a shell script. That's really easy, you just put create a file (let's name it rs.sh for example) that has as line 1: "
                            },
                            {
                                "type": "text",
                                "text": "#!\/bin\/bash",
                                "style": {
                                    "bold": true,
                                    "italic": true
                                }
                            },
                            {
                                "type": "text",
                                "text": ", and as the following lines whatever you want it to do (i.e. your bash commands). You then launch this script by typing "
                            },
                            {
                                "type": "text",
                                "text": "sh rs.sh",
                                "style": {
                                    "bold": true,
                                    "italic": true
                                }
                            },
                            {
                                "type": "text",
                                "text": " on the command line. However, this will interrupt when you log out. To keep it running in the background with nohup you'd type on the command line "
                            },
                            {
                                "type": "text",
                                "text": "nohup sh rs.sh &",
                                "style": {
                                    "bold": true,
                                    "italic": true
                                }
                            },
                            {
                                "type": "text",
                                "text": " this will send the output of the command into a file called \"nohup.out\". Let me know if this helps."
                            }
                        ]
                    }
                ]
            }
        ],
        "team": "T017P3M8W7K",
        "user_team": "T017P3M8W7K",
        "source_team": "T017P3M8W7K",
        "user_profile": {
            "avatar_hash": "743a9fc0b5f6",
            "image_72": "https:\/\/avatars.slack-edge.com\/2022-06-30\/3731255580839_743a9fc0b5f63f195af3_72.jpg",
            "first_name": "parensburger",
            "real_name": "parensburger",
            "display_name": "Peter",
            "team": "T017P3M8W7K",
            "name": "parensburger",
            "is_restricted": false,
            "is_ultra_restricted": false
        }
    }
]