[
    {
        "client_msg_id": "e848d3ee-f173-4252-9ed8-e27ae10d86a7",
        "type": "message",
        "text": "The file is called blastmatches_top1",
        "user": "U01QM0009D3",
        "ts": "1617004053.000600",
        "blocks": [
            {
                "type": "rich_text",
                "block_id": "ZGy6",
                "elements": [
                    {
                        "type": "rich_text_section",
                        "elements": [
                            {
                                "type": "text",
                                "text": "The file is called blastmatches_top1"
                            }
                        ]
                    }
                ]
            }
        ],
        "team": "T017P3M8W7K",
        "user_team": "T017P3M8W7K",
        "source_team": "T017P3M8W7K",
        "user_profile": {
            "avatar_hash": "88a6cc2d842b",
            "image_72": "https:\/\/avatars.slack-edge.com\/2021-05-08\/2044578307474_88a6cc2d842bdc068cdb_72.png",
            "first_name": "Emi",
            "real_name": "Emi Hays",
            "display_name": "Emi Hays",
            "team": "T017P3M8W7K",
            "name": "emhays01",
            "is_restricted": false,
            "is_ultra_restricted": false
        }
    },
    {
        "client_msg_id": "6c786a7b-00cb-4208-bf53-72645987af86",
        "type": "message",
        "text": "(Note: I renamed \"blastresults_formatted.fa\" as \"blastresults\")\nSomeone made a code for it &amp; shared that online (command: for next in $(cut -f1 blastresults | sort -u); do grep -w -m 1 \"$next\" blastresults; done &gt; blastmatches_top1).\nI compared it with 30 random sequences I did manually, and the results all match up; I'm going to check it with more sequences right now, though, just in case.",
        "user": "U01QM0009D3",
        "ts": "1617004365.003700",
        "blocks": [
            {
                "type": "rich_text",
                "block_id": "4aU4",
                "elements": [
                    {
                        "type": "rich_text_section",
                        "elements": [
                            {
                                "type": "text",
                                "text": "(Note: I renamed \"blastresults_formatted.fa\" as \"blastresults\")\nSomeone made a code for it & shared that online (command: for next in $(cut -f1 blastresults | sort -u); do grep -w -m 1 \"$next\" blastresults; done > blastmatches_top1).\nI compared it with 30 random sequences I did manually, and the results all match up; I'm going to check it with more sequences right now, though, just in case."
                            }
                        ]
                    }
                ]
            }
        ],
        "team": "T017P3M8W7K",
        "user_team": "T017P3M8W7K",
        "source_team": "T017P3M8W7K",
        "user_profile": {
            "avatar_hash": "88a6cc2d842b",
            "image_72": "https:\/\/avatars.slack-edge.com\/2021-05-08\/2044578307474_88a6cc2d842bdc068cdb_72.png",
            "first_name": "Emi",
            "real_name": "Emi Hays",
            "display_name": "Emi Hays",
            "team": "T017P3M8W7K",
            "name": "emhays01",
            "is_restricted": false,
            "is_ultra_restricted": false
        },
        "edited": {
            "user": "U01QM0009D3",
            "ts": "1617064725.000000"
        }
    },
    {
        "client_msg_id": "5f5d6d29-5478-49fc-aab5-7c963b8d13db",
        "type": "message",
        "text": "Command source: <https:\/\/www.biostars.org\/p\/131329\/>",
        "user": "U01QM0009D3",
        "ts": "1617004664.004400",
        "blocks": [
            {
                "type": "rich_text",
                "block_id": "Zdqp3",
                "elements": [
                    {
                        "type": "rich_text_section",
                        "elements": [
                            {
                                "type": "text",
                                "text": "Command source: "
                            },
                            {
                                "type": "link",
                                "url": "https:\/\/www.biostars.org\/p\/131329\/"
                            }
                        ]
                    }
                ]
            }
        ],
        "team": "T017P3M8W7K",
        "user_team": "T017P3M8W7K",
        "source_team": "T017P3M8W7K",
        "user_profile": {
            "avatar_hash": "88a6cc2d842b",
            "image_72": "https:\/\/avatars.slack-edge.com\/2021-05-08\/2044578307474_88a6cc2d842bdc068cdb_72.png",
            "first_name": "Emi",
            "real_name": "Emi Hays",
            "display_name": "Emi Hays",
            "team": "T017P3M8W7K",
            "name": "emhays01",
            "is_restricted": false,
            "is_ultra_restricted": false
        }
    },
    {
        "client_msg_id": "a95fb696-10c4-4dbc-baa9-3330296549bd",
        "type": "message",
        "text": "Thanks Emi. I will be travelling today through Friday, so I probably won't be able to get back to this quickly.",
        "user": "U01793PULLV",
        "ts": "1617018672.001500",
        "blocks": [
            {
                "type": "rich_text",
                "block_id": "9kGt",
                "elements": [
                    {
                        "type": "rich_text_section",
                        "elements": [
                            {
                                "type": "text",
                                "text": "Thanks Emi. I will be travelling today through Friday, so I probably won't be able to get back to this quickly."
                            }
                        ]
                    }
                ]
            }
        ],
        "team": "T017P3M8W7K",
        "user_team": "T017P3M8W7K",
        "source_team": "T017P3M8W7K",
        "user_profile": {
            "avatar_hash": "743a9fc0b5f6",
            "image_72": "https:\/\/avatars.slack-edge.com\/2022-06-30\/3731255580839_743a9fc0b5f63f195af3_72.jpg",
            "first_name": "parensburger",
            "real_name": "parensburger",
            "display_name": "Peter",
            "team": "T017P3M8W7K",
            "name": "parensburger",
            "is_restricted": false,
            "is_ultra_restricted": false
        },
        "reactions": [
            {
                "name": "white_check_mark",
                "users": [
                    "U01QM0009D3"
                ],
                "count": 1
            }
        ]
    },
    {
        "client_msg_id": "F3CB9614-06A3-4703-8062-F63461A1B2DA",
        "type": "message",
        "text": "Alright; safe travels! ",
        "user": "U01QM0009D3",
        "ts": "1617064803.000900",
        "blocks": [
            {
                "type": "rich_text",
                "block_id": "CeBw",
                "elements": [
                    {
                        "type": "rich_text_section",
                        "elements": [
                            {
                                "type": "text",
                                "text": "Alright; safe travels! "
                            }
                        ]
                    }
                ]
            }
        ],
        "team": "T017P3M8W7K",
        "user_team": "T017P3M8W7K",
        "source_team": "T017P3M8W7K",
        "user_profile": {
            "avatar_hash": "88a6cc2d842b",
            "image_72": "https:\/\/avatars.slack-edge.com\/2021-05-08\/2044578307474_88a6cc2d842bdc068cdb_72.png",
            "first_name": "Emi",
            "real_name": "Emi Hays",
            "display_name": "Emi Hays",
            "team": "T017P3M8W7K",
            "name": "emhays01",
            "is_restricted": false,
            "is_ultra_restricted": false
        }
    }
]