[
    {
        "client_msg_id": "290a2b91-e052-44ce-8c29-517158714d8d",
        "type": "message",
        "text": "Thanks, I'll take a look at all these and get back to you",
        "user": "U01793PULLV",
        "ts": "1621178009.000400",
        "blocks": [
            {
                "type": "rich_text",
                "block_id": "Wspwo",
                "elements": [
                    {
                        "type": "rich_text_section",
                        "elements": [
                            {
                                "type": "text",
                                "text": "Thanks, I'll take a look at all these and get back to you"
                            }
                        ]
                    }
                ]
            }
        ],
        "team": "T017P3M8W7K",
        "user_team": "T017P3M8W7K",
        "source_team": "T017P3M8W7K",
        "user_profile": {
            "avatar_hash": "743a9fc0b5f6",
            "image_72": "https:\/\/avatars.slack-edge.com\/2022-06-30\/3731255580839_743a9fc0b5f63f195af3_72.jpg",
            "first_name": "parensburger",
            "real_name": "parensburger",
            "display_name": "Peter",
            "team": "T017P3M8W7K",
            "name": "parensburger",
            "is_restricted": false,
            "is_ultra_restricted": false
        }
    },
    {
        "client_msg_id": "a9c087f6-ecbf-4833-ad57-020c6ea918d9",
        "type": "message",
        "text": "I tried doing a sanity check on the hays%_toL.txt and lewis%_toH.txt files, and I’m having a hard time figuring something out (I could be totally be in the wrong here, so please call me out if I don’t understand things). Looking at hays%_toL.txt, line 3 reads as:\n```DHX-comp_Ptep1-B-R19-Map20\tID=Helitron-3_RPr_334_4057\t1886\t1898\t0.993678```\nwhich I interpret as meaning that these two sequences have 99.4% sequence identity, over approximately 1900 bp (the 1886 and 1898 numbers). However, when I retrieve those two element and <https:\/\/blast.ncbi.nlm.nih.gov\/Blast.cgi?RID=A2M6MT7A114&amp;CMD=Get|align them> (you can click on the “Edit search” button in that link to get the sequences I aligned) I’m not finding any significant similarity between them at the nucleotide or amino acid level. What do you think might be going on?\nBTW, this kind of questioning of results is very common in bioinformatics, so please don’t take it as anything else than making sure the data is correct. You’re doing an amazing job here, if you don’t go into bioinformatics or a related subject, you’ll be a big loss to the field :slightly_smiling_face:",
        "user": "U01793PULLV",
        "ts": "1621189964.009400",
        "blocks": [
            {
                "type": "rich_text",
                "block_id": "wu+",
                "elements": [
                    {
                        "type": "rich_text_section",
                        "elements": [
                            {
                                "type": "text",
                                "text": "I tried doing a sanity check on the hays%_toL.txt and lewis%_toH.txt files, and I’m having a hard time figuring something out (I could be totally be in the wrong here, so please call me out if I don’t understand things). Looking at hays%_toL.txt, line 3 reads as:\n"
                            }
                        ]
                    },
                    {
                        "type": "rich_text_preformatted",
                        "elements": [
                            {
                                "type": "text",
                                "text": "DHX-comp_Ptep1-B-R19-Map20\tID=Helitron-3_RPr_334_4057\t1886\t1898\t0.993678"
                            }
                        ]
                    },
                    {
                        "type": "rich_text_section",
                        "elements": [
                            {
                                "type": "text",
                                "text": "which I interpret as meaning that these two sequences have 99.4% sequence identity, over approximately 1900 bp (the 1886 and 1898 numbers). However, when I retrieve those two element and "
                            },
                            {
                                "type": "link",
                                "url": "https:\/\/blast.ncbi.nlm.nih.gov\/Blast.cgi?RID=A2M6MT7A114&CMD=Get",
                                "text": "align them"
                            },
                            {
                                "type": "text",
                                "text": " (you can click on the “Edit search” button in that link to get the sequences I aligned) I’m not finding any significant similarity between them at the nucleotide or amino acid level. What do you think might be going on?\nBTW, this kind of questioning of results is very common in bioinformatics, so please don’t take it as anything else than making sure the data is correct. You’re doing an amazing job here, if you don’t go into bioinformatics or a related subject, you’ll be a big loss to the field "
                            },
                            {
                                "type": "emoji",
                                "name": "slightly_smiling_face",
                                "unicode": "1f642"
                            }
                        ]
                    }
                ]
            }
        ],
        "team": "T017P3M8W7K",
        "user_team": "T017P3M8W7K",
        "source_team": "T017P3M8W7K",
        "user_profile": {
            "avatar_hash": "743a9fc0b5f6",
            "image_72": "https:\/\/avatars.slack-edge.com\/2022-06-30\/3731255580839_743a9fc0b5f63f195af3_72.jpg",
            "first_name": "parensburger",
            "real_name": "parensburger",
            "display_name": "Peter",
            "team": "T017P3M8W7K",
            "name": "parensburger",
            "is_restricted": false,
            "is_ultra_restricted": false
        }
    }
]