[
    {
        "client_msg_id": "b2e5368c-a4b3-4719-bf42-2e4ddfb7b1e4",
        "type": "message",
        "text": "(I renamed 'lewis_myspider_matches.fa' as 'LHmatches.blast) To get #1, does isolating the Hays TE titles and using \"uniq\" to remove duplicate lines sound okay? (and then doing the same for the Lewis TEs)",
        "user": "U01QM0009D3",
        "ts": "1620615250.013300",
        "blocks": [
            {
                "type": "rich_text",
                "block_id": "7EyrD",
                "elements": [
                    {
                        "type": "rich_text_section",
                        "elements": [
                            {
                                "type": "text",
                                "text": "(I renamed 'lewis_myspider_matches.fa' as 'LHmatches.blast) To get #1, does isolating the Hays TE titles and using \"uniq\" to remove duplicate lines sound okay? (and then doing the same for the Lewis TEs)"
                            }
                        ]
                    }
                ]
            }
        ],
        "team": "T017P3M8W7K",
        "user_team": "T017P3M8W7K",
        "source_team": "T017P3M8W7K",
        "user_profile": {
            "avatar_hash": "88a6cc2d842b",
            "image_72": "https:\/\/avatars.slack-edge.com\/2021-05-08\/2044578307474_88a6cc2d842bdc068cdb_72.png",
            "first_name": "Emi",
            "real_name": "Emi Hays",
            "display_name": "Emi Hays",
            "team": "T017P3M8W7K",
            "name": "emhays01",
            "is_restricted": false,
            "is_ultra_restricted": false
        },
        "edited": {
            "user": "U01QM0009D3",
            "ts": "1620615280.000000"
        },
        "thread_ts": "1620615250.013300",
        "reply_count": 1,
        "reply_users_count": 1,
        "latest_reply": "1620620100.022700",
        "reply_users": [
            "U01793PULLV"
        ],
        "replies": [
            {
                "user": "U01793PULLV",
                "ts": "1620620100.022700"
            }
        ],
        "is_locked": false,
        "subscribed": true,
        "last_read": "1620620100.022700"
    },
    {
        "client_msg_id": "b9b9d349-ff5a-42fb-9961-ad8288dfc0bf",
        "type": "message",
        "text": "If so, I found that 1,226,720 Hays TEs have a match to Lewis, and 199,621 Lewis TEs have a match to Hays",
        "user": "U01QM0009D3",
        "ts": "1620615430.014900",
        "blocks": [
            {
                "type": "rich_text",
                "block_id": "vQj",
                "elements": [
                    {
                        "type": "rich_text_section",
                        "elements": [
                            {
                                "type": "text",
                                "text": "If so, I found that 1,226,720 Hays TEs have a match to Lewis, and 199,621 Lewis TEs have a match to Hays"
                            }
                        ]
                    }
                ]
            }
        ],
        "team": "T017P3M8W7K",
        "user_team": "T017P3M8W7K",
        "source_team": "T017P3M8W7K",
        "user_profile": {
            "avatar_hash": "88a6cc2d842b",
            "image_72": "https:\/\/avatars.slack-edge.com\/2021-05-08\/2044578307474_88a6cc2d842bdc068cdb_72.png",
            "first_name": "Emi",
            "real_name": "Emi Hays",
            "display_name": "Emi Hays",
            "team": "T017P3M8W7K",
            "name": "emhays01",
            "is_restricted": false,
            "is_ultra_restricted": false
        },
        "thread_ts": "1620615430.014900",
        "reply_count": 1,
        "reply_users_count": 1,
        "latest_reply": "1620620036.022400",
        "reply_users": [
            "U01793PULLV"
        ],
        "replies": [
            {
                "user": "U01793PULLV",
                "ts": "1620620036.022400"
            }
        ],
        "is_locked": false,
        "subscribed": true,
        "last_read": "1620620036.022400"
    },
    {
        "client_msg_id": "f22786d3-ff88-4759-ad48-e536f2c2ac47",
        "type": "message",
        "text": "For #3 and 4, I'm going to first re-run blast with outfmt \"6 qseqid qlen sseqid slen nident\". At first, I was doing weird stuff to isolate the lengths and identities from LHmatches.blast (I renamed lewis_myspider_matches.fa to this) and ended up confusing myself O-o",
        "user": "U01QM0009D3",
        "ts": "1620615662.017400",
        "blocks": [
            {
                "type": "rich_text",
                "block_id": "\/6Jz",
                "elements": [
                    {
                        "type": "rich_text_section",
                        "elements": [
                            {
                                "type": "text",
                                "text": "For #3 and 4, I'm going to first re-run blast with outfmt \"6 qseqid qlen sseqid slen nident\". At first, I was doing weird stuff to isolate the lengths and identities from LHmatches.blast (I renamed lewis_myspider_matches.fa to this) and ended up confusing myself O-o"
                            }
                        ]
                    }
                ]
            }
        ],
        "team": "T017P3M8W7K",
        "user_team": "T017P3M8W7K",
        "source_team": "T017P3M8W7K",
        "user_profile": {
            "avatar_hash": "88a6cc2d842b",
            "image_72": "https:\/\/avatars.slack-edge.com\/2021-05-08\/2044578307474_88a6cc2d842bdc068cdb_72.png",
            "first_name": "Emi",
            "real_name": "Emi Hays",
            "display_name": "Emi Hays",
            "team": "T017P3M8W7K",
            "name": "emhays01",
            "is_restricted": false,
            "is_ultra_restricted": false
        }
    },
    {
        "client_msg_id": "71739905-bb2a-40f8-9f44-6e19fb92ccab",
        "type": "message",
        "text": "Something is not right here. According your earlier <https:\/\/arensburgerla-9bj1862.slack.com\/archives\/C01R1KGQN2V\/p1617264389010200|post>, you have a total of 10,688 TEs in the Hays TE list, so you could not have 1,226,720 different Hays TEs for your matches to Lewis. I'm guessing you're somehow counting matches by the same Hays TE more than once. For 1) we want to know how many of your 10,688 have a match, no matter how many times it matches (and obviously the same for objective 2) but reversed)",
        "user": "U01793PULLV",
        "ts": "1620620036.022400",
        "blocks": [
            {
                "type": "rich_text",
                "block_id": "w\/sF",
                "elements": [
                    {
                        "type": "rich_text_section",
                        "elements": [
                            {
                                "type": "text",
                                "text": "Something is not right here. According your earlier "
                            },
                            {
                                "type": "link",
                                "url": "https:\/\/arensburgerla-9bj1862.slack.com\/archives\/C01R1KGQN2V\/p1617264389010200",
                                "text": "post"
                            },
                            {
                                "type": "text",
                                "text": ", you have a total of 10,688 TEs in the Hays TE list, so you could not have 1,226,720 different Hays TEs for your matches to Lewis. I'm guessing you're somehow counting matches by the same Hays TE more than once. For 1) we want to know how many of your 10,688 have a match, no matter how many times it matches (and obviously the same for objective 2) but reversed)"
                            }
                        ]
                    }
                ]
            }
        ],
        "team": "T017P3M8W7K",
        "user_team": "T017P3M8W7K",
        "source_team": "T017P3M8W7K",
        "user_profile": {
            "avatar_hash": "743a9fc0b5f6",
            "image_72": "https:\/\/avatars.slack-edge.com\/2022-06-30\/3731255580839_743a9fc0b5f63f195af3_72.jpg",
            "first_name": "parensburger",
            "real_name": "parensburger",
            "display_name": "Peter",
            "team": "T017P3M8W7K",
            "name": "parensburger",
            "is_restricted": false,
            "is_ultra_restricted": false
        },
        "attachments": [
            {
                "from_url": "https:\/\/arensburgerla-9bj1862.slack.com\/archives\/C01R1KGQN2V\/p1617264389010200",
                "fallback": "[April 1st, 2021 1:06 AM] emhays01: I double-checked \"blastmatches_top1_1e-6\", and I think blastx didn't run completely on the original file (I'm guessing my computer disconnected from VPN at the time, or another issue; I had left it running when I went to work, so I'm not certain what exactly happened). I've been redoing that today, but I kept running into random issues; I don't think my computer can stay on for long enough to finish the entire file. So for now, I'm going to split a copy of spider_TEs.fa into different files, run blastx on each file, then combine all of the results.\n\nHere's what I'm using to split (a copy of) spider_TEs.fa:\n```awk 'BEGIN {n_seq=0;} \/^&gt;\/ {if(n_seq%1000==0){file=sprintf(\"myseq%d.fa\",n_seq);} print &gt;&gt; file; n_seq++; next;} { print &gt;&gt; file; }' &lt; spider_TEs.fa```\n(Source: <https:\/\/www.biostars.org\/p\/13270\/>)\n\nI checked these smaller files out, and they all add up to the original 10,688 sequences.\nI'll check in again once I've isolated the matches within spider_TEs.fa or if I run into any other issues\/changes; just wanted to update you on what I'm doing.",
                "ts": "1617264389.010200",
                "author_id": "U01QM0009D3",
                "author_subname": "Emi Hays",
                "channel_id": "C01R1KGQN2V",
                "is_msg_unfurl": true,
                "text": "I double-checked \"blastmatches_top1_1e-6\", and I think blastx didn't run completely on the original file (I'm guessing my computer disconnected from VPN at the time, or another issue; I had left it running when I went to work, so I'm not certain what exactly happened). I've been redoing that today, but I kept running into random issues; I don't think my computer can stay on for long enough to finish the entire file. So for now, I'm going to split a copy of spider_TEs.fa into different files, run blastx on each file, then combine all of the results.\n\nHere's what I'm using to split (a copy of) spider_TEs.fa:\n```awk 'BEGIN {n_seq=0;} \/^&gt;\/ {if(n_seq%1000==0){file=sprintf(\"myseq%d.fa\",n_seq);} print &gt;&gt; file; n_seq++; next;} { print &gt;&gt; file; }' &lt; spider_TEs.fa```\n(Source: <https:\/\/www.biostars.org\/p\/13270\/>)\n\nI checked these smaller files out, and they all add up to the original 10,688 sequences.\nI'll check in again once I've isolated the matches within spider_TEs.fa or if I run into any other issues\/changes; just wanted to update you on what I'm doing.",
                "author_name": "Emi Hays",
                "author_link": "https:\/\/arensburgerla-9bj1862.slack.com\/team\/U01QM0009D3",
                "author_icon": "https:\/\/avatars.slack-edge.com\/2021-05-08\/2044578307474_88a6cc2d842bdc068cdb_48.png",
                "mrkdwn_in": [
                    "text"
                ],
                "id": 1,
                "original_url": "https:\/\/arensburgerla-9bj1862.slack.com\/archives\/C01R1KGQN2V\/p1617264389010200",
                "footer": "Slack Conversation"
            }
        ],
        "thread_ts": "1620615430.014900",
        "parent_user_id": "U01QM0009D3"
    },
    {
        "client_msg_id": "acdc213c-208f-41df-9ee7-f90b156346c6",
        "type": "message",
        "text": "Off the top of my head I think it should work but, look at my reply to the next post, it does not seem to have worked correctly",
        "user": "U01793PULLV",
        "ts": "1620620100.022700",
        "blocks": [
            {
                "type": "rich_text",
                "block_id": "5oc\/k",
                "elements": [
                    {
                        "type": "rich_text_section",
                        "elements": [
                            {
                                "type": "text",
                                "text": "Off the top of my head I think it should work but, look at my reply to the next post, it does not seem to have worked correctly"
                            }
                        ]
                    }
                ]
            }
        ],
        "team": "T017P3M8W7K",
        "user_team": "T017P3M8W7K",
        "source_team": "T017P3M8W7K",
        "user_profile": {
            "avatar_hash": "743a9fc0b5f6",
            "image_72": "https:\/\/avatars.slack-edge.com\/2022-06-30\/3731255580839_743a9fc0b5f63f195af3_72.jpg",
            "first_name": "parensburger",
            "real_name": "parensburger",
            "display_name": "Peter",
            "team": "T017P3M8W7K",
            "name": "parensburger",
            "is_restricted": false,
            "is_ultra_restricted": false
        },
        "thread_ts": "1620615250.013300",
        "parent_user_id": "U01QM0009D3"
    }
]