[
    {
        "client_msg_id": "48544d21-f84a-408b-9e75-a820c62f2ce0",
        "type": "message",
        "text": "The files are all in LHmatches_analysis (still called lewis%_toH.txt, lewis#_toH.fa, hays%_toL.txt, and hays#_toL.fa)",
        "user": "U01QM0009D3",
        "ts": "1622324885.001400",
        "blocks": [
            {
                "type": "rich_text",
                "block_id": "Uwlv",
                "elements": [
                    {
                        "type": "rich_text_section",
                        "elements": [
                            {
                                "type": "text",
                                "text": "The files are all in LHmatches_analysis (still called lewis%_toH.txt, lewis#_toH.fa, hays%_toL.txt, and hays#_toL.fa)"
                            }
                        ]
                    }
                ]
            }
        ],
        "team": "T017P3M8W7K",
        "user_team": "T017P3M8W7K",
        "source_team": "T017P3M8W7K",
        "user_profile": {
            "avatar_hash": "88a6cc2d842b",
            "image_72": "https:\/\/avatars.slack-edge.com\/2021-05-08\/2044578307474_88a6cc2d842bdc068cdb_72.png",
            "first_name": "Emi",
            "real_name": "Emi Hays",
            "display_name": "Emi Hays",
            "team": "T017P3M8W7K",
            "name": "emhays01",
            "is_restricted": false,
            "is_ultra_restricted": false
        }
    },
    {
        "client_msg_id": "a512e201-7322-4bcb-80d3-9c3ed329b715",
        "type": "message",
        "text": "I checked a few random sequences on blast and they all produced significant alignments",
        "user": "U01QM0009D3",
        "ts": "1622324939.002200",
        "blocks": [
            {
                "type": "rich_text",
                "block_id": "iW3aQ",
                "elements": [
                    {
                        "type": "rich_text_section",
                        "elements": [
                            {
                                "type": "text",
                                "text": "I checked a few random sequences on blast and they all produced significant alignments"
                            }
                        ]
                    }
                ]
            }
        ],
        "team": "T017P3M8W7K",
        "user_team": "T017P3M8W7K",
        "source_team": "T017P3M8W7K",
        "user_profile": {
            "avatar_hash": "88a6cc2d842b",
            "image_72": "https:\/\/avatars.slack-edge.com\/2021-05-08\/2044578307474_88a6cc2d842bdc068cdb_72.png",
            "first_name": "Emi",
            "real_name": "Emi Hays",
            "display_name": "Emi Hays",
            "team": "T017P3M8W7K",
            "name": "emhays01",
            "is_restricted": false,
            "is_ultra_restricted": false
        }
    }
]