[
    {
        "client_msg_id": "cbf30882-1567-4139-9493-5690ac16067a",
        "type": "message",
        "text": "Well done. The point of this exercise is to show you what you'll be doing, comparing your list of sequences in Ptep1_denovoLibTEs_filtered.fa to a database of known sequences and filtering out the sequences that have a similarity to known transposable elements. As you've noticed from the results above, a lot of the entries in the \"nr\" database are labeled as \"uncharacterized\" or \"hypothetical\", but there are also entries labeled as \"transposable elements\". Now, rather than me telling you what to do, what do you think would be the way to do this analysis on 10,688 sequences? You don't need to be able to perform every step of your possible solution(s), just give me an outline of how you think it might be accomplished (other than by brute force) in theory.",
        "user": "U01793PULLV",
        "ts": "1615389131.006600",
        "blocks": [
            {
                "type": "rich_text",
                "block_id": "bjJW",
                "elements": [
                    {
                        "type": "rich_text_section",
                        "elements": [
                            {
                                "type": "text",
                                "text": "Well done. The point of this exercise is to show you what you'll be doing, comparing your list of sequences in Ptep1_denovoLibTEs_filtered.fa to a database of known sequences and filtering out the sequences that have a similarity to known transposable elements. As you've noticed from the results above, a lot of the entries in the \"nr\" database are labeled as \"uncharacterized\" or \"hypothetical\", but there are also entries labeled as \"transposable elements\". Now, rather than me telling you what to do, what do you think would be the way to do this analysis on 10,688 sequences? You don't need to be able to perform every step of your possible solution(s), just give me an outline of how you think it might be accomplished (other than by brute force) in theory."
                            }
                        ]
                    }
                ]
            }
        ],
        "team": "T017P3M8W7K",
        "user_team": "T017P3M8W7K",
        "source_team": "T017P3M8W7K",
        "user_profile": {
            "avatar_hash": "743a9fc0b5f6",
            "image_72": "https:\/\/avatars.slack-edge.com\/2022-06-30\/3731255580839_743a9fc0b5f63f195af3_72.jpg",
            "first_name": "parensburger",
            "real_name": "parensburger",
            "display_name": "Peter",
            "team": "T017P3M8W7K",
            "name": "parensburger",
            "is_restricted": false,
            "is_ultra_restricted": false
        }
    },
    {
        "client_msg_id": "3B5F34EA-C3F7-49B0-8F31-CF2EED8DBDB8",
        "type": "message",
        "text": "When should I finish this by? So I can plan out my time with homework &amp; this project ",
        "user": "U01QM0009D3",
        "ts": "1615434972.000800",
        "blocks": [
            {
                "type": "rich_text",
                "block_id": "9kWzr",
                "elements": [
                    {
                        "type": "rich_text_section",
                        "elements": [
                            {
                                "type": "text",
                                "text": "When should I finish this by? So I can plan out my time with homework & this project "
                            }
                        ]
                    }
                ]
            }
        ],
        "team": "T017P3M8W7K",
        "user_team": "T017P3M8W7K",
        "source_team": "T017P3M8W7K",
        "user_profile": {
            "avatar_hash": "88a6cc2d842b",
            "image_72": "https:\/\/avatars.slack-edge.com\/2021-05-08\/2044578307474_88a6cc2d842bdc068cdb_72.png",
            "first_name": "Emi",
            "real_name": "Emi Hays",
            "display_name": "Emi Hays",
            "team": "T017P3M8W7K",
            "name": "emhays01",
            "is_restricted": false,
            "is_ultra_restricted": false
        }
    },
    {
        "client_msg_id": "54a9aaaf-80ef-4a82-b80d-8d93355e17db",
        "type": "message",
        "text": "By \"filtering out sequences that have a similarity to known transposable elements,\" do you mean that we do not need those sequences and want to focus on the others?\n\nIf so, I'm not sure if it should be more detailed, but I would make Ptep1_denovoLibTEs_filtered.fa into its own database on Blast2Go. Then, I would blast it against a database comprised only of transposable elements. The ones that have no match would be those that are not \"known transposable elements.\" I would isolate save them in another file. Am I on the right track, or should I think of something else?",
        "user": "U01QM0009D3",
        "ts": "1615447512.004000",
        "blocks": [
            {
                "type": "rich_text",
                "block_id": "=nre",
                "elements": [
                    {
                        "type": "rich_text_section",
                        "elements": [
                            {
                                "type": "text",
                                "text": "By \"filtering out sequences that have a similarity to known transposable elements,\" do you mean that we do not need those sequences and want to focus on the others?\n\nIf so, I'm not sure if it should be more detailed, but I would make Ptep1_denovoLibTEs_filtered.fa into its own database on Blast2Go. Then, I would blast it against a database comprised only of transposable elements. The ones that have no match would be those that are not \"known transposable elements.\" I would isolate save them in another file. Am I on the right track, or should I think of something else?"
                            }
                        ]
                    }
                ]
            }
        ],
        "team": "T017P3M8W7K",
        "user_team": "T017P3M8W7K",
        "source_team": "T017P3M8W7K",
        "user_profile": {
            "avatar_hash": "88a6cc2d842b",
            "image_72": "https:\/\/avatars.slack-edge.com\/2021-05-08\/2044578307474_88a6cc2d842bdc068cdb_72.png",
            "first_name": "Emi",
            "real_name": "Emi Hays",
            "display_name": "Emi Hays",
            "team": "T017P3M8W7K",
            "name": "emhays01",
            "is_restricted": false,
            "is_ultra_restricted": false
        }
    }
]