[
    {
        "client_msg_id": "b522ea11-8b46-432c-bdb1-5bc5c15e2af1",
        "type": "message",
        "text": "Next step is to map the MITEs to the masked genome. Perhaps do both the GRF and MITE-tracker at the same time.",
        "user": "U01793PULLV",
        "ts": "1657496280.921099",
        "blocks": [
            {
                "type": "rich_text",
                "block_id": "x+vO",
                "elements": [
                    {
                        "type": "rich_text_section",
                        "elements": [
                            {
                                "type": "text",
                                "text": "Next step is to map the MITEs to the masked genome. Perhaps do both the GRF and MITE-tracker at the same time."
                            }
                        ]
                    }
                ]
            }
        ],
        "team": "T017P3M8W7K",
        "user_team": "T017P3M8W7K",
        "source_team": "T017P3M8W7K",
        "user_profile": {
            "avatar_hash": "743a9fc0b5f6",
            "image_72": "https:\/\/avatars.slack-edge.com\/2022-06-30\/3731255580839_743a9fc0b5f63f195af3_72.jpg",
            "first_name": "parensburger",
            "real_name": "parensburger",
            "display_name": "Peter",
            "team": "T017P3M8W7K",
            "name": "parensburger",
            "is_restricted": false,
            "is_ultra_restricted": false
        }
    }
]