[
    {
        "client_msg_id": "730dbd96-b870-4b70-99c6-a0073a2354b8",
        "type": "message",
        "text": "played around with a program to cluster the MITEs. I think that before I go further with this I need to establish if what I'm seeing is artificial or not, need to redo the same analysis by on a randomized genome.",
        "user": "U01793PULLV",
        "ts": "1656961522.245279",
        "blocks": [
            {
                "type": "rich_text",
                "block_id": "kik",
                "elements": [
                    {
                        "type": "rich_text_section",
                        "elements": [
                            {
                                "type": "text",
                                "text": "played around with a program to cluster the MITEs. I think that before I go further with this I need to establish if what I'm seeing is artificial or not, need to redo the same analysis by on a randomized genome."
                            }
                        ]
                    }
                ]
            }
        ],
        "team": "T017P3M8W7K",
        "user_team": "T017P3M8W7K",
        "source_team": "T017P3M8W7K",
        "user_profile": {
            "avatar_hash": "743a9fc0b5f6",
            "image_72": "https:\/\/avatars.slack-edge.com\/2022-06-30\/3731255580839_743a9fc0b5f63f195af3_72.jpg",
            "first_name": "parensburger",
            "real_name": "parensburger",
            "display_name": "Peter",
            "team": "T017P3M8W7K",
            "name": "parensburger",
            "is_restricted": false,
            "is_ultra_restricted": false
        }
    },
    {
        "client_msg_id": "09e9abb4-c231-4460-9bed-2e2955fd77c4",
        "type": "message",
        "text": "Based on this <https:\/\/pubmed.ncbi.nlm.nih.gov\/35447755\/|paper>, trying to get MITEs using the program MITE-tracker. Installing the software on traviata",
        "user": "U01793PULLV",
        "ts": "1656976371.639239",
        "blocks": [
            {
                "type": "rich_text",
                "block_id": "3eny",
                "elements": [
                    {
                        "type": "rich_text_section",
                        "elements": [
                            {
                                "type": "text",
                                "text": "Based on this "
                            },
                            {
                                "type": "link",
                                "url": "https:\/\/pubmed.ncbi.nlm.nih.gov\/35447755\/",
                                "text": "paper"
                            },
                            {
                                "type": "text",
                                "text": ", trying to get MITEs using the program MITE-tracker. Installing the software on traviata"
                            }
                        ]
                    }
                ]
            }
        ],
        "team": "T017P3M8W7K",
        "user_team": "T017P3M8W7K",
        "source_team": "T017P3M8W7K",
        "user_profile": {
            "avatar_hash": "743a9fc0b5f6",
            "image_72": "https:\/\/avatars.slack-edge.com\/2022-06-30\/3731255580839_743a9fc0b5f63f195af3_72.jpg",
            "first_name": "parensburger",
            "real_name": "parensburger",
            "display_name": "Peter",
            "team": "T017P3M8W7K",
            "name": "parensburger",
            "is_restricted": false,
            "is_ultra_restricted": false
        },
        "thread_ts": "1656976371.639239",
        "reply_count": 1,
        "reply_users_count": 1,
        "latest_reply": "1656979179.882529",
        "reply_users": [
            "U01793PULLV"
        ],
        "replies": [
            {
                "user": "U01793PULLV",
                "ts": "1656979179.882529"
            }
        ],
        "is_locked": false,
        "subscribed": true,
        "last_read": "1656979179.882529"
    },
    {
        "client_msg_id": "303d1157-19e3-46ee-aeaf-6c0070bf3ebe",
        "type": "message",
        "text": "```(venv) peter@traviata:~\/MITE-Tracker$ python3 -m MITETracker -g .\/Ptep3m.fa -w 3 -j jobname```",
        "user": "U01793PULLV",
        "ts": "1656979128.170429",
        "blocks": [
            {
                "type": "rich_text",
                "block_id": "ByGk",
                "elements": [
                    {
                        "type": "rich_text_preformatted",
                        "elements": [
                            {
                                "type": "text",
                                "text": "(venv) peter@traviata:~\/MITE-Tracker$ python3 -m MITETracker -g .\/Ptep3m.fa -w 3 -j jobname"
                            }
                        ],
                        "border": 0
                    }
                ]
            }
        ],
        "team": "T017P3M8W7K",
        "user_team": "T017P3M8W7K",
        "source_team": "T017P3M8W7K",
        "user_profile": {
            "avatar_hash": "743a9fc0b5f6",
            "image_72": "https:\/\/avatars.slack-edge.com\/2022-06-30\/3731255580839_743a9fc0b5f63f195af3_72.jpg",
            "first_name": "parensburger",
            "real_name": "parensburger",
            "display_name": "Peter",
            "team": "T017P3M8W7K",
            "name": "parensburger",
            "is_restricted": false,
            "is_ultra_restricted": false
        },
        "thread_ts": "1656979128.170429",
        "reply_count": 1,
        "reply_users_count": 1,
        "latest_reply": "1656980778.211559",
        "reply_users": [
            "U01793PULLV"
        ],
        "replies": [
            {
                "user": "U01793PULLV",
                "ts": "1656980778.211559"
            }
        ],
        "is_locked": false,
        "subscribed": true,
        "last_read": "1656980778.211559"
    },
    {
        "client_msg_id": "e1bf89e8-7567-41d6-b760-dc8f516029a8",
        "type": "message",
        "text": "after trying to get the versions called for on the github, I just set the \"requirement.txt\" file to the latest versions and it worked great",
        "user": "U01793PULLV",
        "ts": "1656979179.882529",
        "blocks": [
            {
                "type": "rich_text",
                "block_id": "PWy4",
                "elements": [
                    {
                        "type": "rich_text_section",
                        "elements": [
                            {
                                "type": "text",
                                "text": "after trying to get the versions called for on the github, I just set the \"requirement.txt\" file to the latest versions and it worked great"
                            }
                        ]
                    }
                ]
            }
        ],
        "team": "T017P3M8W7K",
        "user_team": "T017P3M8W7K",
        "source_team": "T017P3M8W7K",
        "user_profile": {
            "avatar_hash": "743a9fc0b5f6",
            "image_72": "https:\/\/avatars.slack-edge.com\/2022-06-30\/3731255580839_743a9fc0b5f63f195af3_72.jpg",
            "first_name": "parensburger",
            "real_name": "parensburger",
            "display_name": "Peter",
            "team": "T017P3M8W7K",
            "name": "parensburger",
            "is_restricted": false,
            "is_ultra_restricted": false
        },
        "thread_ts": "1656976371.639239",
        "parent_user_id": "U01793PULLV"
    },
    {
        "client_msg_id": "0575594f-4fb8-4899-985b-f316221bd460",
        "type": "message",
        "text": "I cannot see how to run this in the background, will need to have the window open",
        "user": "U01793PULLV",
        "ts": "1656980778.211559",
        "blocks": [
            {
                "type": "rich_text",
                "block_id": "905",
                "elements": [
                    {
                        "type": "rich_text_section",
                        "elements": [
                            {
                                "type": "text",
                                "text": "I cannot see how to run this in the background, will need to have the window open"
                            }
                        ]
                    }
                ]
            }
        ],
        "team": "T017P3M8W7K",
        "user_team": "T017P3M8W7K",
        "source_team": "T017P3M8W7K",
        "user_profile": {
            "avatar_hash": "743a9fc0b5f6",
            "image_72": "https:\/\/avatars.slack-edge.com\/2022-06-30\/3731255580839_743a9fc0b5f63f195af3_72.jpg",
            "first_name": "parensburger",
            "real_name": "parensburger",
            "display_name": "Peter",
            "team": "T017P3M8W7K",
            "name": "parensburger",
            "is_restricted": false,
            "is_ultra_restricted": false
        },
        "thread_ts": "1656979128.170429",
        "parent_user_id": "U01793PULLV"
    }
]