[
    {
        "client_msg_id": "98abc135-37a5-427b-9aee-71e9ad680c17",
        "type": "message",
        "text": "grep \"&gt;\" \/mnt\/data\/traviata\/GCA_019973935.1\/GCA_019973935.1_Tncv_1.0_genomic.fna",
        "user": "U05QB6DPE82",
        "ts": "1695545580.793609",
        "blocks": [
            {
                "type": "rich_text",
                "block_id": "Qb4EL",
                "elements": [
                    {
                        "type": "rich_text_section",
                        "elements": [
                            {
                                "type": "text",
                                "text": "grep \">\" \/mnt\/data\/traviata\/GCA_019973935.1\/GCA_019973935.1_Tncv_1.0_genomic.fna"
                            }
                        ]
                    }
                ]
            }
        ],
        "team": "T017P3M8W7K",
        "user_team": "T017P3M8W7K",
        "source_team": "T017P3M8W7K",
        "user_profile": {
            "avatar_hash": "gaf69de6760a",
            "image_72": "https:\/\/secure.gravatar.com\/avatar\/af69de6760aee56a86237b492ef70a52.jpg?s=72&d=https%3A%2F%2Fa.slack-edge.com%2Fdf10d%2Fimg%2Favatars%2Fava_0017-72.png",
            "first_name": "Matthew",
            "real_name": "Matthew Capistrano",
            "display_name": "",
            "team": "T017P3M8W7K",
            "name": "mcapistrano",
            "is_restricted": false,
            "is_ultra_restricted": false
        }
    },
    {
        "client_msg_id": "0f37d078-7e56-4c32-8cd9-9786950c9149",
        "type": "message",
        "text": "Is this what it's supposed to look like?",
        "user": "U05QB6DPE82",
        "ts": "1695545642.986909",
        "blocks": [
            {
                "type": "rich_text",
                "block_id": "MG9",
                "elements": [
                    {
                        "type": "rich_text_section",
                        "elements": [
                            {
                                "type": "text",
                                "text": "Is this what it's supposed to look like?"
                            }
                        ]
                    }
                ]
            }
        ],
        "team": "T017P3M8W7K",
        "user_team": "T017P3M8W7K",
        "source_team": "T017P3M8W7K",
        "user_profile": {
            "avatar_hash": "gaf69de6760a",
            "image_72": "https:\/\/secure.gravatar.com\/avatar\/af69de6760aee56a86237b492ef70a52.jpg?s=72&d=https%3A%2F%2Fa.slack-edge.com%2Fdf10d%2Fimg%2Favatars%2Fava_0017-72.png",
            "first_name": "Matthew",
            "real_name": "Matthew Capistrano",
            "display_name": "",
            "team": "T017P3M8W7K",
            "name": "mcapistrano",
            "is_restricted": false,
            "is_ultra_restricted": false
        },
        "edited": {
            "user": "U05QB6DPE82",
            "ts": "1695545764.000000"
        },
        "thread_ts": "1695545642.986909",
        "reply_count": 2,
        "reply_users_count": 1,
        "latest_reply": "1695598613.214709",
        "reply_users": [
            "U01793PULLV"
        ],
        "replies": [
            {
                "user": "U01793PULLV",
                "ts": "1695598145.172979"
            },
            {
                "user": "U01793PULLV",
                "ts": "1695598613.214709"
            }
        ],
        "is_locked": false,
        "subscribed": true,
        "last_read": "1695598613.214709"
    },
    {
        "type": "message",
        "text": "",
        "files": [
            {
                "id": "F05TRD0NQDS",
                "created": 1695545645,
                "timestamp": 1695545645,
                "name": "image.png",
                "title": "image.png",
                "mimetype": "image\/png",
                "filetype": "png",
                "pretty_type": "PNG",
                "user": "U05QB6DPE82",
                "user_team": "T017P3M8W7K",
                "editable": false,
                "size": 263480,
                "mode": "hosted",
                "is_external": false,
                "external_type": "",
                "is_public": true,
                "public_url_shared": false,
                "display_as_bot": false,
                "username": "",
                "url_private": "https:\/\/files.slack.com\/files-pri\/T017P3M8W7K-F05TRD0NQDS\/image.png?t=xoxe-1261123302257-6395895314663-6407612319125-137f2171a6b5696e8e285d5b7bbfa693",
                "url_private_download": "https:\/\/files.slack.com\/files-pri\/T017P3M8W7K-F05TRD0NQDS\/download\/image.png?t=xoxe-1261123302257-6395895314663-6407612319125-137f2171a6b5696e8e285d5b7bbfa693",
                "media_display_type": "unknown",
                "thumb_64": "https:\/\/files.slack.com\/files-tmb\/T017P3M8W7K-F05TRD0NQDS-adf94ed599\/image_64.png?t=xoxe-1261123302257-6395895314663-6407612319125-137f2171a6b5696e8e285d5b7bbfa693",
                "thumb_80": "https:\/\/files.slack.com\/files-tmb\/T017P3M8W7K-F05TRD0NQDS-adf94ed599\/image_80.png?t=xoxe-1261123302257-6395895314663-6407612319125-137f2171a6b5696e8e285d5b7bbfa693",
                "thumb_360": "https:\/\/files.slack.com\/files-tmb\/T017P3M8W7K-F05TRD0NQDS-adf94ed599\/image_360.png?t=xoxe-1261123302257-6395895314663-6407612319125-137f2171a6b5696e8e285d5b7bbfa693",
                "thumb_360_w": 198,
                "thumb_360_h": 360,
                "thumb_480": "https:\/\/files.slack.com\/files-tmb\/T017P3M8W7K-F05TRD0NQDS-adf94ed599\/image_480.png?t=xoxe-1261123302257-6395895314663-6407612319125-137f2171a6b5696e8e285d5b7bbfa693",
                "thumb_480_w": 264,
                "thumb_480_h": 480,
                "thumb_160": "https:\/\/files.slack.com\/files-tmb\/T017P3M8W7K-F05TRD0NQDS-adf94ed599\/image_160.png?t=xoxe-1261123302257-6395895314663-6407612319125-137f2171a6b5696e8e285d5b7bbfa693",
                "thumb_720": "https:\/\/files.slack.com\/files-tmb\/T017P3M8W7K-F05TRD0NQDS-adf94ed599\/image_720.png?t=xoxe-1261123302257-6395895314663-6407612319125-137f2171a6b5696e8e285d5b7bbfa693",
                "thumb_720_w": 395,
                "thumb_720_h": 720,
                "thumb_800": "https:\/\/files.slack.com\/files-tmb\/T017P3M8W7K-F05TRD0NQDS-adf94ed599\/image_800.png?t=xoxe-1261123302257-6395895314663-6407612319125-137f2171a6b5696e8e285d5b7bbfa693",
                "thumb_800_w": 439,
                "thumb_800_h": 800,
                "thumb_960": "https:\/\/files.slack.com\/files-tmb\/T017P3M8W7K-F05TRD0NQDS-adf94ed599\/image_960.png?t=xoxe-1261123302257-6395895314663-6407612319125-137f2171a6b5696e8e285d5b7bbfa693",
                "thumb_960_w": 527,
                "thumb_960_h": 960,
                "thumb_1024": "https:\/\/files.slack.com\/files-tmb\/T017P3M8W7K-F05TRD0NQDS-adf94ed599\/image_1024.png?t=xoxe-1261123302257-6395895314663-6407612319125-137f2171a6b5696e8e285d5b7bbfa693",
                "thumb_1024_w": 562,
                "thumb_1024_h": 1024,
                "original_w": 744,
                "original_h": 1355,
                "thumb_tiny": "AwAwABqhk56mjJ9T+dJ3ooAXJ9T+dMJOepp1MPWgB\/eijvRQAUw9afTD1oAf3oo70UAFMPWn0w9aAP\/Z",
                "permalink": "https:\/\/arensburgerla-9bj1862.slack.com\/files\/U05QB6DPE82\/F05TRD0NQDS\/image.png",
                "permalink_public": "https:\/\/slack-files.com\/T017P3M8W7K-F05TRD0NQDS-c0089b32e6",
                "is_starred": false,
                "has_rich_preview": false,
                "file_access": "visible"
            }
        ],
        "upload": false,
        "user": "U05QB6DPE82",
        "display_as_bot": false,
        "ts": "1695545648.582909",
        "client_msg_id": "38628b21-5456-4b81-83a2-e60c4bdd6ee4"
    },
    {
        "client_msg_id": "6248d446-0569-40db-872c-da01aeaf85fb",
        "type": "message",
        "text": "BMAU01019416.1-BMAU01021438.1",
        "user": "U05QB6DPE82",
        "ts": "1695546807.632729",
        "blocks": [
            {
                "type": "rich_text",
                "block_id": "CsIDf",
                "elements": [
                    {
                        "type": "rich_text_section",
                        "elements": [
                            {
                                "type": "text",
                                "text": "BMAU01019416.1-BMAU01021438.1"
                            }
                        ]
                    }
                ]
            }
        ],
        "team": "T017P3M8W7K",
        "user_team": "T017P3M8W7K",
        "source_team": "T017P3M8W7K",
        "user_profile": {
            "avatar_hash": "gaf69de6760a",
            "image_72": "https:\/\/secure.gravatar.com\/avatar\/af69de6760aee56a86237b492ef70a52.jpg?s=72&d=https%3A%2F%2Fa.slack-edge.com%2Fdf10d%2Fimg%2Favatars%2Fava_0017-72.png",
            "first_name": "Matthew",
            "real_name": "Matthew Capistrano",
            "display_name": "",
            "team": "T017P3M8W7K",
            "name": "mcapistrano",
            "is_restricted": false,
            "is_ultra_restricted": false
        }
    },
    {
        "client_msg_id": "51466215-a310-4ce2-8929-d7ecd8501d0e",
        "type": "message",
        "text": "21438-19416=2022 Lines",
        "user": "U05QB6DPE82",
        "ts": "1695546943.735069",
        "blocks": [
            {
                "type": "rich_text",
                "block_id": "ILTS",
                "elements": [
                    {
                        "type": "rich_text_section",
                        "elements": [
                            {
                                "type": "text",
                                "text": "21438-19416=2022 Lines"
                            }
                        ]
                    }
                ]
            }
        ],
        "team": "T017P3M8W7K",
        "user_team": "T017P3M8W7K",
        "source_team": "T017P3M8W7K",
        "user_profile": {
            "avatar_hash": "gaf69de6760a",
            "image_72": "https:\/\/secure.gravatar.com\/avatar\/af69de6760aee56a86237b492ef70a52.jpg?s=72&d=https%3A%2F%2Fa.slack-edge.com%2Fdf10d%2Fimg%2Favatars%2Fava_0017-72.png",
            "first_name": "Matthew",
            "real_name": "Matthew Capistrano",
            "display_name": "",
            "team": "T017P3M8W7K",
            "name": "mcapistrano",
            "is_restricted": false,
            "is_ultra_restricted": false
        },
        "thread_ts": "1695546943.735069",
        "reply_count": 2,
        "reply_users_count": 2,
        "latest_reply": "1695672690.568989",
        "reply_users": [
            "U01793PULLV",
            "U05QB6DPE82"
        ],
        "replies": [
            {
                "user": "U01793PULLV",
                "ts": "1695598336.814679"
            },
            {
                "user": "U05QB6DPE82",
                "ts": "1695672690.568989"
            }
        ],
        "is_locked": false,
        "subscribed": true,
        "last_read": "1695672690.568989"
    },
    {
        "client_msg_id": "544450b7-65aa-4515-968b-8fee07d3f414",
        "type": "message",
        "text": "That would be output of grep without the \"-c\" option. \"grep\" will return all the lines that match a pattern, but it you add the \"-c\" to the command line, it will return just the number of matches, not the lines themselves.",
        "user": "U01793PULLV",
        "ts": "1695598145.172979",
        "blocks": [
            {
                "type": "rich_text",
                "block_id": "0xB",
                "elements": [
                    {
                        "type": "rich_text_section",
                        "elements": [
                            {
                                "type": "text",
                                "text": "That would be output of grep without the \"-c\" option. \"grep\" will return all the lines that match a pattern, but it you add the \"-c\" to the command line, it will return just the number of matches, not the lines themselves."
                            }
                        ]
                    }
                ]
            }
        ],
        "team": "T017P3M8W7K",
        "user_team": "T017P3M8W7K",
        "source_team": "T017P3M8W7K",
        "user_profile": {
            "avatar_hash": "743a9fc0b5f6",
            "image_72": "https:\/\/avatars.slack-edge.com\/2022-06-30\/3731255580839_743a9fc0b5f63f195af3_72.jpg",
            "first_name": "parensburger",
            "real_name": "parensburger",
            "display_name": "Peter",
            "team": "T017P3M8W7K",
            "name": "parensburger",
            "is_restricted": false,
            "is_ultra_restricted": false
        },
        "thread_ts": "1695545642.986909",
        "parent_user_id": "U05QB6DPE82"
    },
    {
        "client_msg_id": "0b932cd3-15f7-489b-8047-5028057c9c07",
        "type": "message",
        "text": "That's very clever :slightly_smiling_face:, but it won't be sufficient here. The names of the sequences have to be unique, but there's no guarantee that the people who sequenced the genome did not skip a number or two. You have to count for yourself and then see if it matches your math here.",
        "user": "U01793PULLV",
        "ts": "1695598336.814679",
        "blocks": [
            {
                "type": "rich_text",
                "block_id": "Rzrl",
                "elements": [
                    {
                        "type": "rich_text_section",
                        "elements": [
                            {
                                "type": "text",
                                "text": "That's very clever "
                            },
                            {
                                "type": "emoji",
                                "name": "slightly_smiling_face",
                                "unicode": "1f642"
                            },
                            {
                                "type": "text",
                                "text": ", but it won't be sufficient here. The names of the sequences have to be unique, but there's no guarantee that the people who sequenced the genome did not skip a number or two. You have to count for yourself and then see if it matches your math here."
                            }
                        ]
                    }
                ]
            }
        ],
        "team": "T017P3M8W7K",
        "user_team": "T017P3M8W7K",
        "source_team": "T017P3M8W7K",
        "user_profile": {
            "avatar_hash": "743a9fc0b5f6",
            "image_72": "https:\/\/avatars.slack-edge.com\/2022-06-30\/3731255580839_743a9fc0b5f63f195af3_72.jpg",
            "first_name": "parensburger",
            "real_name": "parensburger",
            "display_name": "Peter",
            "team": "T017P3M8W7K",
            "name": "parensburger",
            "is_restricted": false,
            "is_ultra_restricted": false
        },
        "edited": {
            "user": "U01793PULLV",
            "ts": "1695598383.000000"
        },
        "thread_ts": "1695546943.735069",
        "parent_user_id": "U05QB6DPE82"
    },
    {
        "client_msg_id": "89fb1797-adf5-4e01-a720-c14cfb61ff8a",
        "type": "message",
        "text": "try your same grep command but this way:\n```grep -c \"&gt;\" \/mnt\/data\/traviata\/GCA_019973935.1\/GCA_019973935.1_Tncv_1.0_genomic.fna```",
        "user": "U01793PULLV",
        "ts": "1695598613.214709",
        "blocks": [
            {
                "type": "rich_text",
                "block_id": "IUqnT",
                "elements": [
                    {
                        "type": "rich_text_section",
                        "elements": [
                            {
                                "type": "text",
                                "text": "try your same grep command but this way:\n"
                            }
                        ]
                    },
                    {
                        "type": "rich_text_preformatted",
                        "elements": [
                            {
                                "type": "text",
                                "text": "grep -c \">\" \/mnt\/data\/traviata\/GCA_019973935.1\/GCA_019973935.1_Tncv_1.0_genomic.fna"
                            }
                        ],
                        "border": 0
                    }
                ]
            }
        ],
        "team": "T017P3M8W7K",
        "user_team": "T017P3M8W7K",
        "source_team": "T017P3M8W7K",
        "user_profile": {
            "avatar_hash": "743a9fc0b5f6",
            "image_72": "https:\/\/avatars.slack-edge.com\/2022-06-30\/3731255580839_743a9fc0b5f63f195af3_72.jpg",
            "first_name": "parensburger",
            "real_name": "parensburger",
            "display_name": "Peter",
            "team": "T017P3M8W7K",
            "name": "parensburger",
            "is_restricted": false,
            "is_ultra_restricted": false
        },
        "edited": {
            "user": "U01793PULLV",
            "ts": "1695598634.000000"
        },
        "thread_ts": "1695545642.986909",
        "parent_user_id": "U05QB6DPE82"
    }
]