[
    {
        "client_msg_id": "9c4e5a2c-41ea-41e6-9cbf-228db9cd2629",
        "type": "message",
        "text": "A couple of things going on here. First, your grep command is not quite correctly written. You're asking grep to identify all the letters \"A\" in the file \/mnt\/data\/traviata\/GCA_019973935.1\/GCA_019973935.1_Tncv_1.0_genomic.fna, so the \"&gt;\" is unnecessary. It should be\n```grep A \/mnt\/data\/traviata\/GCA_019973935.1\/GCA_019973935.1_Tncv_1.0_genomic.fna```\nSecond, by default grep will return those lines that match your search parameters, but that's not exactly what you want in this case. For example, the line \"AACAGGACCTTAAA\" will be returned by your grep search because it contains the character \"A\", but there are 7 \"A\" characters on this line. A way around that is the -o argument of grep. The -o argument tell grep to only returns that part of the line that matches your search. Here's an illustration of this argument. In the command lines below I create a file called temp.fa that contains the line AACAGGACCTTAAA, then I use grep to search for the character \"A\" in that file but with the -o argument. I hope you can see how it works from the output.\n```peter@faust:~\/Desktop$ echo \"AACAGGACCTTAAA\" &gt; temp.fa\npeter@faust:~\/Desktop$ grep -o A temp.fa\nA\nA\nA\nA\nA\nA\nA```\nRather than sending all those \"A\" to the terminal, I can redirect the output of the grep command to a file called \"out.txt\" like this\n```peter@faust:~\/Desktop$ grep -o A temp.fa &gt; out.txt```\nIf you modify this command to your genome file, you'll get an output file with one line for every \"A\" character in the genome. The next thing will be to count how many lines that output file has. You can do that with the bash command \"wc\" with the \"-l\" argument, look it up <https:\/\/ss64.com\/bash\/wc.html|here>.\nAs far as your Network error, I suspect that putty is having a hard time keeping up with all the lines you're printing to the screen. You can avoid that problem by sending your output to files rather than the screen, using the \"&gt;\"  as I did above.\n\nLet me know if you have any questions, there's a bunch of stuff to process here. Good luck.",
        "user": "U01793PULLV",
        "ts": "1696956717.776889",
        "blocks": [
            {
                "type": "rich_text",
                "block_id": "ONxcz",
                "elements": [
                    {
                        "type": "rich_text_section",
                        "elements": [
                            {
                                "type": "text",
                                "text": "A couple of things going on here. First, your grep command is not quite correctly written. You're asking grep to identify all the letters \"A\" in the file \/mnt\/data\/traviata\/GCA_019973935.1\/GCA_019973935.1_Tncv_1.0_genomic.fna, so the \">\" is unnecessary. It should be\n"
                            }
                        ]
                    },
                    {
                        "type": "rich_text_preformatted",
                        "elements": [
                            {
                                "type": "text",
                                "text": "grep A \/mnt\/data\/traviata\/GCA_019973935.1\/GCA_019973935.1_Tncv_1.0_genomic.fna"
                            }
                        ],
                        "border": 0
                    },
                    {
                        "type": "rich_text_section",
                        "elements": [
                            {
                                "type": "text",
                                "text": "Second, by default grep will return those lines that match your search parameters, but that's not exactly what you want in this case. For example, the line \"AACAGGACCTTAAA\" will be returned by your grep search because it contains the character \"A\", but there are 7 \"A\" characters on this line. A way around that is the -o argument of grep. The -o argument tell grep to only returns that part of the line that matches your search. Here's an illustration of this argument. In the command lines below I create a file called temp.fa that contains the line AACAGGACCTTAAA, then I use grep to search for the character \"A\" in that file but with the -o argument. I hope you can see how it works from the output.\n"
                            }
                        ]
                    },
                    {
                        "type": "rich_text_preformatted",
                        "elements": [
                            {
                                "type": "text",
                                "text": "peter@faust:~\/Desktop$ echo \"AACAGGACCTTAAA\" > temp.fa\npeter@faust:~\/Desktop$ grep -o A temp.fa\nA\nA\nA\nA\nA\nA\nA"
                            }
                        ],
                        "border": 0
                    },
                    {
                        "type": "rich_text_section",
                        "elements": [
                            {
                                "type": "text",
                                "text": "Rather than sending all those \"A\" to the terminal, I can redirect the output of the grep command to a file called \"out.txt\" like this\n"
                            }
                        ]
                    },
                    {
                        "type": "rich_text_preformatted",
                        "elements": [
                            {
                                "type": "text",
                                "text": "peter@faust:~\/Desktop$ grep -o A temp.fa > out.txt"
                            }
                        ],
                        "border": 0
                    },
                    {
                        "type": "rich_text_section",
                        "elements": [
                            {
                                "type": "text",
                                "text": "If you modify this command to your genome file, you'll get an output file with one line for every \"A\" character in the genome. The next thing will be to count how many lines that output file has. You can do that with the bash command \"wc\" with the \"-l\" argument, look it up "
                            },
                            {
                                "type": "link",
                                "url": "https:\/\/ss64.com\/bash\/wc.html",
                                "text": "here"
                            },
                            {
                                "type": "text",
                                "text": ".\nAs far as your Network error, I suspect that putty is having a hard time keeping up with all the lines you're printing to the screen. You can avoid that problem by sending your output to files rather than the screen, using the \">\"  as I did above.\n\nLet me know if you have any questions, there's a bunch of stuff to process here. Good luck."
                            }
                        ]
                    }
                ]
            }
        ],
        "team": "T017P3M8W7K",
        "user_team": "T017P3M8W7K",
        "source_team": "T017P3M8W7K",
        "user_profile": {
            "avatar_hash": "743a9fc0b5f6",
            "image_72": "https:\/\/avatars.slack-edge.com\/2022-06-30\/3731255580839_743a9fc0b5f63f195af3_72.jpg",
            "first_name": "parensburger",
            "real_name": "parensburger",
            "display_name": "Peter",
            "team": "T017P3M8W7K",
            "name": "parensburger",
            "is_restricted": false,
            "is_ultra_restricted": false
        }
    }
]