[
    {
        "client_msg_id": "b75ecf23-387a-4d0d-9727-0fb101cbf97b",
        "type": "message",
        "text": "I'm not sure you have all the information necessary here. The file has 21438 lines that start with \"&gt;\", therefore if your script worked there should be another 21438 lines with DNA sequences in them, for a total of 42876 lines in your file. You can count the number of lines in your file with the command\n```wc -l &lt;file name&gt;```\nIs that what you have?",
        "user": "U01793PULLV",
        "ts": "1700505974.878829",
        "blocks": [
            {
                "type": "rich_text",
                "block_id": "wCawH",
                "elements": [
                    {
                        "type": "rich_text_section",
                        "elements": [
                            {
                                "type": "text",
                                "text": "I'm not sure you have all the information necessary here. The file has 21438 lines that start with \">\", therefore if your script worked there should be another 21438 lines with DNA sequences in them, for a total of 42876 lines in your file. You can count the number of lines in your file with the command\n"
                            }
                        ]
                    },
                    {
                        "type": "rich_text_preformatted",
                        "elements": [
                            {
                                "type": "text",
                                "text": "wc -l <file name>"
                            }
                        ],
                        "border": 0
                    },
                    {
                        "type": "rich_text_section",
                        "elements": [
                            {
                                "type": "text",
                                "text": "Is that what you have?"
                            }
                        ]
                    }
                ]
            }
        ],
        "team": "T017P3M8W7K",
        "user_team": "T017P3M8W7K",
        "source_team": "T017P3M8W7K",
        "user_profile": {
            "avatar_hash": "743a9fc0b5f6",
            "image_72": "https:\/\/avatars.slack-edge.com\/2022-06-30\/3731255580839_743a9fc0b5f63f195af3_72.jpg",
            "first_name": "parensburger",
            "real_name": "parensburger",
            "display_name": "Peter",
            "team": "T017P3M8W7K",
            "name": "parensburger",
            "is_restricted": false,
            "is_ultra_restricted": false
        }
    },
    {
        "client_msg_id": "F8210FE1-B4CC-4229-B54E-AFFA8EF93C2B",
        "type": "message",
        "text": "I think I am just misunderstanding what I am trying to find",
        "user": "U05QB6DPE82",
        "ts": "1700518866.816629",
        "blocks": [
            {
                "type": "rich_text",
                "block_id": "ZDwH+",
                "elements": [
                    {
                        "type": "rich_text_section",
                        "elements": [
                            {
                                "type": "text",
                                "text": "I think I am just misunderstanding what I am trying to find"
                            }
                        ]
                    }
                ]
            }
        ],
        "team": "T017P3M8W7K",
        "user_team": "T017P3M8W7K",
        "source_team": "T017P3M8W7K",
        "user_profile": {
            "avatar_hash": "gaf69de6760a",
            "image_72": "https:\/\/secure.gravatar.com\/avatar\/af69de6760aee56a86237b492ef70a52.jpg?s=72&d=https%3A%2F%2Fa.slack-edge.com%2Fdf10d%2Fimg%2Favatars%2Fava_0017-72.png",
            "first_name": "Matthew",
            "real_name": "Matthew Capistrano",
            "display_name": "",
            "team": "T017P3M8W7K",
            "name": "mcapistrano",
            "is_restricted": false,
            "is_ultra_restricted": false
        }
    },
    {
        "client_msg_id": "572F21F1-3533-4C98-B0E1-D3269C10F3E9",
        "type": "message",
        "text": "I will double check again to confirm ",
        "user": "U05QB6DPE82",
        "ts": "1700518878.225879",
        "blocks": [
            {
                "type": "rich_text",
                "block_id": "atUPP",
                "elements": [
                    {
                        "type": "rich_text_section",
                        "elements": [
                            {
                                "type": "text",
                                "text": "I will double check again to confirm "
                            }
                        ]
                    }
                ]
            }
        ],
        "team": "T017P3M8W7K",
        "user_team": "T017P3M8W7K",
        "source_team": "T017P3M8W7K",
        "user_profile": {
            "avatar_hash": "gaf69de6760a",
            "image_72": "https:\/\/secure.gravatar.com\/avatar\/af69de6760aee56a86237b492ef70a52.jpg?s=72&d=https%3A%2F%2Fa.slack-edge.com%2Fdf10d%2Fimg%2Favatars%2Fava_0017-72.png",
            "first_name": "Matthew",
            "real_name": "Matthew Capistrano",
            "display_name": "",
            "team": "T017P3M8W7K",
            "name": "mcapistrano",
            "is_restricted": false,
            "is_ultra_restricted": false
        },
        "reactions": [
            {
                "name": "+1",
                "users": [
                    "U01793PULLV"
                ],
                "count": 1
            }
        ]
    }
]