[
    {
        "client_msg_id": "5ee96df7-4044-4be6-832c-fc71e1dff67a",
        "type": "message",
        "text": "<https:\/\/docs.google.com\/document\/d\/1BQRvdGMgFoiNGtR2vgzzLrpPelTYGDabz3ubWVxhVH8\/edit?usp=sharing|Here's> the instructions for transferring files between your computer and traviata. Let me know if you have any questions.",
        "user": "U01793PULLV",
        "ts": "1694385340.021569",
        "blocks": [
            {
                "type": "rich_text",
                "block_id": "QDgBN",
                "elements": [
                    {
                        "type": "rich_text_section",
                        "elements": [
                            {
                                "type": "link",
                                "url": "https:\/\/docs.google.com\/document\/d\/1BQRvdGMgFoiNGtR2vgzzLrpPelTYGDabz3ubWVxhVH8\/edit?usp=sharing",
                                "text": "Here's"
                            },
                            {
                                "type": "text",
                                "text": " the instructions for transferring files between your computer and traviata. Let me know if you have any questions."
                            }
                        ]
                    }
                ]
            }
        ],
        "team": "T017P3M8W7K",
        "user_team": "T017P3M8W7K",
        "source_team": "T017P3M8W7K",
        "user_profile": {
            "avatar_hash": "743a9fc0b5f6",
            "image_72": "https:\/\/avatars.slack-edge.com\/2022-06-30\/3731255580839_743a9fc0b5f63f195af3_72.jpg",
            "first_name": "parensburger",
            "real_name": "parensburger",
            "display_name": "Peter",
            "team": "T017P3M8W7K",
            "name": "parensburger",
            "is_restricted": false,
            "is_ultra_restricted": false
        }
    }
]