[
    {
        "client_msg_id": "c3bfc253-9489-413b-9139-5a526bf3699d",
        "type": "message",
        "text": "sed -n '\/^&gt;\/!{H;$g};\/^&gt;\/{s\/\\n\/\/g;p}' \/mnt\/data\/traviata\/GCA_019973935.1\/GCA_019973935.1_Tncv_1.0_genomic.fna &gt; out.txt",
        "user": "U05QB6DPE82",
        "ts": "1699596852.874159",
        "blocks": [
            {
                "type": "rich_text",
                "block_id": "P4aWG",
                "elements": [
                    {
                        "type": "rich_text_section",
                        "elements": [
                            {
                                "type": "text",
                                "text": "sed -n '\/^>\/!{H;$g};\/^>\/{s\/\\n\/\/g;p}' \/mnt\/data\/traviata\/GCA_019973935.1\/GCA_019973935.1_Tncv_1.0_genomic.fna > out.txt"
                            }
                        ]
                    }
                ]
            }
        ],
        "team": "T017P3M8W7K",
        "user_team": "T017P3M8W7K",
        "source_team": "T017P3M8W7K",
        "user_profile": {
            "avatar_hash": "gaf69de6760a",
            "image_72": "https:\/\/secure.gravatar.com\/avatar\/af69de6760aee56a86237b492ef70a52.jpg?s=72&d=https%3A%2F%2Fa.slack-edge.com%2Fdf10d%2Fimg%2Favatars%2Fava_0017-72.png",
            "first_name": "Matthew",
            "real_name": "Matthew Capistrano",
            "display_name": "",
            "team": "T017P3M8W7K",
            "name": "mcapistrano",
            "is_restricted": false,
            "is_ultra_restricted": false
        }
    },
    {
        "client_msg_id": "2f05f3b3-66d4-42e9-841b-80b1ac692609",
        "type": "message",
        "text": "I used this command created from chat gpt but the outcome is : Sed: regex input buffer length larger that INT_MAX",
        "user": "U05QB6DPE82",
        "ts": "1699596896.295859",
        "blocks": [
            {
                "type": "rich_text",
                "block_id": "0XY3O",
                "elements": [
                    {
                        "type": "rich_text_section",
                        "elements": [
                            {
                                "type": "text",
                                "text": "I used this command created from chat gpt but the outcome is : Sed: regex input buffer length larger that INT_MAX"
                            }
                        ]
                    }
                ]
            }
        ],
        "team": "T017P3M8W7K",
        "user_team": "T017P3M8W7K",
        "source_team": "T017P3M8W7K",
        "user_profile": {
            "avatar_hash": "gaf69de6760a",
            "image_72": "https:\/\/secure.gravatar.com\/avatar\/af69de6760aee56a86237b492ef70a52.jpg?s=72&d=https%3A%2F%2Fa.slack-edge.com%2Fdf10d%2Fimg%2Favatars%2Fava_0017-72.png",
            "first_name": "Matthew",
            "real_name": "Matthew Capistrano",
            "display_name": "",
            "team": "T017P3M8W7K",
            "name": "mcapistrano",
            "is_restricted": false,
            "is_ultra_restricted": false
        }
    },
    {
        "client_msg_id": "507a5244-ed8f-4a8a-bdd6-1cf21145bf81",
        "type": "message",
        "text": "perl -ne 'if(\/^&gt;\/){if($n&gt;0){print \"\\n\"} print $_; $n++;}else{chomp; print $_} END{print \"\\n\"}' \/mnt\/data\/traviata\/GCA_019973935.1\/GCA_019973935.1_Tncv_1.0_genomic.fna &gt; out.txt",
        "user": "U05QB6DPE82",
        "ts": "1699599940.724749",
        "blocks": [
            {
                "type": "rich_text",
                "block_id": "CwHJU",
                "elements": [
                    {
                        "type": "rich_text_section",
                        "elements": [
                            {
                                "type": "text",
                                "text": "perl -ne 'if(\/^>\/){if($n>0){print \"\\n\"} print $_; $n++;}else{chomp; print $_} END{print \"\\n\"}' \/mnt\/data\/traviata\/GCA_019973935.1\/GCA_019973935.1_Tncv_1.0_genomic.fna > out.txt"
                            }
                        ]
                    }
                ]
            }
        ],
        "team": "T017P3M8W7K",
        "user_team": "T017P3M8W7K",
        "source_team": "T017P3M8W7K",
        "user_profile": {
            "avatar_hash": "gaf69de6760a",
            "image_72": "https:\/\/secure.gravatar.com\/avatar\/af69de6760aee56a86237b492ef70a52.jpg?s=72&d=https%3A%2F%2Fa.slack-edge.com%2Fdf10d%2Fimg%2Favatars%2Fava_0017-72.png",
            "first_name": "Matthew",
            "real_name": "Matthew Capistrano",
            "display_name": "",
            "team": "T017P3M8W7K",
            "name": "mcapistrano",
            "is_restricted": false,
            "is_ultra_restricted": false
        }
    },
    {
        "client_msg_id": "a839f917-4b4b-4454-8abb-67b596e1cdcd",
        "type": "message",
        "text": "This was another command chatgpt came up with",
        "user": "U05QB6DPE82",
        "ts": "1699599971.780079",
        "blocks": [
            {
                "type": "rich_text",
                "block_id": "SIEq2",
                "elements": [
                    {
                        "type": "rich_text_section",
                        "elements": [
                            {
                                "type": "text",
                                "text": "This was another command chatgpt came up with"
                            }
                        ]
                    }
                ]
            }
        ],
        "team": "T017P3M8W7K",
        "user_team": "T017P3M8W7K",
        "source_team": "T017P3M8W7K",
        "user_profile": {
            "avatar_hash": "gaf69de6760a",
            "image_72": "https:\/\/secure.gravatar.com\/avatar\/af69de6760aee56a86237b492ef70a52.jpg?s=72&d=https%3A%2F%2Fa.slack-edge.com%2Fdf10d%2Fimg%2Favatars%2Fava_0017-72.png",
            "first_name": "Matthew",
            "real_name": "Matthew Capistrano",
            "display_name": "",
            "team": "T017P3M8W7K",
            "name": "mcapistrano",
            "is_restricted": false,
            "is_ultra_restricted": false
        }
    }
]