[
    {
        "type": "message",
        "text": "",
        "files": [
            {
                "id": "F05TAUH2Q72",
                "created": 1694848832,
                "timestamp": 1694848832,
                "name": "image.png",
                "title": "image.png",
                "mimetype": "image\/png",
                "filetype": "png",
                "pretty_type": "PNG",
                "user": "U05QB6DPE82",
                "user_team": "T017P3M8W7K",
                "editable": false,
                "size": 12539,
                "mode": "hosted",
                "is_external": false,
                "external_type": "",
                "is_public": true,
                "public_url_shared": false,
                "display_as_bot": false,
                "username": "",
                "url_private": "https:\/\/files.slack.com\/files-pri\/T017P3M8W7K-F05TAUH2Q72\/image.png?t=xoxe-1261123302257-6395895314663-6407612319125-137f2171a6b5696e8e285d5b7bbfa693",
                "url_private_download": "https:\/\/files.slack.com\/files-pri\/T017P3M8W7K-F05TAUH2Q72\/download\/image.png?t=xoxe-1261123302257-6395895314663-6407612319125-137f2171a6b5696e8e285d5b7bbfa693",
                "media_display_type": "unknown",
                "thumb_64": "https:\/\/files.slack.com\/files-tmb\/T017P3M8W7K-F05TAUH2Q72-e78bf50ca7\/image_64.png?t=xoxe-1261123302257-6395895314663-6407612319125-137f2171a6b5696e8e285d5b7bbfa693",
                "thumb_80": "https:\/\/files.slack.com\/files-tmb\/T017P3M8W7K-F05TAUH2Q72-e78bf50ca7\/image_80.png?t=xoxe-1261123302257-6395895314663-6407612319125-137f2171a6b5696e8e285d5b7bbfa693",
                "thumb_360": "https:\/\/files.slack.com\/files-tmb\/T017P3M8W7K-F05TAUH2Q72-e78bf50ca7\/image_360.png?t=xoxe-1261123302257-6395895314663-6407612319125-137f2171a6b5696e8e285d5b7bbfa693",
                "thumb_360_w": 360,
                "thumb_360_h": 61,
                "thumb_480": "https:\/\/files.slack.com\/files-tmb\/T017P3M8W7K-F05TAUH2Q72-e78bf50ca7\/image_480.png?t=xoxe-1261123302257-6395895314663-6407612319125-137f2171a6b5696e8e285d5b7bbfa693",
                "thumb_480_w": 480,
                "thumb_480_h": 82,
                "thumb_160": "https:\/\/files.slack.com\/files-tmb\/T017P3M8W7K-F05TAUH2Q72-e78bf50ca7\/image_160.png?t=xoxe-1261123302257-6395895314663-6407612319125-137f2171a6b5696e8e285d5b7bbfa693",
                "original_w": 652,
                "original_h": 111,
                "thumb_tiny": "AwAIADDOz9aM8d\/zoNIOlMAz\/nNHag9qO1ABz60lKOlJQB\/\/2Q==",
                "permalink": "https:\/\/arensburgerla-9bj1862.slack.com\/files\/U05QB6DPE82\/F05TAUH2Q72\/image.png",
                "permalink_public": "https:\/\/slack-files.com\/T017P3M8W7K-F05TAUH2Q72-41c47b48bf",
                "is_starred": false,
                "has_rich_preview": false,
                "file_access": "visible"
            }
        ],
        "upload": false,
        "user": "U05QB6DPE82",
        "display_as_bot": false,
        "ts": "1694848834.120849",
        "client_msg_id": "9312d909-a6ea-4f74-b606-344171ab3619"
    },
    {
        "client_msg_id": "dfe0bc7a-176f-4720-b0d5-357d3512a421",
        "type": "message",
        "text": "I just downloaded the file onto the server",
        "user": "U05QB6DPE82",
        "ts": "1694848841.899729",
        "blocks": [
            {
                "type": "rich_text",
                "block_id": "toKVi",
                "elements": [
                    {
                        "type": "rich_text_section",
                        "elements": [
                            {
                                "type": "text",
                                "text": "I just downloaded the file onto the server"
                            }
                        ]
                    }
                ]
            }
        ],
        "team": "T017P3M8W7K",
        "user_team": "T017P3M8W7K",
        "source_team": "T017P3M8W7K",
        "user_profile": {
            "avatar_hash": "gaf69de6760a",
            "image_72": "https:\/\/secure.gravatar.com\/avatar\/af69de6760aee56a86237b492ef70a52.jpg?s=72&d=https%3A%2F%2Fa.slack-edge.com%2Fdf10d%2Fimg%2Favatars%2Fava_0017-72.png",
            "first_name": "Matthew",
            "real_name": "Matthew Capistrano",
            "display_name": "",
            "team": "T017P3M8W7K",
            "name": "mcapistrano",
            "is_restricted": false,
            "is_ultra_restricted": false
        }
    },
    {
        "type": "message",
        "text": "",
        "files": [
            {
                "id": "F05SQCFJM3N",
                "created": 1694848863,
                "timestamp": 1694848863,
                "name": "image.png",
                "title": "image.png",
                "mimetype": "image\/png",
                "filetype": "png",
                "pretty_type": "PNG",
                "user": "U05QB6DPE82",
                "user_team": "T017P3M8W7K",
                "editable": false,
                "size": 6187,
                "mode": "hosted",
                "is_external": false,
                "external_type": "",
                "is_public": true,
                "public_url_shared": false,
                "display_as_bot": false,
                "username": "",
                "url_private": "https:\/\/files.slack.com\/files-pri\/T017P3M8W7K-F05SQCFJM3N\/image.png?t=xoxe-1261123302257-6395895314663-6407612319125-137f2171a6b5696e8e285d5b7bbfa693",
                "url_private_download": "https:\/\/files.slack.com\/files-pri\/T017P3M8W7K-F05SQCFJM3N\/download\/image.png?t=xoxe-1261123302257-6395895314663-6407612319125-137f2171a6b5696e8e285d5b7bbfa693",
                "media_display_type": "unknown",
                "thumb_64": "https:\/\/files.slack.com\/files-tmb\/T017P3M8W7K-F05SQCFJM3N-afa122955c\/image_64.png?t=xoxe-1261123302257-6395895314663-6407612319125-137f2171a6b5696e8e285d5b7bbfa693",
                "thumb_80": "https:\/\/files.slack.com\/files-tmb\/T017P3M8W7K-F05SQCFJM3N-afa122955c\/image_80.png?t=xoxe-1261123302257-6395895314663-6407612319125-137f2171a6b5696e8e285d5b7bbfa693",
                "thumb_360": "https:\/\/files.slack.com\/files-tmb\/T017P3M8W7K-F05SQCFJM3N-afa122955c\/image_360.png?t=xoxe-1261123302257-6395895314663-6407612319125-137f2171a6b5696e8e285d5b7bbfa693",
                "thumb_360_w": 360,
                "thumb_360_h": 52,
                "thumb_480": "https:\/\/files.slack.com\/files-tmb\/T017P3M8W7K-F05SQCFJM3N-afa122955c\/image_480.png?t=xoxe-1261123302257-6395895314663-6407612319125-137f2171a6b5696e8e285d5b7bbfa693",
                "thumb_480_w": 480,
                "thumb_480_h": 70,
                "thumb_160": "https:\/\/files.slack.com\/files-tmb\/T017P3M8W7K-F05SQCFJM3N-afa122955c\/image_160.png?t=xoxe-1261123302257-6395895314663-6407612319125-137f2171a6b5696e8e285d5b7bbfa693",
                "original_w": 495,
                "original_h": 72,
                "thumb_tiny": "AwAGADDO3+3NG\/mm0UAO3D0pNx7UlFABmiiigD\/\/2Q==",
                "permalink": "https:\/\/arensburgerla-9bj1862.slack.com\/files\/U05QB6DPE82\/F05SQCFJM3N\/image.png",
                "permalink_public": "https:\/\/slack-files.com\/T017P3M8W7K-F05SQCFJM3N-3c8c0af115",
                "is_starred": false,
                "has_rich_preview": false,
                "file_access": "visible"
            }
        ],
        "upload": false,
        "user": "U05QB6DPE82",
        "display_as_bot": false,
        "ts": "1694848865.328189",
        "client_msg_id": "3061ac14-e90a-47fb-b1e5-53b027b9ef60"
    },
    {
        "client_msg_id": "7265f7e5-accf-4238-84fe-14d2d87bd688",
        "type": "message",
        "text": "Great. Your next assignment will be move the genome file (the file that ends in .fna) out of your home directory. The reason is that your home directory is backed up every day, and there's no good reason to fill up the back up disk with the large genome file. So here's your next assignment.\n1. Report to me how big the genome file is. You can use the command \"ls -lh\" for this, you'll need to look up how to use that command.\n2. You're going to move the file to a location outside of your home directory. Specifically into the folder \/mnt\/data\/traviata (this name breaks down to: there's a top folder called \"\/\", in that top folder is a sub folder called \"mnt\", in that folder another sub folder called \"data\", in that another sub folder called \"traviata\". You are going move the genome file to that subfolder using the command \"mv\" (you'll need to look up how to use that command).\nLet me know when that's done.",
        "user": "U01793PULLV",
        "ts": "1694898234.657009",
        "blocks": [
            {
                "type": "rich_text",
                "block_id": "Nvx",
                "elements": [
                    {
                        "type": "rich_text_section",
                        "elements": [
                            {
                                "type": "text",
                                "text": "Great. Your next assignment will be move the genome file (the file that ends in .fna) out of your home directory. The reason is that your home directory is backed up every day, and there's no good reason to fill up the back up disk with the large genome file. So here's your next assignment.\n"
                            }
                        ]
                    },
                    {
                        "type": "rich_text_list",
                        "elements": [
                            {
                                "type": "rich_text_section",
                                "elements": [
                                    {
                                        "type": "text",
                                        "text": "Report to me how big the genome file is. You can use the command \"ls -lh\" for this, you'll need to look up how to use that command."
                                    }
                                ]
                            },
                            {
                                "type": "rich_text_section",
                                "elements": [
                                    {
                                        "type": "text",
                                        "text": "You're going to move the file to a location outside of your home directory. Specifically into the folder \/mnt\/data\/traviata (this name breaks down to: there's a top folder called \"\/\", in that top folder is a sub folder called \"mnt\", in that folder another sub folder called \"data\", in that another sub folder called \"traviata\". You are going move the genome file to that subfolder using the command \"mv\" (you'll need to look up how to use that command)."
                                    }
                                ]
                            }
                        ],
                        "style": "ordered",
                        "indent": 0,
                        "border": 0
                    },
                    {
                        "type": "rich_text_section",
                        "elements": [
                            {
                                "type": "text",
                                "text": "Let me know when that's done."
                            }
                        ]
                    }
                ]
            }
        ],
        "team": "T017P3M8W7K",
        "user_team": "T017P3M8W7K",
        "source_team": "T017P3M8W7K",
        "user_profile": {
            "avatar_hash": "743a9fc0b5f6",
            "image_72": "https:\/\/avatars.slack-edge.com\/2022-06-30\/3731255580839_743a9fc0b5f63f195af3_72.jpg",
            "first_name": "parensburger",
            "real_name": "parensburger",
            "display_name": "Peter",
            "team": "T017P3M8W7K",
            "name": "parensburger",
            "is_restricted": false,
            "is_ultra_restricted": false
        }
    }
]