[
    {
        "client_msg_id": "a3573078-75f2-4476-b96a-94370c093416",
        "type": "message",
        "text": "I just wanted to confirm its the Golden silk orb-weaver?",
        "user": "U05QB6DPE82",
        "ts": "1694142708.283219",
        "blocks": [
            {
                "type": "rich_text",
                "block_id": "iYGz",
                "elements": [
                    {
                        "type": "rich_text_section",
                        "elements": [
                            {
                                "type": "text",
                                "text": "I just wanted to confirm its the Golden silk orb-weaver?"
                            }
                        ]
                    }
                ]
            }
        ],
        "team": "T017P3M8W7K",
        "user_team": "T017P3M8W7K",
        "source_team": "T017P3M8W7K",
        "user_profile": {
            "avatar_hash": "gaf69de6760a",
            "image_72": "https:\/\/secure.gravatar.com\/avatar\/af69de6760aee56a86237b492ef70a52.jpg?s=72&d=https%3A%2F%2Fa.slack-edge.com%2Fdf10d%2Fimg%2Favatars%2Fava_0017-72.png",
            "first_name": "Matthew",
            "real_name": "Matthew Capistrano",
            "display_name": "",
            "team": "T017P3M8W7K",
            "name": "mcapistrano",
            "is_restricted": false,
            "is_ultra_restricted": false
        }
    },
    {
        "client_msg_id": "c8bffde4-2459-4e0f-a5d1-cbf7ed682c1b",
        "type": "message",
        "text": "The genome size says to be 2.9 Gb",
        "user": "U05QB6DPE82",
        "ts": "1694142804.427709",
        "blocks": [
            {
                "type": "rich_text",
                "block_id": "1mPGs",
                "elements": [
                    {
                        "type": "rich_text_section",
                        "elements": [
                            {
                                "type": "text",
                                "text": "The genome size says to be 2.9 Gb"
                            }
                        ]
                    }
                ]
            }
        ],
        "team": "T017P3M8W7K",
        "user_team": "T017P3M8W7K",
        "source_team": "T017P3M8W7K",
        "user_profile": {
            "avatar_hash": "gaf69de6760a",
            "image_72": "https:\/\/secure.gravatar.com\/avatar\/af69de6760aee56a86237b492ef70a52.jpg?s=72&d=https%3A%2F%2Fa.slack-edge.com%2Fdf10d%2Fimg%2Favatars%2Fava_0017-72.png",
            "first_name": "Matthew",
            "real_name": "Matthew Capistrano",
            "display_name": "",
            "team": "T017P3M8W7K",
            "name": "mcapistrano",
            "is_restricted": false,
            "is_ultra_restricted": false
        },
        "thread_ts": "1694142804.427709",
        "reply_count": 1,
        "reply_users_count": 1,
        "latest_reply": "1694190303.940099",
        "reply_users": [
            "U01793PULLV"
        ],
        "replies": [
            {
                "user": "U01793PULLV",
                "ts": "1694190303.940099"
            }
        ],
        "is_locked": false,
        "subscribed": true,
        "last_read": "1694190303.940099"
    },
    {
        "type": "message",
        "text": "",
        "files": [
            {
                "id": "F05R1K1E8JK",
                "created": 1694142928,
                "timestamp": 1694142928,
                "name": "image.png",
                "title": "image.png",
                "mimetype": "image\/png",
                "filetype": "png",
                "pretty_type": "PNG",
                "user": "U05QB6DPE82",
                "user_team": "T017P3M8W7K",
                "editable": false,
                "size": 80651,
                "mode": "hosted",
                "is_external": false,
                "external_type": "",
                "is_public": true,
                "public_url_shared": false,
                "display_as_bot": false,
                "username": "",
                "url_private": "https:\/\/files.slack.com\/files-pri\/T017P3M8W7K-F05R1K1E8JK\/image.png?t=xoxe-1261123302257-6395895314663-6407612319125-137f2171a6b5696e8e285d5b7bbfa693",
                "url_private_download": "https:\/\/files.slack.com\/files-pri\/T017P3M8W7K-F05R1K1E8JK\/download\/image.png?t=xoxe-1261123302257-6395895314663-6407612319125-137f2171a6b5696e8e285d5b7bbfa693",
                "media_display_type": "unknown",
                "thumb_64": "https:\/\/files.slack.com\/files-tmb\/T017P3M8W7K-F05R1K1E8JK-2aacbcbd65\/image_64.png?t=xoxe-1261123302257-6395895314663-6407612319125-137f2171a6b5696e8e285d5b7bbfa693",
                "thumb_80": "https:\/\/files.slack.com\/files-tmb\/T017P3M8W7K-F05R1K1E8JK-2aacbcbd65\/image_80.png?t=xoxe-1261123302257-6395895314663-6407612319125-137f2171a6b5696e8e285d5b7bbfa693",
                "thumb_360": "https:\/\/files.slack.com\/files-tmb\/T017P3M8W7K-F05R1K1E8JK-2aacbcbd65\/image_360.png?t=xoxe-1261123302257-6395895314663-6407612319125-137f2171a6b5696e8e285d5b7bbfa693",
                "thumb_360_w": 260,
                "thumb_360_h": 360,
                "thumb_480": "https:\/\/files.slack.com\/files-tmb\/T017P3M8W7K-F05R1K1E8JK-2aacbcbd65\/image_480.png?t=xoxe-1261123302257-6395895314663-6407612319125-137f2171a6b5696e8e285d5b7bbfa693",
                "thumb_480_w": 346,
                "thumb_480_h": 480,
                "thumb_160": "https:\/\/files.slack.com\/files-tmb\/T017P3M8W7K-F05R1K1E8JK-2aacbcbd65\/image_160.png?t=xoxe-1261123302257-6395895314663-6407612319125-137f2171a6b5696e8e285d5b7bbfa693",
                "thumb_720": "https:\/\/files.slack.com\/files-tmb\/T017P3M8W7K-F05R1K1E8JK-2aacbcbd65\/image_720.png?t=xoxe-1261123302257-6395895314663-6407612319125-137f2171a6b5696e8e285d5b7bbfa693",
                "thumb_720_w": 519,
                "thumb_720_h": 720,
                "original_w": 570,
                "original_h": 790,
                "thumb_tiny": "AwAwACLRI56frSjNJ3pwoAKKZzk9evpTgfr+VAC0UUUAGB6UUUUAN28np19KXH+cU3ufrSjAoAdRRRQAnNLzSYpaAExk0uMUVHJMkZAbPPtQBJRUQnQjPP5Uvnp7\/lTsxXR\/\/9k=",
                "permalink": "https:\/\/arensburgerla-9bj1862.slack.com\/files\/U05QB6DPE82\/F05R1K1E8JK\/image.png",
                "permalink_public": "https:\/\/slack-files.com\/T017P3M8W7K-F05R1K1E8JK-7c931fee1e",
                "is_starred": false,
                "has_rich_preview": false,
                "file_access": "visible"
            }
        ],
        "upload": false,
        "user": "U05QB6DPE82",
        "display_as_bot": false,
        "ts": "1694142933.471359",
        "client_msg_id": "3c6f927c-6dec-48f9-8344-3231d4e93890"
    },
    {
        "client_msg_id": "d9333779-f58e-4416-a831-9670bdaa5a8c",
        "type": "message",
        "text": "Should I be selecting all options when downloading?",
        "user": "U05QB6DPE82",
        "ts": "1694142942.847889",
        "blocks": [
            {
                "type": "rich_text",
                "block_id": "hFkPo",
                "elements": [
                    {
                        "type": "rich_text_section",
                        "elements": [
                            {
                                "type": "text",
                                "text": "Should I be selecting all options when downloading?"
                            }
                        ]
                    }
                ]
            }
        ],
        "team": "T017P3M8W7K",
        "user_team": "T017P3M8W7K",
        "source_team": "T017P3M8W7K",
        "user_profile": {
            "avatar_hash": "gaf69de6760a",
            "image_72": "https:\/\/secure.gravatar.com\/avatar\/af69de6760aee56a86237b492ef70a52.jpg?s=72&d=https%3A%2F%2Fa.slack-edge.com%2Fdf10d%2Fimg%2Favatars%2Fava_0017-72.png",
            "first_name": "Matthew",
            "real_name": "Matthew Capistrano",
            "display_name": "",
            "team": "T017P3M8W7K",
            "name": "mcapistrano",
            "is_restricted": false,
            "is_ultra_restricted": false
        },
        "edited": {
            "user": "U05QB6DPE82",
            "ts": "1694142948.000000"
        }
    }
]