[
    {
        "client_msg_id": "c0aacd48-a322-4fee-9ec9-7b82796ffe5e",
        "type": "message",
        "text": "Great, well done. The first thing I'd suggest you do is to change the name \"out.txt\" to something more unique. In a couple of months you'll be looking for this file and it's hard to find it if has such a common name. I often give files a name followed by a date when it was created, for example \"tclavipes_genome_112223.fa\". Second, to complete the three tasks I originally assigned to you (<https:\/\/arensburgerla-9bj1862.slack.com\/archives\/C05QE0FPE6Q\/p1695398225309839|here>), you need to get a size distribution of the genome segments, which means you need to get the length of all 21438 DNA sequence lines in your file out.txt. There are various ways to do this, but I'll let you look those up. Your final output should be a listing of the length of each DNA line, one number per line (there should be 21438 lines in that file). The output can then be used to make a histogram of the sizes distribution. Let me know if you have any questions.",
        "user": "U01793PULLV",
        "ts": "1700674816.962779",
        "blocks": [
            {
                "type": "rich_text",
                "block_id": "6l9Qh",
                "elements": [
                    {
                        "type": "rich_text_section",
                        "elements": [
                            {
                                "type": "text",
                                "text": "Great, well done. The first thing I'd suggest you do is to change the name \"out.txt\" to something more unique. In a couple of months you'll be looking for this file and it's hard to find it if has such a common name. I often give files a name followed by a date when it was created, for example \"tclavipes_genome_112223.fa\". Second, to complete the three tasks I originally assigned to you ("
                            },
                            {
                                "type": "link",
                                "url": "https:\/\/arensburgerla-9bj1862.slack.com\/archives\/C05QE0FPE6Q\/p1695398225309839",
                                "text": "here"
                            },
                            {
                                "type": "text",
                                "text": "), you need to get a size distribution of the genome segments, which means you need to get the length of all 21438 DNA sequence lines in your file out.txt. There are various ways to do this, but I'll let you look those up. Your final output should be a listing of the length of each DNA line, one number per line (there should be 21438 lines in that file). The output can then be used to make a histogram of the sizes distribution. Let me know if you have any questions."
                            }
                        ]
                    }
                ]
            }
        ],
        "team": "T017P3M8W7K",
        "user_team": "T017P3M8W7K",
        "source_team": "T017P3M8W7K",
        "user_profile": {
            "avatar_hash": "743a9fc0b5f6",
            "image_72": "https:\/\/avatars.slack-edge.com\/2022-06-30\/3731255580839_743a9fc0b5f63f195af3_72.jpg",
            "first_name": "parensburger",
            "real_name": "parensburger",
            "display_name": "Peter",
            "team": "T017P3M8W7K",
            "name": "parensburger",
            "is_restricted": false,
            "is_ultra_restricted": false
        },
        "attachments": [
            {
                "from_url": "https:\/\/arensburgerla-9bj1862.slack.com\/archives\/C05QE0FPE6Q\/p1695398225309839",
                "ts": "1695398225.309839",
                "author_id": "U01793PULLV",
                "channel_id": "C05QE0FPE6Q",
                "channel_team": "T017P3M8W7K",
                "is_msg_unfurl": true,
                "message_blocks": [
                    {
                        "team": "T017P3M8W7K",
                        "channel": "C05QE0FPE6Q",
                        "ts": "1695398225.309839",
                        "message": {
                            "blocks": [
                                {
                                    "type": "rich_text",
                                    "block_id": "lJJ5M",
                                    "elements": [
                                        {
                                            "type": "rich_text_section",
                                            "elements": [
                                                {
                                                    "type": "text",
                                                    "text": "Well done. Next, as this is a new genome the lab is working on, I'll need you to gather some statistics about it. Specifically:\n"
                                                }
                                            ]
                                        },
                                        {
                                            "type": "rich_text_list",
                                            "elements": [
                                                {
                                                    "type": "rich_text_section",
                                                    "elements": [
                                                        {
                                                            "type": "text",
                                                            "text": "How many pieces it's divided into"
                                                        }
                                                    ]
                                                },
                                                {
                                                    "type": "rich_text_section",
                                                    "elements": [
                                                        {
                                                            "type": "text",
                                                            "text": "The percentage of A, C, T, G, and N (N=nucleotide unknown) nucleotide"
                                                        }
                                                    ]
                                                },
                                                {
                                                    "type": "rich_text_section",
                                                    "elements": [
                                                        {
                                                            "type": "text",
                                                            "text": "The size distribution of the genome sections (i.e. are there lots of small genome segments, or just a few big ones)."
                                                        }
                                                    ]
                                                }
                                            ],
                                            "style": "ordered",
                                            "indent": 0,
                                            "border": 0
                                        },
                                        {
                                            "type": "rich_text_section",
                                            "elements": [
                                                {
                                                    "type": "text",
                                                    "text": "\nYou're going to use command lines to figure each of these things out. For now, we'll start with the number of pieces the genome is divided into. The genome file that ends in .fna is formatted in the "
                                                },
                                                {
                                                    "type": "link",
                                                    "url": "https:\/\/en.wikipedia.org\/wiki\/FASTA_format",
                                                    "text": "FASTA format"
                                                },
                                                {
                                                    "type": "text",
                                                    "text": ". This means that every segment of the genome starts with a line like this \">blah blah\" (you can use the command "
                                                },
                                                {
                                                    "type": "link",
                                                    "url": "https:\/\/www.geeksforgeeks.org\/more-command-in-linux-with-examples\/",
                                                    "text": "more"
                                                },
                                                {
                                                    "type": "text",
                                                    "text": " to see this for yourself). Therefore, what you need to do is to count the number of lines that start with the \">\" symbol and you'll have the number segments. To count the number of such lines, you can use the "
                                                },
                                                {
                                                    "type": "link",
                                                    "url": "https:\/\/www.geeksforgeeks.org\/grep-command-in-unixlinux\/#",
                                                    "text": "grep"
                                                },
                                                {
                                                    "type": "text",
                                                    "text": " command on the command line. You can read up about how to use the grep command, but basically it will look something like this on the command line\n"
                                                }
                                            ]
                                        },
                                        {
                                            "type": "rich_text_preformatted",
                                            "elements": [
                                                {
                                                    "type": "text",
                                                    "text": "grep -c \">\" <path to the .fna file name>"
                                                }
                                            ],
                                            "border": 0
                                        },
                                        {
                                            "type": "rich_text_section",
                                            "elements": [
                                                {
                                                    "type": "text",
                                                    "text": "where:\n"
                                                }
                                            ]
                                        },
                                        {
                                            "type": "rich_text_list",
                                            "elements": [
                                                {
                                                    "type": "rich_text_section",
                                                    "elements": [
                                                        {
                                                            "type": "text",
                                                            "text": "-c tells the grep command to return the number of matches to your pattern"
                                                        }
                                                    ]
                                                },
                                                {
                                                    "type": "rich_text_section",
                                                    "elements": [
                                                        {
                                                            "type": "text",
                                                            "text": "\">\" is the pattern to search for (the quote marks are necessary because the > symbol has special meaning otherwise on the command line)"
                                                        }
                                                    ]
                                                },
                                                {
                                                    "type": "rich_text_section",
                                                    "elements": [
                                                        {
                                                            "type": "text",
                                                            "text": "<path to the .fna file name> is the full path name to the .fna file for you, in your case it will be \/mnt\/data\/traviata\/GCA_019973935.1\/GCA_019973935.1_Tncv_1.0_genomic.fna (do not include the < and > symbols)"
                                                        }
                                                    ]
                                                }
                                            ],
                                            "style": "bullet",
                                            "indent": 0,
                                            "border": 0
                                        },
                                        {
                                            "type": "rich_text_section",
                                            "elements": [
                                                {
                                                    "type": "text",
                                                    "text": "\nThis may all be a lot to digest, so take your time looking into it and get back to me when you've figured out the number of segments in the genome, or need some help. Good luck."
                                                }
                                            ]
                                        }
                                    ]
                                }
                            ]
                        }
                    }
                ],
                "id": 1,
                "original_url": "https:\/\/arensburgerla-9bj1862.slack.com\/archives\/C05QE0FPE6Q\/p1695398225309839",
                "fallback": "[September 22nd, 2023 8:57 AM] parensburger: Well done. Next, as this is a new genome the lab is working on, I'll need you to gather some statistics about it. Specifically:\n1. How many pieces it's divided into\n2. The percentage of A, C, T, G, and N (N=nucleotide unknown) nucleotide\n3. The size distribution of the genome sections (i.e. are there lots of small genome segments, or just a few big ones).\nYou're going to use command lines to figure each of these things out. For now, we'll start with the number of pieces the genome is divided into. The genome file that ends in .fna is formatted in the <https:\/\/en.wikipedia.org\/wiki\/FASTA_format|FASTA format>. This means that every segment of the genome starts with a line like this \"&gt;blah blah\" (you can use the command <https:\/\/www.geeksforgeeks.org\/more-command-in-linux-with-examples\/|more> to see this for yourself). Therefore, what you need to do is to count the number of lines that start with the \"&gt;\" symbol and you'll have the number segments. To count the number of such lines, you can use the <https:\/\/www.geeksforgeeks.org\/grep-command-in-unixlinux\/#|grep> command on the command line. You can read up about how to use the grep command, but basically it will look something like this on the command line\n```grep -c \"&gt;\" &lt;path to the .fna file name&gt;```\nwhere:\n• -c tells the grep command to return the number of matches to your pattern\n• \"&gt;\" is the pattern to search for (the quote marks are necessary because the &gt; symbol has special meaning otherwise on the command line)\n• &lt;path to the .fna file name&gt; is the full path name to the .fna file for you, in your case it will be \/mnt\/data\/traviata\/GCA_019973935.1\/GCA_019973935.1_Tncv_1.0_genomic.fna (do not include the &lt; and &gt; symbols)\nThis may all be a lot to digest, so take your time looking into it and get back to me when you've figured out the number of segments in the genome, or need some help. Good luck.",
                "text": "Well done. Next, as this is a new genome the lab is working on, I'll need you to gather some statistics about it. Specifically:\n1. How many pieces it's divided into\n2. The percentage of A, C, T, G, and N (N=nucleotide unknown) nucleotide\n3. The size distribution of the genome sections (i.e. are there lots of small genome segments, or just a few big ones).\nYou're going to use command lines to figure each of these things out. For now, we'll start with the number of pieces the genome is divided into. The genome file that ends in .fna is formatted in the <https:\/\/en.wikipedia.org\/wiki\/FASTA_format|FASTA format>. This means that every segment of the genome starts with a line like this \"&gt;blah blah\" (you can use the command <https:\/\/www.geeksforgeeks.org\/more-command-in-linux-with-examples\/|more> to see this for yourself). Therefore, what you need to do is to count the number of lines that start with the \"&gt;\" symbol and you'll have the number segments. To count the number of such lines, you can use the <https:\/\/www.geeksforgeeks.org\/grep-command-in-unixlinux\/#|grep> command on the command line. You can read up about how to use the grep command, but basically it will look something like this on the command line\n```grep -c \"&gt;\" &lt;path to the .fna file name&gt;```\nwhere:\n• -c tells the grep command to return the number of matches to your pattern\n• \"&gt;\" is the pattern to search for (the quote marks are necessary because the &gt; symbol has special meaning otherwise on the command line)\n• &lt;path to the .fna file name&gt; is the full path name to the .fna file for you, in your case it will be \/mnt\/data\/traviata\/GCA_019973935.1\/GCA_019973935.1_Tncv_1.0_genomic.fna (do not include the &lt; and &gt; symbols)\nThis may all be a lot to digest, so take your time looking into it and get back to me when you've figured out the number of segments in the genome, or need some help. Good luck.",
                "author_name": "parensburger",
                "author_link": "https:\/\/arensburgerla-9bj1862.slack.com\/team\/U01793PULLV",
                "author_icon": "https:\/\/avatars.slack-edge.com\/2022-06-30\/3731255580839_743a9fc0b5f63f195af3_48.jpg",
                "author_subname": "parensburger",
                "mrkdwn_in": [
                    "text"
                ],
                "footer": "Slack Conversation"
            }
        ],
        "reactions": [
            {
                "name": "white_check_mark",
                "users": [
                    "U05QB6DPE82"
                ],
                "count": 1
            }
        ]
    }
]