[
    {
        "client_msg_id": "58c71c87-1b48-4d82-a76a-70a755dc3a70",
        "type": "message",
        "text": "mv out.txt tclavipes_genome_112223.fa",
        "user": "U05QB6DPE82",
        "ts": "1702509437.426899",
        "blocks": [
            {
                "type": "rich_text",
                "block_id": "Z\/QXd",
                "elements": [
                    {
                        "type": "rich_text_section",
                        "elements": [
                            {
                                "type": "text",
                                "text": "mv out.txt tclavipes_genome_112223.fa"
                            }
                        ]
                    }
                ]
            }
        ],
        "team": "T017P3M8W7K",
        "user_team": "T017P3M8W7K",
        "source_team": "T017P3M8W7K",
        "user_profile": {
            "avatar_hash": "gaf69de6760a",
            "image_72": "https:\/\/secure.gravatar.com\/avatar\/af69de6760aee56a86237b492ef70a52.jpg?s=72&d=https%3A%2F%2Fa.slack-edge.com%2Fdf10d%2Fimg%2Favatars%2Fava_0017-72.png",
            "first_name": "Matthew",
            "real_name": "Matthew Capistrano",
            "display_name": "",
            "team": "T017P3M8W7K",
            "name": "mcapistrano",
            "is_restricted": false,
            "is_ultra_restricted": false
        }
    },
    {
        "client_msg_id": "ce20ccfa-5543-4657-9430-221283b6cfa9",
        "type": "message",
        "text": "i used this command to count the lines of each sequence\nawk '{print length($0)}' tclavipes_genome_112223.fa",
        "user": "U05QB6DPE82",
        "ts": "1702511253.079229",
        "blocks": [
            {
                "type": "rich_text",
                "block_id": "i8Qil",
                "elements": [
                    {
                        "type": "rich_text_section",
                        "elements": [
                            {
                                "type": "text",
                                "text": "i used this command to count the lines of each sequence\nawk '{print length($0)}' tclavipes_genome_112223.fa"
                            }
                        ]
                    }
                ]
            }
        ],
        "team": "T017P3M8W7K",
        "user_team": "T017P3M8W7K",
        "source_team": "T017P3M8W7K",
        "user_profile": {
            "avatar_hash": "gaf69de6760a",
            "image_72": "https:\/\/secure.gravatar.com\/avatar\/af69de6760aee56a86237b492ef70a52.jpg?s=72&d=https%3A%2F%2Fa.slack-edge.com%2Fdf10d%2Fimg%2Favatars%2Fava_0017-72.png",
            "first_name": "Matthew",
            "real_name": "Matthew Capistrano",
            "display_name": "",
            "team": "T017P3M8W7K",
            "name": "mcapistrano",
            "is_restricted": false,
            "is_ultra_restricted": false
        }
    },
    {
        "client_msg_id": "b608505b-e222-4d4f-b9ed-858173e63204",
        "type": "message",
        "text": "these are some of the numbers that showed up 1139552\n88\n1578804\n88\n1243571",
        "user": "U05QB6DPE82",
        "ts": "1702511313.295729",
        "blocks": [
            {
                "type": "rich_text",
                "block_id": "\/Jxcd",
                "elements": [
                    {
                        "type": "rich_text_section",
                        "elements": [
                            {
                                "type": "text",
                                "text": "these are some of the numbers that showed up 1139552\n88\n1578804\n88\n1243571"
                            }
                        ]
                    }
                ]
            }
        ],
        "team": "T017P3M8W7K",
        "user_team": "T017P3M8W7K",
        "source_team": "T017P3M8W7K",
        "user_profile": {
            "avatar_hash": "gaf69de6760a",
            "image_72": "https:\/\/secure.gravatar.com\/avatar\/af69de6760aee56a86237b492ef70a52.jpg?s=72&d=https%3A%2F%2Fa.slack-edge.com%2Fdf10d%2Fimg%2Favatars%2Fava_0017-72.png",
            "first_name": "Matthew",
            "real_name": "Matthew Capistrano",
            "display_name": "",
            "team": "T017P3M8W7K",
            "name": "mcapistrano",
            "is_restricted": false,
            "is_ultra_restricted": false
        }
    },
    {
        "client_msg_id": "bd73110e-d20b-4a38-975c-b930089c3c2a",
        "type": "message",
        "text": "But I am not able to scroll all the way up to the beginning since there are so many sequences",
        "user": "U05QB6DPE82",
        "ts": "1702511325.511239",
        "blocks": [
            {
                "type": "rich_text",
                "block_id": "oelYP",
                "elements": [
                    {
                        "type": "rich_text_section",
                        "elements": [
                            {
                                "type": "text",
                                "text": "But I am not able to scroll all the way up to the beginning since there are so many sequences"
                            }
                        ]
                    }
                ]
            }
        ],
        "team": "T017P3M8W7K",
        "user_team": "T017P3M8W7K",
        "source_team": "T017P3M8W7K",
        "user_profile": {
            "avatar_hash": "gaf69de6760a",
            "image_72": "https:\/\/secure.gravatar.com\/avatar\/af69de6760aee56a86237b492ef70a52.jpg?s=72&d=https%3A%2F%2Fa.slack-edge.com%2Fdf10d%2Fimg%2Favatars%2Fava_0017-72.png",
            "first_name": "Matthew",
            "real_name": "Matthew Capistrano",
            "display_name": "",
            "team": "T017P3M8W7K",
            "name": "mcapistrano",
            "is_restricted": false,
            "is_ultra_restricted": false
        },
        "edited": {
            "user": "U05QB6DPE82",
            "ts": "1702511607.000000"
        }
    },
    {
        "client_msg_id": "a213448d-4733-42d6-afe6-09f33fd4a369",
        "type": "message",
        "text": "Is there a way to view all?",
        "user": "U05QB6DPE82",
        "ts": "1702511623.761249",
        "blocks": [
            {
                "type": "rich_text",
                "block_id": "Qylf\/",
                "elements": [
                    {
                        "type": "rich_text_section",
                        "elements": [
                            {
                                "type": "text",
                                "text": "Is there a way to view all?"
                            }
                        ]
                    }
                ]
            }
        ],
        "team": "T017P3M8W7K",
        "user_team": "T017P3M8W7K",
        "source_team": "T017P3M8W7K",
        "user_profile": {
            "avatar_hash": "gaf69de6760a",
            "image_72": "https:\/\/secure.gravatar.com\/avatar\/af69de6760aee56a86237b492ef70a52.jpg?s=72&d=https%3A%2F%2Fa.slack-edge.com%2Fdf10d%2Fimg%2Favatars%2Fava_0017-72.png",
            "first_name": "Matthew",
            "real_name": "Matthew Capistrano",
            "display_name": "",
            "team": "T017P3M8W7K",
            "name": "mcapistrano",
            "is_restricted": false,
            "is_ultra_restricted": false
        }
    },
    {
        "client_msg_id": "9399467e-a7d5-4c32-b07b-990362ca2ca6",
        "type": "message",
        "text": "I transferred the lengths to output.txt using",
        "user": "U05QB6DPE82",
        "ts": "1702511643.390759",
        "blocks": [
            {
                "type": "rich_text",
                "block_id": "mgwv6",
                "elements": [
                    {
                        "type": "rich_text_section",
                        "elements": [
                            {
                                "type": "text",
                                "text": "I transferred the lengths to output.txt using"
                            }
                        ]
                    }
                ]
            }
        ],
        "team": "T017P3M8W7K",
        "user_team": "T017P3M8W7K",
        "source_team": "T017P3M8W7K",
        "user_profile": {
            "avatar_hash": "gaf69de6760a",
            "image_72": "https:\/\/secure.gravatar.com\/avatar\/af69de6760aee56a86237b492ef70a52.jpg?s=72&d=https%3A%2F%2Fa.slack-edge.com%2Fdf10d%2Fimg%2Favatars%2Fava_0017-72.png",
            "first_name": "Matthew",
            "real_name": "Matthew Capistrano",
            "display_name": "",
            "team": "T017P3M8W7K",
            "name": "mcapistrano",
            "is_restricted": false,
            "is_ultra_restricted": false
        },
        "edited": {
            "user": "U05QB6DPE82",
            "ts": "1702511675.000000"
        }
    },
    {
        "client_msg_id": "435ca4bf-a37d-4e06-9742-6e6c47acb86b",
        "type": "message",
        "text": "```awk '{print length($0)}' tclavipes_genome_112223.fa &gt; out.txt```",
        "user": "U05QB6DPE82",
        "ts": "1702511679.371019",
        "blocks": [
            {
                "type": "rich_text",
                "block_id": "hmMDP",
                "elements": [
                    {
                        "type": "rich_text_preformatted",
                        "elements": [
                            {
                                "type": "text",
                                "text": "awk '{print length($0)}' tclavipes_genome_112223.fa > out.txt"
                            }
                        ],
                        "border": 0
                    }
                ]
            }
        ],
        "team": "T017P3M8W7K",
        "user_team": "T017P3M8W7K",
        "source_team": "T017P3M8W7K",
        "user_profile": {
            "avatar_hash": "gaf69de6760a",
            "image_72": "https:\/\/secure.gravatar.com\/avatar\/af69de6760aee56a86237b492ef70a52.jpg?s=72&d=https%3A%2F%2Fa.slack-edge.com%2Fdf10d%2Fimg%2Favatars%2Fava_0017-72.png",
            "first_name": "Matthew",
            "real_name": "Matthew Capistrano",
            "display_name": "",
            "team": "T017P3M8W7K",
            "name": "mcapistrano",
            "is_restricted": false,
            "is_ultra_restricted": false
        },
        "thread_ts": "1702511679.371019",
        "reply_count": 1,
        "reply_users_count": 1,
        "latest_reply": "1702523767.444949",
        "reply_users": [
            "U01793PULLV"
        ],
        "replies": [
            {
                "user": "U01793PULLV",
                "ts": "1702523767.444949"
            }
        ],
        "is_locked": false,
        "subscribed": true,
        "last_read": "1702523767.444949"
    },
    {
        "client_msg_id": "5e20ebb6-e93a-4eab-b5a8-5bce9d89430d",
        "type": "message",
        "text": "Ok, that's a good start. You've got the line lengths, but you need to remove all those 88 lines that match the fasta titles (are they always 88 or is there variation here?). Perhaps you could just remove every other line in your file? Just throwing some ideas here, it's up to you to decide how you want proceed, but all you need is a file with those large numbers only and you'll be done!\nIf you want to scroll through the file, you can use the command \"more\" or the command \"less\" to display the file one screen page at a time.",
        "user": "U01793PULLV",
        "ts": "1702523767.444949",
        "blocks": [
            {
                "type": "rich_text",
                "block_id": "aG55A",
                "elements": [
                    {
                        "type": "rich_text_section",
                        "elements": [
                            {
                                "type": "text",
                                "text": "Ok, that's a good start. You've got the line lengths, but you need to remove all those 88 lines that match the fasta titles (are they always 88 or is there variation here?). Perhaps you could just remove every other line in your file? Just throwing some ideas here, it's up to you to decide how you want proceed, but all you need is a file with those large numbers only and you'll be done!\nIf you want to scroll through the file, you can use the command \"more\" or the command \"less\" to display the file one screen page at a time."
                            }
                        ]
                    }
                ]
            }
        ],
        "team": "T017P3M8W7K",
        "user_team": "T017P3M8W7K",
        "source_team": "T017P3M8W7K",
        "user_profile": {
            "avatar_hash": "743a9fc0b5f6",
            "image_72": "https:\/\/avatars.slack-edge.com\/2022-06-30\/3731255580839_743a9fc0b5f63f195af3_72.jpg",
            "first_name": "parensburger",
            "real_name": "parensburger",
            "display_name": "Peter",
            "team": "T017P3M8W7K",
            "name": "parensburger",
            "is_restricted": false,
            "is_ultra_restricted": false
        },
        "thread_ts": "1702511679.371019",
        "parent_user_id": "U05QB6DPE82"
    },
    {
        "client_msg_id": "a592c6ca-4895-4b2c-be80-bf5cc8259850",
        "type": "message",
        "text": "After looking at the file using",
        "user": "U05QB6DPE82",
        "ts": "1702536754.214939",
        "blocks": [
            {
                "type": "rich_text",
                "block_id": "HvoVA",
                "elements": [
                    {
                        "type": "rich_text_section",
                        "elements": [
                            {
                                "type": "text",
                                "text": "After looking at the file using"
                            }
                        ]
                    }
                ]
            }
        ],
        "team": "T017P3M8W7K",
        "user_team": "T017P3M8W7K",
        "source_team": "T017P3M8W7K",
        "user_profile": {
            "avatar_hash": "gaf69de6760a",
            "image_72": "https:\/\/secure.gravatar.com\/avatar\/af69de6760aee56a86237b492ef70a52.jpg?s=72&d=https%3A%2F%2Fa.slack-edge.com%2Fdf10d%2Fimg%2Favatars%2Fava_0017-72.png",
            "first_name": "Matthew",
            "real_name": "Matthew Capistrano",
            "display_name": "",
            "team": "T017P3M8W7K",
            "name": "mcapistrano",
            "is_restricted": false,
            "is_ultra_restricted": false
        }
    },
    {
        "client_msg_id": "82f12712-3374-4940-964c-fdf38916d497",
        "type": "message",
        "text": "```cat out.txt | more```",
        "user": "U05QB6DPE82",
        "ts": "1702536756.181399",
        "blocks": [
            {
                "type": "rich_text",
                "block_id": "jO++4",
                "elements": [
                    {
                        "type": "rich_text_preformatted",
                        "elements": [
                            {
                                "type": "text",
                                "text": "cat out.txt | more"
                            }
                        ],
                        "border": 0
                    }
                ]
            }
        ],
        "team": "T017P3M8W7K",
        "user_team": "T017P3M8W7K",
        "source_team": "T017P3M8W7K",
        "user_profile": {
            "avatar_hash": "gaf69de6760a",
            "image_72": "https:\/\/secure.gravatar.com\/avatar\/af69de6760aee56a86237b492ef70a52.jpg?s=72&d=https%3A%2F%2Fa.slack-edge.com%2Fdf10d%2Fimg%2Favatars%2Fava_0017-72.png",
            "first_name": "Matthew",
            "real_name": "Matthew Capistrano",
            "display_name": "",
            "team": "T017P3M8W7K",
            "name": "mcapistrano",
            "is_restricted": false,
            "is_ultra_restricted": false
        }
    },
    {
        "client_msg_id": "93ea1862-3f82-4ced-a9bc-3d4ff74c3bca",
        "type": "message",
        "text": "it displayed 84-87",
        "user": "U05QB6DPE82",
        "ts": "1702536806.720159",
        "blocks": [
            {
                "type": "rich_text",
                "block_id": "rwedt",
                "elements": [
                    {
                        "type": "rich_text_section",
                        "elements": [
                            {
                                "type": "text",
                                "text": "it displayed 84-87"
                            }
                        ]
                    }
                ]
            }
        ],
        "team": "T017P3M8W7K",
        "user_team": "T017P3M8W7K",
        "source_team": "T017P3M8W7K",
        "user_profile": {
            "avatar_hash": "gaf69de6760a",
            "image_72": "https:\/\/secure.gravatar.com\/avatar\/af69de6760aee56a86237b492ef70a52.jpg?s=72&d=https%3A%2F%2Fa.slack-edge.com%2Fdf10d%2Fimg%2Favatars%2Fava_0017-72.png",
            "first_name": "Matthew",
            "real_name": "Matthew Capistrano",
            "display_name": "",
            "team": "T017P3M8W7K",
            "name": "mcapistrano",
            "is_restricted": false,
            "is_ultra_restricted": false
        }
    },
    {
        "client_msg_id": "16cbfcca-cd1c-4f50-aa02-62892f800174",
        "type": "message",
        "text": "I was able to remove 88 with",
        "user": "U05QB6DPE82",
        "ts": "1702536823.169969",
        "blocks": [
            {
                "type": "rich_text",
                "block_id": "QUPk\/",
                "elements": [
                    {
                        "type": "rich_text_section",
                        "elements": [
                            {
                                "type": "text",
                                "text": "I was able to remove 88 with"
                            }
                        ]
                    }
                ]
            }
        ],
        "team": "T017P3M8W7K",
        "user_team": "T017P3M8W7K",
        "source_team": "T017P3M8W7K",
        "user_profile": {
            "avatar_hash": "gaf69de6760a",
            "image_72": "https:\/\/secure.gravatar.com\/avatar\/af69de6760aee56a86237b492ef70a52.jpg?s=72&d=https%3A%2F%2Fa.slack-edge.com%2Fdf10d%2Fimg%2Favatars%2Fava_0017-72.png",
            "first_name": "Matthew",
            "real_name": "Matthew Capistrano",
            "display_name": "",
            "team": "T017P3M8W7K",
            "name": "mcapistrano",
            "is_restricted": false,
            "is_ultra_restricted": false
        }
    },
    {
        "client_msg_id": "c5f2804b-41c8-4245-92ee-b4d6275a0e94",
        "type": "message",
        "text": "```awk '{print length($0)}' tclavipes_genome_112223.fa | grep -v 88 &gt; out.txt```",
        "user": "U05QB6DPE82",
        "ts": "1702536826.089709",
        "blocks": [
            {
                "type": "rich_text",
                "block_id": "sN40n",
                "elements": [
                    {
                        "type": "rich_text_preformatted",
                        "elements": [
                            {
                                "type": "text",
                                "text": "awk '{print length($0)}' tclavipes_genome_112223.fa | grep -v 88 > out.txt"
                            }
                        ],
                        "border": 0
                    }
                ]
            }
        ],
        "team": "T017P3M8W7K",
        "user_team": "T017P3M8W7K",
        "source_team": "T017P3M8W7K",
        "user_profile": {
            "avatar_hash": "gaf69de6760a",
            "image_72": "https:\/\/secure.gravatar.com\/avatar\/af69de6760aee56a86237b492ef70a52.jpg?s=72&d=https%3A%2F%2Fa.slack-edge.com%2Fdf10d%2Fimg%2Favatars%2Fava_0017-72.png",
            "first_name": "Matthew",
            "real_name": "Matthew Capistrano",
            "display_name": "",
            "team": "T017P3M8W7K",
            "name": "mcapistrano",
            "is_restricted": false,
            "is_ultra_restricted": false
        }
    },
    {
        "client_msg_id": "e84b70b5-b38c-4d92-979f-5c52833a5c9a",
        "type": "message",
        "text": "I used the command to filter out 84-88",
        "user": "U05QB6DPE82",
        "ts": "1702537277.928659",
        "blocks": [
            {
                "type": "rich_text",
                "block_id": "1MwE9",
                "elements": [
                    {
                        "type": "rich_text_section",
                        "elements": [
                            {
                                "type": "text",
                                "text": "I used the command to filter out 84-88"
                            }
                        ]
                    }
                ]
            }
        ],
        "team": "T017P3M8W7K",
        "user_team": "T017P3M8W7K",
        "source_team": "T017P3M8W7K",
        "user_profile": {
            "avatar_hash": "gaf69de6760a",
            "image_72": "https:\/\/secure.gravatar.com\/avatar\/af69de6760aee56a86237b492ef70a52.jpg?s=72&d=https%3A%2F%2Fa.slack-edge.com%2Fdf10d%2Fimg%2Favatars%2Fava_0017-72.png",
            "first_name": "Matthew",
            "real_name": "Matthew Capistrano",
            "display_name": "",
            "team": "T017P3M8W7K",
            "name": "mcapistrano",
            "is_restricted": false,
            "is_ultra_restricted": false
        }
    },
    {
        "client_msg_id": "650f3ddb-27c0-4b6e-9cca-47073146adf6",
        "type": "message",
        "text": "```awk '{print length($0)}' tclavipes_genome_112223.fa | grep -Ev '84|85|86|87|88' &gt; out.txt```",
        "user": "U05QB6DPE82",
        "ts": "1702537280.771639",
        "blocks": [
            {
                "type": "rich_text",
                "block_id": "dF9aS",
                "elements": [
                    {
                        "type": "rich_text_preformatted",
                        "elements": [
                            {
                                "type": "text",
                                "text": "awk '{print length($0)}' tclavipes_genome_112223.fa | grep -Ev '84|85|86|87|88' > out.txt"
                            }
                        ],
                        "border": 0
                    }
                ]
            }
        ],
        "team": "T017P3M8W7K",
        "user_team": "T017P3M8W7K",
        "source_team": "T017P3M8W7K",
        "user_profile": {
            "avatar_hash": "gaf69de6760a",
            "image_72": "https:\/\/secure.gravatar.com\/avatar\/af69de6760aee56a86237b492ef70a52.jpg?s=72&d=https%3A%2F%2Fa.slack-edge.com%2Fdf10d%2Fimg%2Favatars%2Fava_0017-72.png",
            "first_name": "Matthew",
            "real_name": "Matthew Capistrano",
            "display_name": "",
            "team": "T017P3M8W7K",
            "name": "mcapistrano",
            "is_restricted": false,
            "is_ultra_restricted": false
        }
    },
    {
        "client_msg_id": "a9f01a28-66b0-419e-8d62-272a4de3c91b",
        "type": "message",
        "text": "After looking through all of the lines it only has the lengths of the lines",
        "user": "U05QB6DPE82",
        "ts": "1702537410.924889",
        "blocks": [
            {
                "type": "rich_text",
                "block_id": "Wu2W2",
                "elements": [
                    {
                        "type": "rich_text_section",
                        "elements": [
                            {
                                "type": "text",
                                "text": "After looking through all of the lines it only has the lengths of the lines"
                            }
                        ]
                    }
                ]
            }
        ],
        "team": "T017P3M8W7K",
        "user_team": "T017P3M8W7K",
        "source_team": "T017P3M8W7K",
        "user_profile": {
            "avatar_hash": "gaf69de6760a",
            "image_72": "https:\/\/secure.gravatar.com\/avatar\/af69de6760aee56a86237b492ef70a52.jpg?s=72&d=https%3A%2F%2Fa.slack-edge.com%2Fdf10d%2Fimg%2Favatars%2Fava_0017-72.png",
            "first_name": "Matthew",
            "real_name": "Matthew Capistrano",
            "display_name": "",
            "team": "T017P3M8W7K",
            "name": "mcapistrano",
            "is_restricted": false,
            "is_ultra_restricted": false
        }
    }
]