[
    {
        "client_msg_id": "2918E4D0-A2FA-4E8F-A620-31AB71165171",
        "type": "message",
        "text": "No worries! I will do that as soon as I can",
        "user": "U05QB6DPE82",
        "ts": "1703183541.816949",
        "blocks": [
            {
                "type": "rich_text",
                "block_id": "90EqV",
                "elements": [
                    {
                        "type": "rich_text_section",
                        "elements": [
                            {
                                "type": "text",
                                "text": "No worries! I will do that as soon as I can"
                            }
                        ]
                    }
                ]
            }
        ],
        "team": "T017P3M8W7K",
        "user_team": "T017P3M8W7K",
        "source_team": "T017P3M8W7K",
        "user_profile": {
            "avatar_hash": "gaf69de6760a",
            "image_72": "https:\/\/secure.gravatar.com\/avatar\/af69de6760aee56a86237b492ef70a52.jpg?s=72&d=https%3A%2F%2Fa.slack-edge.com%2Fdf10d%2Fimg%2Favatars%2Fava_0017-72.png",
            "first_name": "Matthew",
            "real_name": "Matthew Capistrano",
            "display_name": "",
            "team": "T017P3M8W7K",
            "name": "mcapistrano",
            "is_restricted": false,
            "is_ultra_restricted": false
        },
        "reactions": [
            {
                "name": "+1",
                "users": [
                    "U01793PULLV"
                ],
                "count": 1
            }
        ]
    }
]