[
    {
        "client_msg_id": "b56fe4f8-4e72-44e3-ba7e-dbdf3ca62376",
        "type": "message",
        "text": "grep -o A \/mnt\/data\/traviata\/GCA_019973935.1\/GCA_019973935.1_Tncv_1.0_genomic.fna &gt; out.txt",
        "user": "U05QB6DPE82",
        "ts": "1697235881.747199",
        "blocks": [
            {
                "type": "rich_text",
                "block_id": "3Lck7",
                "elements": [
                    {
                        "type": "rich_text_section",
                        "elements": [
                            {
                                "type": "text",
                                "text": "grep -o A \/mnt\/data\/traviata\/GCA_019973935.1\/GCA_019973935.1_Tncv_1.0_genomic.fna > out.txt"
                            }
                        ]
                    }
                ]
            }
        ],
        "team": "T017P3M8W7K",
        "user_team": "T017P3M8W7K",
        "source_team": "T017P3M8W7K",
        "user_profile": {
            "avatar_hash": "gaf69de6760a",
            "image_72": "https:\/\/secure.gravatar.com\/avatar\/af69de6760aee56a86237b492ef70a52.jpg?s=72&d=https%3A%2F%2Fa.slack-edge.com%2Fdf10d%2Fimg%2Favatars%2Fava_0017-72.png",
            "first_name": "Matthew",
            "real_name": "Matthew Capistrano",
            "display_name": "",
            "team": "T017P3M8W7K",
            "name": "mcapistrano",
            "is_restricted": false,
            "is_ultra_restricted": false
        }
    },
    {
        "client_msg_id": "58fc6beb-045d-48eb-8ab0-e9b176b7197b",
        "type": "message",
        "text": "wc -l out.txt",
        "user": "U05QB6DPE82",
        "ts": "1697235891.293359",
        "blocks": [
            {
                "type": "rich_text",
                "block_id": "ydzf6",
                "elements": [
                    {
                        "type": "rich_text_section",
                        "elements": [
                            {
                                "type": "text",
                                "text": "wc -l out.txt"
                            }
                        ]
                    }
                ]
            }
        ],
        "team": "T017P3M8W7K",
        "user_team": "T017P3M8W7K",
        "source_team": "T017P3M8W7K",
        "user_profile": {
            "avatar_hash": "gaf69de6760a",
            "image_72": "https:\/\/secure.gravatar.com\/avatar\/af69de6760aee56a86237b492ef70a52.jpg?s=72&d=https%3A%2F%2Fa.slack-edge.com%2Fdf10d%2Fimg%2Favatars%2Fava_0017-72.png",
            "first_name": "Matthew",
            "real_name": "Matthew Capistrano",
            "display_name": "",
            "team": "T017P3M8W7K",
            "name": "mcapistrano",
            "is_restricted": false,
            "is_ultra_restricted": false
        }
    },
    {
        "client_msg_id": "259c3944-8cea-400f-ba6a-044965de5734",
        "type": "message",
        "text": "A=377680027 31.79%",
        "user": "U05QB6DPE82",
        "ts": "1697235901.693839",
        "blocks": [
            {
                "type": "rich_text",
                "block_id": "iH3vL",
                "elements": [
                    {
                        "type": "rich_text_section",
                        "elements": [
                            {
                                "type": "text",
                                "text": "A=377680027 31.79%"
                            }
                        ]
                    }
                ]
            }
        ],
        "team": "T017P3M8W7K",
        "user_team": "T017P3M8W7K",
        "source_team": "T017P3M8W7K",
        "user_profile": {
            "avatar_hash": "gaf69de6760a",
            "image_72": "https:\/\/secure.gravatar.com\/avatar\/af69de6760aee56a86237b492ef70a52.jpg?s=72&d=https%3A%2F%2Fa.slack-edge.com%2Fdf10d%2Fimg%2Favatars%2Fava_0017-72.png",
            "first_name": "Matthew",
            "real_name": "Matthew Capistrano",
            "display_name": "",
            "team": "T017P3M8W7K",
            "name": "mcapistrano",
            "is_restricted": false,
            "is_ultra_restricted": false
        },
        "edited": {
            "user": "U05QB6DPE82",
            "ts": "1697236763.000000"
        },
        "thread_ts": "1697235901.693839",
        "reply_count": 1,
        "reply_users_count": 1,
        "latest_reply": "1697235934.470769",
        "reply_users": [
            "U01793PULLV"
        ],
        "replies": [
            {
                "user": "U01793PULLV",
                "ts": "1697235934.470769"
            }
        ],
        "is_locked": false,
        "subscribed": true,
        "last_read": "1697235934.470769"
    },
    {
        "client_msg_id": "a6303220-2921-4e75-ba65-54d17e79ae36",
        "type": "message",
        "text": ":+1:",
        "user": "U01793PULLV",
        "ts": "1697235934.470769",
        "blocks": [
            {
                "type": "rich_text",
                "block_id": "qF+xl",
                "elements": [
                    {
                        "type": "rich_text_section",
                        "elements": [
                            {
                                "type": "emoji",
                                "name": "+1",
                                "unicode": "1f44d"
                            }
                        ]
                    }
                ]
            }
        ],
        "team": "T017P3M8W7K",
        "user_team": "T017P3M8W7K",
        "source_team": "T017P3M8W7K",
        "user_profile": {
            "avatar_hash": "743a9fc0b5f6",
            "image_72": "https:\/\/avatars.slack-edge.com\/2022-06-30\/3731255580839_743a9fc0b5f63f195af3_72.jpg",
            "first_name": "parensburger",
            "real_name": "parensburger",
            "display_name": "Peter",
            "team": "T017P3M8W7K",
            "name": "parensburger",
            "is_restricted": false,
            "is_ultra_restricted": false
        },
        "thread_ts": "1697235901.693839",
        "parent_user_id": "U05QB6DPE82"
    },
    {
        "client_msg_id": "709666b9-af1f-4d7c-993a-10a5200649a3",
        "type": "message",
        "text": "I also had another question",
        "user": "U05QB6DPE82",
        "ts": "1697235946.036869",
        "blocks": [
            {
                "type": "rich_text",
                "block_id": "BL75i",
                "elements": [
                    {
                        "type": "rich_text_section",
                        "elements": [
                            {
                                "type": "text",
                                "text": "I also had another question"
                            }
                        ]
                    }
                ]
            }
        ],
        "team": "T017P3M8W7K",
        "user_team": "T017P3M8W7K",
        "source_team": "T017P3M8W7K",
        "user_profile": {
            "avatar_hash": "gaf69de6760a",
            "image_72": "https:\/\/secure.gravatar.com\/avatar\/af69de6760aee56a86237b492ef70a52.jpg?s=72&d=https%3A%2F%2Fa.slack-edge.com%2Fdf10d%2Fimg%2Favatars%2Fava_0017-72.png",
            "first_name": "Matthew",
            "real_name": "Matthew Capistrano",
            "display_name": "",
            "team": "T017P3M8W7K",
            "name": "mcapistrano",
            "is_restricted": false,
            "is_ultra_restricted": false
        }
    },
    {
        "client_msg_id": "739965e4-31d4-451a-84af-721c106de138",
        "type": "message",
        "text": "For the others would I need to make a new out.txt",
        "user": "U05QB6DPE82",
        "ts": "1697235961.363639",
        "blocks": [
            {
                "type": "rich_text",
                "block_id": "44NmE",
                "elements": [
                    {
                        "type": "rich_text_section",
                        "elements": [
                            {
                                "type": "text",
                                "text": "For the others would I need to make a new out.txt"
                            }
                        ]
                    }
                ]
            }
        ],
        "team": "T017P3M8W7K",
        "user_team": "T017P3M8W7K",
        "source_team": "T017P3M8W7K",
        "user_profile": {
            "avatar_hash": "gaf69de6760a",
            "image_72": "https:\/\/secure.gravatar.com\/avatar\/af69de6760aee56a86237b492ef70a52.jpg?s=72&d=https%3A%2F%2Fa.slack-edge.com%2Fdf10d%2Fimg%2Favatars%2Fava_0017-72.png",
            "first_name": "Matthew",
            "real_name": "Matthew Capistrano",
            "display_name": "",
            "team": "T017P3M8W7K",
            "name": "mcapistrano",
            "is_restricted": false,
            "is_ultra_restricted": false
        }
    },
    {
        "client_msg_id": "20a4ce23-156d-490a-9a27-6ab8ac914832",
        "type": "message",
        "text": "or keep using out.txt",
        "user": "U05QB6DPE82",
        "ts": "1697235976.619909",
        "blocks": [
            {
                "type": "rich_text",
                "block_id": "XZkH5",
                "elements": [
                    {
                        "type": "rich_text_section",
                        "elements": [
                            {
                                "type": "text",
                                "text": "or keep using out.txt"
                            }
                        ]
                    }
                ]
            }
        ],
        "team": "T017P3M8W7K",
        "user_team": "T017P3M8W7K",
        "source_team": "T017P3M8W7K",
        "user_profile": {
            "avatar_hash": "gaf69de6760a",
            "image_72": "https:\/\/secure.gravatar.com\/avatar\/af69de6760aee56a86237b492ef70a52.jpg?s=72&d=https%3A%2F%2Fa.slack-edge.com%2Fdf10d%2Fimg%2Favatars%2Fava_0017-72.png",
            "first_name": "Matthew",
            "real_name": "Matthew Capistrano",
            "display_name": "",
            "team": "T017P3M8W7K",
            "name": "mcapistrano",
            "is_restricted": false,
            "is_ultra_restricted": false
        },
        "edited": {
            "user": "U05QB6DPE82",
            "ts": "1697235988.000000"
        }
    },
    {
        "client_msg_id": "80225796-6a04-4906-a0af-acd5fb92ba22",
        "type": "message",
        "text": "you can write them out to \"out.txt\", each time you run the grep command this way it will write over the previous out.txt version",
        "user": "U01793PULLV",
        "ts": "1697236039.612039",
        "blocks": [
            {
                "type": "rich_text",
                "block_id": "6x1oZ",
                "elements": [
                    {
                        "type": "rich_text_section",
                        "elements": [
                            {
                                "type": "text",
                                "text": "you can write them out to \"out.txt\", each time you run the grep command this way it will write over the previous out.txt version"
                            }
                        ]
                    }
                ]
            }
        ],
        "team": "T017P3M8W7K",
        "user_team": "T017P3M8W7K",
        "source_team": "T017P3M8W7K",
        "user_profile": {
            "avatar_hash": "743a9fc0b5f6",
            "image_72": "https:\/\/avatars.slack-edge.com\/2022-06-30\/3731255580839_743a9fc0b5f63f195af3_72.jpg",
            "first_name": "parensburger",
            "real_name": "parensburger",
            "display_name": "Peter",
            "team": "T017P3M8W7K",
            "name": "parensburger",
            "is_restricted": false,
            "is_ultra_restricted": false
        }
    },
    {
        "client_msg_id": "a49d74af-a0ad-4afe-892b-863b9fbb8578",
        "type": "message",
        "text": "thank you that makes sense",
        "user": "U05QB6DPE82",
        "ts": "1697236054.341899",
        "blocks": [
            {
                "type": "rich_text",
                "block_id": "Dl0TS",
                "elements": [
                    {
                        "type": "rich_text_section",
                        "elements": [
                            {
                                "type": "text",
                                "text": "thank you that makes sense"
                            }
                        ]
                    }
                ]
            }
        ],
        "team": "T017P3M8W7K",
        "user_team": "T017P3M8W7K",
        "source_team": "T017P3M8W7K",
        "user_profile": {
            "avatar_hash": "gaf69de6760a",
            "image_72": "https:\/\/secure.gravatar.com\/avatar\/af69de6760aee56a86237b492ef70a52.jpg?s=72&d=https%3A%2F%2Fa.slack-edge.com%2Fdf10d%2Fimg%2Favatars%2Fava_0017-72.png",
            "first_name": "Matthew",
            "real_name": "Matthew Capistrano",
            "display_name": "",
            "team": "T017P3M8W7K",
            "name": "mcapistrano",
            "is_restricted": false,
            "is_ultra_restricted": false
        }
    },
    {
        "client_msg_id": "ea139f0e-06da-4401-a74e-08753d774908",
        "type": "message",
        "text": "grep -o C \/mnt\/data\/traviata\/GCA_019973935.1\/GCA_019973935.1_Tncv_1.0_genomic.fna &gt; out.txt",
        "user": "U05QB6DPE82",
        "ts": "1697236077.009909",
        "blocks": [
            {
                "type": "rich_text",
                "block_id": "n\/llq",
                "elements": [
                    {
                        "type": "rich_text_section",
                        "elements": [
                            {
                                "type": "text",
                                "text": "grep -o C \/mnt\/data\/traviata\/GCA_019973935.1\/GCA_019973935.1_Tncv_1.0_genomic.fna > out.txt"
                            }
                        ]
                    }
                ]
            }
        ],
        "team": "T017P3M8W7K",
        "user_team": "T017P3M8W7K",
        "source_team": "T017P3M8W7K",
        "user_profile": {
            "avatar_hash": "gaf69de6760a",
            "image_72": "https:\/\/secure.gravatar.com\/avatar\/af69de6760aee56a86237b492ef70a52.jpg?s=72&d=https%3A%2F%2Fa.slack-edge.com%2Fdf10d%2Fimg%2Favatars%2Fava_0017-72.png",
            "first_name": "Matthew",
            "real_name": "Matthew Capistrano",
            "display_name": "",
            "team": "T017P3M8W7K",
            "name": "mcapistrano",
            "is_restricted": false,
            "is_ultra_restricted": false
        }
    },
    {
        "client_msg_id": "856ae70b-38f9-4895-9673-8ec6fc8d7a83",
        "type": "message",
        "text": "C=216350502",
        "user": "U05QB6DPE82",
        "ts": "1697236122.184149",
        "blocks": [
            {
                "type": "rich_text",
                "block_id": "+xK5y",
                "elements": [
                    {
                        "type": "rich_text_section",
                        "elements": [
                            {
                                "type": "text",
                                "text": "C=216350502"
                            }
                        ]
                    }
                ]
            }
        ],
        "team": "T017P3M8W7K",
        "user_team": "T017P3M8W7K",
        "source_team": "T017P3M8W7K",
        "user_profile": {
            "avatar_hash": "gaf69de6760a",
            "image_72": "https:\/\/secure.gravatar.com\/avatar\/af69de6760aee56a86237b492ef70a52.jpg?s=72&d=https%3A%2F%2Fa.slack-edge.com%2Fdf10d%2Fimg%2Favatars%2Fava_0017-72.png",
            "first_name": "Matthew",
            "real_name": "Matthew Capistrano",
            "display_name": "",
            "team": "T017P3M8W7K",
            "name": "mcapistrano",
            "is_restricted": false,
            "is_ultra_restricted": false
        }
    },
    {
        "client_msg_id": "43bea7e7-4fec-4977-9c9a-5ae203601a37",
        "type": "message",
        "text": "grep -o T \/mnt\/data\/traviata\/GCA_019973935.1\/GCA_019973935.1_Tncv_1.0_genomic.fna &gt; out.txt",
        "user": "U05QB6DPE82",
        "ts": "1697236137.908299",
        "blocks": [
            {
                "type": "rich_text",
                "block_id": "gX8aq",
                "elements": [
                    {
                        "type": "rich_text_section",
                        "elements": [
                            {
                                "type": "text",
                                "text": "grep -o T \/mnt\/data\/traviata\/GCA_019973935.1\/GCA_019973935.1_Tncv_1.0_genomic.fna > out.txt"
                            }
                        ]
                    }
                ]
            }
        ],
        "team": "T017P3M8W7K",
        "user_team": "T017P3M8W7K",
        "source_team": "T017P3M8W7K",
        "user_profile": {
            "avatar_hash": "gaf69de6760a",
            "image_72": "https:\/\/secure.gravatar.com\/avatar\/af69de6760aee56a86237b492ef70a52.jpg?s=72&d=https%3A%2F%2Fa.slack-edge.com%2Fdf10d%2Fimg%2Favatars%2Fava_0017-72.png",
            "first_name": "Matthew",
            "real_name": "Matthew Capistrano",
            "display_name": "",
            "team": "T017P3M8W7K",
            "name": "mcapistrano",
            "is_restricted": false,
            "is_ultra_restricted": false
        }
    },
    {
        "client_msg_id": "6b1ed1a8-bf68-4bd1-8364-171018b99c8c",
        "type": "message",
        "text": "T=377611347",
        "user": "U05QB6DPE82",
        "ts": "1697236325.656329",
        "blocks": [
            {
                "type": "rich_text",
                "block_id": "Tp6Zt",
                "elements": [
                    {
                        "type": "rich_text_section",
                        "elements": [
                            {
                                "type": "text",
                                "text": "T=377611347"
                            }
                        ]
                    }
                ]
            }
        ],
        "team": "T017P3M8W7K",
        "user_team": "T017P3M8W7K",
        "source_team": "T017P3M8W7K",
        "user_profile": {
            "avatar_hash": "gaf69de6760a",
            "image_72": "https:\/\/secure.gravatar.com\/avatar\/af69de6760aee56a86237b492ef70a52.jpg?s=72&d=https%3A%2F%2Fa.slack-edge.com%2Fdf10d%2Fimg%2Favatars%2Fava_0017-72.png",
            "first_name": "Matthew",
            "real_name": "Matthew Capistrano",
            "display_name": "",
            "team": "T017P3M8W7K",
            "name": "mcapistrano",
            "is_restricted": false,
            "is_ultra_restricted": false
        }
    },
    {
        "client_msg_id": "0fd43b1b-751e-4df3-8b55-6226cbfce236",
        "type": "message",
        "text": "grep -o G \/mnt\/data\/traviata\/GCA_019973935.1\/GCA_019973935.1_Tncv_1.0_genomic.fna &gt; out.txt",
        "user": "U05QB6DPE82",
        "ts": "1697236352.715869",
        "blocks": [
            {
                "type": "rich_text",
                "block_id": "SS7rl",
                "elements": [
                    {
                        "type": "rich_text_section",
                        "elements": [
                            {
                                "type": "text",
                                "text": "grep -o G \/mnt\/data\/traviata\/GCA_019973935.1\/GCA_019973935.1_Tncv_1.0_genomic.fna > out.txt"
                            }
                        ]
                    }
                ]
            }
        ],
        "team": "T017P3M8W7K",
        "user_team": "T017P3M8W7K",
        "source_team": "T017P3M8W7K",
        "user_profile": {
            "avatar_hash": "gaf69de6760a",
            "image_72": "https:\/\/secure.gravatar.com\/avatar\/af69de6760aee56a86237b492ef70a52.jpg?s=72&d=https%3A%2F%2Fa.slack-edge.com%2Fdf10d%2Fimg%2Favatars%2Fava_0017-72.png",
            "first_name": "Matthew",
            "real_name": "Matthew Capistrano",
            "display_name": "",
            "team": "T017P3M8W7K",
            "name": "mcapistrano",
            "is_restricted": false,
            "is_ultra_restricted": false
        }
    },
    {
        "client_msg_id": "ac51dcf5-85a8-4563-851b-c6b202665fb8",
        "type": "message",
        "text": "G= 216492204",
        "user": "U05QB6DPE82",
        "ts": "1697236400.705489",
        "blocks": [
            {
                "type": "rich_text",
                "block_id": "6p8Gh",
                "elements": [
                    {
                        "type": "rich_text_section",
                        "elements": [
                            {
                                "type": "text",
                                "text": "G= 216492204"
                            }
                        ]
                    }
                ]
            }
        ],
        "team": "T017P3M8W7K",
        "user_team": "T017P3M8W7K",
        "source_team": "T017P3M8W7K",
        "user_profile": {
            "avatar_hash": "gaf69de6760a",
            "image_72": "https:\/\/secure.gravatar.com\/avatar\/af69de6760aee56a86237b492ef70a52.jpg?s=72&d=https%3A%2F%2Fa.slack-edge.com%2Fdf10d%2Fimg%2Favatars%2Fava_0017-72.png",
            "first_name": "Matthew",
            "real_name": "Matthew Capistrano",
            "display_name": "",
            "team": "T017P3M8W7K",
            "name": "mcapistrano",
            "is_restricted": false,
            "is_ultra_restricted": false
        }
    },
    {
        "client_msg_id": "bd791dd7-4f93-433a-b8ed-493b8fdd8859",
        "type": "message",
        "text": "grep -o N \/mnt\/data\/traviata\/GCA_019973935.1\/GCA_019973935.1_Tncv_1.0_genomic.fna &gt; out.txt",
        "user": "U05QB6DPE82",
        "ts": "1697236429.960659",
        "blocks": [
            {
                "type": "rich_text",
                "block_id": "4pZx7",
                "elements": [
                    {
                        "type": "rich_text_section",
                        "elements": [
                            {
                                "type": "text",
                                "text": "grep -o N \/mnt\/data\/traviata\/GCA_019973935.1\/GCA_019973935.1_Tncv_1.0_genomic.fna > out.txt"
                            }
                        ]
                    }
                ]
            }
        ],
        "team": "T017P3M8W7K",
        "user_team": "T017P3M8W7K",
        "source_team": "T017P3M8W7K",
        "user_profile": {
            "avatar_hash": "gaf69de6760a",
            "image_72": "https:\/\/secure.gravatar.com\/avatar\/af69de6760aee56a86237b492ef70a52.jpg?s=72&d=https%3A%2F%2Fa.slack-edge.com%2Fdf10d%2Fimg%2Favatars%2Fava_0017-72.png",
            "first_name": "Matthew",
            "real_name": "Matthew Capistrano",
            "display_name": "",
            "team": "T017P3M8W7K",
            "name": "mcapistrano",
            "is_restricted": false,
            "is_ultra_restricted": false
        }
    },
    {
        "client_msg_id": "cbb8d2e8-8576-4b3c-8d3d-a144bb27bad8",
        "type": "message",
        "text": "N=22234",
        "user": "U05QB6DPE82",
        "ts": "1697236435.132829",
        "blocks": [
            {
                "type": "rich_text",
                "block_id": "s\/m9t",
                "elements": [
                    {
                        "type": "rich_text_section",
                        "elements": [
                            {
                                "type": "text",
                                "text": "N=22234"
                            }
                        ]
                    }
                ]
            }
        ],
        "team": "T017P3M8W7K",
        "user_team": "T017P3M8W7K",
        "source_team": "T017P3M8W7K",
        "user_profile": {
            "avatar_hash": "gaf69de6760a",
            "image_72": "https:\/\/secure.gravatar.com\/avatar\/af69de6760aee56a86237b492ef70a52.jpg?s=72&d=https%3A%2F%2Fa.slack-edge.com%2Fdf10d%2Fimg%2Favatars%2Fava_0017-72.png",
            "first_name": "Matthew",
            "real_name": "Matthew Capistrano",
            "display_name": "",
            "team": "T017P3M8W7K",
            "name": "mcapistrano",
            "is_restricted": false,
            "is_ultra_restricted": false
        }
    },
    {
        "client_msg_id": "fd24adf3-8f2c-4bf4-8b9a-649940e5c5be",
        "type": "message",
        "text": "great, a couple of things. 1) can you turn these numbers into percentages?, 2) check if there are any small case letters (i.e. a, c, g, t, n). The grep command (like all linux commands) is case sensitive. You can do that with the -i grep parameter that tells grep to ignore the case.",
        "user": "U01793PULLV",
        "ts": "1697236532.271109",
        "blocks": [
            {
                "type": "rich_text",
                "block_id": "a+hWz",
                "elements": [
                    {
                        "type": "rich_text_section",
                        "elements": [
                            {
                                "type": "text",
                                "text": "great, a couple of things. 1) can you turn these numbers into percentages?, 2) check if there are any small case letters (i.e. a, c, g, t, n). The grep command (like all linux commands) is case sensitive. You can do that with the -i grep parameter that tells grep to ignore the case."
                            }
                        ]
                    }
                ]
            }
        ],
        "team": "T017P3M8W7K",
        "user_team": "T017P3M8W7K",
        "source_team": "T017P3M8W7K",
        "user_profile": {
            "avatar_hash": "743a9fc0b5f6",
            "image_72": "https:\/\/avatars.slack-edge.com\/2022-06-30\/3731255580839_743a9fc0b5f63f195af3_72.jpg",
            "first_name": "parensburger",
            "real_name": "parensburger",
            "display_name": "Peter",
            "team": "T017P3M8W7K",
            "name": "parensburger",
            "is_restricted": false,
            "is_ultra_restricted": false
        }
    },
    {
        "client_msg_id": "c60ec257-1c53-4244-b1de-3a203cba377a",
        "type": "message",
        "text": "I would need to filter out the small case letters before taking the percentages ?",
        "user": "U05QB6DPE82",
        "ts": "1697236884.611719",
        "blocks": [
            {
                "type": "rich_text",
                "block_id": "fArln",
                "elements": [
                    {
                        "type": "rich_text_section",
                        "elements": [
                            {
                                "type": "text",
                                "text": "I would need to filter out the small case letters before taking the percentages ?"
                            }
                        ]
                    }
                ]
            }
        ],
        "team": "T017P3M8W7K",
        "user_team": "T017P3M8W7K",
        "source_team": "T017P3M8W7K",
        "user_profile": {
            "avatar_hash": "gaf69de6760a",
            "image_72": "https:\/\/secure.gravatar.com\/avatar\/af69de6760aee56a86237b492ef70a52.jpg?s=72&d=https%3A%2F%2Fa.slack-edge.com%2Fdf10d%2Fimg%2Favatars%2Fava_0017-72.png",
            "first_name": "Matthew",
            "real_name": "Matthew Capistrano",
            "display_name": "",
            "team": "T017P3M8W7K",
            "name": "mcapistrano",
            "is_restricted": false,
            "is_ultra_restricted": false
        },
        "edited": {
            "user": "U05QB6DPE82",
            "ts": "1697236894.000000"
        }
    },
    {
        "client_msg_id": "a6d03ca9-8fe6-4038-bd2e-16a4a01c45c0",
        "type": "message",
        "text": "if there are any lower case letters, then I'd like to know how many there are. You should include any lower case letters with the upper ones when calculating percentages",
        "user": "U01793PULLV",
        "ts": "1697237072.693849",
        "blocks": [
            {
                "type": "rich_text",
                "block_id": "8H82T",
                "elements": [
                    {
                        "type": "rich_text_section",
                        "elements": [
                            {
                                "type": "text",
                                "text": "if there are any lower case letters, then I'd like to know how many there are. You should include any lower case letters with the upper ones when calculating percentages"
                            }
                        ]
                    }
                ]
            }
        ],
        "team": "T017P3M8W7K",
        "user_team": "T017P3M8W7K",
        "source_team": "T017P3M8W7K",
        "user_profile": {
            "avatar_hash": "743a9fc0b5f6",
            "image_72": "https:\/\/avatars.slack-edge.com\/2022-06-30\/3731255580839_743a9fc0b5f63f195af3_72.jpg",
            "first_name": "parensburger",
            "real_name": "parensburger",
            "display_name": "Peter",
            "team": "T017P3M8W7K",
            "name": "parensburger",
            "is_restricted": false,
            "is_ultra_restricted": false
        },
        "reactions": [
            {
                "name": "white_check_mark",
                "users": [
                    "U05QB6DPE82"
                ],
                "count": 1
            }
        ]
    },
    {
        "client_msg_id": "A6609A21-25D8-41B4-8544-EAF85110EBFB",
        "type": "message",
        "text": "Thank you for the clarification I will continue to work on it ",
        "user": "U05QB6DPE82",
        "ts": "1697239628.815649",
        "blocks": [
            {
                "type": "rich_text",
                "block_id": "vkkvb",
                "elements": [
                    {
                        "type": "rich_text_section",
                        "elements": [
                            {
                                "type": "text",
                                "text": "Thank you for the clarification I will continue to work on it "
                            }
                        ]
                    }
                ]
            }
        ],
        "team": "T017P3M8W7K",
        "user_team": "T017P3M8W7K",
        "source_team": "T017P3M8W7K",
        "user_profile": {
            "avatar_hash": "gaf69de6760a",
            "image_72": "https:\/\/secure.gravatar.com\/avatar\/af69de6760aee56a86237b492ef70a52.jpg?s=72&d=https%3A%2F%2Fa.slack-edge.com%2Fdf10d%2Fimg%2Favatars%2Fava_0017-72.png",
            "first_name": "Matthew",
            "real_name": "Matthew Capistrano",
            "display_name": "",
            "team": "T017P3M8W7K",
            "name": "mcapistrano",
            "is_restricted": false,
            "is_ultra_restricted": false
        }
    }
]