[
    {
        "client_msg_id": "b6edccab-c81e-4c82-8a2c-dffa30b28045",
        "type": "message",
        "text": "I apologize for the delay but I downloaded the file but I need help uploading the file to my account. I'm also on windows operating system",
        "user": "U05QB6DPE82",
        "ts": "1694292846.873969",
        "blocks": [
            {
                "type": "rich_text",
                "block_id": "Dcrr",
                "elements": [
                    {
                        "type": "rich_text_section",
                        "elements": [
                            {
                                "type": "text",
                                "text": "I apologize for the delay but I downloaded the file but I need help uploading the file to my account. I'm also on windows operating system"
                            }
                        ]
                    }
                ]
            }
        ],
        "team": "T017P3M8W7K",
        "user_team": "T017P3M8W7K",
        "source_team": "T017P3M8W7K",
        "user_profile": {
            "avatar_hash": "gaf69de6760a",
            "image_72": "https:\/\/secure.gravatar.com\/avatar\/af69de6760aee56a86237b492ef70a52.jpg?s=72&d=https%3A%2F%2Fa.slack-edge.com%2Fdf10d%2Fimg%2Favatars%2Fava_0017-72.png",
            "first_name": "Matthew",
            "real_name": "Matthew Capistrano",
            "display_name": "",
            "team": "T017P3M8W7K",
            "name": "mcapistrano",
            "is_restricted": false,
            "is_ultra_restricted": false
        }
    }
]