[
    {
        "client_msg_id": "5263cb32-08f3-43cc-88a5-fabbaf89556c",
        "type": "message",
        "text": "You only want to select the \"Genome sequences (FASTA)\" one. After you download it to your computer, you're going to want to upload the file to your account on traviata. Let me know if you need help with that part (if you do, remind me what operating system you use to connect to traviata)",
        "user": "U01793PULLV",
        "ts": "1694190207.126539",
        "blocks": [
            {
                "type": "rich_text",
                "block_id": "sEoeR",
                "elements": [
                    {
                        "type": "rich_text_section",
                        "elements": [
                            {
                                "type": "text",
                                "text": "You only want to select the \"Genome sequences (FASTA)\" one. After you download it to your computer, you're going to want to upload the file to your account on traviata. Let me know if you need help with that part (if you do, remind me what operating system you use to connect to traviata)"
                            }
                        ]
                    }
                ]
            }
        ],
        "team": "T017P3M8W7K",
        "user_team": "T017P3M8W7K",
        "source_team": "T017P3M8W7K",
        "user_profile": {
            "avatar_hash": "743a9fc0b5f6",
            "image_72": "https:\/\/avatars.slack-edge.com\/2022-06-30\/3731255580839_743a9fc0b5f63f195af3_72.jpg",
            "first_name": "parensburger",
            "real_name": "parensburger",
            "display_name": "Peter",
            "team": "T017P3M8W7K",
            "name": "parensburger",
            "is_restricted": false,
            "is_ultra_restricted": false
        },
        "edited": {
            "user": "U01793PULLV",
            "ts": "1694190442.000000"
        }
    },
    {
        "client_msg_id": "c0290f42-818c-4212-9983-405e64ab163d",
        "type": "message",
        "text": "correct, well done",
        "user": "U01793PULLV",
        "ts": "1694190303.940099",
        "blocks": [
            {
                "type": "rich_text",
                "block_id": "sS0",
                "elements": [
                    {
                        "type": "rich_text_section",
                        "elements": [
                            {
                                "type": "text",
                                "text": "correct, well done"
                            }
                        ]
                    }
                ]
            }
        ],
        "team": "T017P3M8W7K",
        "user_team": "T017P3M8W7K",
        "source_team": "T017P3M8W7K",
        "user_profile": {
            "avatar_hash": "743a9fc0b5f6",
            "image_72": "https:\/\/avatars.slack-edge.com\/2022-06-30\/3731255580839_743a9fc0b5f63f195af3_72.jpg",
            "first_name": "parensburger",
            "real_name": "parensburger",
            "display_name": "Peter",
            "team": "T017P3M8W7K",
            "name": "parensburger",
            "is_restricted": false,
            "is_ultra_restricted": false
        },
        "thread_ts": "1694142804.427709",
        "parent_user_id": "U05QB6DPE82"
    }
]