[
    {
        "client_msg_id": "14499654-6e38-4cd7-a05c-5d3699a9475b",
        "type": "message",
        "text": "If you want to know if the command worked or not, you could try counting the number lines that start with \"&gt;\" and compare that to the total number of lines in the file, there should be one line starting with \"&gt;\" to every DNA line.",
        "user": "U01793PULLV",
        "ts": "1699712483.579069",
        "blocks": [
            {
                "type": "rich_text",
                "block_id": "cgmcO",
                "elements": [
                    {
                        "type": "rich_text_section",
                        "elements": [
                            {
                                "type": "text",
                                "text": "If you want to know if the command worked or not, you could try counting the number lines that start with \">\" and compare that to the total number of lines in the file, there should be one line starting with \">\" to every DNA line."
                            }
                        ]
                    }
                ]
            }
        ],
        "team": "T017P3M8W7K",
        "user_team": "T017P3M8W7K",
        "source_team": "T017P3M8W7K",
        "user_profile": {
            "avatar_hash": "743a9fc0b5f6",
            "image_72": "https:\/\/avatars.slack-edge.com\/2022-06-30\/3731255580839_743a9fc0b5f63f195af3_72.jpg",
            "first_name": "parensburger",
            "real_name": "parensburger",
            "display_name": "Peter",
            "team": "T017P3M8W7K",
            "name": "parensburger",
            "is_restricted": false,
            "is_ultra_restricted": false
        }
    },
    {
        "client_msg_id": "ca99c91b-ebab-45c3-b0a8-ff5db169057f",
        "type": "message",
        "text": "don't get too discouraged, this is not an easy problem to solve, you're doing well :slightly_smiling_face:",
        "user": "U01793PULLV",
        "ts": "1699712534.384169",
        "blocks": [
            {
                "type": "rich_text",
                "block_id": "PkomG",
                "elements": [
                    {
                        "type": "rich_text_section",
                        "elements": [
                            {
                                "type": "text",
                                "text": "don't get too discouraged, this is not an easy problem to solve, you're doing well "
                            },
                            {
                                "type": "emoji",
                                "name": "slightly_smiling_face",
                                "unicode": "1f642"
                            }
                        ]
                    }
                ]
            }
        ],
        "team": "T017P3M8W7K",
        "user_team": "T017P3M8W7K",
        "source_team": "T017P3M8W7K",
        "user_profile": {
            "avatar_hash": "743a9fc0b5f6",
            "image_72": "https:\/\/avatars.slack-edge.com\/2022-06-30\/3731255580839_743a9fc0b5f63f195af3_72.jpg",
            "first_name": "parensburger",
            "real_name": "parensburger",
            "display_name": "Peter",
            "team": "T017P3M8W7K",
            "name": "parensburger",
            "is_restricted": false,
            "is_ultra_restricted": false
        }
    }
]