[
    {
        "type": "message",
        "subtype": "channel_join",
        "ts": "1693429498.188399",
        "user": "U01793PULLV",
        "text": "<@U01793PULLV> has joined the channel"
    },
    {
        "type": "message",
        "subtype": "channel_join",
        "ts": "1693429510.574579",
        "user": "U05QB6DPE82",
        "text": "<@U05QB6DPE82> has joined the channel",
        "inviter": "U01793PULLV"
    },
    {
        "client_msg_id": "e872e035-319f-43f2-8f3b-11a9c0478b3c",
        "type": "message",
        "text": "Hi Matthew, now that you're in the lab computer here's a few things to know. The name of the computer is \"traviata\", it's to distinguish it from other computers in the lab. Your next job is going to be run through the short command line tutorial mentioned on the lab intro <https:\/\/arensburger.github.io\/labintro\/|website>, and get comfortable with issuing command lines. When you're ready I'll tell how to download the the genome of the spider you're working on.",
        "user": "U01793PULLV",
        "ts": "1693430415.040499",
        "blocks": [
            {
                "type": "rich_text",
                "block_id": "h8Bnk",
                "elements": [
                    {
                        "type": "rich_text_section",
                        "elements": [
                            {
                                "type": "text",
                                "text": "Hi Matthew, now that you're in the lab computer here's a few things to know. The name of the computer is \"traviata\", it's to distinguish it from other computers in the lab. Your next job is going to be run through the short command line tutorial mentioned on the lab intro "
                            },
                            {
                                "type": "link",
                                "url": "https:\/\/arensburger.github.io\/labintro\/",
                                "text": "website"
                            },
                            {
                                "type": "text",
                                "text": ", and get comfortable with issuing command lines. When you're ready I'll tell how to download the the genome of the spider you're working on."
                            }
                        ]
                    }
                ]
            }
        ],
        "team": "T017P3M8W7K",
        "user_team": "T017P3M8W7K",
        "source_team": "T017P3M8W7K",
        "user_profile": {
            "avatar_hash": "743a9fc0b5f6",
            "image_72": "https:\/\/avatars.slack-edge.com\/2022-06-30\/3731255580839_743a9fc0b5f63f195af3_72.jpg",
            "first_name": "parensburger",
            "real_name": "parensburger",
            "display_name": "Peter",
            "team": "T017P3M8W7K",
            "name": "parensburger",
            "is_restricted": false,
            "is_ultra_restricted": false
        }
    }
]