[
    {
        "client_msg_id": "f42d0dd6-096a-4407-8c70-56874f058e4a",
        "type": "message",
        "text": "Sorry for not getting back to you earlier, I was out of town for a bit. That is great, can you rename your \"out.txt\" file to something more meaningful. I'd love to see a histogram of the lengths, as well as the file itself. Can you send me the file with the length here (i.e. via Slack)? Well done!",
        "user": "U01793PULLV",
        "ts": "1703095636.755099",
        "blocks": [
            {
                "type": "rich_text",
                "block_id": "FiVOc",
                "elements": [
                    {
                        "type": "rich_text_section",
                        "elements": [
                            {
                                "type": "text",
                                "text": "Sorry for not getting back to you earlier, I was out of town for a bit. That is great, can you rename your \"out.txt\" file to something more meaningful. I'd love to see a histogram of the lengths, as well as the file itself. Can you send me the file with the length here (i.e. via Slack)? Well done!"
                            }
                        ]
                    }
                ]
            }
        ],
        "team": "T017P3M8W7K",
        "user_team": "T017P3M8W7K",
        "source_team": "T017P3M8W7K",
        "user_profile": {
            "avatar_hash": "743a9fc0b5f6",
            "image_72": "https:\/\/avatars.slack-edge.com\/2022-06-30\/3731255580839_743a9fc0b5f63f195af3_72.jpg",
            "first_name": "parensburger",
            "real_name": "parensburger",
            "display_name": "Peter",
            "team": "T017P3M8W7K",
            "name": "parensburger",
            "is_restricted": false,
            "is_ultra_restricted": false
        }
    }
]