[
    {
        "client_msg_id": "b0c8b767-f6fa-4cca-b2e4-9b5b84b7df54",
        "type": "message",
        "text": "I used the assistance of chatgpt and it came out with this code\n```sed -e '\/^&gt;\/!N;s\/\\n\/\/;' \/mnt\/data\/traviata\/GCA_019973935.1\/GCA_019973935.1_Tncv_1.0_genomic.fna &gt; out.txt```",
        "user": "U05QB6DPE82",
        "ts": "1699340531.968169",
        "blocks": [
            {
                "type": "rich_text",
                "block_id": "\/F4Pe",
                "elements": [
                    {
                        "type": "rich_text_section",
                        "elements": [
                            {
                                "type": "text",
                                "text": "I used the assistance of chatgpt and it came out with this code\n"
                            }
                        ]
                    },
                    {
                        "type": "rich_text_preformatted",
                        "elements": [
                            {
                                "type": "text",
                                "text": "sed -e '\/^>\/!N;s\/\\n\/\/;' \/mnt\/data\/traviata\/GCA_019973935.1\/GCA_019973935.1_Tncv_1.0_genomic.fna > out.txt"
                            }
                        ],
                        "border": 0
                    }
                ]
            }
        ],
        "team": "T017P3M8W7K",
        "user_team": "T017P3M8W7K",
        "source_team": "T017P3M8W7K",
        "user_profile": {
            "avatar_hash": "gaf69de6760a",
            "image_72": "https:\/\/secure.gravatar.com\/avatar\/af69de6760aee56a86237b492ef70a52.jpg?s=72&d=https%3A%2F%2Fa.slack-edge.com%2Fdf10d%2Fimg%2Favatars%2Fava_0017-72.png",
            "first_name": "Matthew",
            "real_name": "Matthew Capistrano",
            "display_name": "",
            "team": "T017P3M8W7K",
            "name": "mcapistrano",
            "is_restricted": false,
            "is_ultra_restricted": false
        }
    },
    {
        "client_msg_id": "90d63d6a-c283-456d-87cf-a42922e02576",
        "type": "message",
        "text": "I was also wondering when using the sed command would it take all of the A,C,T,G,N and place them all in one line?",
        "user": "U05QB6DPE82",
        "ts": "1699341145.708259",
        "blocks": [
            {
                "type": "rich_text",
                "block_id": "kHj6\/",
                "elements": [
                    {
                        "type": "rich_text_section",
                        "elements": [
                            {
                                "type": "text",
                                "text": "I was also wondering when using the sed command would it take all of the A,C,T,G,N and place them all in one line?"
                            }
                        ]
                    }
                ]
            }
        ],
        "team": "T017P3M8W7K",
        "user_team": "T017P3M8W7K",
        "source_team": "T017P3M8W7K",
        "user_profile": {
            "avatar_hash": "gaf69de6760a",
            "image_72": "https:\/\/secure.gravatar.com\/avatar\/af69de6760aee56a86237b492ef70a52.jpg?s=72&d=https%3A%2F%2Fa.slack-edge.com%2Fdf10d%2Fimg%2Favatars%2Fava_0017-72.png",
            "first_name": "Matthew",
            "real_name": "Matthew Capistrano",
            "display_name": "",
            "team": "T017P3M8W7K",
            "name": "mcapistrano",
            "is_restricted": false,
            "is_ultra_restricted": false
        },
        "edited": {
            "user": "U05QB6DPE82",
            "ts": "1699341536.000000"
        }
    }
]