[
    {
        "client_msg_id": "127c135d-d49c-4aa5-adea-d77329d26652",
        "type": "message",
        "text": "Hi Matthew, putting all the nucleotides on a single line is what you're trying to achieve. The reason you want to do that is that it will then be easier for you to measure the length of each genome fragment, it will simply be the length of the line.\nRegarding your sed command, it does not quite work. If you look at your \"out.txt\" output you should see that the nucleotides are still divided into multiple lines, they are just a bit longer now. Specifically, each line is now twice as long as before. What is happening is that your command is working on pairs of lines, it combines lines number 1 and 2, and then moves on to combine lines 3 and 4. But you want something that will combine all the nucleotides lines together on a single line. You'll need to modify your command somehow. Let me know if you get stuck.",
        "user": "U01793PULLV",
        "ts": "1699384836.025309",
        "blocks": [
            {
                "type": "rich_text",
                "block_id": "GwLGv",
                "elements": [
                    {
                        "type": "rich_text_section",
                        "elements": [
                            {
                                "type": "text",
                                "text": "Hi Matthew, putting all the nucleotides on a single line is what you're trying to achieve. The reason you want to do that is that it will then be easier for you to measure the length of each genome fragment, it will simply be the length of the line.\nRegarding your sed command, it does not quite work. If you look at your \"out.txt\" output you should see that the nucleotides are still divided into multiple lines, they are just a bit longer now. Specifically, each line is now twice as long as before. What is happening is that your command is working on pairs of lines, it combines lines number 1 and 2, and then moves on to combine lines 3 and 4. But you want something that will combine all the nucleotides lines together on a single line. You'll need to modify your command somehow. Let me know if you get stuck."
                            }
                        ]
                    }
                ]
            }
        ],
        "team": "T017P3M8W7K",
        "user_team": "T017P3M8W7K",
        "source_team": "T017P3M8W7K",
        "user_profile": {
            "avatar_hash": "743a9fc0b5f6",
            "image_72": "https:\/\/avatars.slack-edge.com\/2022-06-30\/3731255580839_743a9fc0b5f63f195af3_72.jpg",
            "first_name": "parensburger",
            "real_name": "parensburger",
            "display_name": "Peter",
            "team": "T017P3M8W7K",
            "name": "parensburger",
            "is_restricted": false,
            "is_ultra_restricted": false
        }
    },
    {
        "client_msg_id": "d3f4cbfe-bda3-4b6b-b531-295cb3ecc140",
        "type": "message",
        "text": "That does help clarify things thank you. I am still trying to figure out the sed command so I will see what modifications I can do",
        "user": "U05QB6DPE82",
        "ts": "1699403507.541129",
        "blocks": [
            {
                "type": "rich_text",
                "block_id": "MfM\/S",
                "elements": [
                    {
                        "type": "rich_text_section",
                        "elements": [
                            {
                                "type": "text",
                                "text": "That does help clarify things thank you. I am still trying to figure out the sed command so I will see what modifications I can do"
                            }
                        ]
                    }
                ]
            }
        ],
        "team": "T017P3M8W7K",
        "user_team": "T017P3M8W7K",
        "source_team": "T017P3M8W7K",
        "user_profile": {
            "avatar_hash": "gaf69de6760a",
            "image_72": "https:\/\/secure.gravatar.com\/avatar\/af69de6760aee56a86237b492ef70a52.jpg?s=72&d=https%3A%2F%2Fa.slack-edge.com%2Fdf10d%2Fimg%2Favatars%2Fava_0017-72.png",
            "first_name": "Matthew",
            "real_name": "Matthew Capistrano",
            "display_name": "",
            "team": "T017P3M8W7K",
            "name": "mcapistrano",
            "is_restricted": false,
            "is_ultra_restricted": false
        }
    },
    {
        "client_msg_id": "1d0fdd31-44b4-450e-91d5-eaab2b4e2f5a",
        "type": "message",
        "text": "Sounds good, let me know if I can help clarify something specific",
        "user": "U01793PULLV",
        "ts": "1699405749.888649",
        "blocks": [
            {
                "type": "rich_text",
                "block_id": "xeKz7",
                "elements": [
                    {
                        "type": "rich_text_section",
                        "elements": [
                            {
                                "type": "text",
                                "text": "Sounds good, let me know if I can help clarify something specific"
                            }
                        ]
                    }
                ]
            }
        ],
        "team": "T017P3M8W7K",
        "user_team": "T017P3M8W7K",
        "source_team": "T017P3M8W7K",
        "user_profile": {
            "avatar_hash": "743a9fc0b5f6",
            "image_72": "https:\/\/avatars.slack-edge.com\/2022-06-30\/3731255580839_743a9fc0b5f63f195af3_72.jpg",
            "first_name": "parensburger",
            "real_name": "parensburger",
            "display_name": "Peter",
            "team": "T017P3M8W7K",
            "name": "parensburger",
            "is_restricted": false,
            "is_ultra_restricted": false
        }
    }
]