[
    {
        "client_msg_id": "e4e7e79c-955c-49c7-8f5a-4b83179cadac",
        "type": "message",
        "text": "Hi Matthew, you seem to be making good progress here. When you are ready, I've got a first task for you to do. Your first task on this project is going to be to download your spider genome to traviata. You're going to download it from the NCBI database. Go to this <https:\/\/www.ncbi.nlm.nih.gov\/|page>, select the \"Genome\" database (the pull down menu next to the search bar), and look for the spider using its scientific name. Once you get to the correct page, report here how big the genome size of that spider is. After that, download the genome to your computer. Once you've done that I'll tell you how to upload that genome to traviata. Let me know if you have any questions.",
        "user": "U01793PULLV",
        "ts": "1693934081.792209",
        "blocks": [
            {
                "type": "rich_text",
                "block_id": "JFL",
                "elements": [
                    {
                        "type": "rich_text_section",
                        "elements": [
                            {
                                "type": "text",
                                "text": "Hi Matthew, you seem to be making good progress here. When you are ready, I've got a first task for you to do. Your first task on this project is going to be to download your spider genome to traviata. You're going to download it from the NCBI database. Go to this "
                            },
                            {
                                "type": "link",
                                "url": "https:\/\/www.ncbi.nlm.nih.gov\/",
                                "text": "page"
                            },
                            {
                                "type": "text",
                                "text": ", select the \"Genome\" database (the pull down menu next to the search bar), and look for the spider using its scientific name. Once you get to the correct page, report here how big the genome size of that spider is. After that, download the genome to your computer. Once you've done that I'll tell you how to upload that genome to traviata. Let me know if you have any questions."
                            }
                        ]
                    }
                ]
            }
        ],
        "team": "T017P3M8W7K",
        "user_team": "T017P3M8W7K",
        "source_team": "T017P3M8W7K",
        "user_profile": {
            "avatar_hash": "743a9fc0b5f6",
            "image_72": "https:\/\/avatars.slack-edge.com\/2022-06-30\/3731255580839_743a9fc0b5f63f195af3_72.jpg",
            "first_name": "parensburger",
            "real_name": "parensburger",
            "display_name": "Peter",
            "team": "T017P3M8W7K",
            "name": "parensburger",
            "is_restricted": false,
            "is_ultra_restricted": false
        },
        "attachments": [
            {
                "image_url": "https:\/\/www.ncbi.nlm.nih.gov\/corehtml\/logo256.gif",
                "image_width": 207,
                "image_height": 256,
                "image_bytes": 14702,
                "from_url": "https:\/\/www.ncbi.nlm.nih.gov\/",
                "service_icon": "https:\/\/www.ncbi.nlm.nih.gov\/favicon.ico",
                "id": 1,
                "original_url": "https:\/\/www.ncbi.nlm.nih.gov\/",
                "fallback": "National Center for Biotechnology Information",
                "title": "National Center for Biotechnology Information",
                "title_link": "https:\/\/www.ncbi.nlm.nih.gov\/",
                "service_name": "ncbi.nlm.nih.gov"
            }
        ]
    },
    {
        "client_msg_id": "930D15FD-32CB-4C13-BC38-FD49FBE4E72C",
        "type": "message",
        "text": "Hello sounds good, I will start to download it as soon as I can.",
        "user": "U05QB6DPE82",
        "ts": "1693938205.955989",
        "blocks": [
            {
                "type": "rich_text",
                "block_id": "vylX",
                "elements": [
                    {
                        "type": "rich_text_section",
                        "elements": [
                            {
                                "type": "text",
                                "text": "Hello sounds good, I will start to download it as soon as I can."
                            }
                        ]
                    }
                ]
            }
        ],
        "team": "T017P3M8W7K",
        "user_team": "T017P3M8W7K",
        "source_team": "T017P3M8W7K",
        "user_profile": {
            "avatar_hash": "gaf69de6760a",
            "image_72": "https:\/\/secure.gravatar.com\/avatar\/af69de6760aee56a86237b492ef70a52.jpg?s=72&d=https%3A%2F%2Fa.slack-edge.com%2Fdf10d%2Fimg%2Favatars%2Fava_0017-72.png",
            "first_name": "Matthew",
            "real_name": "Matthew Capistrano",
            "display_name": "",
            "team": "T017P3M8W7K",
            "name": "mcapistrano",
            "is_restricted": false,
            "is_ultra_restricted": false
        }
    }
]