[
    {
        "client_msg_id": "8b4744eb-e624-4b05-94b0-725c1bd5312d",
        "type": "message",
        "text": "grep -c  '&gt;' \/mnt\/data\/traviata\/GCA_019973935.1\/GCA_019973935.1_Tncv_1.0_genomic.fna",
        "user": "U05QB6DPE82",
        "ts": "1700438119.874149",
        "blocks": [
            {
                "type": "rich_text",
                "block_id": "zDUrc",
                "elements": [
                    {
                        "type": "rich_text_section",
                        "elements": [
                            {
                                "type": "text",
                                "text": "grep -c  '>' \/mnt\/data\/traviata\/GCA_019973935.1\/GCA_019973935.1_Tncv_1.0_genomic.fna"
                            }
                        ]
                    }
                ]
            }
        ],
        "team": "T017P3M8W7K",
        "user_team": "T017P3M8W7K",
        "source_team": "T017P3M8W7K",
        "user_profile": {
            "avatar_hash": "gaf69de6760a",
            "image_72": "https:\/\/secure.gravatar.com\/avatar\/af69de6760aee56a86237b492ef70a52.jpg?s=72&d=https%3A%2F%2Fa.slack-edge.com%2Fdf10d%2Fimg%2Favatars%2Fava_0017-72.png",
            "first_name": "Matthew",
            "real_name": "Matthew Capistrano",
            "display_name": "",
            "team": "T017P3M8W7K",
            "name": "mcapistrano",
            "is_restricted": false,
            "is_ultra_restricted": false
        }
    },
    {
        "client_msg_id": "eaa14b6d-cd22-4f17-b5af-2c694cca51c4",
        "type": "message",
        "text": "=21438 lines",
        "user": "U05QB6DPE82",
        "ts": "1700438123.528749",
        "blocks": [
            {
                "type": "rich_text",
                "block_id": "JCqVx",
                "elements": [
                    {
                        "type": "rich_text_section",
                        "elements": [
                            {
                                "type": "text",
                                "text": "=21438 lines"
                            }
                        ]
                    }
                ]
            }
        ],
        "team": "T017P3M8W7K",
        "user_team": "T017P3M8W7K",
        "source_team": "T017P3M8W7K",
        "user_profile": {
            "avatar_hash": "gaf69de6760a",
            "image_72": "https:\/\/secure.gravatar.com\/avatar\/af69de6760aee56a86237b492ef70a52.jpg?s=72&d=https%3A%2F%2Fa.slack-edge.com%2Fdf10d%2Fimg%2Favatars%2Fava_0017-72.png",
            "first_name": "Matthew",
            "real_name": "Matthew Capistrano",
            "display_name": "",
            "team": "T017P3M8W7K",
            "name": "mcapistrano",
            "is_restricted": false,
            "is_ultra_restricted": false
        }
    },
    {
        "client_msg_id": "6d5314db-7bd1-4e26-be99-18b6bf1201f2",
        "type": "message",
        "text": "I used the perl command above and it still had the same number of lines",
        "user": "U05QB6DPE82",
        "ts": "1700438349.628019",
        "blocks": [
            {
                "type": "rich_text",
                "block_id": "X5dwB",
                "elements": [
                    {
                        "type": "rich_text_section",
                        "elements": [
                            {
                                "type": "text",
                                "text": "I used the perl command above and it still had the same number of lines"
                            }
                        ]
                    }
                ]
            }
        ],
        "team": "T017P3M8W7K",
        "user_team": "T017P3M8W7K",
        "source_team": "T017P3M8W7K",
        "user_profile": {
            "avatar_hash": "gaf69de6760a",
            "image_72": "https:\/\/secure.gravatar.com\/avatar\/af69de6760aee56a86237b492ef70a52.jpg?s=72&d=https%3A%2F%2Fa.slack-edge.com%2Fdf10d%2Fimg%2Favatars%2Fava_0017-72.png",
            "first_name": "Matthew",
            "real_name": "Matthew Capistrano",
            "display_name": "",
            "team": "T017P3M8W7K",
            "name": "mcapistrano",
            "is_restricted": false,
            "is_ultra_restricted": false
        }
    }
]