[
    {
        "client_msg_id": "291dd805-c3de-4fbe-ab7c-e8c454e1e3ad",
        "type": "message",
        "text": "Did either of these commands solve the issue? Be careful with ChatGPT, it's totally fine to use it as a starting point, but if you don't understand what the output is (i.e. how the sed command or perl one liner command works), you're going to be very limited in what you can do with it. Let me know when you've gotten the genome into the right format and then we'll move on to the next step.",
        "user": "U01793PULLV",
        "ts": "1699625215.321809",
        "blocks": [
            {
                "type": "rich_text",
                "block_id": "27YW7",
                "elements": [
                    {
                        "type": "rich_text_section",
                        "elements": [
                            {
                                "type": "text",
                                "text": "Did either of these commands solve the issue? Be careful with ChatGPT, it's totally fine to use it as a starting point, but if you don't understand what the output is (i.e. how the sed command or perl one liner command works), you're going to be very limited in what you can do with it. Let me know when you've gotten the genome into the right format and then we'll move on to the next step."
                            }
                        ]
                    }
                ]
            }
        ],
        "team": "T017P3M8W7K",
        "user_team": "T017P3M8W7K",
        "source_team": "T017P3M8W7K",
        "user_profile": {
            "avatar_hash": "743a9fc0b5f6",
            "image_72": "https:\/\/avatars.slack-edge.com\/2022-06-30\/3731255580839_743a9fc0b5f63f195af3_72.jpg",
            "first_name": "parensburger",
            "real_name": "parensburger",
            "display_name": "Peter",
            "team": "T017P3M8W7K",
            "name": "parensburger",
            "is_restricted": false,
            "is_ultra_restricted": false
        }
    },
    {
        "client_msg_id": "1e9a0db9-a353-41d5-8920-3accc531b69c",
        "type": "message",
        "text": "The second command worked but I am a little confused viewing the file to see which one worked",
        "user": "U05QB6DPE82",
        "ts": "1699671510.733609",
        "blocks": [
            {
                "type": "rich_text",
                "block_id": "+mxJr",
                "elements": [
                    {
                        "type": "rich_text_section",
                        "elements": [
                            {
                                "type": "text",
                                "text": "The second command worked but I am a little confused viewing the file to see which one worked"
                            }
                        ]
                    }
                ]
            }
        ],
        "team": "T017P3M8W7K",
        "user_team": "T017P3M8W7K",
        "source_team": "T017P3M8W7K",
        "user_profile": {
            "avatar_hash": "gaf69de6760a",
            "image_72": "https:\/\/secure.gravatar.com\/avatar\/af69de6760aee56a86237b492ef70a52.jpg?s=72&d=https%3A%2F%2Fa.slack-edge.com%2Fdf10d%2Fimg%2Favatars%2Fava_0017-72.png",
            "first_name": "Matthew",
            "real_name": "Matthew Capistrano",
            "display_name": "",
            "team": "T017P3M8W7K",
            "name": "mcapistrano",
            "is_restricted": false,
            "is_ultra_restricted": false
        }
    },
    {
        "client_msg_id": "2520877e-af03-4169-993e-4c9a667dccc0",
        "type": "message",
        "text": "I am not sure if I am using the proper command",
        "user": "U05QB6DPE82",
        "ts": "1699671521.771989",
        "blocks": [
            {
                "type": "rich_text",
                "block_id": "W0YNK",
                "elements": [
                    {
                        "type": "rich_text_section",
                        "elements": [
                            {
                                "type": "text",
                                "text": "I am not sure if I am using the proper command"
                            }
                        ]
                    }
                ]
            }
        ],
        "team": "T017P3M8W7K",
        "user_team": "T017P3M8W7K",
        "source_team": "T017P3M8W7K",
        "user_profile": {
            "avatar_hash": "gaf69de6760a",
            "image_72": "https:\/\/secure.gravatar.com\/avatar\/af69de6760aee56a86237b492ef70a52.jpg?s=72&d=https%3A%2F%2Fa.slack-edge.com%2Fdf10d%2Fimg%2Favatars%2Fava_0017-72.png",
            "first_name": "Matthew",
            "real_name": "Matthew Capistrano",
            "display_name": "",
            "team": "T017P3M8W7K",
            "name": "mcapistrano",
            "is_restricted": false,
            "is_ultra_restricted": false
        }
    }
]