[
    {
        "client_msg_id": "EA944E9B-783D-448D-AB56-CBADE9919DCB",
        "type": "message",
        "text": "Ah I see, so pretty much every line from top to bottom",
        "user": "U05QB6DPE82",
        "ts": "1695672690.568989",
        "blocks": [
            {
                "type": "rich_text",
                "block_id": "oQ\/",
                "elements": [
                    {
                        "type": "rich_text_section",
                        "elements": [
                            {
                                "type": "text",
                                "text": "Ah I see, so pretty much every line from top to bottom"
                            }
                        ]
                    }
                ]
            }
        ],
        "team": "T017P3M8W7K",
        "user_team": "T017P3M8W7K",
        "source_team": "T017P3M8W7K",
        "user_profile": {
            "avatar_hash": "gaf69de6760a",
            "image_72": "https:\/\/secure.gravatar.com\/avatar\/af69de6760aee56a86237b492ef70a52.jpg?s=72&d=https%3A%2F%2Fa.slack-edge.com%2Fdf10d%2Fimg%2Favatars%2Fava_0017-72.png",
            "first_name": "Matthew",
            "real_name": "Matthew Capistrano",
            "display_name": "",
            "team": "T017P3M8W7K",
            "name": "mcapistrano",
            "is_restricted": false,
            "is_ultra_restricted": false
        },
        "thread_ts": "1695546943.735069",
        "parent_user_id": "U05QB6DPE82"
    }
]