[
    {
        "client_msg_id": "169cad7e-f7e8-4d2d-bdc2-a8a7424d22f6",
        "type": "message",
        "text": "The file is 2.8G",
        "user": "U05QB6DPE82",
        "ts": "1695375836.344209",
        "blocks": [
            {
                "type": "rich_text",
                "block_id": "w09x8",
                "elements": [
                    {
                        "type": "rich_text_section",
                        "elements": [
                            {
                                "type": "text",
                                "text": "The file is 2.8G"
                            }
                        ]
                    }
                ]
            }
        ],
        "team": "T017P3M8W7K",
        "user_team": "T017P3M8W7K",
        "source_team": "T017P3M8W7K",
        "user_profile": {
            "avatar_hash": "gaf69de6760a",
            "image_72": "https:\/\/secure.gravatar.com\/avatar\/af69de6760aee56a86237b492ef70a52.jpg?s=72&d=https%3A%2F%2Fa.slack-edge.com%2Fdf10d%2Fimg%2Favatars%2Fava_0017-72.png",
            "first_name": "Matthew",
            "real_name": "Matthew Capistrano",
            "display_name": "",
            "team": "T017P3M8W7K",
            "name": "mcapistrano",
            "is_restricted": false,
            "is_ultra_restricted": false
        }
    },
    {
        "type": "message",
        "text": "",
        "files": [
            {
                "id": "F05TE7CHELV",
                "created": 1695375840,
                "timestamp": 1695375840,
                "name": "image.png",
                "title": "image.png",
                "mimetype": "image\/png",
                "filetype": "png",
                "pretty_type": "PNG",
                "user": "U05QB6DPE82",
                "user_team": "T017P3M8W7K",
                "editable": false,
                "size": 8730,
                "mode": "hosted",
                "is_external": false,
                "external_type": "",
                "is_public": true,
                "public_url_shared": false,
                "display_as_bot": false,
                "username": "",
                "url_private": "https:\/\/files.slack.com\/files-pri\/T017P3M8W7K-F05TE7CHELV\/image.png?t=xoxe-1261123302257-6395895314663-6407612319125-137f2171a6b5696e8e285d5b7bbfa693",
                "url_private_download": "https:\/\/files.slack.com\/files-pri\/T017P3M8W7K-F05TE7CHELV\/download\/image.png?t=xoxe-1261123302257-6395895314663-6407612319125-137f2171a6b5696e8e285d5b7bbfa693",
                "media_display_type": "unknown",
                "thumb_64": "https:\/\/files.slack.com\/files-tmb\/T017P3M8W7K-F05TE7CHELV-10ae142fd0\/image_64.png?t=xoxe-1261123302257-6395895314663-6407612319125-137f2171a6b5696e8e285d5b7bbfa693",
                "thumb_80": "https:\/\/files.slack.com\/files-tmb\/T017P3M8W7K-F05TE7CHELV-10ae142fd0\/image_80.png?t=xoxe-1261123302257-6395895314663-6407612319125-137f2171a6b5696e8e285d5b7bbfa693",
                "thumb_360": "https:\/\/files.slack.com\/files-tmb\/T017P3M8W7K-F05TE7CHELV-10ae142fd0\/image_360.png?t=xoxe-1261123302257-6395895314663-6407612319125-137f2171a6b5696e8e285d5b7bbfa693",
                "thumb_360_w": 360,
                "thumb_360_h": 47,
                "thumb_480": "https:\/\/files.slack.com\/files-tmb\/T017P3M8W7K-F05TE7CHELV-10ae142fd0\/image_480.png?t=xoxe-1261123302257-6395895314663-6407612319125-137f2171a6b5696e8e285d5b7bbfa693",
                "thumb_480_w": 480,
                "thumb_480_h": 63,
                "thumb_160": "https:\/\/files.slack.com\/files-tmb\/T017P3M8W7K-F05TE7CHELV-10ae142fd0\/image_160.png?t=xoxe-1261123302257-6395895314663-6407612319125-137f2171a6b5696e8e285d5b7bbfa693",
                "thumb_720": "https:\/\/files.slack.com\/files-tmb\/T017P3M8W7K-F05TE7CHELV-10ae142fd0\/image_720.png?t=xoxe-1261123302257-6395895314663-6407612319125-137f2171a6b5696e8e285d5b7bbfa693",
                "thumb_720_w": 720,
                "thumb_720_h": 94,
                "thumb_800": "https:\/\/files.slack.com\/files-tmb\/T017P3M8W7K-F05TE7CHELV-10ae142fd0\/image_800.png?t=xoxe-1261123302257-6395895314663-6407612319125-137f2171a6b5696e8e285d5b7bbfa693",
                "thumb_800_w": 800,
                "thumb_800_h": 105,
                "thumb_960": "https:\/\/files.slack.com\/files-tmb\/T017P3M8W7K-F05TE7CHELV-10ae142fd0\/image_960.png?t=xoxe-1261123302257-6395895314663-6407612319125-137f2171a6b5696e8e285d5b7bbfa693",
                "thumb_960_w": 960,
                "thumb_960_h": 126,
                "original_w": 984,
                "original_h": 129,
                "thumb_tiny": "AwAGADDNzSZoooAM0ZoooAM0UUUAf\/\/Z",
                "permalink": "https:\/\/arensburgerla-9bj1862.slack.com\/files\/U05QB6DPE82\/F05TE7CHELV\/image.png",
                "permalink_public": "https:\/\/slack-files.com\/T017P3M8W7K-F05TE7CHELV-5f1a1ebf66",
                "is_starred": false,
                "has_rich_preview": false,
                "file_access": "visible"
            }
        ],
        "upload": false,
        "user": "U05QB6DPE82",
        "display_as_bot": false,
        "ts": "1695375842.337789",
        "client_msg_id": "96c8238a-a8d6-41b6-9727-389164b6b611"
    },
    {
        "client_msg_id": "fa21c364-4404-4e46-b740-d2048dbd1f90",
        "type": "message",
        "text": "I moved the file into \/mnt\/data\/traviata",
        "user": "U05QB6DPE82",
        "ts": "1695376256.994489",
        "blocks": [
            {
                "type": "rich_text",
                "block_id": "hP6fR",
                "elements": [
                    {
                        "type": "rich_text_section",
                        "elements": [
                            {
                                "type": "text",
                                "text": "I moved the file into \/mnt\/data\/traviata"
                            }
                        ]
                    }
                ]
            }
        ],
        "team": "T017P3M8W7K",
        "user_team": "T017P3M8W7K",
        "source_team": "T017P3M8W7K",
        "user_profile": {
            "avatar_hash": "gaf69de6760a",
            "image_72": "https:\/\/secure.gravatar.com\/avatar\/af69de6760aee56a86237b492ef70a52.jpg?s=72&d=https%3A%2F%2Fa.slack-edge.com%2Fdf10d%2Fimg%2Favatars%2Fava_0017-72.png",
            "first_name": "Matthew",
            "real_name": "Matthew Capistrano",
            "display_name": "",
            "team": "T017P3M8W7K",
            "name": "mcapistrano",
            "is_restricted": false,
            "is_ultra_restricted": false
        },
        "edited": {
            "user": "U05QB6DPE82",
            "ts": "1695376312.000000"
        }
    },
    {
        "type": "message",
        "text": "",
        "files": [
            {
                "id": "F05TH36P5V1",
                "created": 1695376267,
                "timestamp": 1695376267,
                "name": "image.png",
                "title": "image.png",
                "mimetype": "image\/png",
                "filetype": "png",
                "pretty_type": "PNG",
                "user": "U05QB6DPE82",
                "user_team": "T017P3M8W7K",
                "editable": false,
                "size": 5548,
                "mode": "hosted",
                "is_external": false,
                "external_type": "",
                "is_public": true,
                "public_url_shared": false,
                "display_as_bot": false,
                "username": "",
                "url_private": "https:\/\/files.slack.com\/files-pri\/T017P3M8W7K-F05TH36P5V1\/image.png?t=xoxe-1261123302257-6395895314663-6407612319125-137f2171a6b5696e8e285d5b7bbfa693",
                "url_private_download": "https:\/\/files.slack.com\/files-pri\/T017P3M8W7K-F05TH36P5V1\/download\/image.png?t=xoxe-1261123302257-6395895314663-6407612319125-137f2171a6b5696e8e285d5b7bbfa693",
                "media_display_type": "unknown",
                "thumb_64": "https:\/\/files.slack.com\/files-tmb\/T017P3M8W7K-F05TH36P5V1-a4181c82ab\/image_64.png?t=xoxe-1261123302257-6395895314663-6407612319125-137f2171a6b5696e8e285d5b7bbfa693",
                "thumb_80": "https:\/\/files.slack.com\/files-tmb\/T017P3M8W7K-F05TH36P5V1-a4181c82ab\/image_80.png?t=xoxe-1261123302257-6395895314663-6407612319125-137f2171a6b5696e8e285d5b7bbfa693",
                "thumb_360": "https:\/\/files.slack.com\/files-tmb\/T017P3M8W7K-F05TH36P5V1-a4181c82ab\/image_360.png?t=xoxe-1261123302257-6395895314663-6407612319125-137f2171a6b5696e8e285d5b7bbfa693",
                "thumb_360_w": 360,
                "thumb_360_h": 73,
                "thumb_160": "https:\/\/files.slack.com\/files-tmb\/T017P3M8W7K-F05TH36P5V1-a4181c82ab\/image_160.png?t=xoxe-1261123302257-6395895314663-6407612319125-137f2171a6b5696e8e285d5b7bbfa693",
                "original_w": 461,
                "original_h": 94,
                "thumb_tiny": "AwAJADDO3D3o3fWm0UAO3UhPPGcUlFAC5NJ1oooA\/9k=",
                "permalink": "https:\/\/arensburgerla-9bj1862.slack.com\/files\/U05QB6DPE82\/F05TH36P5V1\/image.png",
                "permalink_public": "https:\/\/slack-files.com\/T017P3M8W7K-F05TH36P5V1-89dd4c88dd",
                "is_starred": false,
                "has_rich_preview": false,
                "file_access": "visible"
            }
        ],
        "upload": false,
        "user": "U05QB6DPE82",
        "display_as_bot": false,
        "ts": "1695376269.934229",
        "client_msg_id": "776aa30e-c41a-4dcf-974e-e2cdac2439eb"
    },
    {
        "client_msg_id": "a87c5778-4758-4687-aea1-315e74009b02",
        "type": "message",
        "text": "I also apologize for the delay I have been swamped with assignments.",
        "user": "U05QB6DPE82",
        "ts": "1695376446.800179",
        "blocks": [
            {
                "type": "rich_text",
                "block_id": "5utcc",
                "elements": [
                    {
                        "type": "rich_text_section",
                        "elements": [
                            {
                                "type": "text",
                                "text": "I also apologize for the delay I have been swamped with assignments."
                            }
                        ]
                    }
                ]
            }
        ],
        "team": "T017P3M8W7K",
        "user_team": "T017P3M8W7K",
        "source_team": "T017P3M8W7K",
        "user_profile": {
            "avatar_hash": "gaf69de6760a",
            "image_72": "https:\/\/secure.gravatar.com\/avatar\/af69de6760aee56a86237b492ef70a52.jpg?s=72&d=https%3A%2F%2Fa.slack-edge.com%2Fdf10d%2Fimg%2Favatars%2Fava_0017-72.png",
            "first_name": "Matthew",
            "real_name": "Matthew Capistrano",
            "display_name": "",
            "team": "T017P3M8W7K",
            "name": "mcapistrano",
            "is_restricted": false,
            "is_ultra_restricted": false
        }
    },
    {
        "client_msg_id": "946ffb8e-2ac5-4db4-b46f-753e26de0ea6",
        "type": "message",
        "text": "Well done. Next, as this is a new genome the lab is working on, I'll need you to gather some statistics about it. Specifically:\n1. How many pieces it's divided into\n2. The percentage of A, C, T, G, and N (N=nucleotide unknown) nucleotide\n3. The size distribution of the genome sections (i.e. are there lots of small genome segments, or just a few big ones).\nYou're going to use command lines to figure each of these things out. For now, we'll start with the number of pieces the genome is divided into. The genome file that ends in .fna is formatted in the <https:\/\/en.wikipedia.org\/wiki\/FASTA_format|FASTA format>. This means that every segment of the genome starts with a line like this \"&gt;blah blah\" (you can use the command <https:\/\/www.geeksforgeeks.org\/more-command-in-linux-with-examples\/|more> to see this for yourself). Therefore, what you need to do is to count the number of lines that start with the \"&gt;\" symbol and you'll have the number segments. To count the number of such lines, you can use the <https:\/\/www.geeksforgeeks.org\/grep-command-in-unixlinux\/#|grep> command on the command line. You can read up about how to use the grep command, but basically it will look something like this on the command line\n```grep -c \"&gt;\" &lt;path to the .fna file name&gt;```\nwhere:\n• -c tells the grep command to return the number of matches to your pattern\n• \"&gt;\" is the pattern to search for (the quote marks are necessary because the &gt; symbol has special meaning otherwise on the command line)\n• &lt;path to the .fna file name&gt; is the full path name to the .fna file for you, in your case it will be \/mnt\/data\/traviata\/GCA_019973935.1\/GCA_019973935.1_Tncv_1.0_genomic.fna (do not include the &lt; and &gt; symbols)\nThis may all be a lot to digest, so take your time looking into it and get back to me when you've figured out the number of segments in the genome, or need some help. Good luck.",
        "user": "U01793PULLV",
        "ts": "1695398225.309839",
        "blocks": [
            {
                "type": "rich_text",
                "block_id": "lJJ5M",
                "elements": [
                    {
                        "type": "rich_text_section",
                        "elements": [
                            {
                                "type": "text",
                                "text": "Well done. Next, as this is a new genome the lab is working on, I'll need you to gather some statistics about it. Specifically:\n"
                            }
                        ]
                    },
                    {
                        "type": "rich_text_list",
                        "elements": [
                            {
                                "type": "rich_text_section",
                                "elements": [
                                    {
                                        "type": "text",
                                        "text": "How many pieces it's divided into"
                                    }
                                ]
                            },
                            {
                                "type": "rich_text_section",
                                "elements": [
                                    {
                                        "type": "text",
                                        "text": "The percentage of A, C, T, G, and N (N=nucleotide unknown) nucleotide"
                                    }
                                ]
                            },
                            {
                                "type": "rich_text_section",
                                "elements": [
                                    {
                                        "type": "text",
                                        "text": "The size distribution of the genome sections (i.e. are there lots of small genome segments, or just a few big ones)."
                                    }
                                ]
                            }
                        ],
                        "style": "ordered",
                        "indent": 0,
                        "border": 0
                    },
                    {
                        "type": "rich_text_section",
                        "elements": [
                            {
                                "type": "text",
                                "text": "\nYou're going to use command lines to figure each of these things out. For now, we'll start with the number of pieces the genome is divided into. The genome file that ends in .fna is formatted in the "
                            },
                            {
                                "type": "link",
                                "url": "https:\/\/en.wikipedia.org\/wiki\/FASTA_format",
                                "text": "FASTA format"
                            },
                            {
                                "type": "text",
                                "text": ". This means that every segment of the genome starts with a line like this \">blah blah\" (you can use the command "
                            },
                            {
                                "type": "link",
                                "url": "https:\/\/www.geeksforgeeks.org\/more-command-in-linux-with-examples\/",
                                "text": "more"
                            },
                            {
                                "type": "text",
                                "text": " to see this for yourself). Therefore, what you need to do is to count the number of lines that start with the \">\" symbol and you'll have the number segments. To count the number of such lines, you can use the "
                            },
                            {
                                "type": "link",
                                "url": "https:\/\/www.geeksforgeeks.org\/grep-command-in-unixlinux\/#",
                                "text": "grep"
                            },
                            {
                                "type": "text",
                                "text": " command on the command line. You can read up about how to use the grep command, but basically it will look something like this on the command line\n"
                            }
                        ]
                    },
                    {
                        "type": "rich_text_preformatted",
                        "elements": [
                            {
                                "type": "text",
                                "text": "grep -c \">\" <path to the .fna file name>"
                            }
                        ],
                        "border": 0
                    },
                    {
                        "type": "rich_text_section",
                        "elements": [
                            {
                                "type": "text",
                                "text": "where:\n"
                            }
                        ]
                    },
                    {
                        "type": "rich_text_list",
                        "elements": [
                            {
                                "type": "rich_text_section",
                                "elements": [
                                    {
                                        "type": "text",
                                        "text": "-c tells the grep command to return the number of matches to your pattern"
                                    }
                                ]
                            },
                            {
                                "type": "rich_text_section",
                                "elements": [
                                    {
                                        "type": "text",
                                        "text": "\">\" is the pattern to search for (the quote marks are necessary because the > symbol has special meaning otherwise on the command line)"
                                    }
                                ]
                            },
                            {
                                "type": "rich_text_section",
                                "elements": [
                                    {
                                        "type": "text",
                                        "text": "<path to the .fna file name> is the full path name to the .fna file for you, in your case it will be \/mnt\/data\/traviata\/GCA_019973935.1\/GCA_019973935.1_Tncv_1.0_genomic.fna (do not include the < and > symbols)"
                                    }
                                ]
                            }
                        ],
                        "style": "bullet",
                        "indent": 0,
                        "border": 0
                    },
                    {
                        "type": "rich_text_section",
                        "elements": [
                            {
                                "type": "text",
                                "text": "\nThis may all be a lot to digest, so take your time looking into it and get back to me when you've figured out the number of segments in the genome, or need some help. Good luck."
                            }
                        ]
                    }
                ]
            }
        ],
        "team": "T017P3M8W7K",
        "user_team": "T017P3M8W7K",
        "source_team": "T017P3M8W7K",
        "user_profile": {
            "avatar_hash": "743a9fc0b5f6",
            "image_72": "https:\/\/avatars.slack-edge.com\/2022-06-30\/3731255580839_743a9fc0b5f63f195af3_72.jpg",
            "first_name": "parensburger",
            "real_name": "parensburger",
            "display_name": "Peter",
            "team": "T017P3M8W7K",
            "name": "parensburger",
            "is_restricted": false,
            "is_ultra_restricted": false
        },
        "attachments": [
            {
                "from_url": "https:\/\/en.wikipedia.org\/wiki\/FASTA_format",
                "service_icon": "https:\/\/a.slack-edge.com\/80588\/img\/unfurl_icons\/wikipedia.png",
                "id": 1,
                "original_url": "https:\/\/en.wikipedia.org\/wiki\/FASTA_format",
                "fallback": "wikipedia: FASTA format",
                "text": "In bioinformatics and biochemistry, the FASTA format is a text-based format for representing either nucleotide sequences or amino acid (protein) sequences, in which nucleotides or amino acids are represented using single-letter codes.\nThe format allows for sequence names and comments to precede the sequences. It originated from the FASTA software package, but has now become a near universal standard in the field of bioinformatics.The simplicity of FASTA format makes it easy to manipulate and parse sequences using text-processing tools and scripting languages.",
                "title": "FASTA format",
                "title_link": "https:\/\/en.wikipedia.org\/wiki\/FASTA_format",
                "author_name": "Wikipedia",
                "author_link": "https:\/\/en.wikipedia.org\/"
            },
            {
                "from_url": "https:\/\/www.geeksforgeeks.org\/more-command-in-linux-with-examples\/",
                "service_icon": "https:\/\/www.geeksforgeeks.org\/wp-content\/uploads\/gfg_200X200.png",
                "thumb_url": "https:\/\/media.geeksforgeeks.org\/wp-content\/cdn-uploads\/gfg_200x200-min.png",
                "thumb_width": 200,
                "thumb_height": 200,
                "ts": 1546294380,
                "id": 2,
                "original_url": "https:\/\/www.geeksforgeeks.org\/more-command-in-linux-with-examples\/",
                "fallback": "GeeksforGeeks: more command in Linux with Examples - GeeksforGeeks",
                "text": "A Computer Science portal for geeks. It contains well written, well thought and well explained computer science and programming articles, quizzes and practice\/competitive programming\/company interview Questions.",
                "title": "more command in Linux with Examples - GeeksforGeeks",
                "title_link": "https:\/\/www.geeksforgeeks.org\/more-command-in-linux-with-examples\/",
                "service_name": "GeeksforGeeks"
            },
            {
                "from_url": "https:\/\/www.geeksforgeeks.org\/grep-command-in-unixlinux\/",
                "service_icon": "https:\/\/www.geeksforgeeks.org\/wp-content\/uploads\/gfg_200X200.png",
                "thumb_url": "https:\/\/media.geeksforgeeks.org\/wp-content\/cdn-uploads\/gfg_200x200-min.png",
                "thumb_width": 200,
                "thumb_height": 200,
                "ts": 1503067450,
                "id": 3,
                "original_url": "https:\/\/www.geeksforgeeks.org\/grep-command-in-unixlinux\/#",
                "fallback": "GeeksforGeeks: grep command in Unix\/Linux - GeeksforGeeks",
                "text": "A Computer Science portal for geeks. It contains well written, well thought and well explained computer science and programming articles, quizzes and practice\/competitive programming\/company interview Questions.",
                "title": "grep command in Unix\/Linux - GeeksforGeeks",
                "title_link": "https:\/\/www.geeksforgeeks.org\/grep-command-in-unixlinux\/",
                "service_name": "GeeksforGeeks"
            }
        ]
    }
]