[
    {
        "client_msg_id": "fad0110a-da12-4244-a89e-7d19a1dec298",
        "type": "message",
        "text": "```grep A \"&gt;\" \/mnt\/data\/traviata\/GCA_019973935.1\/GCA_019973935.1_Tncv_1.0_genomic.fna```\n",
        "user": "U05QB6DPE82",
        "ts": "1696906220.942769",
        "blocks": [
            {
                "type": "rich_text",
                "block_id": "aYqP0",
                "elements": [
                    {
                        "type": "rich_text_preformatted",
                        "elements": [
                            {
                                "type": "text",
                                "text": "grep A \">\" \/mnt\/data\/traviata\/GCA_019973935.1\/GCA_019973935.1_Tncv_1.0_genomic.fna"
                            }
                        ],
                        "border": 0
                    },
                    {
                        "type": "rich_text_section",
                        "elements": []
                    }
                ]
            }
        ],
        "team": "T017P3M8W7K",
        "user_team": "T017P3M8W7K",
        "source_team": "T017P3M8W7K",
        "user_profile": {
            "avatar_hash": "gaf69de6760a",
            "image_72": "https:\/\/secure.gravatar.com\/avatar\/af69de6760aee56a86237b492ef70a52.jpg?s=72&d=https%3A%2F%2Fa.slack-edge.com%2Fdf10d%2Fimg%2Favatars%2Fava_0017-72.png",
            "first_name": "Matthew",
            "real_name": "Matthew Capistrano",
            "display_name": "",
            "team": "T017P3M8W7K",
            "name": "mcapistrano",
            "is_restricted": false,
            "is_ultra_restricted": false
        }
    },
    {
        "client_msg_id": "eb4d5836-9e90-4594-92e4-39ae760ba917",
        "type": "message",
        "text": "I put this command but does counting all of the A's take a decent amount of time?",
        "user": "U05QB6DPE82",
        "ts": "1696906250.032719",
        "blocks": [
            {
                "type": "rich_text",
                "block_id": "RRVhA",
                "elements": [
                    {
                        "type": "rich_text_section",
                        "elements": [
                            {
                                "type": "text",
                                "text": "I put this command but does counting all of the A's take a decent amount of time?"
                            }
                        ]
                    }
                ]
            }
        ],
        "team": "T017P3M8W7K",
        "user_team": "T017P3M8W7K",
        "source_team": "T017P3M8W7K",
        "user_profile": {
            "avatar_hash": "gaf69de6760a",
            "image_72": "https:\/\/secure.gravatar.com\/avatar\/af69de6760aee56a86237b492ef70a52.jpg?s=72&d=https%3A%2F%2Fa.slack-edge.com%2Fdf10d%2Fimg%2Favatars%2Fava_0017-72.png",
            "first_name": "Matthew",
            "real_name": "Matthew Capistrano",
            "display_name": "",
            "team": "T017P3M8W7K",
            "name": "mcapistrano",
            "is_restricted": false,
            "is_ultra_restricted": false
        }
    },
    {
        "type": "message",
        "text": "I received this error",
        "files": [
            {
                "id": "F0613QL83LY",
                "created": 1696919635,
                "timestamp": 1696919635,
                "name": "image.png",
                "title": "image.png",
                "mimetype": "image\/png",
                "filetype": "png",
                "pretty_type": "PNG",
                "user": "U05QB6DPE82",
                "user_team": "T017P3M8W7K",
                "editable": false,
                "size": 170724,
                "mode": "hosted",
                "is_external": false,
                "external_type": "",
                "is_public": true,
                "public_url_shared": false,
                "display_as_bot": false,
                "username": "",
                "url_private": "https:\/\/files.slack.com\/files-pri\/T017P3M8W7K-F0613QL83LY\/image.png?t=xoxe-1261123302257-6395895314663-6407612319125-137f2171a6b5696e8e285d5b7bbfa693",
                "url_private_download": "https:\/\/files.slack.com\/files-pri\/T017P3M8W7K-F0613QL83LY\/download\/image.png?t=xoxe-1261123302257-6395895314663-6407612319125-137f2171a6b5696e8e285d5b7bbfa693",
                "media_display_type": "unknown",
                "thumb_64": "https:\/\/files.slack.com\/files-tmb\/T017P3M8W7K-F0613QL83LY-cc258889e2\/image_64.png?t=xoxe-1261123302257-6395895314663-6407612319125-137f2171a6b5696e8e285d5b7bbfa693",
                "thumb_80": "https:\/\/files.slack.com\/files-tmb\/T017P3M8W7K-F0613QL83LY-cc258889e2\/image_80.png?t=xoxe-1261123302257-6395895314663-6407612319125-137f2171a6b5696e8e285d5b7bbfa693",
                "thumb_360": "https:\/\/files.slack.com\/files-tmb\/T017P3M8W7K-F0613QL83LY-cc258889e2\/image_360.png?t=xoxe-1261123302257-6395895314663-6407612319125-137f2171a6b5696e8e285d5b7bbfa693",
                "thumb_360_w": 360,
                "thumb_360_h": 216,
                "thumb_480": "https:\/\/files.slack.com\/files-tmb\/T017P3M8W7K-F0613QL83LY-cc258889e2\/image_480.png?t=xoxe-1261123302257-6395895314663-6407612319125-137f2171a6b5696e8e285d5b7bbfa693",
                "thumb_480_w": 480,
                "thumb_480_h": 289,
                "thumb_160": "https:\/\/files.slack.com\/files-tmb\/T017P3M8W7K-F0613QL83LY-cc258889e2\/image_160.png?t=xoxe-1261123302257-6395895314663-6407612319125-137f2171a6b5696e8e285d5b7bbfa693",
                "thumb_720": "https:\/\/files.slack.com\/files-tmb\/T017P3M8W7K-F0613QL83LY-cc258889e2\/image_720.png?t=xoxe-1261123302257-6395895314663-6407612319125-137f2171a6b5696e8e285d5b7bbfa693",
                "thumb_720_w": 720,
                "thumb_720_h": 433,
                "thumb_800": "https:\/\/files.slack.com\/files-tmb\/T017P3M8W7K-F0613QL83LY-cc258889e2\/image_800.png?t=xoxe-1261123302257-6395895314663-6407612319125-137f2171a6b5696e8e285d5b7bbfa693",
                "thumb_800_w": 800,
                "thumb_800_h": 481,
                "thumb_960": "https:\/\/files.slack.com\/files-tmb\/T017P3M8W7K-F0613QL83LY-cc258889e2\/image_960.png?t=xoxe-1261123302257-6395895314663-6407612319125-137f2171a6b5696e8e285d5b7bbfa693",
                "thumb_960_w": 960,
                "thumb_960_h": 577,
                "thumb_1024": "https:\/\/files.slack.com\/files-tmb\/T017P3M8W7K-F0613QL83LY-cc258889e2\/image_1024.png?t=xoxe-1261123302257-6395895314663-6407612319125-137f2171a6b5696e8e285d5b7bbfa693",
                "thumb_1024_w": 1024,
                "thumb_1024_h": 616,
                "original_w": 1527,
                "original_h": 918,
                "thumb_tiny": "AwAcADDOWnU1adQMKjPU1Zto0kmCyHC49cVc+w2f\/PU\/99igRlUUrgB2A6AnFJQA5adTVp1AwqM9akqM9TQIKKKKAP\/Z",
                "permalink": "https:\/\/arensburgerla-9bj1862.slack.com\/files\/U05QB6DPE82\/F0613QL83LY\/image.png",
                "permalink_public": "https:\/\/slack-files.com\/T017P3M8W7K-F0613QL83LY-f18c8743a8",
                "is_starred": false,
                "has_rich_preview": false,
                "file_access": "visible"
            }
        ],
        "upload": false,
        "user": "U05QB6DPE82",
        "display_as_bot": false,
        "ts": "1696919639.491309",
        "blocks": [
            {
                "type": "rich_text",
                "block_id": "LDndJ",
                "elements": [
                    {
                        "type": "rich_text_section",
                        "elements": [
                            {
                                "type": "text",
                                "text": "I received this error"
                            }
                        ]
                    }
                ]
            }
        ],
        "client_msg_id": "95363256-0a1f-412a-b364-935fabee172c"
    }
]