[
    {
        "client_msg_id": "a1ecee68-09d3-4697-80cc-4b55ad34a072",
        "type": "message",
        "text": "For transferring the files, do I need to transfer each individually or can I transfer the whole folder.",
        "user": "U05QB6DPE82",
        "ts": "1694566339.206159",
        "blocks": [
            {
                "type": "rich_text",
                "block_id": "5ECav",
                "elements": [
                    {
                        "type": "rich_text_section",
                        "elements": [
                            {
                                "type": "text",
                                "text": "For transferring the files, do I need to transfer each individually or can I transfer the whole folder."
                            }
                        ]
                    }
                ]
            }
        ],
        "team": "T017P3M8W7K",
        "user_team": "T017P3M8W7K",
        "source_team": "T017P3M8W7K",
        "user_profile": {
            "avatar_hash": "gaf69de6760a",
            "image_72": "https:\/\/secure.gravatar.com\/avatar\/af69de6760aee56a86237b492ef70a52.jpg?s=72&d=https%3A%2F%2Fa.slack-edge.com%2Fdf10d%2Fimg%2Favatars%2Fava_0017-72.png",
            "first_name": "Matthew",
            "real_name": "Matthew Capistrano",
            "display_name": "",
            "team": "T017P3M8W7K",
            "name": "mcapistrano",
            "is_restricted": false,
            "is_ultra_restricted": false
        }
    },
    {
        "client_msg_id": "e956dd67-6992-4362-8224-a9c85dc45be2",
        "type": "message",
        "text": "I am having some trouble transferring the files onto the server. I have been following along with the instructions but I'm a little confused about the end of the command",
        "user": "U05QB6DPE82",
        "ts": "1694571190.672129",
        "blocks": [
            {
                "type": "rich_text",
                "block_id": "8U5",
                "elements": [
                    {
                        "type": "rich_text_section",
                        "elements": [
                            {
                                "type": "text",
                                "text": "I am having some trouble transferring the files onto the server. I have been following along with the instructions but I'm a little confused about the end of the command"
                            }
                        ]
                    }
                ]
            }
        ],
        "team": "T017P3M8W7K",
        "user_team": "T017P3M8W7K",
        "source_team": "T017P3M8W7K",
        "user_profile": {
            "avatar_hash": "gaf69de6760a",
            "image_72": "https:\/\/secure.gravatar.com\/avatar\/af69de6760aee56a86237b492ef70a52.jpg?s=72&d=https%3A%2F%2Fa.slack-edge.com%2Fdf10d%2Fimg%2Favatars%2Fava_0017-72.png",
            "first_name": "Matthew",
            "real_name": "Matthew Capistrano",
            "display_name": "",
            "team": "T017P3M8W7K",
            "name": "mcapistrano",
            "is_restricted": false,
            "is_ultra_restricted": false
        }
    },
    {
        "type": "message",
        "text": "",
        "files": [
            {
                "id": "F05S37V8K5G",
                "created": 1694571193,
                "timestamp": 1694571193,
                "name": "image.png",
                "title": "image.png",
                "mimetype": "image\/png",
                "filetype": "png",
                "pretty_type": "PNG",
                "user": "U05QB6DPE82",
                "user_team": "T017P3M8W7K",
                "editable": false,
                "size": 10647,
                "mode": "hosted",
                "is_external": false,
                "external_type": "",
                "is_public": true,
                "public_url_shared": false,
                "display_as_bot": false,
                "username": "",
                "url_private": "https:\/\/files.slack.com\/files-pri\/T017P3M8W7K-F05S37V8K5G\/image.png?t=xoxe-1261123302257-6395895314663-6407612319125-137f2171a6b5696e8e285d5b7bbfa693",
                "url_private_download": "https:\/\/files.slack.com\/files-pri\/T017P3M8W7K-F05S37V8K5G\/download\/image.png?t=xoxe-1261123302257-6395895314663-6407612319125-137f2171a6b5696e8e285d5b7bbfa693",
                "media_display_type": "unknown",
                "thumb_64": "https:\/\/files.slack.com\/files-tmb\/T017P3M8W7K-F05S37V8K5G-0df1f2694b\/image_64.png?t=xoxe-1261123302257-6395895314663-6407612319125-137f2171a6b5696e8e285d5b7bbfa693",
                "thumb_80": "https:\/\/files.slack.com\/files-tmb\/T017P3M8W7K-F05S37V8K5G-0df1f2694b\/image_80.png?t=xoxe-1261123302257-6395895314663-6407612319125-137f2171a6b5696e8e285d5b7bbfa693",
                "thumb_360": "https:\/\/files.slack.com\/files-tmb\/T017P3M8W7K-F05S37V8K5G-0df1f2694b\/image_360.png?t=xoxe-1261123302257-6395895314663-6407612319125-137f2171a6b5696e8e285d5b7bbfa693",
                "thumb_360_w": 360,
                "thumb_360_h": 25,
                "thumb_480": "https:\/\/files.slack.com\/files-tmb\/T017P3M8W7K-F05S37V8K5G-0df1f2694b\/image_480.png?t=xoxe-1261123302257-6395895314663-6407612319125-137f2171a6b5696e8e285d5b7bbfa693",
                "thumb_480_w": 480,
                "thumb_480_h": 34,
                "thumb_160": "https:\/\/files.slack.com\/files-tmb\/T017P3M8W7K-F05S37V8K5G-0df1f2694b\/image_160.png?t=xoxe-1261123302257-6395895314663-6407612319125-137f2171a6b5696e8e285d5b7bbfa693",
                "thumb_720": "https:\/\/files.slack.com\/files-tmb\/T017P3M8W7K-F05S37V8K5G-0df1f2694b\/image_720.png?t=xoxe-1261123302257-6395895314663-6407612319125-137f2171a6b5696e8e285d5b7bbfa693",
                "thumb_720_w": 720,
                "thumb_720_h": 51,
                "thumb_800": "https:\/\/files.slack.com\/files-tmb\/T017P3M8W7K-F05S37V8K5G-0df1f2694b\/image_800.png?t=xoxe-1261123302257-6395895314663-6407612319125-137f2171a6b5696e8e285d5b7bbfa693",
                "thumb_800_w": 800,
                "thumb_800_h": 57,
                "thumb_960": "https:\/\/files.slack.com\/files-tmb\/T017P3M8W7K-F05S37V8K5G-0df1f2694b\/image_960.png?t=xoxe-1261123302257-6395895314663-6407612319125-137f2171a6b5696e8e285d5b7bbfa693",
                "thumb_960_w": 960,
                "thumb_960_h": 68,
                "thumb_1024": "https:\/\/files.slack.com\/files-tmb\/T017P3M8W7K-F05S37V8K5G-0df1f2694b\/image_1024.png?t=xoxe-1261123302257-6395895314663-6407612319125-137f2171a6b5696e8e285d5b7bbfa693",
                "thumb_1024_w": 1024,
                "thumb_1024_h": 72,
                "original_w": 1075,
                "original_h": 76,
                "thumb_tiny": "AwADADChTTxinU1u1ADc0UUUAGafF\/rU\/wB4Uynxf65P94UAf\/\/Z",
                "permalink": "https:\/\/arensburgerla-9bj1862.slack.com\/files\/U05QB6DPE82\/F05S37V8K5G\/image.png",
                "permalink_public": "https:\/\/slack-files.com\/T017P3M8W7K-F05S37V8K5G-b1bbb9a8c4",
                "is_starred": false,
                "has_rich_preview": false,
                "file_access": "visible"
            }
        ],
        "upload": false,
        "user": "U05QB6DPE82",
        "display_as_bot": false,
        "ts": "1694571195.744449",
        "client_msg_id": "9d433bae-a327-4f1e-82e1-0130126ea4cc"
    }
]