[
    {
        "client_msg_id": "94aa873d-0cab-44b9-a925-da699bd415ee",
        "type": "message",
        "text": "would this be the correct command? grep -i A \/mnt\/data\/traviata\/GCA_019973935.1\/GCA_019973935.1_Tncv_1.0_genomic.fna &gt; out.txt",
        "user": "U05QB6DPE82",
        "ts": "1697875076.640709",
        "blocks": [
            {
                "type": "rich_text",
                "block_id": "\/\/VlJ",
                "elements": [
                    {
                        "type": "rich_text_section",
                        "elements": [
                            {
                                "type": "text",
                                "text": "would this be the correct command? grep -i A \/mnt\/data\/traviata\/GCA_019973935.1\/GCA_019973935.1_Tncv_1.0_genomic.fna > out.txt"
                            }
                        ]
                    }
                ]
            }
        ],
        "team": "T017P3M8W7K",
        "user_team": "T017P3M8W7K",
        "source_team": "T017P3M8W7K",
        "user_profile": {
            "avatar_hash": "gaf69de6760a",
            "image_72": "https:\/\/secure.gravatar.com\/avatar\/af69de6760aee56a86237b492ef70a52.jpg?s=72&d=https%3A%2F%2Fa.slack-edge.com%2Fdf10d%2Fimg%2Favatars%2Fava_0017-72.png",
            "first_name": "Matthew",
            "real_name": "Matthew Capistrano",
            "display_name": "",
            "team": "T017P3M8W7K",
            "name": "mcapistrano",
            "is_restricted": false,
            "is_ultra_restricted": false
        },
        "thread_ts": "1697875076.640709",
        "reply_count": 1,
        "reply_users_count": 1,
        "latest_reply": "1697891967.756629",
        "reply_users": [
            "U01793PULLV"
        ],
        "replies": [
            {
                "user": "U01793PULLV",
                "ts": "1697891967.756629"
            }
        ],
        "is_locked": false,
        "subscribed": true,
        "last_read": "1697891967.756629"
    },
    {
        "client_msg_id": "c11c1842-b658-4ba5-90ad-ee53056b5ecf",
        "type": "message",
        "text": "I used that command and got  35955614",
        "user": "U05QB6DPE82",
        "ts": "1697875854.694359",
        "blocks": [
            {
                "type": "rich_text",
                "block_id": "Difcv",
                "elements": [
                    {
                        "type": "rich_text_section",
                        "elements": [
                            {
                                "type": "text",
                                "text": "I used that command and got  35955614"
                            }
                        ]
                    }
                ]
            }
        ],
        "team": "T017P3M8W7K",
        "user_team": "T017P3M8W7K",
        "source_team": "T017P3M8W7K",
        "user_profile": {
            "avatar_hash": "gaf69de6760a",
            "image_72": "https:\/\/secure.gravatar.com\/avatar\/af69de6760aee56a86237b492ef70a52.jpg?s=72&d=https%3A%2F%2Fa.slack-edge.com%2Fdf10d%2Fimg%2Favatars%2Fava_0017-72.png",
            "first_name": "Matthew",
            "real_name": "Matthew Capistrano",
            "display_name": "",
            "team": "T017P3M8W7K",
            "name": "mcapistrano",
            "is_restricted": false,
            "is_ultra_restricted": false
        }
    },
    {
        "client_msg_id": "5fb7c236-d8ba-4045-b727-601ec7694bc6",
        "type": "message",
        "text": "This grep command will only give you the number of lines that have an \"A\" or \"a\" in it, but you want the number times those letters appear in the file. You need to combine both the -i with the -o parameters to get the number times the letter A appears regardless of case, and regardless of the  number of times it appears on a single line.",
        "user": "U01793PULLV",
        "ts": "1697891967.756629",
        "blocks": [
            {
                "type": "rich_text",
                "block_id": "4l9Jw",
                "elements": [
                    {
                        "type": "rich_text_section",
                        "elements": [
                            {
                                "type": "text",
                                "text": "This grep command will only give you the number of lines that have an \"A\" or \"a\" in it, but you want the number times those letters appear in the file. You need to combine both the -i with the -o parameters to get the number times the letter A appears regardless of case, and regardless of the  number of times it appears on a single line."
                            }
                        ]
                    }
                ]
            }
        ],
        "team": "T017P3M8W7K",
        "user_team": "T017P3M8W7K",
        "source_team": "T017P3M8W7K",
        "user_profile": {
            "avatar_hash": "743a9fc0b5f6",
            "image_72": "https:\/\/avatars.slack-edge.com\/2022-06-30\/3731255580839_743a9fc0b5f63f195af3_72.jpg",
            "first_name": "parensburger",
            "real_name": "parensburger",
            "display_name": "Peter",
            "team": "T017P3M8W7K",
            "name": "parensburger",
            "is_restricted": false,
            "is_ultra_restricted": false
        },
        "thread_ts": "1697875076.640709",
        "parent_user_id": "U05QB6DPE82"
    },
    {
        "client_msg_id": "8afd01f0-1273-493a-82da-d9a5077b0419",
        "type": "message",
        "text": "grep -i -o A \/mnt\/data\/traviata\/GCA_019973935.1\/GCA_019973935.1_Tncv_1.0_genomic.fna > out.txt",
        "user": "U05QB6DPE82",
        "ts": "1697922743.254789",
        "blocks": [
            {
                "type": "rich_text",
                "block_id": "Rkklp",
                "elements": [
                    {
                        "type": "rich_text_section",
                        "elements": [
                            {
                                "type": "text",
                                "text": "grep -i -o A \/mnt\/data\/traviata\/GCA_019973935.1\/GCA_019973935.1_Tncv_1.0_genomic.fna > out.txt"
                            }
                        ]
                    }
                ]
            }
        ],
        "team": "T017P3M8W7K",
        "user_team": "T017P3M8W7K",
        "source_team": "T017P3M8W7K",
        "user_profile": {
            "avatar_hash": "gaf69de6760a",
            "image_72": "https:\/\/secure.gravatar.com\/avatar\/af69de6760aee56a86237b492ef70a52.jpg?s=72&d=https%3A%2F%2Fa.slack-edge.com%2Fdf10d%2Fimg%2Favatars%2Fava_0017-72.png",
            "first_name": "Matthew",
            "real_name": "Matthew Capistrano",
            "display_name": "",
            "team": "T017P3M8W7K",
            "name": "mcapistrano",
            "is_restricted": false,
            "is_ultra_restricted": false
        },
        "edited": {
            "user": "U05QB6DPE82",
            "ts": "1697923192.000000"
        }
    },
    {
        "client_msg_id": "42471dff-3c7b-4242-8e38-1d95e4178883",
        "type": "message",
        "text": "grep -i -o A = 974105045",
        "user": "U05QB6DPE82",
        "ts": "1697923236.402519",
        "blocks": [
            {
                "type": "rich_text",
                "block_id": "YMO8Y",
                "elements": [
                    {
                        "type": "rich_text_section",
                        "elements": [
                            {
                                "type": "text",
                                "text": "grep -i -o A = 974105045"
                            }
                        ]
                    }
                ]
            }
        ],
        "team": "T017P3M8W7K",
        "user_team": "T017P3M8W7K",
        "source_team": "T017P3M8W7K",
        "user_profile": {
            "avatar_hash": "gaf69de6760a",
            "image_72": "https:\/\/secure.gravatar.com\/avatar\/af69de6760aee56a86237b492ef70a52.jpg?s=72&d=https%3A%2F%2Fa.slack-edge.com%2Fdf10d%2Fimg%2Favatars%2Fava_0017-72.png",
            "first_name": "Matthew",
            "real_name": "Matthew Capistrano",
            "display_name": "",
            "team": "T017P3M8W7K",
            "name": "mcapistrano",
            "is_restricted": false,
            "is_ultra_restricted": false
        }
    },
    {
        "client_msg_id": "d4e87de4-a6a2-446f-9e77-022011a11396",
        "type": "message",
        "text": "grep -i -o C \/mnt\/data\/traviata\/GCA_019973935.1\/GCA_019973935.1_Tncv_1.0_genomic.fna &gt; out.txt",
        "user": "U05QB6DPE82",
        "ts": "1697923328.353689",
        "blocks": [
            {
                "type": "rich_text",
                "block_id": "EPBgX",
                "elements": [
                    {
                        "type": "rich_text_section",
                        "elements": [
                            {
                                "type": "text",
                                "text": "grep -i -o C \/mnt\/data\/traviata\/GCA_019973935.1\/GCA_019973935.1_Tncv_1.0_genomic.fna > out.txt"
                            }
                        ]
                    }
                ]
            }
        ],
        "team": "T017P3M8W7K",
        "user_team": "T017P3M8W7K",
        "source_team": "T017P3M8W7K",
        "user_profile": {
            "avatar_hash": "gaf69de6760a",
            "image_72": "https:\/\/secure.gravatar.com\/avatar\/af69de6760aee56a86237b492ef70a52.jpg?s=72&d=https%3A%2F%2Fa.slack-edge.com%2Fdf10d%2Fimg%2Favatars%2Fava_0017-72.png",
            "first_name": "Matthew",
            "real_name": "Matthew Capistrano",
            "display_name": "",
            "team": "T017P3M8W7K",
            "name": "mcapistrano",
            "is_restricted": false,
            "is_ultra_restricted": false
        }
    },
    {
        "client_msg_id": "4302942f-3258-4ed3-81f2-4ada0bf90b10",
        "type": "message",
        "text": "grep -i -o C = 463202073",
        "user": "U05QB6DPE82",
        "ts": "1697923492.903269",
        "blocks": [
            {
                "type": "rich_text",
                "block_id": "8cZ6q",
                "elements": [
                    {
                        "type": "rich_text_section",
                        "elements": [
                            {
                                "type": "text",
                                "text": "grep -i -o C = 463202073"
                            }
                        ]
                    }
                ]
            }
        ],
        "team": "T017P3M8W7K",
        "user_team": "T017P3M8W7K",
        "source_team": "T017P3M8W7K",
        "user_profile": {
            "avatar_hash": "gaf69de6760a",
            "image_72": "https:\/\/secure.gravatar.com\/avatar\/af69de6760aee56a86237b492ef70a52.jpg?s=72&d=https%3A%2F%2Fa.slack-edge.com%2Fdf10d%2Fimg%2Favatars%2Fava_0017-72.png",
            "first_name": "Matthew",
            "real_name": "Matthew Capistrano",
            "display_name": "",
            "team": "T017P3M8W7K",
            "name": "mcapistrano",
            "is_restricted": false,
            "is_ultra_restricted": false
        }
    },
    {
        "client_msg_id": "05c31e8e-bf4d-4e20-bbbe-b88594cac9be",
        "type": "message",
        "text": "grep -i -o T \/mnt\/data\/traviata\/GCA_019973935.1\/GCA_019973935.1_Tncv_1.0_genomic.fna &gt; out.txt",
        "user": "U05QB6DPE82",
        "ts": "1697923744.560839",
        "blocks": [
            {
                "type": "rich_text",
                "block_id": "T1Id\/",
                "elements": [
                    {
                        "type": "rich_text_section",
                        "elements": [
                            {
                                "type": "text",
                                "text": "grep -i -o T \/mnt\/data\/traviata\/GCA_019973935.1\/GCA_019973935.1_Tncv_1.0_genomic.fna > out.txt"
                            }
                        ]
                    }
                ]
            }
        ],
        "team": "T017P3M8W7K",
        "user_team": "T017P3M8W7K",
        "source_team": "T017P3M8W7K",
        "user_profile": {
            "avatar_hash": "gaf69de6760a",
            "image_72": "https:\/\/secure.gravatar.com\/avatar\/af69de6760aee56a86237b492ef70a52.jpg?s=72&d=https%3A%2F%2Fa.slack-edge.com%2Fdf10d%2Fimg%2Favatars%2Fava_0017-72.png",
            "first_name": "Matthew",
            "real_name": "Matthew Capistrano",
            "display_name": "",
            "team": "T017P3M8W7K",
            "name": "mcapistrano",
            "is_restricted": false,
            "is_ultra_restricted": false
        }
    },
    {
        "client_msg_id": "36649dc7-4c55-4978-9e68-69707bad4316",
        "type": "message",
        "text": "grep -i -o T = 973874196",
        "user": "U05QB6DPE82",
        "ts": "1697923760.606949",
        "blocks": [
            {
                "type": "rich_text",
                "block_id": "bJdKW",
                "elements": [
                    {
                        "type": "rich_text_section",
                        "elements": [
                            {
                                "type": "text",
                                "text": "grep -i -o T = 973874196"
                            }
                        ]
                    }
                ]
            }
        ],
        "team": "T017P3M8W7K",
        "user_team": "T017P3M8W7K",
        "source_team": "T017P3M8W7K",
        "user_profile": {
            "avatar_hash": "gaf69de6760a",
            "image_72": "https:\/\/secure.gravatar.com\/avatar\/af69de6760aee56a86237b492ef70a52.jpg?s=72&d=https%3A%2F%2Fa.slack-edge.com%2Fdf10d%2Fimg%2Favatars%2Fava_0017-72.png",
            "first_name": "Matthew",
            "real_name": "Matthew Capistrano",
            "display_name": "",
            "team": "T017P3M8W7K",
            "name": "mcapistrano",
            "is_restricted": false,
            "is_ultra_restricted": false
        }
    },
    {
        "client_msg_id": "8e38fddd-7b33-4d68-a4ca-e8275d540d6f",
        "type": "message",
        "text": "grep -i -o G \/mnt\/data\/traviata\/GCA_019973935.1\/GCA_019973935.1_Tncv_1.0_genomic.fna &gt; out.txt",
        "user": "U05QB6DPE82",
        "ts": "1697923810.717199",
        "blocks": [
            {
                "type": "rich_text",
                "block_id": "HH2ys",
                "elements": [
                    {
                        "type": "rich_text_section",
                        "elements": [
                            {
                                "type": "text",
                                "text": "grep -i -o G \/mnt\/data\/traviata\/GCA_019973935.1\/GCA_019973935.1_Tncv_1.0_genomic.fna > out.txt"
                            }
                        ]
                    }
                ]
            }
        ],
        "team": "T017P3M8W7K",
        "user_team": "T017P3M8W7K",
        "source_team": "T017P3M8W7K",
        "user_profile": {
            "avatar_hash": "gaf69de6760a",
            "image_72": "https:\/\/secure.gravatar.com\/avatar\/af69de6760aee56a86237b492ef70a52.jpg?s=72&d=https%3A%2F%2Fa.slack-edge.com%2Fdf10d%2Fimg%2Favatars%2Fava_0017-72.png",
            "first_name": "Matthew",
            "real_name": "Matthew Capistrano",
            "display_name": "",
            "team": "T017P3M8W7K",
            "name": "mcapistrano",
            "is_restricted": false,
            "is_ultra_restricted": false
        }
    },
    {
        "client_msg_id": "f180ef41-28ad-48a1-9820-7316a3585dab",
        "type": "message",
        "text": "grep -i -o G = 463447186",
        "user": "U05QB6DPE82",
        "ts": "1697923985.430429",
        "blocks": [
            {
                "type": "rich_text",
                "block_id": "o07mX",
                "elements": [
                    {
                        "type": "rich_text_section",
                        "elements": [
                            {
                                "type": "text",
                                "text": "grep -i -o G = 463447186"
                            }
                        ]
                    }
                ]
            }
        ],
        "team": "T017P3M8W7K",
        "user_team": "T017P3M8W7K",
        "source_team": "T017P3M8W7K",
        "user_profile": {
            "avatar_hash": "gaf69de6760a",
            "image_72": "https:\/\/secure.gravatar.com\/avatar\/af69de6760aee56a86237b492ef70a52.jpg?s=72&d=https%3A%2F%2Fa.slack-edge.com%2Fdf10d%2Fimg%2Favatars%2Fava_0017-72.png",
            "first_name": "Matthew",
            "real_name": "Matthew Capistrano",
            "display_name": "",
            "team": "T017P3M8W7K",
            "name": "mcapistrano",
            "is_restricted": false,
            "is_ultra_restricted": false
        }
    },
    {
        "client_msg_id": "96a8e455-d9cf-43b2-9b4e-7ba134b3de49",
        "type": "message",
        "text": "grep -i -o N \/mnt\/data\/traviata\/GCA_019973935.1\/GCA_019973935.1_Tncv_1.0_genomic.fna &gt; out.txt",
        "user": "U05QB6DPE82",
        "ts": "1697924024.035889",
        "blocks": [
            {
                "type": "rich_text",
                "block_id": "3J6V2",
                "elements": [
                    {
                        "type": "rich_text_section",
                        "elements": [
                            {
                                "type": "text",
                                "text": "grep -i -o N \/mnt\/data\/traviata\/GCA_019973935.1\/GCA_019973935.1_Tncv_1.0_genomic.fna > out.txt"
                            }
                        ]
                    }
                ]
            }
        ],
        "team": "T017P3M8W7K",
        "user_team": "T017P3M8W7K",
        "source_team": "T017P3M8W7K",
        "user_profile": {
            "avatar_hash": "gaf69de6760a",
            "image_72": "https:\/\/secure.gravatar.com\/avatar\/af69de6760aee56a86237b492ef70a52.jpg?s=72&d=https%3A%2F%2Fa.slack-edge.com%2Fdf10d%2Fimg%2Favatars%2Fava_0017-72.png",
            "first_name": "Matthew",
            "real_name": "Matthew Capistrano",
            "display_name": "",
            "team": "T017P3M8W7K",
            "name": "mcapistrano",
            "is_restricted": false,
            "is_ultra_restricted": false
        }
    },
    {
        "client_msg_id": "b7f9390c-8251-4d33-9b87-2aefa400c050",
        "type": "message",
        "text": "grep -i -o N = 107986",
        "user": "U05QB6DPE82",
        "ts": "1697924040.404639",
        "blocks": [
            {
                "type": "rich_text",
                "block_id": "vu\/88",
                "elements": [
                    {
                        "type": "rich_text_section",
                        "elements": [
                            {
                                "type": "text",
                                "text": "grep -i -o N = 107986"
                            }
                        ]
                    }
                ]
            }
        ],
        "team": "T017P3M8W7K",
        "user_team": "T017P3M8W7K",
        "source_team": "T017P3M8W7K",
        "user_profile": {
            "avatar_hash": "gaf69de6760a",
            "image_72": "https:\/\/secure.gravatar.com\/avatar\/af69de6760aee56a86237b492ef70a52.jpg?s=72&d=https%3A%2F%2Fa.slack-edge.com%2Fdf10d%2Fimg%2Favatars%2Fava_0017-72.png",
            "first_name": "Matthew",
            "real_name": "Matthew Capistrano",
            "display_name": "",
            "team": "T017P3M8W7K",
            "name": "mcapistrano",
            "is_restricted": false,
            "is_ultra_restricted": false
        }
    },
    {
        "client_msg_id": "0971dbf2-e130-4ff5-9f15-8cf278aff4b1",
        "type": "message",
        "text": "A=377680027 13.14 %\na=596425018 20.75%\nC=216350502 7.53%\nc=246851571 8.59%\nT=377611347  13.14%\nt=596262849 20.74%\nG=216492204 7.53%\ng=246954982 8.59%\nN=22234 0.0007726%\nn=85752 0.0029846%",
        "user": "U05QB6DPE82",
        "ts": "1697924078.983509",
        "blocks": [
            {
                "type": "rich_text",
                "block_id": "PVO7b",
                "elements": [
                    {
                        "type": "rich_text_section",
                        "elements": [
                            {
                                "type": "text",
                                "text": "A=377680027 13.14 %\na=596425018 20.75%\nC=216350502 7.53%\nc=246851571 8.59%\nT=377611347  13.14%\nt=596262849 20.74%\nG=216492204 7.53%\ng=246954982 8.59%\nN=22234 0.0007726%\nn=85752 0.0029846%"
                            }
                        ]
                    }
                ]
            }
        ],
        "team": "T017P3M8W7K",
        "user_team": "T017P3M8W7K",
        "source_team": "T017P3M8W7K",
        "user_profile": {
            "avatar_hash": "gaf69de6760a",
            "image_72": "https:\/\/secure.gravatar.com\/avatar\/af69de6760aee56a86237b492ef70a52.jpg?s=72&d=https%3A%2F%2Fa.slack-edge.com%2Fdf10d%2Fimg%2Favatars%2Fava_0017-72.png",
            "first_name": "Matthew",
            "real_name": "Matthew Capistrano",
            "display_name": "",
            "team": "T017P3M8W7K",
            "name": "mcapistrano",
            "is_restricted": false,
            "is_ultra_restricted": false
        },
        "edited": {
            "user": "U05QB6DPE82",
            "ts": "1697924976.000000"
        }
    },
    {
        "client_msg_id": "833a059c-e061-4a8e-b831-7b74ac2ef554",
        "type": "message",
        "text": "Total=2874736486",
        "user": "U05QB6DPE82",
        "ts": "1697924641.993399",
        "blocks": [
            {
                "type": "rich_text",
                "block_id": "a9wGO",
                "elements": [
                    {
                        "type": "rich_text_section",
                        "elements": [
                            {
                                "type": "text",
                                "text": "Total=2874736486"
                            }
                        ]
                    }
                ]
            }
        ],
        "team": "T017P3M8W7K",
        "user_team": "T017P3M8W7K",
        "source_team": "T017P3M8W7K",
        "user_profile": {
            "avatar_hash": "gaf69de6760a",
            "image_72": "https:\/\/secure.gravatar.com\/avatar\/af69de6760aee56a86237b492ef70a52.jpg?s=72&d=https%3A%2F%2Fa.slack-edge.com%2Fdf10d%2Fimg%2Favatars%2Fava_0017-72.png",
            "first_name": "Matthew",
            "real_name": "Matthew Capistrano",
            "display_name": "",
            "team": "T017P3M8W7K",
            "name": "mcapistrano",
            "is_restricted": false,
            "is_ultra_restricted": false
        }
    },
    {
        "client_msg_id": "a5b90217-e3ef-4dfb-b5ab-dab31565a7a3",
        "type": "message",
        "text": "A and a =33.89%\nC and c= 16.11%\nT and t =33.88%\nG and g = 16.12%\nN and n= 0.0037628%",
        "user": "U05QB6DPE82",
        "ts": "1697925072.640749",
        "blocks": [
            {
                "type": "rich_text",
                "block_id": "FV2hg",
                "elements": [
                    {
                        "type": "rich_text_section",
                        "elements": [
                            {
                                "type": "text",
                                "text": "A and a =33.89%\nC and c= 16.11%\nT and t =33.88%\nG and g = 16.12%\nN and n= 0.0037628%"
                            }
                        ]
                    }
                ]
            }
        ],
        "team": "T017P3M8W7K",
        "user_team": "T017P3M8W7K",
        "source_team": "T017P3M8W7K",
        "user_profile": {
            "avatar_hash": "gaf69de6760a",
            "image_72": "https:\/\/secure.gravatar.com\/avatar\/af69de6760aee56a86237b492ef70a52.jpg?s=72&d=https%3A%2F%2Fa.slack-edge.com%2Fdf10d%2Fimg%2Favatars%2Fava_0017-72.png",
            "first_name": "Matthew",
            "real_name": "Matthew Capistrano",
            "display_name": "",
            "team": "T017P3M8W7K",
            "name": "mcapistrano",
            "is_restricted": false,
            "is_ultra_restricted": false
        },
        "edited": {
            "user": "U05QB6DPE82",
            "ts": "1697925199.000000"
        }
    },
    {
        "client_msg_id": "733c2169-0d75-48ed-9e97-9b84d80b6682",
        "type": "message",
        "text": "Perfect, thanks. So the genome is AT rich, similar to insect genomes. That's a good thing to know.\nThe last part of the three problems I assigned you <https:\/\/arensburgerla-9bj1862.slack.com\/archives\/C05QE0FPE6Q\/p1695398225309839|earlier> is the size distribution of the genome sections. This problem is going to be a bit more tricky because it involves analyzing multiple lines of text and putting the results together (not something that the grep command is designed for). There are multiple ways of getting at this problem, but I'd suggest you break it down into two sub-problems: 1) remove all the return characters in the DNA sequences, 2) figure out the length of each line. To illustrate what I mean by part 1), you'd want convert\n```>title\nAAAAAAAA\nTTTTTTTT```\ninto\n```>title\nAAAAAAAATTTTTTTT```\nLet's concentrate on part 1) for now. You'll need to make a copy of the genome, but with return characters removed in the DNA lines. To do that you could look at using the command <https:\/\/www.geeksforgeeks.org\/sed-command-in-linux-unix-with-examples\/#|Sed>, which can be very powerful, you could also use a <https:\/\/learnbyexample.github.io\/learn_perl_oneliners\/one-liner-introduction.html|perl one-liner>. You could also ask ChatGPT to write you some code to do it, that is totally fine in this case (just make sure you acknowledge that you got help from ChatGPT). I'd also strongly suggest that you test this out on a small dummy practice file first  before you try to convert the whole genome.\nLet me know if you have questions, or if I can help.",
        "user": "U01793PULLV",
        "ts": "1697928437.889229",
        "blocks": [
            {
                "type": "rich_text",
                "block_id": "GBrNP",
                "elements": [
                    {
                        "type": "rich_text_section",
                        "elements": [
                            {
                                "type": "text",
                                "text": "Perfect, thanks. So the genome is AT rich, similar to insect genomes. That's a good thing to know.\nThe last part of the three problems I assigned you "
                            },
                            {
                                "type": "link",
                                "url": "https:\/\/arensburgerla-9bj1862.slack.com\/archives\/C05QE0FPE6Q\/p1695398225309839",
                                "text": "earlier"
                            },
                            {
                                "type": "text",
                                "text": " is the size distribution of the genome sections. This problem is going to be a bit more tricky because it involves analyzing multiple lines of text and putting the results together (not something that the grep command is designed for). There are multiple ways of getting at this problem, but I'd suggest you break it down into two sub-problems: 1) remove all the return characters in the DNA sequences, 2) figure out the length of each line. To illustrate what I mean by part 1), you'd want convert\n"
                            }
                        ]
                    },
                    {
                        "type": "rich_text_preformatted",
                        "elements": [
                            {
                                "type": "text",
                                "text": ">title\nAAAAAAAA\nTTTTTTTT"
                            }
                        ],
                        "border": 0
                    },
                    {
                        "type": "rich_text_section",
                        "elements": [
                            {
                                "type": "text",
                                "text": "into\n"
                            }
                        ]
                    },
                    {
                        "type": "rich_text_preformatted",
                        "elements": [
                            {
                                "type": "text",
                                "text": ">title\nAAAAAAAATTTTTTTT"
                            }
                        ],
                        "border": 0
                    },
                    {
                        "type": "rich_text_section",
                        "elements": [
                            {
                                "type": "text",
                                "text": "Let's concentrate on part 1) for now. You'll need to make a copy of the genome, but with return characters removed in the DNA lines. To do that you could look at using the command "
                            },
                            {
                                "type": "link",
                                "url": "https:\/\/www.geeksforgeeks.org\/sed-command-in-linux-unix-with-examples\/#",
                                "text": "Sed"
                            },
                            {
                                "type": "text",
                                "text": ", which can be very powerful, you could also use a "
                            },
                            {
                                "type": "link",
                                "url": "https:\/\/learnbyexample.github.io\/learn_perl_oneliners\/one-liner-introduction.html",
                                "text": "perl one-liner"
                            },
                            {
                                "type": "text",
                                "text": ". You could also ask ChatGPT to write you some code to do it, that is totally fine in this case (just make sure you acknowledge that you got help from ChatGPT). I'd also strongly suggest that you test this out on a small dummy practice file first  before you try to convert the whole genome.\nLet me know if you have questions, or if I can help."
                            }
                        ]
                    }
                ]
            }
        ],
        "team": "T017P3M8W7K",
        "user_team": "T017P3M8W7K",
        "source_team": "T017P3M8W7K",
        "user_profile": {
            "avatar_hash": "743a9fc0b5f6",
            "image_72": "https:\/\/avatars.slack-edge.com\/2022-06-30\/3731255580839_743a9fc0b5f63f195af3_72.jpg",
            "first_name": "parensburger",
            "real_name": "parensburger",
            "display_name": "Peter",
            "team": "T017P3M8W7K",
            "name": "parensburger",
            "is_restricted": false,
            "is_ultra_restricted": false
        },
        "edited": {
            "user": "U01793PULLV",
            "ts": "1697928471.000000"
        },
        "attachments": [
            {
                "from_url": "https:\/\/arensburgerla-9bj1862.slack.com\/archives\/C05QE0FPE6Q\/p1695398225309839",
                "ts": "1695398225.309839",
                "author_id": "U01793PULLV",
                "channel_id": "C05QE0FPE6Q",
                "channel_team": "T017P3M8W7K",
                "is_msg_unfurl": true,
                "message_blocks": [
                    {
                        "team": "T017P3M8W7K",
                        "channel": "C05QE0FPE6Q",
                        "ts": "1695398225.309839",
                        "message": {
                            "blocks": [
                                {
                                    "type": "rich_text",
                                    "block_id": "lJJ5M",
                                    "elements": [
                                        {
                                            "type": "rich_text_section",
                                            "elements": [
                                                {
                                                    "type": "text",
                                                    "text": "Well done. Next, as this is a new genome the lab is working on, I'll need you to gather some statistics about it. Specifically:\n"
                                                }
                                            ]
                                        },
                                        {
                                            "type": "rich_text_list",
                                            "elements": [
                                                {
                                                    "type": "rich_text_section",
                                                    "elements": [
                                                        {
                                                            "type": "text",
                                                            "text": "How many pieces it's divided into"
                                                        }
                                                    ]
                                                },
                                                {
                                                    "type": "rich_text_section",
                                                    "elements": [
                                                        {
                                                            "type": "text",
                                                            "text": "The percentage of A, C, T, G, and N (N=nucleotide unknown) nucleotide"
                                                        }
                                                    ]
                                                },
                                                {
                                                    "type": "rich_text_section",
                                                    "elements": [
                                                        {
                                                            "type": "text",
                                                            "text": "The size distribution of the genome sections (i.e. are there lots of small genome segments, or just a few big ones)."
                                                        }
                                                    ]
                                                }
                                            ],
                                            "style": "ordered",
                                            "indent": 0,
                                            "border": 0
                                        },
                                        {
                                            "type": "rich_text_section",
                                            "elements": [
                                                {
                                                    "type": "text",
                                                    "text": "\nYou're going to use command lines to figure each of these things out. For now, we'll start with the number of pieces the genome is divided into. The genome file that ends in .fna is formatted in the "
                                                },
                                                {
                                                    "type": "link",
                                                    "url": "https:\/\/en.wikipedia.org\/wiki\/FASTA_format",
                                                    "text": "FASTA format"
                                                },
                                                {
                                                    "type": "text",
                                                    "text": ". This means that every segment of the genome starts with a line like this \">blah blah\" (you can use the command "
                                                },
                                                {
                                                    "type": "link",
                                                    "url": "https:\/\/www.geeksforgeeks.org\/more-command-in-linux-with-examples\/",
                                                    "text": "more"
                                                },
                                                {
                                                    "type": "text",
                                                    "text": " to see this for yourself). Therefore, what you need to do is to count the number of lines that start with the \">\" symbol and you'll have the number segments. To count the number of such lines, you can use the "
                                                },
                                                {
                                                    "type": "link",
                                                    "url": "https:\/\/www.geeksforgeeks.org\/grep-command-in-unixlinux\/#",
                                                    "text": "grep"
                                                },
                                                {
                                                    "type": "text",
                                                    "text": " command on the command line. You can read up about how to use the grep command, but basically it will look something like this on the command line\n"
                                                }
                                            ]
                                        },
                                        {
                                            "type": "rich_text_preformatted",
                                            "elements": [
                                                {
                                                    "type": "text",
                                                    "text": "grep -c \">\" <path to the .fna file name>"
                                                }
                                            ],
                                            "border": 0
                                        },
                                        {
                                            "type": "rich_text_section",
                                            "elements": [
                                                {
                                                    "type": "text",
                                                    "text": "where:\n"
                                                }
                                            ]
                                        },
                                        {
                                            "type": "rich_text_list",
                                            "elements": [
                                                {
                                                    "type": "rich_text_section",
                                                    "elements": [
                                                        {
                                                            "type": "text",
                                                            "text": "-c tells the grep command to return the number of matches to your pattern"
                                                        }
                                                    ]
                                                },
                                                {
                                                    "type": "rich_text_section",
                                                    "elements": [
                                                        {
                                                            "type": "text",
                                                            "text": "\">\" is the pattern to search for (the quote marks are necessary because the > symbol has special meaning otherwise on the command line)"
                                                        }
                                                    ]
                                                },
                                                {
                                                    "type": "rich_text_section",
                                                    "elements": [
                                                        {
                                                            "type": "text",
                                                            "text": "<path to the .fna file name> is the full path name to the .fna file for you, in your case it will be \/mnt\/data\/traviata\/GCA_019973935.1\/GCA_019973935.1_Tncv_1.0_genomic.fna (do not include the < and > symbols)"
                                                        }
                                                    ]
                                                }
                                            ],
                                            "style": "bullet",
                                            "indent": 0,
                                            "border": 0
                                        },
                                        {
                                            "type": "rich_text_section",
                                            "elements": [
                                                {
                                                    "type": "text",
                                                    "text": "\nThis may all be a lot to digest, so take your time looking into it and get back to me when you've figured out the number of segments in the genome, or need some help. Good luck."
                                                }
                                            ]
                                        }
                                    ]
                                }
                            ]
                        }
                    }
                ],
                "id": 1,
                "original_url": "https:\/\/arensburgerla-9bj1862.slack.com\/archives\/C05QE0FPE6Q\/p1695398225309839",
                "fallback": "[September 22nd, 2023 8:57 AM] parensburger: Well done. Next, as this is a new genome the lab is working on, I'll need you to gather some statistics about it. Specifically:\n1. How many pieces it's divided into\n2. The percentage of A, C, T, G, and N (N=nucleotide unknown) nucleotide\n3. The size distribution of the genome sections (i.e. are there lots of small genome segments, or just a few big ones).\nYou're going to use command lines to figure each of these things out. For now, we'll start with the number of pieces the genome is divided into. The genome file that ends in .fna is formatted in the <https:\/\/en.wikipedia.org\/wiki\/FASTA_format|FASTA format>. This means that every segment of the genome starts with a line like this \"&gt;blah blah\" (you can use the command <https:\/\/www.geeksforgeeks.org\/more-command-in-linux-with-examples\/|more> to see this for yourself). Therefore, what you need to do is to count the number of lines that start with the \"&gt;\" symbol and you'll have the number segments. To count the number of such lines, you can use the <https:\/\/www.geeksforgeeks.org\/grep-command-in-unixlinux\/#|grep> command on the command line. You can read up about how to use the grep command, but basically it will look something like this on the command line\n```grep -c \"&gt;\" &lt;path to the .fna file name&gt;```\nwhere:\n• -c tells the grep command to return the number of matches to your pattern\n• \"&gt;\" is the pattern to search for (the quote marks are necessary because the &gt; symbol has special meaning otherwise on the command line)\n• &lt;path to the .fna file name&gt; is the full path name to the .fna file for you, in your case it will be \/mnt\/data\/traviata\/GCA_019973935.1\/GCA_019973935.1_Tncv_1.0_genomic.fna (do not include the &lt; and &gt; symbols)\nThis may all be a lot to digest, so take your time looking into it and get back to me when you've figured out the number of segments in the genome, or need some help. Good luck.",
                "text": "Well done. Next, as this is a new genome the lab is working on, I'll need you to gather some statistics about it. Specifically:\n1. How many pieces it's divided into\n2. The percentage of A, C, T, G, and N (N=nucleotide unknown) nucleotide\n3. The size distribution of the genome sections (i.e. are there lots of small genome segments, or just a few big ones).\nYou're going to use command lines to figure each of these things out. For now, we'll start with the number of pieces the genome is divided into. The genome file that ends in .fna is formatted in the <https:\/\/en.wikipedia.org\/wiki\/FASTA_format|FASTA format>. This means that every segment of the genome starts with a line like this \"&gt;blah blah\" (you can use the command <https:\/\/www.geeksforgeeks.org\/more-command-in-linux-with-examples\/|more> to see this for yourself). Therefore, what you need to do is to count the number of lines that start with the \"&gt;\" symbol and you'll have the number segments. To count the number of such lines, you can use the <https:\/\/www.geeksforgeeks.org\/grep-command-in-unixlinux\/#|grep> command on the command line. You can read up about how to use the grep command, but basically it will look something like this on the command line\n```grep -c \"&gt;\" &lt;path to the .fna file name&gt;```\nwhere:\n• -c tells the grep command to return the number of matches to your pattern\n• \"&gt;\" is the pattern to search for (the quote marks are necessary because the &gt; symbol has special meaning otherwise on the command line)\n• &lt;path to the .fna file name&gt; is the full path name to the .fna file for you, in your case it will be \/mnt\/data\/traviata\/GCA_019973935.1\/GCA_019973935.1_Tncv_1.0_genomic.fna (do not include the &lt; and &gt; symbols)\nThis may all be a lot to digest, so take your time looking into it and get back to me when you've figured out the number of segments in the genome, or need some help. Good luck.",
                "author_name": "parensburger",
                "author_link": "https:\/\/arensburgerla-9bj1862.slack.com\/team\/U01793PULLV",
                "author_icon": "https:\/\/avatars.slack-edge.com\/2022-06-30\/3731255580839_743a9fc0b5f63f195af3_48.jpg",
                "author_subname": "parensburger",
                "mrkdwn_in": [
                    "text"
                ],
                "footer": "Slack Conversation"
            },
            {
                "from_url": "https:\/\/www.geeksforgeeks.org\/sed-command-in-linux-unix-with-examples\/",
                "service_icon": "https:\/\/www.geeksforgeeks.org\/wp-content\/uploads\/gfg_200X200.png",
                "thumb_url": "https:\/\/media.geeksforgeeks.org\/wp-content\/cdn-uploads\/gfg_200x200-min.png",
                "thumb_width": 200,
                "thumb_height": 200,
                "ts": 1503333139,
                "id": 2,
                "original_url": "https:\/\/www.geeksforgeeks.org\/sed-command-in-linux-unix-with-examples\/#",
                "fallback": "GeeksforGeeks: Sed Command in Linux\/Unix with examples - GeeksforGeeks",
                "text": "A Computer Science portal for geeks. It contains well written, well thought and well explained computer science and programming articles, quizzes and practice\/competitive programming\/company interview Questions.",
                "title": "Sed Command in Linux\/Unix with examples - GeeksforGeeks",
                "title_link": "https:\/\/www.geeksforgeeks.org\/sed-command-in-linux-unix-with-examples\/",
                "service_name": "GeeksforGeeks"
            },
            {
                "image_url": "https:\/\/raw.githubusercontent.com\/learnbyexample\/learn_perl_oneliners\/main\/images\/perl_oneliners_ls.png",
                "image_width": 1280,
                "image_height": 720,
                "image_bytes": 79331,
                "from_url": "https:\/\/learnbyexample.github.io\/learn_perl_oneliners\/one-liner-introduction.html",
                "service_icon": "https:\/\/learnbyexample.github.io\/favicon.png",
                "id": 3,
                "original_url": "https:\/\/learnbyexample.github.io\/learn_perl_oneliners\/one-liner-introduction.html",
                "fallback": "Perl One-Liners Guide",
                "text": "Example based guide for text processing with Perl from the command line",
                "title": "Perl One-Liners Guide",
                "title_link": "https:\/\/learnbyexample.github.io\/learn_perl_oneliners\/one-liner-introduction.html",
                "service_name": "learnbyexample.github.io"
            }
        ]
    }
]