[
    {
        "client_msg_id": "767ecbca-2e6e-4f0e-9e59-d1bfefe99298",
        "type": "message",
        "text": "Ok, I'll connect it to my computer. Thank you professor.",
        "user": "U02QKK08ARZ",
        "ts": "1639976416.015900",
        "blocks": [
            {
                "type": "rich_text",
                "block_id": "pLRF",
                "elements": [
                    {
                        "type": "rich_text_section",
                        "elements": [
                            {
                                "type": "text",
                                "text": "Ok, I'll connect it to my computer. Thank you professor."
                            }
                        ]
                    }
                ]
            }
        ],
        "team": "T017P3M8W7K",
        "user_team": "T017P3M8W7K",
        "source_team": "T017P3M8W7K",
        "user_profile": {
            "avatar_hash": "3e3b496c695f",
            "image_72": "https:\/\/avatars.slack-edge.com\/2021-12-13\/2859752014800_3e3b496c695f1d7077c1_72.png",
            "first_name": "Fatima",
            "real_name": "Fatima Lopez",
            "display_name": "Fatima Lopez",
            "team": "T017P3M8W7K",
            "name": "fatimal",
            "is_restricted": false,
            "is_ultra_restricted": false
        }
    }
]