[
    {
        "client_msg_id": "ed3f9183-87e2-45ca-b243-b68487b184c9",
        "type": "message",
        "text": "That message told you that your password was \"with was please radio\". However, I've reset it since to another set of words (because the old password is compromised by having it displayed here) and sent you another email. Let me know if it works.",
        "user": "U01793PULLV",
        "ts": "1640314667.023700",
        "blocks": [
            {
                "type": "rich_text",
                "block_id": "P01mG",
                "elements": [
                    {
                        "type": "rich_text_section",
                        "elements": [
                            {
                                "type": "text",
                                "text": "That message told you that your password was \"with was please radio\". However, I've reset it since to another set of words (because the old password is compromised by having it displayed here) and sent you another email. Let me know if it works."
                            }
                        ]
                    }
                ]
            }
        ],
        "team": "T017P3M8W7K",
        "user_team": "T017P3M8W7K",
        "source_team": "T017P3M8W7K",
        "user_profile": {
            "avatar_hash": "743a9fc0b5f6",
            "image_72": "https:\/\/avatars.slack-edge.com\/2022-06-30\/3731255580839_743a9fc0b5f63f195af3_72.jpg",
            "first_name": "parensburger",
            "real_name": "parensburger",
            "display_name": "Peter",
            "team": "T017P3M8W7K",
            "name": "parensburger",
            "is_restricted": false,
            "is_ultra_restricted": false
        }
    },
    {
        "client_msg_id": "7D4C015D-991E-426B-A56E-EF9694F7A3C2",
        "type": "message",
        "text": "Oh ok, I'm sorry about that. I was a little confused with the email",
        "user": "U02QKK08ARZ",
        "ts": "1640314754.024500",
        "blocks": [
            {
                "type": "rich_text",
                "block_id": "\/QP",
                "elements": [
                    {
                        "type": "rich_text_section",
                        "elements": [
                            {
                                "type": "text",
                                "text": "Oh ok, I'm sorry about that. I was a little confused with the email"
                            }
                        ]
                    }
                ]
            }
        ],
        "team": "T017P3M8W7K",
        "user_team": "T017P3M8W7K",
        "source_team": "T017P3M8W7K",
        "user_profile": {
            "avatar_hash": "3e3b496c695f",
            "image_72": "https:\/\/avatars.slack-edge.com\/2021-12-13\/2859752014800_3e3b496c695f1d7077c1_72.png",
            "first_name": "Fatima",
            "real_name": "Fatima Lopez",
            "display_name": "Fatima Lopez",
            "team": "T017P3M8W7K",
            "name": "fatimal",
            "is_restricted": false,
            "is_ultra_restricted": false
        }
    },
    {
        "client_msg_id": "987a71af-35f8-4a43-a558-e8874b9ee292",
        "type": "message",
        "text": "no problem :slightly_smiling_face:",
        "user": "U01793PULLV",
        "ts": "1640314779.024800",
        "blocks": [
            {
                "type": "rich_text",
                "block_id": "VqE",
                "elements": [
                    {
                        "type": "rich_text_section",
                        "elements": [
                            {
                                "type": "text",
                                "text": "no problem "
                            },
                            {
                                "type": "emoji",
                                "name": "slightly_smiling_face",
                                "unicode": "1f642"
                            }
                        ]
                    }
                ]
            }
        ],
        "team": "T017P3M8W7K",
        "user_team": "T017P3M8W7K",
        "source_team": "T017P3M8W7K",
        "user_profile": {
            "avatar_hash": "743a9fc0b5f6",
            "image_72": "https:\/\/avatars.slack-edge.com\/2022-06-30\/3731255580839_743a9fc0b5f63f195af3_72.jpg",
            "first_name": "parensburger",
            "real_name": "parensburger",
            "display_name": "Peter",
            "team": "T017P3M8W7K",
            "name": "parensburger",
            "is_restricted": false,
            "is_ultra_restricted": false
        }
    },
    {
        "client_msg_id": "D55D1C73-E6C7-41F7-A976-5C86A1809935",
        "type": "message",
        "text": "Thank you professor.",
        "user": "U02QKK08ARZ",
        "ts": "1640314792.025100",
        "blocks": [
            {
                "type": "rich_text",
                "block_id": "lflVJ",
                "elements": [
                    {
                        "type": "rich_text_section",
                        "elements": [
                            {
                                "type": "text",
                                "text": "Thank you professor."
                            }
                        ]
                    }
                ]
            }
        ],
        "team": "T017P3M8W7K",
        "user_team": "T017P3M8W7K",
        "source_team": "T017P3M8W7K",
        "user_profile": {
            "avatar_hash": "3e3b496c695f",
            "image_72": "https:\/\/avatars.slack-edge.com\/2021-12-13\/2859752014800_3e3b496c695f1d7077c1_72.png",
            "first_name": "Fatima",
            "real_name": "Fatima Lopez",
            "display_name": "Fatima Lopez",
            "team": "T017P3M8W7K",
            "name": "fatimal",
            "is_restricted": false,
            "is_ultra_restricted": false
        }
    }
]