[
    {
        "type": "message",
        "subtype": "channel_join",
        "ts": "1639426708.000200",
        "user": "U01793PULLV",
        "text": "<@U01793PULLV> has joined the channel"
    },
    {
        "type": "message",
        "subtype": "channel_join",
        "ts": "1639426717.000600",
        "user": "U01QM0009D3",
        "text": "<@U01QM0009D3> has joined the channel",
        "inviter": "U01793PULLV"
    },
    {
        "type": "message",
        "subtype": "channel_join",
        "ts": "1639426717.000800",
        "user": "U027U6NSDV5",
        "text": "<@U027U6NSDV5> has joined the channel",
        "inviter": "U01793PULLV"
    },
    {
        "type": "message",
        "subtype": "channel_join",
        "ts": "1639426717.001000",
        "user": "U0293LRHUFR",
        "text": "<@U0293LRHUFR> has joined the channel",
        "inviter": "U01793PULLV"
    },
    {
        "type": "message",
        "subtype": "channel_join",
        "ts": "1639431651.001200",
        "user": "U02QKK08ARZ",
        "text": "<@U02QKK08ARZ> has joined the channel"
    }
]