[
    {
        "client_msg_id": "4cbcac0a-43cf-438b-a341-0c40a2620937",
        "type": "message",
        "text": "1. Username: fatilop                 2. Windows                     3.  I don't think I have that set up on my own computer. ",
        "user": "U02QKK08ARZ",
        "ts": "1639886417.013400",
        "blocks": [
            {
                "type": "rich_text",
                "block_id": "mir",
                "elements": [
                    {
                        "type": "rich_text_list",
                        "elements": [
                            {
                                "type": "rich_text_section",
                                "elements": [
                                    {
                                        "type": "text",
                                        "text": "Username: fatilop                 2. Windows                     3.  I don't think I have that set up on my own computer. "
                                    }
                                ]
                            }
                        ],
                        "style": "ordered",
                        "indent": 0,
                        "border": 0
                    }
                ]
            }
        ],
        "team": "T017P3M8W7K",
        "user_team": "T017P3M8W7K",
        "source_team": "T017P3M8W7K",
        "user_profile": {
            "avatar_hash": "3e3b496c695f",
            "image_72": "https:\/\/avatars.slack-edge.com\/2021-12-13\/2859752014800_3e3b496c695f1d7077c1_72.png",
            "first_name": "Fatima",
            "real_name": "Fatima Lopez",
            "display_name": "Fatima Lopez",
            "team": "T017P3M8W7K",
            "name": "fatimal",
            "is_restricted": false,
            "is_ultra_restricted": false
        }
    },
    {
        "client_msg_id": "9ff9e14e-97bb-4ebb-b7a9-0b80bcae45b6",
        "type": "message",
        "text": "In order to connect to any of the computers on campus you'll need to have the CPP Virtual Private Network (VPN) to be running on your Windows machine. Instructions on how to set that up are <https:\/\/cpp.service-now.com\/ehelp?id=kb_article&amp;sys_id=eb690ad2dbe30410ae3a567b4b9619ef|here>. Let me know when you have that running.",
        "user": "U01793PULLV",
        "ts": "1639889575.015300",
        "blocks": [
            {
                "type": "rich_text",
                "block_id": "9F3xl",
                "elements": [
                    {
                        "type": "rich_text_section",
                        "elements": [
                            {
                                "type": "text",
                                "text": "In order to connect to any of the computers on campus you'll need to have the CPP Virtual Private Network (VPN) to be running on your Windows machine. Instructions on how to set that up are "
                            },
                            {
                                "type": "link",
                                "url": "https:\/\/cpp.service-now.com\/ehelp?id=kb_article&sys_id=eb690ad2dbe30410ae3a567b4b9619ef",
                                "text": "here"
                            },
                            {
                                "type": "text",
                                "text": ". Let me know when you have that running."
                            }
                        ]
                    }
                ]
            }
        ],
        "team": "T017P3M8W7K",
        "user_team": "T017P3M8W7K",
        "source_team": "T017P3M8W7K",
        "user_profile": {
            "avatar_hash": "743a9fc0b5f6",
            "image_72": "https:\/\/avatars.slack-edge.com\/2022-06-30\/3731255580839_743a9fc0b5f63f195af3_72.jpg",
            "first_name": "parensburger",
            "real_name": "parensburger",
            "display_name": "Peter",
            "team": "T017P3M8W7K",
            "name": "parensburger",
            "is_restricted": false,
            "is_ultra_restricted": false
        }
    }
]