[
    {
        "client_msg_id": "3853dbc4-ef3d-4d77-807c-23915f8126e4",
        "type": "message",
        "text": "Hello professor, I just want to let you know I successfully connected to the CPP VPN.",
        "user": "U02QKK08ARZ",
        "ts": "1640119070.016800",
        "blocks": [
            {
                "type": "rich_text",
                "block_id": "XMJP=",
                "elements": [
                    {
                        "type": "rich_text_section",
                        "elements": [
                            {
                                "type": "text",
                                "text": "Hello professor, I just want to let you know I successfully connected to the CPP VPN."
                            }
                        ]
                    }
                ]
            }
        ],
        "team": "T017P3M8W7K",
        "user_team": "T017P3M8W7K",
        "source_team": "T017P3M8W7K",
        "user_profile": {
            "avatar_hash": "3e3b496c695f",
            "image_72": "https:\/\/avatars.slack-edge.com\/2021-12-13\/2859752014800_3e3b496c695f1d7077c1_72.png",
            "first_name": "Fatima",
            "real_name": "Fatima Lopez",
            "display_name": "Fatima Lopez",
            "team": "T017P3M8W7K",
            "name": "fatimal",
            "is_restricted": false,
            "is_ultra_restricted": false
        }
    }
]