[
    {
        "client_msg_id": "911a3e05-b238-4a81-8741-fe1334d291fc",
        "type": "message",
        "text": "great, since you are using Window you now need to install the program <https:\/\/www.google.com\/url?q=https%3A%2F%2Fwww.chiark.greenend.org.uk%2F~sgtatham%2Fputty%2Flatest.html&amp;sa=D&amp;sntz=1&amp;usg=AFQjCNHA1ZOIcdQBphnooT7zExqqhboyLg|putty> on your computer that will allow you to connect to \"traviata\" the lab computer.  Use the directions on the <https:\/\/sites.google.com\/view\/arensburger-work-wiki\/introduction-to-transposable-elements|intro web page> for some help. Your user name is \"fatilop\", I will email your password separately.",
        "user": "U01793PULLV",
        "ts": "1640182138.019300",
        "blocks": [
            {
                "type": "rich_text",
                "block_id": "a7r",
                "elements": [
                    {
                        "type": "rich_text_section",
                        "elements": [
                            {
                                "type": "text",
                                "text": "great, since you are using Window you now need to install the program "
                            },
                            {
                                "type": "link",
                                "url": "https:\/\/www.google.com\/url?q=https%3A%2F%2Fwww.chiark.greenend.org.uk%2F~sgtatham%2Fputty%2Flatest.html&sa=D&sntz=1&usg=AFQjCNHA1ZOIcdQBphnooT7zExqqhboyLg",
                                "text": "putty"
                            },
                            {
                                "type": "text",
                                "text": " on your computer that will allow you to connect to \"traviata\" the lab computer.  Use the directions on the "
                            },
                            {
                                "type": "link",
                                "url": "https:\/\/sites.google.com\/view\/arensburger-work-wiki\/introduction-to-transposable-elements",
                                "text": "intro web page"
                            },
                            {
                                "type": "text",
                                "text": " for some help. Your user name is \"fatilop\", I will email your password separately."
                            }
                        ]
                    }
                ]
            }
        ],
        "team": "T017P3M8W7K",
        "user_team": "T017P3M8W7K",
        "source_team": "T017P3M8W7K",
        "user_profile": {
            "avatar_hash": "743a9fc0b5f6",
            "image_72": "https:\/\/avatars.slack-edge.com\/2022-06-30\/3731255580839_743a9fc0b5f63f195af3_72.jpg",
            "first_name": "parensburger",
            "real_name": "parensburger",
            "display_name": "Peter",
            "team": "T017P3M8W7K",
            "name": "parensburger",
            "is_restricted": false,
            "is_ultra_restricted": false
        },
        "edited": {
            "user": "U01793PULLV",
            "ts": "1662571603.000000"
        },
        "attachments": [
            {
                "from_url": "https:\/\/sites.google.com\/site\/arensburger\/introduction-to-transposable-elements",
                "service_icon": "https:\/\/ssl.gstatic.com\/atari\/images\/public\/favicon.ico",
                "id": 1,
                "original_url": "https:\/\/sites.google.com\/site\/arensburger\/introduction-to-transposable-elements",
                "fallback": "Work wiki - Introduction to Transposable Elements",
                "text": "Welcome to the lab. Here are some general resources that will be useful when you're working on projects. You don't need to know all of this by heart, the purpose is to give you a general sense of what is going on. Look below for topics that are most relevant to your project Transposable elements",
                "title": "Work wiki - Introduction to Transposable Elements",
                "title_link": "https:\/\/sites.google.com\/site\/arensburger\/introduction-to-transposable-elements",
                "service_name": "sites.google.com"
            }
        ]
    },
    {
        "client_msg_id": "96d1f0c3-13bc-48f9-8aab-3593235dd876",
        "type": "message",
        "text": "btw make you have the CPP VPN running when you're trying to connect to the lab computer using putty.",
        "user": "U01793PULLV",
        "ts": "1640182604.020300",
        "blocks": [
            {
                "type": "rich_text",
                "block_id": "8\/d",
                "elements": [
                    {
                        "type": "rich_text_section",
                        "elements": [
                            {
                                "type": "text",
                                "text": "btw make you have the CPP VPN running when you're trying to connect to the lab computer using putty."
                            }
                        ]
                    }
                ]
            }
        ],
        "team": "T017P3M8W7K",
        "user_team": "T017P3M8W7K",
        "source_team": "T017P3M8W7K",
        "user_profile": {
            "avatar_hash": "743a9fc0b5f6",
            "image_72": "https:\/\/avatars.slack-edge.com\/2022-06-30\/3731255580839_743a9fc0b5f63f195af3_72.jpg",
            "first_name": "parensburger",
            "real_name": "parensburger",
            "display_name": "Peter",
            "team": "T017P3M8W7K",
            "name": "parensburger",
            "is_restricted": false,
            "is_ultra_restricted": false
        }
    },
    {
        "client_msg_id": "6fca6ffd-240e-42f3-a6a2-4f99be2d857e",
        "type": "message",
        "text": "Hi professor I received your email for the password however, there is no password. It just says:                                                                                      Hi Fatima,\n \nYour password is (spaces and capitalization are important)\n \nwith was please radio\n \nTake care,\n \nPeter",
        "user": "U02QKK08ARZ",
        "ts": "1640203665.021300",
        "blocks": [
            {
                "type": "rich_text",
                "block_id": "\/1O",
                "elements": [
                    {
                        "type": "rich_text_section",
                        "elements": [
                            {
                                "type": "text",
                                "text": "Hi professor I received your email for the password however, there is no password. It just says:                                                                                      Hi Fatima,\n \nYour password is (spaces and capitalization are important)\n \nwith was please radio\n \nTake care,\n \nPeter"
                            }
                        ]
                    }
                ]
            }
        ],
        "team": "T017P3M8W7K",
        "user_team": "T017P3M8W7K",
        "source_team": "T017P3M8W7K",
        "user_profile": {
            "avatar_hash": "3e3b496c695f",
            "image_72": "https:\/\/avatars.slack-edge.com\/2021-12-13\/2859752014800_3e3b496c695f1d7077c1_72.png",
            "first_name": "Fatima",
            "real_name": "Fatima Lopez",
            "display_name": "Fatima Lopez",
            "team": "T017P3M8W7K",
            "name": "fatimal",
            "is_restricted": false,
            "is_ultra_restricted": false
        }
    }
]