[
    {
        "client_msg_id": "14c641c0-e831-4e56-aa60-d1bd36e905fb",
        "type": "message",
        "text": "Here's a summary of your project as I laid it out in my email yesterday:\n&gt; I've got a project proposal for you to work on. I would like you to work on detecting contaminants sequences in the assemblies of genomes that we use in the lab. Specifically, you'd be identifying bacterial contaminants that make their way into the genome assemblies of spiders. These bacteria sequences could come from various origins, some may have been accidentally introduced when the animal was sequenced (e.g. they were on the surface of the spider skin), some may be symbionts that live commensally inside the bacteria (like E. coli do with humans). Your job would be to go through all the reads generated from genome sequencing efforts and sort out the reads into spider vs bacteria (obviously you'd do this with specialized software). Let me know if this is something you're interested in, if you'd rather open on a different project I'm happy to propose alternatives.\nTo be more specific I'm going to ask you to run software called \"BlobToolKit\" (really) described <https:\/\/www.g3journal.org\/content\/10\/4\/1361|here>. However, we are not yet at the stage where you can run this software. First, you'll need to get you connected to the lab computer (including getting you your own account). Second you'll need to get familiar with using command lines on the computer. Finally, once you're comfortable with manipulating the computer we'll talk about downloading the read data and you running the software. By the way, there's no rush on this so please work at your own pace (I'm going to be only sporadically online between now and the start of the new semester), I'm just going to give you specific assignments to complete when you're ready.\n\nYour first assignment is to answer the following questions (just post your answers here):\n1. what user name do you want me to use for your account on the lab computer (mine is \"peter\", Emi's is \"ehays\", Sabrina's is \"sperez\")?\n2. what operating systems (Windows, Mac, or Linux) are you going to use to connect to the lab computer?\n3. do you have the CPP VPN running on your computer?  \nTalk to you later.",
        "user": "U01793PULLV",
        "ts": "1639501266.012000",
        "blocks": [
            {
                "type": "rich_text",
                "block_id": "q88",
                "elements": [
                    {
                        "type": "rich_text_section",
                        "elements": [
                            {
                                "type": "text",
                                "text": "Here's a summary of your project as I laid it out in my email yesterday:\n"
                            }
                        ]
                    },
                    {
                        "type": "rich_text_quote",
                        "elements": [
                            {
                                "type": "text",
                                "text": "I've got a project proposal for you to work on. I would like you to work on detecting contaminants sequences in the assemblies of genomes that we use in the lab. Specifically, you'd be identifying bacterial contaminants that make their way into the genome assemblies of spiders. These bacteria sequences could come from various origins, some may have been accidentally introduced when the animal was sequenced (e.g. they were on the surface of the spider skin), some may be symbionts that live commensally inside the bacteria (like E. coli do with humans). Your job would be to go through all the reads generated from genome sequencing efforts and sort out the reads into spider vs bacteria (obviously you'd do this with specialized software). Let me know if this is something you're interested in, if you'd rather open on a different project I'm happy to propose alternatives."
                            }
                        ]
                    },
                    {
                        "type": "rich_text_section",
                        "elements": [
                            {
                                "type": "text",
                                "text": "To be more specific I'm going to ask you to run software called \"BlobToolKit\" (really) described "
                            },
                            {
                                "type": "link",
                                "url": "https:\/\/www.g3journal.org\/content\/10\/4\/1361",
                                "text": "here"
                            },
                            {
                                "type": "text",
                                "text": ". However, we are not yet at the stage where you can run this software. First, you'll need to get you connected to the lab computer (including getting you your own account). Second you'll need to get familiar with using command lines on the computer. Finally, once you're comfortable with manipulating the computer we'll talk about downloading the read data and you running the software. By the way, there's no rush on this so please work at your own pace (I'm going to be only sporadically online between now and the start of the new semester), I'm just going to give you specific assignments to complete when you're ready.\n\nYour first assignment is to answer the following questions (just post your answers here):\n"
                            }
                        ]
                    },
                    {
                        "type": "rich_text_list",
                        "elements": [
                            {
                                "type": "rich_text_section",
                                "elements": [
                                    {
                                        "type": "text",
                                        "text": "what user name do you want me to use for your account on the lab computer (mine is \"peter\", Emi's is \"ehays\", Sabrina's is \"sperez\")?"
                                    }
                                ]
                            },
                            {
                                "type": "rich_text_section",
                                "elements": [
                                    {
                                        "type": "text",
                                        "text": "what operating systems (Windows, Mac, or Linux) are you going to use to connect to the lab computer?"
                                    }
                                ]
                            },
                            {
                                "type": "rich_text_section",
                                "elements": [
                                    {
                                        "type": "text",
                                        "text": "do you have the CPP VPN running on your computer?  "
                                    }
                                ]
                            }
                        ],
                        "style": "ordered",
                        "indent": 0,
                        "border": 0
                    },
                    {
                        "type": "rich_text_section",
                        "elements": [
                            {
                                "type": "text",
                                "text": "\nTalk to you later."
                            }
                        ]
                    }
                ]
            }
        ],
        "team": "T017P3M8W7K",
        "user_team": "T017P3M8W7K",
        "source_team": "T017P3M8W7K",
        "user_profile": {
            "avatar_hash": "743a9fc0b5f6",
            "image_72": "https:\/\/avatars.slack-edge.com\/2022-06-30\/3731255580839_743a9fc0b5f63f195af3_72.jpg",
            "first_name": "parensburger",
            "real_name": "parensburger",
            "display_name": "Peter",
            "team": "T017P3M8W7K",
            "name": "parensburger",
            "is_restricted": false,
            "is_ultra_restricted": false
        },
        "attachments": [
            {
                "from_url": "https:\/\/www.g3journal.org\/content\/10\/4\/1361",
                "ts": 1585724400,
                "image_url": "https:\/\/www.g3journal.org\/sites\/default\/files\/highwire\/ggg\/10\/4.cover-source.jpg",
                "image_width": 194,
                "image_height": 250,
                "image_bytes": 325163,
                "service_icon": "https:\/\/www.g3journal.org\/sites\/default\/files\/images\/favicon.ico",
                "id": 1,
                "original_url": "https:\/\/www.g3journal.org\/content\/10\/4\/1361",
                "fallback": "G3: Genes | Genomes | Genetics: BlobToolKit – Interactive Quality Assessment of Genome Assemblies",
                "title": "BlobToolKit – Interactive Quality Assessment of Genome Assemblies",
                "title_link": "https:\/\/www.g3journal.org\/content\/10\/4\/1361",
                "service_name": "G3: Genes | Genomes | Genetics"
            }
        ]
    }
]