[
    {
        "client_msg_id": "fac7bad9-40ea-4b0a-974d-1255439b2460",
        "type": "message",
        "text": "In you email today you said\n&gt; I hope you had a great holiday break. I’m reaching out to you because I’m currently having trouble installing the program putty. I read the direction in your website but it keeps saying error. I’m not sure if I’m downloading the correct putty program to my computer, to later access “Traviata”. Do you think you could help me with that?\nYou are downloading the correct version of Putty. However, there was a long (days long) power outage in the building during the break, and even though Traviata has a power backup, it could power the machine beyond a few hours. What this means to you is that Traviata was out of service during the break and I just came into work this morning to literally flip the power switch back on. Hopefully, that was the source of your problems. Try to connect again and see if it works. Let me know here if it did or not. If things are not working make sure to be specific about where the issue is (like posting the screenshot like you did in the email), it makes it much easier to diagnose the problem.",
        "user": "U01793PULLV",
        "ts": "1641664503.006400",
        "blocks": [
            {
                "type": "rich_text",
                "block_id": "KA9L",
                "elements": [
                    {
                        "type": "rich_text_section",
                        "elements": [
                            {
                                "type": "text",
                                "text": "In you email today you said\n"
                            }
                        ]
                    },
                    {
                        "type": "rich_text_quote",
                        "elements": [
                            {
                                "type": "text",
                                "text": "I hope you had a great holiday break. I’m reaching out to you because I’m currently having trouble installing the program putty. I read the direction in your website but it keeps saying error. I’m not sure if I’m downloading the correct putty program to my computer, to later access “Traviata”. Do you think you could help me with that?"
                            }
                        ]
                    },
                    {
                        "type": "rich_text_section",
                        "elements": [
                            {
                                "type": "text",
                                "text": "You are downloading the correct version of Putty. However, there was a long (days long) power outage in the building during the break, and even though Traviata has a power backup, it could power the machine beyond a few hours. What this means to you is that Traviata was out of service during the break and I just came into work this morning to literally flip the power switch back on. Hopefully, that was the source of your problems. Try to connect again and see if it works. Let me know here if it did or not. If things are not working make sure to be specific about where the issue is (like posting the screenshot like you did in the email), it makes it much easier to diagnose the problem."
                            }
                        ]
                    }
                ]
            }
        ],
        "team": "T017P3M8W7K",
        "user_team": "T017P3M8W7K",
        "source_team": "T017P3M8W7K",
        "user_profile": {
            "avatar_hash": "743a9fc0b5f6",
            "image_72": "https:\/\/avatars.slack-edge.com\/2022-06-30\/3731255580839_743a9fc0b5f63f195af3_72.jpg",
            "first_name": "parensburger",
            "real_name": "parensburger",
            "display_name": "Peter",
            "team": "T017P3M8W7K",
            "name": "parensburger",
            "is_restricted": false,
            "is_ultra_restricted": false
        }
    }
]