[
    {
        "client_msg_id": "0f31c3fe-3f83-43cf-85d8-6968a1e45fbd",
        "type": "message",
        "text": "Hello professor Arensburger, happy Friday. I'm at the lab right now to find the number of characters in the genome file and the number of different sequences that the file is made of. I used the wc -m to get the *number of characters* and I found the number to be *1252791781*. The other number that I sent you before (*16229427*) was the *number of words*, I used the commad wc -w to find this. By using the grep -c \"&gt;\" file name, I found *59853* to be the *number of sequence* in the file. Please let me know if this numbers are correct or if they seem correct.",
        "user": "U02QKK08ARZ",
        "ts": "1668802552.349969",
        "blocks": [
            {
                "type": "rich_text",
                "block_id": "n\/l",
                "elements": [
                    {
                        "type": "rich_text_section",
                        "elements": [
                            {
                                "type": "text",
                                "text": "Hello professor Arensburger, happy Friday. I'm at the lab right now to find the number of characters in the genome file and the number of different sequences that the file is made of. I used the wc -m to get the "
                            },
                            {
                                "type": "text",
                                "text": "number of characters",
                                "style": {
                                    "bold": true
                                }
                            },
                            {
                                "type": "text",
                                "text": " and I found the number to be "
                            },
                            {
                                "type": "text",
                                "text": "1252791781",
                                "style": {
                                    "bold": true
                                }
                            },
                            {
                                "type": "text",
                                "text": ". The other number that I sent you before ("
                            },
                            {
                                "type": "text",
                                "text": "16229427",
                                "style": {
                                    "bold": true
                                }
                            },
                            {
                                "type": "text",
                                "text": ") was the "
                            },
                            {
                                "type": "text",
                                "text": "number of words",
                                "style": {
                                    "bold": true
                                }
                            },
                            {
                                "type": "text",
                                "text": ", I used the commad wc -w to find this. By using the grep -c \">\" file name, I found "
                            },
                            {
                                "type": "text",
                                "text": "59853",
                                "style": {
                                    "bold": true
                                }
                            },
                            {
                                "type": "text",
                                "text": " to be the "
                            },
                            {
                                "type": "text",
                                "text": "number of sequence",
                                "style": {
                                    "bold": true
                                }
                            },
                            {
                                "type": "text",
                                "text": " in the file. Please let me know if this numbers are correct or if they seem correct."
                            }
                        ]
                    }
                ]
            }
        ],
        "team": "T017P3M8W7K",
        "user_team": "T017P3M8W7K",
        "source_team": "T017P3M8W7K",
        "user_profile": {
            "avatar_hash": "3e3b496c695f",
            "image_72": "https:\/\/avatars.slack-edge.com\/2021-12-13\/2859752014800_3e3b496c695f1d7077c1_72.png",
            "first_name": "Fatima",
            "real_name": "Fatima Lopez",
            "display_name": "Fatima Lopez",
            "team": "T017P3M8W7K",
            "name": "fatimal",
            "is_restricted": false,
            "is_ultra_restricted": false
        },
        "edited": {
            "user": "U02QKK08ARZ",
            "ts": "1668803700.000000"
        }
    }
]