[
    {
        "client_msg_id": "1767472a-4638-4105-9448-7299bf54e963",
        "type": "message",
        "text": "Ok, thank you professor. I understand, I'll make sure to try the \"man wc\" command to see if I can get the right number.",
        "user": "U02QKK08ARZ",
        "ts": "1667851968.601529",
        "blocks": [
            {
                "type": "rich_text",
                "block_id": "MIGmi",
                "elements": [
                    {
                        "type": "rich_text_section",
                        "elements": [
                            {
                                "type": "text",
                                "text": "Ok, thank you professor. I understand, I'll make sure to try the \"man wc\" command to see if I can get the right number."
                            }
                        ]
                    }
                ]
            }
        ],
        "team": "T017P3M8W7K",
        "user_team": "T017P3M8W7K",
        "source_team": "T017P3M8W7K",
        "user_profile": {
            "avatar_hash": "3e3b496c695f",
            "image_72": "https:\/\/avatars.slack-edge.com\/2021-12-13\/2859752014800_3e3b496c695f1d7077c1_72.png",
            "first_name": "Fatima",
            "real_name": "Fatima Lopez",
            "display_name": "Fatima Lopez",
            "team": "T017P3M8W7K",
            "name": "fatimal",
            "is_restricted": false,
            "is_ultra_restricted": false
        }
    }
]