[
    {
        "client_msg_id": "85e416bd-7048-48bf-95fb-d676628e7b5d",
        "type": "message",
        "text": "Hello professor, I got this as my responses by using the grep command:\n1. 15,451,338 total lines in the genome file.\n2. There are 423,004 lines that contain the sequence \"TTGTTT\".\n3.a. For this one, would it be the same number 423,004?\n3.b. For this one I was unsure if it was all lower case \"ttgttt\" or if it was \"TTGttt\". However I found that there are 841,278 lines that contain the sequence \"ttgttt\" and I found 5,566 lines that have the sequence \"TTGttt\".\n4. I found only 1 line that contains the sequence \"CACAATCTAGTACTTTTTC\".  5. No, there are 0 lines with the sequence \"CACAATCTAGTACTTTTTCA\".",
        "user": "U02QKK08ARZ",
        "ts": "1671140141.982279",
        "blocks": [
            {
                "type": "rich_text",
                "block_id": "UFU5d",
                "elements": [
                    {
                        "type": "rich_text_section",
                        "elements": [
                            {
                                "type": "text",
                                "text": "Hello professor, I got this as my responses by using the grep command:\n1. 15,451,338 total lines in the genome file.\n2. There are 423,004 lines that contain the sequence \"TTGTTT\".\n3.a. For this one, would it be the same number 423,004?\n3.b. For this one I was unsure if it was all lower case \"ttgttt\" or if it was \"TTGttt\". However I found that there are 841,278 lines that contain the sequence \"ttgttt\" and I found 5,566 lines that have the sequence \"TTGttt\".\n4. I found only 1 line that contains the sequence \"CACAATCTAGTACTTTTTC\".  5. No, there are 0 lines with the sequence \"CACAATCTAGTACTTTTTCA\"."
                            }
                        ]
                    }
                ]
            }
        ],
        "team": "T017P3M8W7K",
        "user_team": "T017P3M8W7K",
        "source_team": "T017P3M8W7K",
        "user_profile": {
            "avatar_hash": "3e3b496c695f",
            "image_72": "https:\/\/avatars.slack-edge.com\/2021-12-13\/2859752014800_3e3b496c695f1d7077c1_72.png",
            "first_name": "Fatima",
            "real_name": "Fatima Lopez",
            "display_name": "Fatima Lopez",
            "team": "T017P3M8W7K",
            "name": "fatimal",
            "is_restricted": false,
            "is_ultra_restricted": false
        },
        "edited": {
            "user": "U02QKK08ARZ",
            "ts": "1671140262.000000"
        },
        "thread_ts": "1671140141.982279",
        "reply_count": 3,
        "reply_users_count": 2,
        "latest_reply": "1671218245.215429",
        "reply_users": [
            "U01793PULLV",
            "U02QKK08ARZ"
        ],
        "replies": [
            {
                "user": "U01793PULLV",
                "ts": "1671210914.509339"
            },
            {
                "user": "U02QKK08ARZ",
                "ts": "1671218210.921419"
            },
            {
                "user": "U01793PULLV",
                "ts": "1671218245.215429"
            }
        ],
        "is_locked": false,
        "subscribed": true,
        "last_read": "1671218245.215429"
    }
]