[
    {
        "client_msg_id": "da738fed-ac0e-4ad9-82d1-da15c473ddda",
        "type": "message",
        "text": "Hi professor Arensburger, I hope you are doing well. I'm at the lab right now and I was able to move the file to the Desktop folder. However, when I try to uncompress the genome file it keeps telling me that there is not such a file or directory. Would I have to make a directory and place the file there so I can uncompress it?",
        "user": "U02QKK08ARZ",
        "ts": "1667430438.390529",
        "blocks": [
            {
                "type": "rich_text",
                "block_id": "phb",
                "elements": [
                    {
                        "type": "rich_text_section",
                        "elements": [
                            {
                                "type": "text",
                                "text": "Hi professor Arensburger, I hope you are doing well. I'm at the lab right now and I was able to move the file to the Desktop folder. However, when I try to uncompress the genome file it keeps telling me that there is not such a file or directory. Would I have to make a directory and place the file there so I can uncompress it?"
                            }
                        ]
                    }
                ]
            }
        ],
        "team": "T017P3M8W7K",
        "user_team": "T017P3M8W7K",
        "source_team": "T017P3M8W7K",
        "user_profile": {
            "avatar_hash": "3e3b496c695f",
            "image_72": "https:\/\/avatars.slack-edge.com\/2021-12-13\/2859752014800_3e3b496c695f1d7077c1_72.png",
            "first_name": "Fatima",
            "real_name": "Fatima Lopez",
            "display_name": "Fatima Lopez",
            "team": "T017P3M8W7K",
            "name": "fatimal",
            "is_restricted": false,
            "is_ultra_restricted": false
        }
    },
    {
        "type": "message",
        "text": "This is what I see.",
        "files": [
            {
                "id": "F04961XS28M",
                "created": 1667430513,
                "timestamp": 1667430513,
                "name": "Screenshot from 2022-11-02 16-08-06.png",
                "title": "Screenshot from 2022-11-02 16-08-06.png",
                "mimetype": "image\/png",
                "filetype": "png",
                "pretty_type": "PNG",
                "user": "U02QKK08ARZ",
                "user_team": "T017P3M8W7K",
                "editable": false,
                "size": 237525,
                "mode": "hosted",
                "is_external": false,
                "external_type": "",
                "is_public": true,
                "public_url_shared": false,
                "display_as_bot": false,
                "username": "",
                "url_private": "https:\/\/files.slack.com\/files-pri\/T017P3M8W7K-F04961XS28M\/screenshot_from_2022-11-02_16-08-06.png?t=xoxe-1261123302257-6395895314663-6407612319125-137f2171a6b5696e8e285d5b7bbfa693",
                "url_private_download": "https:\/\/files.slack.com\/files-pri\/T017P3M8W7K-F04961XS28M\/download\/screenshot_from_2022-11-02_16-08-06.png?t=xoxe-1261123302257-6395895314663-6407612319125-137f2171a6b5696e8e285d5b7bbfa693",
                "media_display_type": "unknown",
                "thumb_64": "https:\/\/files.slack.com\/files-tmb\/T017P3M8W7K-F04961XS28M-e95f1337f9\/screenshot_from_2022-11-02_16-08-06_64.png?t=xoxe-1261123302257-6395895314663-6407612319125-137f2171a6b5696e8e285d5b7bbfa693",
                "thumb_80": "https:\/\/files.slack.com\/files-tmb\/T017P3M8W7K-F04961XS28M-e95f1337f9\/screenshot_from_2022-11-02_16-08-06_80.png?t=xoxe-1261123302257-6395895314663-6407612319125-137f2171a6b5696e8e285d5b7bbfa693",
                "thumb_360": "https:\/\/files.slack.com\/files-tmb\/T017P3M8W7K-F04961XS28M-e95f1337f9\/screenshot_from_2022-11-02_16-08-06_360.png?t=xoxe-1261123302257-6395895314663-6407612319125-137f2171a6b5696e8e285d5b7bbfa693",
                "thumb_360_w": 360,
                "thumb_360_h": 205,
                "thumb_480": "https:\/\/files.slack.com\/files-tmb\/T017P3M8W7K-F04961XS28M-e95f1337f9\/screenshot_from_2022-11-02_16-08-06_480.png?t=xoxe-1261123302257-6395895314663-6407612319125-137f2171a6b5696e8e285d5b7bbfa693",
                "thumb_480_w": 480,
                "thumb_480_h": 274,
                "thumb_160": "https:\/\/files.slack.com\/files-tmb\/T017P3M8W7K-F04961XS28M-e95f1337f9\/screenshot_from_2022-11-02_16-08-06_160.png?t=xoxe-1261123302257-6395895314663-6407612319125-137f2171a6b5696e8e285d5b7bbfa693",
                "thumb_720": "https:\/\/files.slack.com\/files-tmb\/T017P3M8W7K-F04961XS28M-e95f1337f9\/screenshot_from_2022-11-02_16-08-06_720.png?t=xoxe-1261123302257-6395895314663-6407612319125-137f2171a6b5696e8e285d5b7bbfa693",
                "thumb_720_w": 720,
                "thumb_720_h": 411,
                "thumb_800": "https:\/\/files.slack.com\/files-tmb\/T017P3M8W7K-F04961XS28M-e95f1337f9\/screenshot_from_2022-11-02_16-08-06_800.png?t=xoxe-1261123302257-6395895314663-6407612319125-137f2171a6b5696e8e285d5b7bbfa693",
                "thumb_800_w": 800,
                "thumb_800_h": 456,
                "thumb_960": "https:\/\/files.slack.com\/files-tmb\/T017P3M8W7K-F04961XS28M-e95f1337f9\/screenshot_from_2022-11-02_16-08-06_960.png?t=xoxe-1261123302257-6395895314663-6407612319125-137f2171a6b5696e8e285d5b7bbfa693",
                "thumb_960_w": 960,
                "thumb_960_h": 548,
                "thumb_1024": "https:\/\/files.slack.com\/files-tmb\/T017P3M8W7K-F04961XS28M-e95f1337f9\/screenshot_from_2022-11-02_16-08-06_1024.png?t=xoxe-1261123302257-6395895314663-6407612319125-137f2171a6b5696e8e285d5b7bbfa693",
                "thumb_1024_w": 1024,
                "thumb_1024_h": 584,
                "original_w": 1846,
                "original_h": 1053,
                "thumb_tiny": "AwAbADClx7Uh+tLg9qQ7qZQmTRmkooAWjJpKKAH4PrTfxFOJNJk0ANopaDQAlFFKOtAH\/9k=",
                "permalink": "https:\/\/arensburgerla-9bj1862.slack.com\/files\/U02QKK08ARZ\/F04961XS28M\/screenshot_from_2022-11-02_16-08-06.png",
                "permalink_public": "https:\/\/slack-files.com\/T017P3M8W7K-F04961XS28M-b845b71d40",
                "is_starred": false,
                "has_rich_preview": false,
                "file_access": "visible"
            }
        ],
        "upload": false,
        "user": "U02QKK08ARZ",
        "display_as_bot": false,
        "ts": "1667430528.946879",
        "blocks": [
            {
                "type": "rich_text",
                "block_id": "lmtRo",
                "elements": [
                    {
                        "type": "rich_text_section",
                        "elements": [
                            {
                                "type": "text",
                                "text": "This is what I see."
                            }
                        ]
                    }
                ]
            }
        ],
        "client_msg_id": "4275d57e-a95f-4b67-a12c-fa6bb5d67622"
    },
    {
        "client_msg_id": "aacc944b-55b3-4e64-ab0e-9302f2dfb973",
        "type": "message",
        "text": "Hi Fatima, nice to hear from you. Your issue is that your compressed file is in your Desktop directory, but your gunzip command are issued from your home directory. In Linux, you often start in your home directory when you log in, I can tell you're in your home directory because of the \"~\" symbol in the prompt (as in fatilop@traviata:~: ), that symbol (called a tilde) is the Linux symbol for the home directory. Within the home (i.e. ~ directory) is a sub directory called \"Desktop\". You can to change directories using the \"cd\" command. Specifically \"cd Desktop\", you should notice the prompt will change to reflect that. Try issuing your gunzip command after you change directories.",
        "user": "U01793PULLV",
        "ts": "1667430936.592419",
        "blocks": [
            {
                "type": "rich_text",
                "block_id": "kZ=q",
                "elements": [
                    {
                        "type": "rich_text_section",
                        "elements": [
                            {
                                "type": "text",
                                "text": "Hi Fatima, nice to hear from you. Your issue is that your compressed file is in your Desktop directory, but your gunzip command are issued from your home directory. In Linux, you often start in your home directory when you log in, I can tell you're in your home directory because of the \"~\" symbol in the prompt (as in fatilop@traviata:~: ), that symbol (called a tilde) is the Linux symbol for the home directory. Within the home (i.e. ~ directory) is a sub directory called \"Desktop\". You can to change directories using the \"cd\" command. Specifically \"cd Desktop\", you should notice the prompt will change to reflect that. Try issuing your gunzip command after you change directories."
                            }
                        ]
                    }
                ]
            }
        ],
        "team": "T017P3M8W7K",
        "user_team": "T017P3M8W7K",
        "source_team": "T017P3M8W7K",
        "user_profile": {
            "avatar_hash": "743a9fc0b5f6",
            "image_72": "https:\/\/avatars.slack-edge.com\/2022-06-30\/3731255580839_743a9fc0b5f63f195af3_72.jpg",
            "first_name": "parensburger",
            "real_name": "parensburger",
            "display_name": "Peter",
            "team": "T017P3M8W7K",
            "name": "parensburger",
            "is_restricted": false,
            "is_ultra_restricted": false
        },
        "edited": {
            "user": "U01793PULLV",
            "ts": "1667431007.000000"
        },
        "reactions": [
            {
                "name": "+1",
                "users": [
                    "U02QKK08ARZ"
                ],
                "count": 1
            }
        ]
    },
    {
        "client_msg_id": "e636e327-c617-4a9f-a34c-e2385ea58d97",
        "type": "message",
        "text": "Ok thank you. I was able to change the directories and to decompressed the file. To report the numbers, do you want me to report them here?",
        "user": "U02QKK08ARZ",
        "ts": "1667433167.979999",
        "blocks": [
            {
                "type": "rich_text",
                "block_id": "KsiCc",
                "elements": [
                    {
                        "type": "rich_text_section",
                        "elements": [
                            {
                                "type": "text",
                                "text": "Ok thank you. I was able to change the directories and to decompressed the file. To report the numbers, do you want me to report them here?"
                            }
                        ]
                    }
                ]
            }
        ],
        "team": "T017P3M8W7K",
        "user_team": "T017P3M8W7K",
        "source_team": "T017P3M8W7K",
        "user_profile": {
            "avatar_hash": "3e3b496c695f",
            "image_72": "https:\/\/avatars.slack-edge.com\/2021-12-13\/2859752014800_3e3b496c695f1d7077c1_72.png",
            "first_name": "Fatima",
            "real_name": "Fatima Lopez",
            "display_name": "Fatima Lopez",
            "team": "T017P3M8W7K",
            "name": "fatimal",
            "is_restricted": false,
            "is_ultra_restricted": false
        }
    },
    {
        "client_msg_id": "ca8082c7-e6da-496d-b136-1550312b5d59",
        "type": "message",
        "text": "yes, that's fine.",
        "user": "U01793PULLV",
        "ts": "1667433198.291279",
        "blocks": [
            {
                "type": "rich_text",
                "block_id": "pPXI",
                "elements": [
                    {
                        "type": "rich_text_section",
                        "elements": [
                            {
                                "type": "text",
                                "text": "yes, that's fine."
                            }
                        ]
                    }
                ]
            }
        ],
        "team": "T017P3M8W7K",
        "user_team": "T017P3M8W7K",
        "source_team": "T017P3M8W7K",
        "user_profile": {
            "avatar_hash": "743a9fc0b5f6",
            "image_72": "https:\/\/avatars.slack-edge.com\/2022-06-30\/3731255580839_743a9fc0b5f63f195af3_72.jpg",
            "first_name": "parensburger",
            "real_name": "parensburger",
            "display_name": "Peter",
            "team": "T017P3M8W7K",
            "name": "parensburger",
            "is_restricted": false,
            "is_ultra_restricted": false
        }
    },
    {
        "type": "message",
        "text": "I got these number for number of characters and number of lines (15451338). I was just having trouble getting the number of different sequences.",
        "files": [
            {
                "id": "F048UJ7UW6T",
                "created": 1667433836,
                "timestamp": 1667433836,
                "name": "Screenshot from 2022-11-02 17-03-36.png",
                "title": "Screenshot from 2022-11-02 17-03-36.png",
                "mimetype": "image\/png",
                "filetype": "png",
                "pretty_type": "PNG",
                "user": "U02QKK08ARZ",
                "user_team": "T017P3M8W7K",
                "editable": false,
                "size": 61632,
                "mode": "hosted",
                "is_external": false,
                "external_type": "",
                "is_public": true,
                "public_url_shared": false,
                "display_as_bot": false,
                "username": "",
                "url_private": "https:\/\/files.slack.com\/files-pri\/T017P3M8W7K-F048UJ7UW6T\/screenshot_from_2022-11-02_17-03-36.png?t=xoxe-1261123302257-6395895314663-6407612319125-137f2171a6b5696e8e285d5b7bbfa693",
                "url_private_download": "https:\/\/files.slack.com\/files-pri\/T017P3M8W7K-F048UJ7UW6T\/download\/screenshot_from_2022-11-02_17-03-36.png?t=xoxe-1261123302257-6395895314663-6407612319125-137f2171a6b5696e8e285d5b7bbfa693",
                "media_display_type": "unknown",
                "thumb_64": "https:\/\/files.slack.com\/files-tmb\/T017P3M8W7K-F048UJ7UW6T-512880a60a\/screenshot_from_2022-11-02_17-03-36_64.png?t=xoxe-1261123302257-6395895314663-6407612319125-137f2171a6b5696e8e285d5b7bbfa693",
                "thumb_80": "https:\/\/files.slack.com\/files-tmb\/T017P3M8W7K-F048UJ7UW6T-512880a60a\/screenshot_from_2022-11-02_17-03-36_80.png?t=xoxe-1261123302257-6395895314663-6407612319125-137f2171a6b5696e8e285d5b7bbfa693",
                "thumb_360": "https:\/\/files.slack.com\/files-tmb\/T017P3M8W7K-F048UJ7UW6T-512880a60a\/screenshot_from_2022-11-02_17-03-36_360.png?t=xoxe-1261123302257-6395895314663-6407612319125-137f2171a6b5696e8e285d5b7bbfa693",
                "thumb_360_w": 360,
                "thumb_360_h": 205,
                "thumb_480": "https:\/\/files.slack.com\/files-tmb\/T017P3M8W7K-F048UJ7UW6T-512880a60a\/screenshot_from_2022-11-02_17-03-36_480.png?t=xoxe-1261123302257-6395895314663-6407612319125-137f2171a6b5696e8e285d5b7bbfa693",
                "thumb_480_w": 480,
                "thumb_480_h": 274,
                "thumb_160": "https:\/\/files.slack.com\/files-tmb\/T017P3M8W7K-F048UJ7UW6T-512880a60a\/screenshot_from_2022-11-02_17-03-36_160.png?t=xoxe-1261123302257-6395895314663-6407612319125-137f2171a6b5696e8e285d5b7bbfa693",
                "thumb_720": "https:\/\/files.slack.com\/files-tmb\/T017P3M8W7K-F048UJ7UW6T-512880a60a\/screenshot_from_2022-11-02_17-03-36_720.png?t=xoxe-1261123302257-6395895314663-6407612319125-137f2171a6b5696e8e285d5b7bbfa693",
                "thumb_720_w": 720,
                "thumb_720_h": 411,
                "thumb_800": "https:\/\/files.slack.com\/files-tmb\/T017P3M8W7K-F048UJ7UW6T-512880a60a\/screenshot_from_2022-11-02_17-03-36_800.png?t=xoxe-1261123302257-6395895314663-6407612319125-137f2171a6b5696e8e285d5b7bbfa693",
                "thumb_800_w": 800,
                "thumb_800_h": 456,
                "thumb_960": "https:\/\/files.slack.com\/files-tmb\/T017P3M8W7K-F048UJ7UW6T-512880a60a\/screenshot_from_2022-11-02_17-03-36_960.png?t=xoxe-1261123302257-6395895314663-6407612319125-137f2171a6b5696e8e285d5b7bbfa693",
                "thumb_960_w": 960,
                "thumb_960_h": 548,
                "thumb_1024": "https:\/\/files.slack.com\/files-tmb\/T017P3M8W7K-F048UJ7UW6T-512880a60a\/screenshot_from_2022-11-02_17-03-36_1024.png?t=xoxe-1261123302257-6395895314663-6407612319125-137f2171a6b5696e8e285d5b7bbfa693",
                "thumb_1024_w": 1024,
                "thumb_1024_h": 584,
                "original_w": 1846,
                "original_h": 1053,
                "thumb_tiny": "AwAbADCjkelGR6H86bRTKFyaMmkooAWgGkpR1oASiiigAooooAKUdaSlHWgD\/9k=",
                "permalink": "https:\/\/arensburgerla-9bj1862.slack.com\/files\/U02QKK08ARZ\/F048UJ7UW6T\/screenshot_from_2022-11-02_17-03-36.png",
                "permalink_public": "https:\/\/slack-files.com\/T017P3M8W7K-F048UJ7UW6T-df48aef0a3",
                "is_starred": false,
                "has_rich_preview": false,
                "file_access": "visible"
            }
        ],
        "upload": false,
        "user": "U02QKK08ARZ",
        "display_as_bot": false,
        "ts": "1667433918.340859",
        "blocks": [
            {
                "type": "rich_text",
                "block_id": "YrQz",
                "elements": [
                    {
                        "type": "rich_text_section",
                        "elements": [
                            {
                                "type": "text",
                                "text": "I got these number for number of characters and number of lines (15451338). I was just having trouble getting the number of different sequences."
                            }
                        ]
                    }
                ]
            }
        ],
        "edited": {
            "user": "U02QKK08ARZ",
            "ts": "1667436370.000000"
        },
        "client_msg_id": "152c7e94-e571-4a60-be17-0c3b83d2dd0e"
    },
    {
        "client_msg_id": "80B976E5-1E34-4D85-B392-FC57816BBB16",
        "type": "message",
        "text": "These* ",
        "user": "U02QKK08ARZ",
        "ts": "1667434338.270859",
        "blocks": [
            {
                "type": "rich_text",
                "block_id": "+9SWQ",
                "elements": [
                    {
                        "type": "rich_text_section",
                        "elements": [
                            {
                                "type": "text",
                                "text": "These* "
                            }
                        ]
                    }
                ]
            }
        ],
        "team": "T017P3M8W7K",
        "user_team": "T017P3M8W7K",
        "source_team": "T017P3M8W7K",
        "user_profile": {
            "avatar_hash": "3e3b496c695f",
            "image_72": "https:\/\/avatars.slack-edge.com\/2021-12-13\/2859752014800_3e3b496c695f1d7077c1_72.png",
            "first_name": "Fatima",
            "real_name": "Fatima Lopez",
            "display_name": "Fatima Lopez",
            "team": "T017P3M8W7K",
            "name": "fatimal",
            "is_restricted": false,
            "is_ultra_restricted": false
        }
    },
    {
        "client_msg_id": "ec9c4f45-97af-48b3-a7e9-e15126fb0579",
        "type": "message",
        "text": "You are right, the number of lines is 15451338, but what is the number of characters (i.e. which one of those numbers from the command \"wc\" is it?) ? Also, in slack you can edit your messages after you post them, so if you make a mistake you don't need to make a new message, just edit your old one.",
        "user": "U01793PULLV",
        "ts": "1667434891.017029",
        "blocks": [
            {
                "type": "rich_text",
                "block_id": "GKrPU",
                "elements": [
                    {
                        "type": "rich_text_section",
                        "elements": [
                            {
                                "type": "text",
                                "text": "You are right, the number of lines is 15451338, but what is the number of characters (i.e. which one of those numbers from the command \"wc\" is it?) ? Also, in slack you can edit your messages after you post them, so if you make a mistake you don't need to make a new message, just edit your old one."
                            }
                        ]
                    }
                ]
            }
        ],
        "team": "T017P3M8W7K",
        "user_team": "T017P3M8W7K",
        "source_team": "T017P3M8W7K",
        "user_profile": {
            "avatar_hash": "743a9fc0b5f6",
            "image_72": "https:\/\/avatars.slack-edge.com\/2022-06-30\/3731255580839_743a9fc0b5f63f195af3_72.jpg",
            "first_name": "parensburger",
            "real_name": "parensburger",
            "display_name": "Peter",
            "team": "T017P3M8W7K",
            "name": "parensburger",
            "is_restricted": false,
            "is_ultra_restricted": false
        },
        "edited": {
            "user": "U01793PULLV",
            "ts": "1667435086.000000"
        }
    },
    {
        "client_msg_id": "01A28945-5B11-406E-822E-6210D87371C4",
        "type": "message",
        "text": "I believe the number of characters is <tel:16229427|16229427>",
        "user": "U02QKK08ARZ",
        "ts": "1667436347.581649",
        "blocks": [
            {
                "type": "rich_text",
                "block_id": "17xc",
                "elements": [
                    {
                        "type": "rich_text_section",
                        "elements": [
                            {
                                "type": "text",
                                "text": "I believe the number of characters is "
                            },
                            {
                                "type": "link",
                                "url": "tel:16229427",
                                "text": "16229427"
                            }
                        ]
                    }
                ]
            }
        ],
        "team": "T017P3M8W7K",
        "user_team": "T017P3M8W7K",
        "source_team": "T017P3M8W7K",
        "user_profile": {
            "avatar_hash": "3e3b496c695f",
            "image_72": "https:\/\/avatars.slack-edge.com\/2021-12-13\/2859752014800_3e3b496c695f1d7077c1_72.png",
            "first_name": "Fatima",
            "real_name": "Fatima Lopez",
            "display_name": "Fatima Lopez",
            "team": "T017P3M8W7K",
            "name": "fatimal",
            "is_restricted": false,
            "is_ultra_restricted": false
        }
    }
]