[
    {
        "client_msg_id": "71a3fd0d-cf5d-4531-ba17-a073e65ca865",
        "type": "message",
        "text": "Hi professor Arensburger, I hope your first week of Fall semester is going good. I wanted to ask if you are able to meet with me either this week or next week to maybe determine a time when I could go to lab, since I will be full in person this semester and if you could help me set up Traviata and other responsibilities with doing research with you.",
        "user": "U02QKK08ARZ",
        "ts": "1661986029.705659",
        "blocks": [
            {
                "type": "rich_text",
                "block_id": "wcP9W",
                "elements": [
                    {
                        "type": "rich_text_section",
                        "elements": [
                            {
                                "type": "text",
                                "text": "Hi professor Arensburger, I hope your first week of Fall semester is going good. I wanted to ask if you are able to meet with me either this week or next week to maybe determine a time when I could go to lab, since I will be full in person this semester and if you could help me set up Traviata and other responsibilities with doing research with you."
                            }
                        ]
                    }
                ]
            }
        ],
        "team": "T017P3M8W7K",
        "user_team": "T017P3M8W7K",
        "source_team": "T017P3M8W7K",
        "user_profile": {
            "avatar_hash": "3e3b496c695f",
            "image_72": "https:\/\/avatars.slack-edge.com\/2021-12-13\/2859752014800_3e3b496c695f1d7077c1_72.png",
            "first_name": "Fatima",
            "real_name": "Fatima Lopez",
            "display_name": "Fatima Lopez",
            "team": "T017P3M8W7K",
            "name": "fatimal",
            "is_restricted": false,
            "is_ultra_restricted": false
        }
    },
    {
        "client_msg_id": "9f455c73-0a1c-4ad2-873c-68db3ee5e358",
        "type": "message",
        "text": "Please let me know what days work best for you and if you can't in person, we can have a zoom meeting.",
        "user": "U02QKK08ARZ",
        "ts": "1661986125.931489",
        "blocks": [
            {
                "type": "rich_text",
                "block_id": "5cS",
                "elements": [
                    {
                        "type": "rich_text_section",
                        "elements": [
                            {
                                "type": "text",
                                "text": "Please let me know what days work best for you and if you can't in person, we can have a zoom meeting."
                            }
                        ]
                    }
                ]
            }
        ],
        "team": "T017P3M8W7K",
        "user_team": "T017P3M8W7K",
        "source_team": "T017P3M8W7K",
        "user_profile": {
            "avatar_hash": "3e3b496c695f",
            "image_72": "https:\/\/avatars.slack-edge.com\/2021-12-13\/2859752014800_3e3b496c695f1d7077c1_72.png",
            "first_name": "Fatima",
            "real_name": "Fatima Lopez",
            "display_name": "Fatima Lopez",
            "team": "T017P3M8W7K",
            "name": "fatimal",
            "is_restricted": false,
            "is_ultra_restricted": false
        },
        "thread_ts": "1661986125.931489",
        "reply_count": 5,
        "reply_users_count": 2,
        "latest_reply": "1662087683.677339",
        "reply_users": [
            "U01793PULLV",
            "U02QKK08ARZ"
        ],
        "replies": [
            {
                "user": "U01793PULLV",
                "ts": "1661986249.072389"
            },
            {
                "user": "U02QKK08ARZ",
                "ts": "1661987037.724289"
            },
            {
                "user": "U01793PULLV",
                "ts": "1662073193.581039"
            },
            {
                "user": "U02QKK08ARZ",
                "ts": "1662087273.972079"
            },
            {
                "user": "U01793PULLV",
                "ts": "1662087683.677339"
            }
        ],
        "is_locked": false,
        "subscribed": true,
        "last_read": "1662087683.677339"
    },
    {
        "client_msg_id": "a7336a91-ae3b-4985-8293-febf9ce0d604",
        "type": "message",
        "text": "Hey Fatima, sounds good. Let me find out first about registering you for research credits this semester. Let me talk to the office folks, and let's schedule a meet after you're registered.",
        "user": "U01793PULLV",
        "ts": "1661986249.072389",
        "blocks": [
            {
                "type": "rich_text",
                "block_id": "hXG",
                "elements": [
                    {
                        "type": "rich_text_section",
                        "elements": [
                            {
                                "type": "text",
                                "text": "Hey Fatima, sounds good. Let me find out first about registering you for research credits this semester. Let me talk to the office folks, and let's schedule a meet after you're registered."
                            }
                        ]
                    }
                ]
            }
        ],
        "team": "T017P3M8W7K",
        "user_team": "T017P3M8W7K",
        "source_team": "T017P3M8W7K",
        "user_profile": {
            "avatar_hash": "743a9fc0b5f6",
            "image_72": "https:\/\/avatars.slack-edge.com\/2022-06-30\/3731255580839_743a9fc0b5f63f195af3_72.jpg",
            "first_name": "parensburger",
            "real_name": "parensburger",
            "display_name": "Peter",
            "team": "T017P3M8W7K",
            "name": "parensburger",
            "is_restricted": false,
            "is_ultra_restricted": false
        },
        "thread_ts": "1661986125.931489",
        "parent_user_id": "U02QKK08ARZ"
    },
    {
        "client_msg_id": "535A4AA8-6E43-4843-A95E-5F9395F3A05E",
        "type": "message",
        "text": "Ok, thank you. ",
        "user": "U02QKK08ARZ",
        "ts": "1661987037.724289",
        "blocks": [
            {
                "type": "rich_text",
                "block_id": "4xt",
                "elements": [
                    {
                        "type": "rich_text_section",
                        "elements": [
                            {
                                "type": "text",
                                "text": "Ok, thank you. "
                            }
                        ]
                    }
                ]
            }
        ],
        "team": "T017P3M8W7K",
        "user_team": "T017P3M8W7K",
        "source_team": "T017P3M8W7K",
        "user_profile": {
            "avatar_hash": "3e3b496c695f",
            "image_72": "https:\/\/avatars.slack-edge.com\/2021-12-13\/2859752014800_3e3b496c695f1d7077c1_72.png",
            "first_name": "Fatima",
            "real_name": "Fatima Lopez",
            "display_name": "Fatima Lopez",
            "team": "T017P3M8W7K",
            "name": "fatimal",
            "is_restricted": false,
            "is_ultra_restricted": false
        },
        "thread_ts": "1661986125.931489",
        "parent_user_id": "U02QKK08ARZ"
    }
]