[
    {
        "client_msg_id": "5573c114-c1cd-4631-a2f0-1b572c5ea2f7",
        "type": "message",
        "text": "Things for you to work and report on when you're done:\n\n1. Copy the _Parasteatoda tepidariorum_ genome file from the folder \/home\/fatilop\/Downloads to the desktop folder \/home\/fatilop\/Desktop (use the command \"cp\" or \"mv\" for this)\n2. Uncompress the genome file (use the command \"gunzip\")\n3. Report the number of characters in the genome file (use the command \"wc\")\n4. Report the number of lines in the genome file (use the command \"wc -l\")\n5. The genome file is a <https:\/\/en.wikipedia.org\/wiki\/FASTA_format|FASTA> formatted file. Report how many different sequences it is made up of (to this count the number of sequence description lines starting with \"&gt;\" using the command \"grep\")",
        "user": "U01793PULLV",
        "ts": "1662588725.216199",
        "blocks": [
            {
                "type": "rich_text",
                "block_id": "TQg",
                "elements": [
                    {
                        "type": "rich_text_section",
                        "elements": [
                            {
                                "type": "text",
                                "text": "Things for you to work and report on when you're done:\n\n1. Copy the "
                            },
                            {
                                "type": "text",
                                "text": "Parasteatoda tepidariorum",
                                "style": {
                                    "italic": true
                                }
                            },
                            {
                                "type": "text",
                                "text": " genome file from the folder \/home\/fatilop\/Downloads to the desktop folder \/home\/fatilop\/Desktop (use the command \"cp\" or \"mv\" for this)\n2. Uncompress the genome file (use the command \"gunzip\")\n3. Report the number of characters in the genome file (use the command \"wc\")\n4. Report the number of lines in the genome file (use the command \"wc -l\")\n5. The genome file is a "
                            },
                            {
                                "type": "link",
                                "url": "https:\/\/en.wikipedia.org\/wiki\/FASTA_format",
                                "text": "FASTA"
                            },
                            {
                                "type": "text",
                                "text": " formatted file. Report how many different sequences it is made up of (to this count the number of sequence description lines starting with \">\" using the command \"grep\")"
                            }
                        ]
                    }
                ]
            }
        ],
        "team": "T017P3M8W7K",
        "user_team": "T017P3M8W7K",
        "source_team": "T017P3M8W7K",
        "user_profile": {
            "avatar_hash": "743a9fc0b5f6",
            "image_72": "https:\/\/avatars.slack-edge.com\/2022-06-30\/3731255580839_743a9fc0b5f63f195af3_72.jpg",
            "first_name": "parensburger",
            "real_name": "parensburger",
            "display_name": "Peter",
            "team": "T017P3M8W7K",
            "name": "parensburger",
            "is_restricted": false,
            "is_ultra_restricted": false
        }
    }
]