[
    {
        "client_msg_id": "0425f1c2-2121-4bf9-8f4a-cbc70e2af119",
        "type": "message",
        "text": "Hi Fatima,\n\n1. correct\n2. correct\n3a. Not it's not. In linux the case matters. If you ask grep to match \"TTGTTT\" it will NOT match \"ttgttt\". What you need to do, is to modify the grep command to ignore the case of the matches (look for such an option in the manual)\n3b. you are correct about the number of all lower case matches (i.e. match to \"ttgttt\")\n4. correct\n5. correct",
        "user": "U01793PULLV",
        "ts": "1671210914.509339",
        "blocks": [
            {
                "type": "rich_text",
                "block_id": "WAWu2",
                "elements": [
                    {
                        "type": "rich_text_section",
                        "elements": [
                            {
                                "type": "text",
                                "text": "Hi Fatima,\n\n"
                            }
                        ]
                    },
                    {
                        "type": "rich_text_list",
                        "elements": [
                            {
                                "type": "rich_text_section",
                                "elements": [
                                    {
                                        "type": "text",
                                        "text": "correct"
                                    }
                                ]
                            },
                            {
                                "type": "rich_text_section",
                                "elements": [
                                    {
                                        "type": "text",
                                        "text": "correct"
                                    }
                                ]
                            }
                        ],
                        "style": "ordered",
                        "indent": 0,
                        "border": 0
                    },
                    {
                        "type": "rich_text_section",
                        "elements": [
                            {
                                "type": "text",
                                "text": "3a. Not it's not. In linux the case matters. If you ask grep to match \"TTGTTT\" it will NOT match \"ttgttt\". What you need to do, is to modify the grep command to ignore the case of the matches (look for such an option in the manual)\n3b. you are correct about the number of all lower case matches (i.e. match to \"ttgttt\")\n4. correct\n5. correct"
                            }
                        ]
                    }
                ]
            }
        ],
        "team": "T017P3M8W7K",
        "user_team": "T017P3M8W7K",
        "source_team": "T017P3M8W7K",
        "user_profile": {
            "avatar_hash": "743a9fc0b5f6",
            "image_72": "https:\/\/avatars.slack-edge.com\/2022-06-30\/3731255580839_743a9fc0b5f63f195af3_72.jpg",
            "first_name": "parensburger",
            "real_name": "parensburger",
            "display_name": "Peter",
            "team": "T017P3M8W7K",
            "name": "parensburger",
            "is_restricted": false,
            "is_ultra_restricted": false
        },
        "thread_ts": "1671140141.982279",
        "parent_user_id": "U02QKK08ARZ"
    },
    {
        "client_msg_id": "fa9cc40b-295f-4acb-b026-30db35752241",
        "type": "message",
        "text": "Awesome, so you're getting to understand how to use the \"grep\" command to match patterns in individual lines. What I'll be having you do soon is to match specific DNA patterns to the genome. However, the information I'm interested in getting is the name of the sequence in the genome file where the matches are found (the name of the sequence is the name that follows the \"&gt;\" sign). In order for you to get that sequence name information, you're going to need to change the format of the genome file from what you have now that looks like this:\n``` &gt;sequence name1\nAATAAATAGGGCG\nACCGATGAGGAGG\nCCGAGAATTCGGC```\nto\n```&gt;sequence name1\nAATAAATAGGGCGACCGATGAGGAGGCCGAGAATTCGGC```\nwhere the name is on one line, and the whole DNA sequence on another line. I have written a script that will transform the genome file this way. However, at the moment I'm not able to connect to the lab computer efficiently (I'm in France at the moment and the connection is seems very slow), so I'm going to suggest that we pause on this project until early 2023 when I am back in the US. When I get back I'll send you a copy of my script for transforming the genome, as well as instructions on how to use it and some patterns for you to start reporting on. Let me know if that works for you.",
        "user": "U01793PULLV",
        "ts": "1671218040.576349",
        "blocks": [
            {
                "type": "rich_text",
                "block_id": "I0n",
                "elements": [
                    {
                        "type": "rich_text_section",
                        "elements": [
                            {
                                "type": "text",
                                "text": "Awesome, so you're getting to understand how to use the \"grep\" command to match patterns in individual lines. What I'll be having you do soon is to match specific DNA patterns to the genome. However, the information I'm interested in getting is the name of the sequence in the genome file where the matches are found (the name of the sequence is the name that follows the \">\" sign). In order for you to get that sequence name information, you're going to need to change the format of the genome file from what you have now that looks like this:\n"
                            }
                        ]
                    },
                    {
                        "type": "rich_text_preformatted",
                        "elements": [
                            {
                                "type": "text",
                                "text": " >sequence name1\nAATAAATAGGGCG\nACCGATGAGGAGG\nCCGAGAATTCGGC"
                            }
                        ],
                        "border": 0
                    },
                    {
                        "type": "rich_text_section",
                        "elements": [
                            {
                                "type": "text",
                                "text": "to\n"
                            }
                        ]
                    },
                    {
                        "type": "rich_text_preformatted",
                        "elements": [
                            {
                                "type": "text",
                                "text": ">sequence name1\nAATAAATAGGGCGACCGATGAGGAGGCCGAGAATTCGGC"
                            }
                        ],
                        "border": 0
                    },
                    {
                        "type": "rich_text_section",
                        "elements": [
                            {
                                "type": "text",
                                "text": "where the name is on one line, and the whole DNA sequence on another line. I have written a script that will transform the genome file this way. However, at the moment I'm not able to connect to the lab computer efficiently (I'm in France at the moment and the connection is seems very slow), so I'm going to suggest that we pause on this project until early 2023 when I am back in the US. When I get back I'll send you a copy of my script for transforming the genome, as well as instructions on how to use it and some patterns for you to start reporting on. Let me know if that works for you."
                            }
                        ]
                    }
                ]
            }
        ],
        "team": "T017P3M8W7K",
        "user_team": "T017P3M8W7K",
        "source_team": "T017P3M8W7K",
        "user_profile": {
            "avatar_hash": "743a9fc0b5f6",
            "image_72": "https:\/\/avatars.slack-edge.com\/2022-06-30\/3731255580839_743a9fc0b5f63f195af3_72.jpg",
            "first_name": "parensburger",
            "real_name": "parensburger",
            "display_name": "Peter",
            "team": "T017P3M8W7K",
            "name": "parensburger",
            "is_restricted": false,
            "is_ultra_restricted": false
        }
    },
    {
        "client_msg_id": "45B0F9B3-1139-48E3-9802-D0220044B437",
        "type": "message",
        "text": "Oh I see, thank you professor I look through the manual to get that number. Also I wanted to ask you, if you know if the lab is going to be open during the break? Or do they close the doors? ",
        "user": "U02QKK08ARZ",
        "ts": "1671218210.921419",
        "blocks": [
            {
                "type": "rich_text",
                "block_id": "FNl7\/",
                "elements": [
                    {
                        "type": "rich_text_section",
                        "elements": [
                            {
                                "type": "text",
                                "text": "Oh I see, thank you professor I look through the manual to get that number. Also I wanted to ask you, if you know if the lab is going to be open during the break? Or do they close the doors? "
                            }
                        ]
                    }
                ]
            }
        ],
        "team": "T017P3M8W7K",
        "user_team": "T017P3M8W7K",
        "source_team": "T017P3M8W7K",
        "user_profile": {
            "avatar_hash": "3e3b496c695f",
            "image_72": "https:\/\/avatars.slack-edge.com\/2021-12-13\/2859752014800_3e3b496c695f1d7077c1_72.png",
            "first_name": "Fatima",
            "real_name": "Fatima Lopez",
            "display_name": "Fatima Lopez",
            "team": "T017P3M8W7K",
            "name": "fatimal",
            "is_restricted": false,
            "is_ultra_restricted": false
        },
        "thread_ts": "1671140141.982279",
        "parent_user_id": "U02QKK08ARZ"
    },
    {
        "client_msg_id": "3a3b727c-e915-4511-b57b-e9b6d7c22ba5",
        "type": "message",
        "text": "The lab will be open during the break",
        "user": "U01793PULLV",
        "ts": "1671218245.215429",
        "blocks": [
            {
                "type": "rich_text",
                "block_id": "sY4",
                "elements": [
                    {
                        "type": "rich_text_section",
                        "elements": [
                            {
                                "type": "text",
                                "text": "The lab will be open during the break"
                            }
                        ]
                    }
                ]
            }
        ],
        "team": "T017P3M8W7K",
        "user_team": "T017P3M8W7K",
        "source_team": "T017P3M8W7K",
        "user_profile": {
            "avatar_hash": "743a9fc0b5f6",
            "image_72": "https:\/\/avatars.slack-edge.com\/2022-06-30\/3731255580839_743a9fc0b5f63f195af3_72.jpg",
            "first_name": "parensburger",
            "real_name": "parensburger",
            "display_name": "Peter",
            "team": "T017P3M8W7K",
            "name": "parensburger",
            "is_restricted": false,
            "is_ultra_restricted": false
        },
        "thread_ts": "1671140141.982279",
        "parent_user_id": "U02QKK08ARZ"
    }
]