[
    {
        "client_msg_id": "8f14b92f-0593-44b4-a1ab-364485fda201",
        "type": "message",
        "text": "That is not the right answer and I want to go with you in a bit more detail about it. I'm not trying to be pedantic here, it's just that this is the kind of work that bioinformatics is about. When you're dealing with enormous numbers it's important to have a reality check to make sure you're not wildly off. In this case, the number of lines was 15,451,338; therefore, if the number of characters was 16,229,427 then there would barely be a single character per line on average. However, if you look at the file (e.g. display the first few lines by issuing the command \"head &lt;insert file name here&gt;\" you'll see that there many more characters per line than one, so something is not right with those numbers. There's a convenient command in Linux called \"man\" (stands for \"manual\") that explains to you what various commands do. I would suggest you issue the command \"man wc\" to get the manual page for the \"wc\" command. In there, you'll find a way to get the wc command to give you the number of characters for a file. Let me know any of this is unclear or you have questions.",
        "user": "U01793PULLV",
        "ts": "1667502825.011049",
        "blocks": [
            {
                "type": "rich_text",
                "block_id": "m3IY",
                "elements": [
                    {
                        "type": "rich_text_section",
                        "elements": [
                            {
                                "type": "text",
                                "text": "That is not the right answer and I want to go with you in a bit more detail about it. I'm not trying to be pedantic here, it's just that this is the kind of work that bioinformatics is about. When you're dealing with enormous numbers it's important to have a reality check to make sure you're not wildly off. In this case, the number of lines was 15,451,338; therefore, if the number of characters was 16,229,427 then there would barely be a single character per line on average. However, if you look at the file (e.g. display the first few lines by issuing the command \"head <insert file name here>\" you'll see that there many more characters per line than one, so something is not right with those numbers. There's a convenient command in Linux called \"man\" (stands for \"manual\") that explains to you what various commands do. I would suggest you issue the command \"man wc\" to get the manual page for the \"wc\" command. In there, you'll find a way to get the wc command to give you the number of characters for a file. Let me know any of this is unclear or you have questions."
                            }
                        ]
                    }
                ]
            }
        ],
        "team": "T017P3M8W7K",
        "user_team": "T017P3M8W7K",
        "source_team": "T017P3M8W7K",
        "user_profile": {
            "avatar_hash": "743a9fc0b5f6",
            "image_72": "https:\/\/avatars.slack-edge.com\/2022-06-30\/3731255580839_743a9fc0b5f63f195af3_72.jpg",
            "first_name": "parensburger",
            "real_name": "parensburger",
            "display_name": "Peter",
            "team": "T017P3M8W7K",
            "name": "parensburger",
            "is_restricted": false,
            "is_ultra_restricted": false
        }
    }
]