[
    {
        "client_msg_id": "b096aad8-56f2-464b-b32d-1c359176a038",
        "type": "message",
        "text": "Hello professor, I apologize for the late message it was a little difficult to understand the program. I finish going through the tutorial and I had only 3 questions that were not really specified or I'm sure about the commands. What is the *\/etc* directory is used for?\nI don’t really understand what the *sudo* commands do?\nand the tutorial mentioned something about downloading a tree command, would I have to download that command? or would I need it?",
        "user": "U02QKK08ARZ",
        "ts": "1656719622.930409",
        "blocks": [
            {
                "type": "rich_text",
                "block_id": "l0T",
                "elements": [
                    {
                        "type": "rich_text_section",
                        "elements": [
                            {
                                "type": "text",
                                "text": "Hello professor, I apologize for the late message it was a little difficult to understand the program. I finish going through the tutorial and I had only 3 questions that were not really specified or I'm sure about the commands. What is the "
                            },
                            {
                                "type": "text",
                                "text": "\/etc",
                                "style": {
                                    "bold": true
                                }
                            },
                            {
                                "type": "text",
                                "text": " directory is used for?\nI don’t really understand what the "
                            },
                            {
                                "type": "text",
                                "text": "sudo",
                                "style": {
                                    "bold": true
                                }
                            },
                            {
                                "type": "text",
                                "text": " commands do?\nand the tutorial mentioned something about downloading a tree command, would I have to download that command? or would I need it?"
                            }
                        ]
                    }
                ]
            }
        ],
        "team": "T017P3M8W7K",
        "user_team": "T017P3M8W7K",
        "source_team": "T017P3M8W7K",
        "user_profile": {
            "avatar_hash": "3e3b496c695f",
            "image_72": "https:\/\/avatars.slack-edge.com\/2021-12-13\/2859752014800_3e3b496c695f1d7077c1_72.png",
            "first_name": "Fatima",
            "real_name": "Fatima Lopez",
            "display_name": "Fatima Lopez",
            "team": "T017P3M8W7K",
            "name": "fatimal",
            "is_restricted": false,
            "is_ultra_restricted": false
        }
    },
    {
        "client_msg_id": "942508d5-0b93-412b-9586-7de7a9cbaad3",
        "type": "message",
        "text": "Hi Fatima, to answer your questions\n1. The folder \/etc is common to all Linuxes (e.g. Ubuntu, RedHat, etc.) and it is used to store configuration files. This is not a directory that you normally need to deal with. When you install programs, those program might use stuff in that directory but that is some deep level Linux stuff that well above my pay grade to understand in detail. So I would not expect you to be fluent in it.\n2. The sudo command is a command that gives you temporary \"super-user\" status. For security reasons, most Linux users are \"standard users\", with access to some files but not all the files on the system. Specifically, normal users do not have access to files that a virus or hacker might exploit to take over the system. I use my Linux system as a normal user 99% of the time. The command \"sudo\" allows just one specific process (e.g. installation of a program) to override these limitations, and have access to the sensitive files on the system. Because it's such a potentially dangerous command, you need to have a special password (called the \"root password\") to have access to the sudo command (it's not the password you use to log in as a regular user). To be clear, I don't let student have access to the root password on the lab computers. So if you wanted to use that on the lab computer I'll be happy to install it for you. That said, while some people think you can't install anything on Linux without the sudo command it's totally not true. I use the biology department's computer cluster where I don't have access to the root password and I've installed well over 50 different programs on it as a regular user.\n3. I had look up what the Linux \"tree\" command it. It's not installed by default on the lab computer, so it's probably something that needs to be installed separately.\nAre you thinking of working the lab computer (e.g. traviata) or your personal computer? We can work together to get this set up for you.\nTake care.",
        "user": "U01793PULLV",
        "ts": "1656722172.929289",
        "blocks": [
            {
                "type": "rich_text",
                "block_id": "W4fF",
                "elements": [
                    {
                        "type": "rich_text_section",
                        "elements": [
                            {
                                "type": "text",
                                "text": "Hi Fatima, to answer your questions\n"
                            }
                        ]
                    },
                    {
                        "type": "rich_text_list",
                        "elements": [
                            {
                                "type": "rich_text_section",
                                "elements": [
                                    {
                                        "type": "text",
                                        "text": "The folder \/etc is common to all Linuxes (e.g. Ubuntu, RedHat, etc.) and it is used to store configuration files. This is not a directory that you normally need to deal with. When you install programs, those program might use stuff in that directory but that is some deep level Linux stuff that well above my pay grade to understand in detail. So I would not expect you to be fluent in it."
                                    }
                                ]
                            },
                            {
                                "type": "rich_text_section",
                                "elements": [
                                    {
                                        "type": "text",
                                        "text": "The sudo command is a command that gives you temporary \"super-user\" status. For security reasons, most Linux users are \"standard users\", with access to some files but not all the files on the system. Specifically, normal users do not have access to files that a virus or hacker might exploit to take over the system. I use my Linux system as a normal user 99% of the time. The command \"sudo\" allows just one specific process (e.g. installation of a program) to override these limitations, and have access to the sensitive files on the system. Because it's such a potentially dangerous command, you need to have a special password (called the \"root password\") to have access to the sudo command (it's not the password you use to log in as a regular user). To be clear, I don't let student have access to the root password on the lab computers. So if you wanted to use that on the lab computer I'll be happy to install it for you. That said, while some people think you can't install anything on Linux without the sudo command it's totally not true. I use the biology department's computer cluster where I don't have access to the root password and I've installed well over 50 different programs on it as a regular user."
                                    }
                                ]
                            },
                            {
                                "type": "rich_text_section",
                                "elements": [
                                    {
                                        "type": "text",
                                        "text": "I had look up what the Linux \"tree\" command it. It's not installed by default on the lab computer, so it's probably something that needs to be installed separately."
                                    }
                                ]
                            }
                        ],
                        "style": "ordered",
                        "indent": 0,
                        "border": 0
                    },
                    {
                        "type": "rich_text_section",
                        "elements": [
                            {
                                "type": "text",
                                "text": "Are you thinking of working the lab computer (e.g. traviata) or your personal computer? We can work together to get this set up for you.\nTake care."
                            }
                        ]
                    }
                ]
            }
        ],
        "team": "T017P3M8W7K",
        "user_team": "T017P3M8W7K",
        "source_team": "T017P3M8W7K",
        "user_profile": {
            "avatar_hash": "743a9fc0b5f6",
            "image_72": "https:\/\/avatars.slack-edge.com\/2022-06-30\/3731255580839_743a9fc0b5f63f195af3_72.jpg",
            "first_name": "parensburger",
            "real_name": "parensburger",
            "display_name": "Peter",
            "team": "T017P3M8W7K",
            "name": "parensburger",
            "is_restricted": false,
            "is_ultra_restricted": false
        }
    },
    {
        "client_msg_id": "6557ee6e-4efe-4ee8-ac93-4fc00f46bbc8",
        "type": "message",
        "text": "Thank you so much for clarifying and to answer your question I was thinking on working on my personal computer since I'm not on campus right now. But I was thinking that maybe during fall semester I can work on a lab computer since I will be living on campus.",
        "user": "U02QKK08ARZ",
        "ts": "1656723091.637939",
        "blocks": [
            {
                "type": "rich_text",
                "block_id": "ffae",
                "elements": [
                    {
                        "type": "rich_text_section",
                        "elements": [
                            {
                                "type": "text",
                                "text": "Thank you so much for clarifying and to answer your question I was thinking on working on my personal computer since I'm not on campus right now. But I was thinking that maybe during fall semester I can work on a lab computer since I will be living on campus."
                            }
                        ]
                    }
                ]
            }
        ],
        "team": "T017P3M8W7K",
        "user_team": "T017P3M8W7K",
        "source_team": "T017P3M8W7K",
        "user_profile": {
            "avatar_hash": "3e3b496c695f",
            "image_72": "https:\/\/avatars.slack-edge.com\/2021-12-13\/2859752014800_3e3b496c695f1d7077c1_72.png",
            "first_name": "Fatima",
            "real_name": "Fatima Lopez",
            "display_name": "Fatima Lopez",
            "team": "T017P3M8W7K",
            "name": "fatimal",
            "is_restricted": false,
            "is_ultra_restricted": false
        },
        "thread_ts": "1656723091.637939",
        "reply_count": 1,
        "reply_users_count": 1,
        "latest_reply": "1656723465.013499",
        "reply_users": [
            "U01793PULLV"
        ],
        "replies": [
            {
                "user": "U01793PULLV",
                "ts": "1656723465.013499"
            }
        ],
        "is_locked": false,
        "subscribed": true,
        "last_read": "1656723465.013499"
    },
    {
        "client_msg_id": "37009448-db3e-446e-b51d-2b776f410ee8",
        "type": "message",
        "text": "ok, sounds good. Let me know how I can help as it comes up.",
        "user": "U01793PULLV",
        "ts": "1656723465.013499",
        "blocks": [
            {
                "type": "rich_text",
                "block_id": "6H7Q",
                "elements": [
                    {
                        "type": "rich_text_section",
                        "elements": [
                            {
                                "type": "text",
                                "text": "ok, sounds good. Let me know how I can help as it comes up."
                            }
                        ]
                    }
                ]
            }
        ],
        "team": "T017P3M8W7K",
        "user_team": "T017P3M8W7K",
        "source_team": "T017P3M8W7K",
        "user_profile": {
            "avatar_hash": "743a9fc0b5f6",
            "image_72": "https:\/\/avatars.slack-edge.com\/2022-06-30\/3731255580839_743a9fc0b5f63f195af3_72.jpg",
            "first_name": "parensburger",
            "real_name": "parensburger",
            "display_name": "Peter",
            "team": "T017P3M8W7K",
            "name": "parensburger",
            "is_restricted": false,
            "is_ultra_restricted": false
        },
        "thread_ts": "1656723091.637939",
        "parent_user_id": "U02QKK08ARZ"
    }
]