[
    {
        "client_msg_id": "814a0ff4-fcc3-4d11-b41a-3f93875a5768",
        "type": "message",
        "text": "Hi Fatima, happy new year. FYI, the lab computer Traviata is currently down. Either someone turned it off or it needs to be manually rebooted. If you are on campus, could you either reboot it (i.e. hold down the power button) or power it up again? Don't worry about it if it's not convenient, this is not urgent.",
        "user": "U01793PULLV",
        "ts": "1672682781.133299",
        "blocks": [
            {
                "type": "rich_text",
                "block_id": "vHDs2",
                "elements": [
                    {
                        "type": "rich_text_section",
                        "elements": [
                            {
                                "type": "text",
                                "text": "Hi Fatima, happy new year. FYI, the lab computer Traviata is currently down. Either someone turned it off or it needs to be manually rebooted. If you are on campus, could you either reboot it (i.e. hold down the power button) or power it up again? Don't worry about it if it's not convenient, this is not urgent."
                            }
                        ]
                    }
                ]
            }
        ],
        "team": "T017P3M8W7K",
        "user_team": "T017P3M8W7K",
        "source_team": "T017P3M8W7K",
        "user_profile": {
            "avatar_hash": "743a9fc0b5f6",
            "image_72": "https:\/\/avatars.slack-edge.com\/2022-06-30\/3731255580839_743a9fc0b5f63f195af3_72.jpg",
            "first_name": "parensburger",
            "real_name": "parensburger",
            "display_name": "Peter",
            "team": "T017P3M8W7K",
            "name": "parensburger",
            "is_restricted": false,
            "is_ultra_restricted": false
        }
    }
]