[
    {
        "client_msg_id": "600bba2a-be7f-49bc-a5e2-551c96910464",
        "type": "message",
        "text": "Hi Fatima, sorry it took me a while to answer you; I was traveling yesterday. Yes, I can now log into Traviata, thanks for letting me know.",
        "user": "U01793PULLV",
        "ts": "1673464092.645479",
        "blocks": [
            {
                "type": "rich_text",
                "block_id": "BpHq",
                "elements": [
                    {
                        "type": "rich_text_section",
                        "elements": [
                            {
                                "type": "text",
                                "text": "Hi Fatima, sorry it took me a while to answer you; I was traveling yesterday. Yes, I can now log into Traviata, thanks for letting me know."
                            }
                        ]
                    }
                ]
            }
        ],
        "team": "T017P3M8W7K",
        "user_team": "T017P3M8W7K",
        "source_team": "T017P3M8W7K",
        "user_profile": {
            "avatar_hash": "743a9fc0b5f6",
            "image_72": "https:\/\/avatars.slack-edge.com\/2022-06-30\/3731255580839_743a9fc0b5f63f195af3_72.jpg",
            "first_name": "parensburger",
            "real_name": "parensburger",
            "display_name": "Peter",
            "team": "T017P3M8W7K",
            "name": "parensburger",
            "is_restricted": false,
            "is_ultra_restricted": false
        },
        "thread_ts": "1673304296.471219",
        "parent_user_id": "U02QKK08ARZ"
    },
    {
        "client_msg_id": "04dacf64-4329-4c58-a73d-25ecbccaaa5e",
        "type": "message",
        "text": "Perfect, yes. The -i will tell grep to ignore the case, and -c will tell grep to only report the number of matches not the lines that match.",
        "user": "U01793PULLV",
        "ts": "1673464326.424819",
        "blocks": [
            {
                "type": "rich_text",
                "block_id": "P0Od1",
                "elements": [
                    {
                        "type": "rich_text_section",
                        "elements": [
                            {
                                "type": "text",
                                "text": "Perfect, yes. The -i will tell grep to ignore the case, and -c will tell grep to only report the number of matches not the lines that match."
                            }
                        ]
                    }
                ]
            }
        ],
        "team": "T017P3M8W7K",
        "user_team": "T017P3M8W7K",
        "source_team": "T017P3M8W7K",
        "user_profile": {
            "avatar_hash": "743a9fc0b5f6",
            "image_72": "https:\/\/avatars.slack-edge.com\/2022-06-30\/3731255580839_743a9fc0b5f63f195af3_72.jpg",
            "first_name": "parensburger",
            "real_name": "parensburger",
            "display_name": "Peter",
            "team": "T017P3M8W7K",
            "name": "parensburger",
            "is_restricted": false,
            "is_ultra_restricted": false
        },
        "thread_ts": "1673307409.516969",
        "parent_user_id": "U02QKK08ARZ"
    }
]