[
    {
        "client_msg_id": "cd0c872d-c720-4053-bea8-dcdffcf6b3a7",
        "type": "message",
        "text": "Hi professor, happy new year. I'm currently not on campus, I will be back until next week. I'll go to the lab and turn it on.",
        "user": "U02QKK08ARZ",
        "ts": "1672787267.236979",
        "blocks": [
            {
                "type": "rich_text",
                "block_id": "UXmxk",
                "elements": [
                    {
                        "type": "rich_text_section",
                        "elements": [
                            {
                                "type": "text",
                                "text": "Hi professor, happy new year. I'm currently not on campus, I will be back until next week. I'll go to the lab and turn it on."
                            }
                        ]
                    }
                ]
            }
        ],
        "team": "T017P3M8W7K",
        "user_team": "T017P3M8W7K",
        "source_team": "T017P3M8W7K",
        "user_profile": {
            "avatar_hash": "3e3b496c695f",
            "image_72": "https:\/\/avatars.slack-edge.com\/2021-12-13\/2859752014800_3e3b496c695f1d7077c1_72.png",
            "first_name": "Fatima",
            "real_name": "Fatima Lopez",
            "display_name": "Fatima Lopez",
            "team": "T017P3M8W7K",
            "name": "fatimal",
            "is_restricted": false,
            "is_ultra_restricted": false
        }
    },
    {
        "client_msg_id": "d2fbfd87-cc3b-409c-bb6d-aebe079a6e94",
        "type": "message",
        "text": "Thank you for letting me know about this.",
        "user": "U02QKK08ARZ",
        "ts": "1672787312.145059",
        "blocks": [
            {
                "type": "rich_text",
                "block_id": "jMvie",
                "elements": [
                    {
                        "type": "rich_text_section",
                        "elements": [
                            {
                                "type": "text",
                                "text": "Thank you for letting me know about this."
                            }
                        ]
                    }
                ]
            }
        ],
        "team": "T017P3M8W7K",
        "user_team": "T017P3M8W7K",
        "source_team": "T017P3M8W7K",
        "user_profile": {
            "avatar_hash": "3e3b496c695f",
            "image_72": "https:\/\/avatars.slack-edge.com\/2021-12-13\/2859752014800_3e3b496c695f1d7077c1_72.png",
            "first_name": "Fatima",
            "real_name": "Fatima Lopez",
            "display_name": "Fatima Lopez",
            "team": "T017P3M8W7K",
            "name": "fatimal",
            "is_restricted": false,
            "is_ultra_restricted": false
        },
        "thread_ts": "1672787312.145059",
        "reply_count": 1,
        "reply_users_count": 1,
        "latest_reply": "1672793855.790709",
        "reply_users": [
            "U01793PULLV"
        ],
        "replies": [
            {
                "user": "U01793PULLV",
                "ts": "1672793855.790709"
            }
        ],
        "is_locked": false,
        "subscribed": true,
        "last_read": "1672793855.790709"
    },
    {
        "client_msg_id": "ee03297d-b656-45e0-8ae3-33de517a0318",
        "type": "message",
        "text": "thanks",
        "user": "U01793PULLV",
        "ts": "1672793855.790709",
        "blocks": [
            {
                "type": "rich_text",
                "block_id": "NlmC",
                "elements": [
                    {
                        "type": "rich_text_section",
                        "elements": [
                            {
                                "type": "text",
                                "text": "thanks"
                            }
                        ]
                    }
                ]
            }
        ],
        "team": "T017P3M8W7K",
        "user_team": "T017P3M8W7K",
        "source_team": "T017P3M8W7K",
        "user_profile": {
            "avatar_hash": "743a9fc0b5f6",
            "image_72": "https:\/\/avatars.slack-edge.com\/2022-06-30\/3731255580839_743a9fc0b5f63f195af3_72.jpg",
            "first_name": "parensburger",
            "real_name": "parensburger",
            "display_name": "Peter",
            "team": "T017P3M8W7K",
            "name": "parensburger",
            "is_restricted": false,
            "is_ultra_restricted": false
        },
        "thread_ts": "1672787312.145059",
        "parent_user_id": "U02QKK08ARZ"
    }
]