[
    {
        "client_msg_id": "ab43b997-1689-4912-9ee5-a5efba10ee0d",
        "type": "message",
        "text": "Hi professor, I'm at the lab right now. It seems that someone already came to reboot the computer lab because it's on, I was able to log in and work in Linux. Is it working better for you?",
        "user": "U02QKK08ARZ",
        "ts": "1673304296.471219",
        "blocks": [
            {
                "type": "rich_text",
                "block_id": "wHE+",
                "elements": [
                    {
                        "type": "rich_text_section",
                        "elements": [
                            {
                                "type": "text",
                                "text": "Hi professor, I'm at the lab right now. It seems that someone already came to reboot the computer lab because it's on, I was able to log in and work in Linux. Is it working better for you?"
                            }
                        ]
                    }
                ]
            }
        ],
        "team": "T017P3M8W7K",
        "user_team": "T017P3M8W7K",
        "source_team": "T017P3M8W7K",
        "user_profile": {
            "avatar_hash": "3e3b496c695f",
            "image_72": "https:\/\/avatars.slack-edge.com\/2021-12-13\/2859752014800_3e3b496c695f1d7077c1_72.png",
            "first_name": "Fatima",
            "real_name": "Fatima Lopez",
            "display_name": "Fatima Lopez",
            "team": "T017P3M8W7K",
            "name": "fatimal",
            "is_restricted": false,
            "is_ultra_restricted": false
        },
        "thread_ts": "1673304296.471219",
        "reply_count": 1,
        "reply_users_count": 1,
        "latest_reply": "1673464092.645479",
        "reply_users": [
            "U01793PULLV"
        ],
        "replies": [
            {
                "user": "U01793PULLV",
                "ts": "1673464092.645479"
            }
        ],
        "is_locked": false,
        "subscribed": true,
        "last_read": "1673464092.645479"
    },
    {
        "client_msg_id": "30b50237-c0af-4df1-9cc5-2538428e318c",
        "type": "message",
        "text": "I also wanted to ask if the right number for 3.a in the last assignment that you gave me, would 1,297,988 be the number of lines that contain the sequence \"TTGTTT\" regardless of the case?  I used \"grep -c -i\" to ignore the case of the matches. I tried using only -i but it gave me all the sequence highlighting the sequences that had \"TTGTTT\".",
        "user": "U02QKK08ARZ",
        "ts": "1673307409.516969",
        "blocks": [
            {
                "type": "rich_text",
                "block_id": "zQq",
                "elements": [
                    {
                        "type": "rich_text_section",
                        "elements": [
                            {
                                "type": "text",
                                "text": "I also wanted to ask if the right number for 3.a in the last assignment that you gave me, would 1,297,988 be the number of lines that contain the sequence \"TTGTTT\" regardless of the case?  I used \"grep -c -i\" to ignore the case of the matches. I tried using only -i but it gave me all the sequence highlighting the sequences that had \"TTGTTT\"."
                            }
                        ]
                    }
                ]
            }
        ],
        "team": "T017P3M8W7K",
        "user_team": "T017P3M8W7K",
        "source_team": "T017P3M8W7K",
        "user_profile": {
            "avatar_hash": "3e3b496c695f",
            "image_72": "https:\/\/avatars.slack-edge.com\/2021-12-13\/2859752014800_3e3b496c695f1d7077c1_72.png",
            "first_name": "Fatima",
            "real_name": "Fatima Lopez",
            "display_name": "Fatima Lopez",
            "team": "T017P3M8W7K",
            "name": "fatimal",
            "is_restricted": false,
            "is_ultra_restricted": false
        },
        "edited": {
            "user": "U02QKK08ARZ",
            "ts": "1673307434.000000"
        },
        "thread_ts": "1673307409.516969",
        "reply_count": 1,
        "reply_users_count": 1,
        "latest_reply": "1673464326.424819",
        "reply_users": [
            "U01793PULLV"
        ],
        "replies": [
            {
                "user": "U01793PULLV",
                "ts": "1673464326.424819"
            }
        ],
        "is_locked": false,
        "subscribed": true,
        "last_read": "1673464326.424819"
    }
]