[
    {
        "client_msg_id": "853479b3-632f-4354-95bd-e943a767c985",
        "type": "message",
        "text": "Ok, I've copied into your Desktop folder my script called \"cleanfasta.pl\" to continue your work. To remind you, this is continuation of our prior conversation on the <https:\/\/arensburgerla-9bj1862.slack.com\/archives\/C02QGL63VK7\/p1671218040576349|16th>. A few words about how to use this script. First, it's written in a scripting language called Perl (you can tell that by the extension .pl of the file). Second, here's an example of using this script\n```peter@traviata:~\/utilities$ perl cleanfasta.pl -in GCF_000365465.3_Ptep_3.0_genomic.fna &gt; out.fa```\nHere is a breakdown of what each part means\n1. \"peter@traviata:~\/utilities$\" is just what what my command line terminal looks like, yours will look different, it tells me I'm logged into traviata, and located in the subdirectory \"utilities\". \n2. \"perl cleanfasta.pl\" all scripts written in Perl are executed from the command line by typing the word \"perl\" followed by the name of the script if the script is in the same folder as the one you're currently located in. You could also specify that the script is located in another folder than the one you are in. For example, if my script was located in the folder \"~\/scripts\" then I'd type \"perl ~\/scripts\/cleanfasta.pl\" instead.\n3. \"-in GCF_000365465.3_Ptep_3.0_genomic.fna\" tells the script to use the file GCF_000365465.3_Ptep_3.0_genomic.fna as input (again, you can tell it that the input file is in some other folder than the current one if you wanted)\n4. \"&gt; out.fa\". If you left this part out, the script would still work, but it would output the results of the script to the screen (i.e. you'd see 1.4 billion nucleotides scroll on the screen). This command is a \"redirect\" command, it redirects the output from the screen to a file you've named (in this case the output file name is out.fa, but you can make up any name you like). And again, you could specify that the output file could go to another directory than the current one. For example, if I wanted create an output file named \"output2.fa\" in the subdirectory \"scripts\", I would type \n```  peter@traviata:~\/utilities$ perl cleanfasta.pl -in GCF_000365465.3_Ptep_3.0_genomic.fna &gt; ~\/scripts\/output2.fa```\n5. If you were to run the script without any parameters i.e.\n```  peter@traviata:~\/utilities$ perl cleanfasta.pl```\nyou'll see some of the other optional parameters you can provide to modify the output. By default the script returns the input file, but with all the return characters removed from the fasta file.\n\nSo what I want you to do:\n1. use the cleanfasta.pl script to reformat the file GCF_000365465.3_Ptep_3.0_genomic.fna to remove return characters, name this new file anything you like (careful, the new file is just as big as the original, so don't make lots and lots of copies or the backup program will complain about how big your directory is, you can remove unnecessary files with the command \"rm\")\n2. compare the new and the old file using the \"more\" command, and make sure the script did its job\n3. how many times can you identify the the pattern \"AGAAGCTGTGATATG\" in the original and the new reformated file? Explain why the numbers are not the same.\nHope this is clear, let me know if you have any questions.",
        "user": "U01793PULLV",
        "ts": "1673637142.373809",
        "blocks": [
            {
                "type": "rich_text",
                "block_id": "dtb",
                "elements": [
                    {
                        "type": "rich_text_section",
                        "elements": [
                            {
                                "type": "text",
                                "text": "Ok, I've copied into your Desktop folder my script called \"cleanfasta.pl\" to continue your work. To remind you, this is continuation of our prior conversation on the "
                            },
                            {
                                "type": "link",
                                "url": "https:\/\/arensburgerla-9bj1862.slack.com\/archives\/C02QGL63VK7\/p1671218040576349",
                                "text": "16th"
                            },
                            {
                                "type": "text",
                                "text": ". A few words about how to use this script. First, it's written in a scripting language called Perl (you can tell that by the extension .pl of the file). Second, here's an example of using this script\n"
                            }
                        ]
                    },
                    {
                        "type": "rich_text_preformatted",
                        "elements": [
                            {
                                "type": "text",
                                "text": "peter@traviata:~\/utilities$ perl cleanfasta.pl -in GCF_000365465.3_Ptep_3.0_genomic.fna > out.fa"
                            }
                        ],
                        "border": 0
                    },
                    {
                        "type": "rich_text_section",
                        "elements": [
                            {
                                "type": "text",
                                "text": "Here is a breakdown of what each part means\n"
                            }
                        ]
                    },
                    {
                        "type": "rich_text_list",
                        "elements": [
                            {
                                "type": "rich_text_section",
                                "elements": [
                                    {
                                        "type": "text",
                                        "text": "\"peter@traviata:~\/utilities$\" is just what what my command line terminal looks like, yours will look different, it tells me I'm logged into traviata, and located in the subdirectory \"utilities\". "
                                    }
                                ]
                            },
                            {
                                "type": "rich_text_section",
                                "elements": [
                                    {
                                        "type": "text",
                                        "text": "\"perl cleanfasta.pl\" all scripts written in Perl are executed from the command line by typing the word \"perl\" followed by the name of the script if the script is in the same folder as the one you're currently located in. You could also specify that the script is located in another folder than the one you are in. For example, if my script was located in the folder \"~\/scripts\" then I'd type \"perl ~\/scripts\/cleanfasta.pl\" instead."
                                    }
                                ]
                            },
                            {
                                "type": "rich_text_section",
                                "elements": [
                                    {
                                        "type": "text",
                                        "text": "\"-in GCF_000365465.3_Ptep_3.0_genomic.fna\" tells the script to use the file GCF_000365465.3_Ptep_3.0_genomic.fna as input (again, you can tell it that the input file is in some other folder than the current one if you wanted)"
                                    }
                                ]
                            },
                            {
                                "type": "rich_text_section",
                                "elements": [
                                    {
                                        "type": "text",
                                        "text": "\"> out.fa\". If you left this part out, the script would still work, but it would output the results of the script to the screen (i.e. you'd see 1.4 billion nucleotides scroll on the screen). This command is a \"redirect\" command, it redirects the output from the screen to a file you've named (in this case the output file name is out.fa, but you can make up any name you like). And again, you could specify that the output file could go to another directory than the current one. For example, if I wanted create an output file named \"output2.fa\" in the subdirectory \"scripts\", I would type "
                                    }
                                ]
                            }
                        ],
                        "style": "ordered",
                        "indent": 0,
                        "border": 0
                    },
                    {
                        "type": "rich_text_preformatted",
                        "elements": [
                            {
                                "type": "text",
                                "text": "  peter@traviata:~\/utilities$ perl cleanfasta.pl -in GCF_000365465.3_Ptep_3.0_genomic.fna > ~\/scripts\/output2.fa"
                            }
                        ],
                        "border": 0
                    },
                    {
                        "type": "rich_text_section",
                        "elements": [
                            {
                                "type": "text",
                                "text": "5. If you were to run the script without any parameters i.e.\n"
                            }
                        ]
                    },
                    {
                        "type": "rich_text_preformatted",
                        "elements": [
                            {
                                "type": "text",
                                "text": "  peter@traviata:~\/utilities$ perl cleanfasta.pl"
                            }
                        ],
                        "border": 0
                    },
                    {
                        "type": "rich_text_section",
                        "elements": [
                            {
                                "type": "text",
                                "text": "you'll see some of the other optional parameters you can provide to modify the output. By default the script returns the input file, but with all the return characters removed from the fasta file.\n\nSo what I want you to do:\n"
                            }
                        ]
                    },
                    {
                        "type": "rich_text_list",
                        "elements": [
                            {
                                "type": "rich_text_section",
                                "elements": [
                                    {
                                        "type": "text",
                                        "text": "use the cleanfasta.pl script to reformat the file GCF_000365465.3_Ptep_3.0_genomic.fna to remove return characters, name this new file anything you like (careful, the new file is just as big as the original, so don't make lots and lots of copies or the backup program will complain about how big your directory is, you can remove unnecessary files with the command \"rm\")"
                                    }
                                ]
                            },
                            {
                                "type": "rich_text_section",
                                "elements": [
                                    {
                                        "type": "text",
                                        "text": "compare the new and the old file using the \"more\" command, and make sure the script did its job"
                                    }
                                ]
                            },
                            {
                                "type": "rich_text_section",
                                "elements": [
                                    {
                                        "type": "text",
                                        "text": "how many times can you identify the the pattern \"AGAAGCTGTGATATG\" in the original and the new reformated file? Explain why the numbers are not the same."
                                    }
                                ]
                            }
                        ],
                        "style": "ordered",
                        "indent": 0,
                        "border": 0
                    },
                    {
                        "type": "rich_text_section",
                        "elements": [
                            {
                                "type": "text",
                                "text": "\nHope this is clear, let me know if you have any questions."
                            }
                        ]
                    }
                ]
            }
        ],
        "team": "T017P3M8W7K",
        "user_team": "T017P3M8W7K",
        "source_team": "T017P3M8W7K",
        "user_profile": {
            "avatar_hash": "743a9fc0b5f6",
            "image_72": "https:\/\/avatars.slack-edge.com\/2022-06-30\/3731255580839_743a9fc0b5f63f195af3_72.jpg",
            "first_name": "parensburger",
            "real_name": "parensburger",
            "display_name": "Peter",
            "team": "T017P3M8W7K",
            "name": "parensburger",
            "is_restricted": false,
            "is_ultra_restricted": false
        },
        "attachments": [
            {
                "from_url": "https:\/\/arensburgerla-9bj1862.slack.com\/archives\/C02QGL63VK7\/p1671218040576349",
                "ts": "1671218040.576349",
                "author_id": "U01793PULLV",
                "channel_id": "C02QGL63VK7",
                "channel_team": "T017P3M8W7K",
                "is_msg_unfurl": true,
                "message_blocks": [
                    {
                        "team": "T017P3M8W7K",
                        "channel": "C02QGL63VK7",
                        "ts": "1671218040.576349",
                        "message": {
                            "blocks": [
                                {
                                    "type": "rich_text",
                                    "block_id": "I0n",
                                    "elements": [
                                        {
                                            "type": "rich_text_section",
                                            "elements": [
                                                {
                                                    "type": "text",
                                                    "text": "Awesome, so you're getting to understand how to use the \"grep\" command to match patterns in individual lines. What I'll be having you do soon is to match specific DNA patterns to the genome. However, the information I'm interested in getting is the name of the sequence in the genome file where the matches are found (the name of the sequence is the name that follows the \">\" sign). In order for you to get that sequence name information, you're going to need to change the format of the genome file from what you have now that looks like this:\n"
                                                }
                                            ]
                                        },
                                        {
                                            "type": "rich_text_preformatted",
                                            "elements": [
                                                {
                                                    "type": "text",
                                                    "text": " >sequence name1\nAATAAATAGGGCG\nACCGATGAGGAGG\nCCGAGAATTCGGC"
                                                }
                                            ],
                                            "border": 0
                                        },
                                        {
                                            "type": "rich_text_section",
                                            "elements": [
                                                {
                                                    "type": "text",
                                                    "text": "to\n"
                                                }
                                            ]
                                        },
                                        {
                                            "type": "rich_text_preformatted",
                                            "elements": [
                                                {
                                                    "type": "text",
                                                    "text": ">sequence name1\nAATAAATAGGGCGACCGATGAGGAGGCCGAGAATTCGGC"
                                                }
                                            ],
                                            "border": 0
                                        },
                                        {
                                            "type": "rich_text_section",
                                            "elements": [
                                                {
                                                    "type": "text",
                                                    "text": "where the name is on one line, and the whole DNA sequence on another line. I have written a script that will transform the genome file this way. However, at the moment I'm not able to connect to the lab computer efficiently (I'm in France at the moment and the connection is seems very slow), so I'm going to suggest that we pause on this project until early 2023 when I am back in the US. When I get back I'll send you a copy of my script for transforming the genome, as well as instructions on how to use it and some patterns for you to start reporting on. Let me know if that works for you."
                                                }
                                            ]
                                        }
                                    ]
                                }
                            ]
                        }
                    }
                ],
                "id": 1,
                "original_url": "https:\/\/arensburgerla-9bj1862.slack.com\/archives\/C02QGL63VK7\/p1671218040576349",
                "fallback": "[December 16th, 2022 11:14 AM] parensburger: Awesome, so you're getting to understand how to use the \"grep\" command to match patterns in individual lines. What I'll be having you do soon is to match specific DNA patterns to the genome. However, the information I'm interested in getting is the name of the sequence in the genome file where the matches are found (the name of the sequence is the name that follows the \"&gt;\" sign). In order for you to get that sequence name information, you're going to need to change the format of the genome file from what you have now that looks like this:\n``` &gt;sequence name1\nAATAAATAGGGCG\nACCGATGAGGAGG\nCCGAGAATTCGGC```\nto\n```&gt;sequence name1\nAATAAATAGGGCGACCGATGAGGAGGCCGAGAATTCGGC```\nwhere the name is on one line, and the whole DNA sequence on another line. I have written a script that will transform the genome file this way. However, at the moment I'm not able to connect to the lab computer efficiently (I'm in France at the moment and the connection is seems very slow), so I'm going to suggest that we pause on this project until early 2023 when I am back in the US. When I get back I'll send you a copy of my script for transforming the genome, as well as instructions on how to use it and some patterns for you to start reporting on. Let me know if that works for you.",
                "text": "Awesome, so you're getting to understand how to use the \"grep\" command to match patterns in individual lines. What I'll be having you do soon is to match specific DNA patterns to the genome. However, the information I'm interested in getting is the name of the sequence in the genome file where the matches are found (the name of the sequence is the name that follows the \"&gt;\" sign). In order for you to get that sequence name information, you're going to need to change the format of the genome file from what you have now that looks like this:\n``` &gt;sequence name1\nAATAAATAGGGCG\nACCGATGAGGAGG\nCCGAGAATTCGGC```\nto\n```&gt;sequence name1\nAATAAATAGGGCGACCGATGAGGAGGCCGAGAATTCGGC```\nwhere the name is on one line, and the whole DNA sequence on another line. I have written a script that will transform the genome file this way. However, at the moment I'm not able to connect to the lab computer efficiently (I'm in France at the moment and the connection is seems very slow), so I'm going to suggest that we pause on this project until early 2023 when I am back in the US. When I get back I'll send you a copy of my script for transforming the genome, as well as instructions on how to use it and some patterns for you to start reporting on. Let me know if that works for you.",
                "author_name": "parensburger",
                "author_link": "https:\/\/arensburgerla-9bj1862.slack.com\/team\/U01793PULLV",
                "author_icon": "https:\/\/avatars.slack-edge.com\/2022-06-30\/3731255580839_743a9fc0b5f63f195af3_48.jpg",
                "author_subname": "parensburger",
                "mrkdwn_in": [
                    "text"
                ],
                "footer": "Slack Conversation"
            }
        ],
        "thread_ts": "1673637142.373809",
        "reply_count": 2,
        "reply_users_count": 2,
        "latest_reply": "1673664345.647109",
        "reply_users": [
            "U02QKK08ARZ",
            "U01793PULLV"
        ],
        "replies": [
            {
                "user": "U02QKK08ARZ",
                "ts": "1673664301.086299"
            },
            {
                "user": "U01793PULLV",
                "ts": "1673664345.647109"
            }
        ],
        "is_locked": false,
        "subscribed": true,
        "last_read": "1673664345.647109"
    },
    {
        "client_msg_id": "F7D0DB4A-BAF2-498B-9D16-6229699D3859",
        "type": "message",
        "text": "Hi professor, right now I don’t have any questions it seems pretty straightforward. I’ll go to the lab in the next few days and if I have any questions I’ll make sure to ask you. This seems pretty exciting. ",
        "user": "U02QKK08ARZ",
        "ts": "1673664301.086299",
        "blocks": [
            {
                "type": "rich_text",
                "block_id": "cxm",
                "elements": [
                    {
                        "type": "rich_text_section",
                        "elements": [
                            {
                                "type": "text",
                                "text": "Hi professor, right now "
                            },
                            {
                                "type": "text",
                                "text": "I don’t"
                            },
                            {
                                "type": "text",
                                "text": " have any questions it seems pretty straightforward. "
                            },
                            {
                                "type": "text",
                                "text": "I’ll"
                            },
                            {
                                "type": "text",
                                "text": " go to the lab in the next few days and if I have any questions "
                            },
                            {
                                "type": "text",
                                "text": "I’ll"
                            },
                            {
                                "type": "text",
                                "text": " make sure to ask you. This seems pretty exciting. "
                            }
                        ]
                    }
                ]
            }
        ],
        "team": "T017P3M8W7K",
        "user_team": "T017P3M8W7K",
        "source_team": "T017P3M8W7K",
        "user_profile": {
            "avatar_hash": "3e3b496c695f",
            "image_72": "https:\/\/avatars.slack-edge.com\/2021-12-13\/2859752014800_3e3b496c695f1d7077c1_72.png",
            "first_name": "Fatima",
            "real_name": "Fatima Lopez",
            "display_name": "Fatima Lopez",
            "team": "T017P3M8W7K",
            "name": "fatimal",
            "is_restricted": false,
            "is_ultra_restricted": false
        },
        "thread_ts": "1673637142.373809",
        "parent_user_id": "U01793PULLV"
    },
    {
        "client_msg_id": "804827a3-c6d7-4e40-ac9a-d3399ad8a025",
        "type": "message",
        "text": "great, let me know what you find",
        "user": "U01793PULLV",
        "ts": "1673664345.647109",
        "blocks": [
            {
                "type": "rich_text",
                "block_id": "Dxri7",
                "elements": [
                    {
                        "type": "rich_text_section",
                        "elements": [
                            {
                                "type": "text",
                                "text": "great, let me know what you find"
                            }
                        ]
                    }
                ]
            }
        ],
        "team": "T017P3M8W7K",
        "user_team": "T017P3M8W7K",
        "source_team": "T017P3M8W7K",
        "user_profile": {
            "avatar_hash": "743a9fc0b5f6",
            "image_72": "https:\/\/avatars.slack-edge.com\/2022-06-30\/3731255580839_743a9fc0b5f63f195af3_72.jpg",
            "first_name": "parensburger",
            "real_name": "parensburger",
            "display_name": "Peter",
            "team": "T017P3M8W7K",
            "name": "parensburger",
            "is_restricted": false,
            "is_ultra_restricted": false
        },
        "thread_ts": "1673637142.373809",
        "parent_user_id": "U01793PULLV"
    }
]