[
    {
        "type": "message",
        "subtype": "channel_join",
        "ts": "1596821256.000200",
        "user": "U01793PULLV",
        "text": "<@U01793PULLV> has joined the channel"
    },
    {
        "client_msg_id": "05c1e278-2dff-440b-9498-caa46f5ace0a",
        "type": "message",
        "text": "Watching the recordings of the Arthropod Genomics Symposium 2020 (<https:\/\/www.youtube.com\/watch?v=G_qLn2U3Kn4&amp;feature=youtu.be&amp;t=2038|here>) makes me think that I should look into piRNA clusters in spiders. There seems to be a number of spider genomes sequences (I don't know what technology), perhaps once I've got a pipeline going for transposable elements going I could see if one of these is high in TEs. There seems to be variation in the mosquitoes Ae vs Cx with respect to the amount of TEs.",
        "user": "U01793PULLV",
        "ts": "1596821500.003300",
        "blocks": [
            {
                "type": "rich_text",
                "block_id": "wGB",
                "elements": [
                    {
                        "type": "rich_text_section",
                        "elements": [
                            {
                                "type": "text",
                                "text": "Watching the recordings of the Arthropod Genomics Symposium 2020 ("
                            },
                            {
                                "type": "link",
                                "url": "https:\/\/www.youtube.com\/watch?v=G_qLn2U3Kn4&feature=youtu.be&t=2038",
                                "text": "here"
                            },
                            {
                                "type": "text",
                                "text": ") makes me think that I should look into piRNA clusters in spiders. There seems to be a number of spider genomes sequences (I don't know what technology), perhaps once I've got a pipeline going for transposable elements going I could see if one of these is high in TEs. There seems to be variation in the mosquitoes Ae vs Cx with respect to the amount of TEs."
                            }
                        ]
                    }
                ]
            }
        ],
        "team": "T017P3M8W7K",
        "user_team": "T017P3M8W7K",
        "source_team": "T017P3M8W7K",
        "user_profile": {
            "avatar_hash": "743a9fc0b5f6",
            "image_72": "https:\/\/avatars.slack-edge.com\/2022-06-30\/3731255580839_743a9fc0b5f63f195af3_72.jpg",
            "first_name": "parensburger",
            "real_name": "parensburger",
            "display_name": "Peter",
            "team": "T017P3M8W7K",
            "name": "parensburger",
            "is_restricted": false,
            "is_ultra_restricted": false
        },
        "attachments": [
            {
                "service_name": "YouTube",
                "service_url": "https:\/\/www.youtube.com\/",
                "title": "AGS 2020 Session 6",
                "title_link": "https:\/\/www.youtube.com\/watch?v=G_qLn2U3Kn4&amp;feature=youtu.be&amp;t=2038",
                "author_name": "i5k",
                "author_link": "https:\/\/www.youtube.com\/channel\/UCUdQAuND3gdN3Tdc-fNW4Nw",
                "thumb_url": "https:\/\/i.ytimg.com\/vi\/G_qLn2U3Kn4\/hqdefault.jpg",
                "thumb_width": 480,
                "thumb_height": 360,
                "fallback": "YouTube Video: AGS 2020 Session 6",
                "video_html": "<iframe width=\"400\" height=\"225\" src=\"https:\/\/www.youtube.com\/embed\/G_qLn2U3Kn4?feature=oembed&start=2038&autoplay=1&iv_load_policy=3\" frameborder=\"0\" allow=\"accelerometer; autoplay; encrypted-media; gyroscope; picture-in-picture\" allowfullscreen><\/iframe>",
                "video_html_width": 400,
                "video_html_height": 225,
                "from_url": "https:\/\/www.youtube.com\/watch?v=G_qLn2U3Kn4&amp;feature=youtu.be&amp;t=2038",
                "service_icon": "https:\/\/a.slack-edge.com\/80588\/img\/unfurl_icons\/youtube.png",
                "id": 1,
                "original_url": "https:\/\/www.youtube.com\/watch?v=G_qLn2U3Kn4&amp;feature=youtu.be&amp;t=2038"
            }
        ]
    }
]