[
    {
        "client_msg_id": "39df7de6-f327-4914-b299-d181f283cdef",
        "type": "message",
        "text": "Reading the Diesel et al <https:\/\/www.ncbi.nlm.nih.gov\/pmc\/articles\/PMC6428116\/|paper> makes me think that it would be good to look for currently mobile elements in spider genomes",
        "user": "U01793PULLV",
        "ts": "1606537549.001200",
        "blocks": [
            {
                "type": "rich_text",
                "block_id": "Qi9",
                "elements": [
                    {
                        "type": "rich_text_section",
                        "elements": [
                            {
                                "type": "text",
                                "text": "Reading the Diesel et al "
                            },
                            {
                                "type": "link",
                                "url": "https:\/\/www.ncbi.nlm.nih.gov\/pmc\/articles\/PMC6428116\/",
                                "text": "paper"
                            },
                            {
                                "type": "text",
                                "text": " makes me think that it would be good to look for currently mobile elements in spider genomes"
                            }
                        ]
                    }
                ]
            }
        ],
        "team": "T017P3M8W7K",
        "user_team": "T017P3M8W7K",
        "source_team": "T017P3M8W7K",
        "user_profile": {
            "avatar_hash": "743a9fc0b5f6",
            "image_72": "https:\/\/avatars.slack-edge.com\/2022-06-30\/3731255580839_743a9fc0b5f63f195af3_72.jpg",
            "first_name": "parensburger",
            "real_name": "parensburger",
            "display_name": "Peter",
            "team": "T017P3M8W7K",
            "name": "parensburger",
            "is_restricted": false,
            "is_ultra_restricted": false
        },
        "attachments": [
            {
                "service_name": "PubMed Central (PMC)",
                "title": "A re-annotation of the Anopheles darlingi mobilome",
                "title_link": "https:\/\/www.ncbi.nlm.nih.gov\/pmc\/articles\/PMC6428116\/",
                "text": "The mobilome, portion of the genome composed of transposable elements (TEs), of Anopheles darlingi was described together with the genome of this species. Here, this mobilome was revised using similarity and de novo search approaches. A total of 5.6% ...",
                "fallback": "PubMed Central (PMC): A re-annotation of the Anopheles darlingi mobilome",
                "thumb_url": "https:\/\/www.ncbi.nlm.nih.gov\/corehtml\/pmc\/pmcgifs\/pmc-logo-share.png",
                "from_url": "https:\/\/www.ncbi.nlm.nih.gov\/pmc\/articles\/PMC6428116\/",
                "thumb_width": 1200,
                "thumb_height": 630,
                "service_icon": "http:\/\/www.ncbi.nlm.nih.gov\/favicon.ico",
                "id": 1,
                "original_url": "https:\/\/www.ncbi.nlm.nih.gov\/pmc\/articles\/PMC6428116\/"
            }
        ],
        "thread_ts": "1606537549.001200",
        "reply_count": 1,
        "reply_users_count": 1,
        "latest_reply": "1606676604.000100",
        "reply_users": [
            "U01793PULLV"
        ],
        "replies": [
            {
                "user": "U01793PULLV",
                "ts": "1606676604.000100"
            }
        ],
        "is_locked": false,
        "subscribed": true,
        "last_read": "1606676604.000100"
    }
]