[
    {
        "client_msg_id": "14febb2d-7ee1-4cf2-96ee-5d9230b8e282",
        "type": "message",
        "text": "Could use the mite detection programs to id areas that have tirs and tsds",
        "user": "U01793PULLV",
        "ts": "1606676604.000100",
        "blocks": [
            {
                "type": "rich_text",
                "block_id": "1Hbl",
                "elements": [
                    {
                        "type": "rich_text_section",
                        "elements": [
                            {
                                "type": "text",
                                "text": "Could use the mite detection programs to id areas that have tirs and tsds"
                            }
                        ]
                    }
                ]
            }
        ],
        "team": "T017P3M8W7K",
        "user_team": "T017P3M8W7K",
        "source_team": "T017P3M8W7K",
        "user_profile": {
            "avatar_hash": "743a9fc0b5f6",
            "image_72": "https:\/\/avatars.slack-edge.com\/2022-06-30\/3731255580839_743a9fc0b5f63f195af3_72.jpg",
            "first_name": "parensburger",
            "real_name": "parensburger",
            "display_name": "Peter",
            "team": "T017P3M8W7K",
            "name": "parensburger",
            "is_restricted": false,
            "is_ultra_restricted": false
        },
        "thread_ts": "1606537549.001200",
        "parent_user_id": "U01793PULLV"
    }
]