[
    {
        "client_msg_id": "d97e23a4-d455-410e-8cee-96a93198c592",
        "type": "message",
        "text": "Here's a thought for a project. I've got the REPET annotation for the first version of Ptep on cppbc here arensburger@pq ~\/TEdenovo\/Ptep1_Blaster_GrpRec_Struct_Map_TEclassif_Filtered\/Ptep1_denovoLibTEs_filtered.fa . Run repeatmodeler (v2) on the same genome and find proportion of genome covered by each annotation. Compare to what is published.",
        "user": "U01793PULLV",
        "ts": "1612743663.002200",
        "blocks": [
            {
                "type": "rich_text",
                "block_id": "6qSb2",
                "elements": [
                    {
                        "type": "rich_text_section",
                        "elements": [
                            {
                                "type": "text",
                                "text": "Here's a thought for a project. I've got the REPET annotation for the first version of Ptep on cppbc here arensburger@pq ~\/TEdenovo\/Ptep1_Blaster_GrpRec_Struct_Map_TEclassif_Filtered\/Ptep1_denovoLibTEs_filtered.fa . Run repeatmodeler (v2) on the same genome and find proportion of genome covered by each annotation. Compare to what is published."
                            }
                        ]
                    }
                ]
            }
        ],
        "team": "T017P3M8W7K",
        "user_team": "T017P3M8W7K",
        "source_team": "T017P3M8W7K",
        "user_profile": {
            "avatar_hash": "743a9fc0b5f6",
            "image_72": "https:\/\/avatars.slack-edge.com\/2022-06-30\/3731255580839_743a9fc0b5f63f195af3_72.jpg",
            "first_name": "parensburger",
            "real_name": "parensburger",
            "display_name": "Peter",
            "team": "T017P3M8W7K",
            "name": "parensburger",
            "is_restricted": false,
            "is_ultra_restricted": false
        },
        "thread_ts": "1612743663.002200",
        "reply_count": 1,
        "reply_users_count": 1,
        "latest_reply": "1613584908.000100",
        "reply_users": [
            "U01793PULLV"
        ],
        "replies": [
            {
                "user": "U01793PULLV",
                "ts": "1613584908.000100"
            }
        ],
        "is_locked": false,
        "subscribed": true,
        "last_read": "1613584908.000100"
    }
]