[
    {
        "client_msg_id": "acffa2dd-f1e7-482d-ba4d-c1abe438de79",
        "type": "message",
        "text": "Reading Cheryl's paper <https:\/\/academic.oup.com\/g3journal\/article\/11\/1\/1\/6044138|here>, mentions two spidroins, one very conserved across species, the other weirdly repetitive. Do I find any spidroins that overlap with TEs?",
        "user": "U01793PULLV",
        "ts": "1619739305.001400",
        "blocks": [
            {
                "type": "rich_text",
                "block_id": "fLM",
                "elements": [
                    {
                        "type": "rich_text_section",
                        "elements": [
                            {
                                "type": "text",
                                "text": "Reading Cheryl's paper "
                            },
                            {
                                "type": "link",
                                "url": "https:\/\/academic.oup.com\/g3journal\/article\/11\/1\/1\/6044138",
                                "text": "here"
                            },
                            {
                                "type": "text",
                                "text": ", mentions two spidroins, one very conserved across species, the other weirdly repetitive. Do I find any spidroins that overlap with TEs?"
                            }
                        ]
                    }
                ]
            }
        ],
        "team": "T017P3M8W7K",
        "user_team": "T017P3M8W7K",
        "source_team": "T017P3M8W7K",
        "user_profile": {
            "avatar_hash": "743a9fc0b5f6",
            "image_72": "https:\/\/avatars.slack-edge.com\/2022-06-30\/3731255580839_743a9fc0b5f63f195af3_72.jpg",
            "first_name": "parensburger",
            "real_name": "parensburger",
            "display_name": "Peter",
            "team": "T017P3M8W7K",
            "name": "parensburger",
            "is_restricted": false,
            "is_ultra_restricted": false
        }
    }
]