[
    {
        "client_msg_id": "693c2a4b-54a0-4e76-bd27-0346940e7c3d",
        "type": "message",
        "text": "run the guizzard pipeline on P. tep need to get REPET to work",
        "user": "U01793PULLV",
        "ts": "1624126679.000600",
        "blocks": [
            {
                "type": "rich_text",
                "block_id": "IWA9",
                "elements": [
                    {
                        "type": "rich_text_section",
                        "elements": [
                            {
                                "type": "text",
                                "text": "run the guizzard pipeline on P. tep need to get REPET to work"
                            }
                        ]
                    }
                ]
            }
        ],
        "team": "T017P3M8W7K",
        "user_team": "T017P3M8W7K",
        "source_team": "T017P3M8W7K",
        "user_profile": {
            "avatar_hash": "743a9fc0b5f6",
            "image_72": "https:\/\/avatars.slack-edge.com\/2022-06-30\/3731255580839_743a9fc0b5f63f195af3_72.jpg",
            "first_name": "parensburger",
            "real_name": "parensburger",
            "display_name": "Peter",
            "team": "T017P3M8W7K",
            "name": "parensburger",
            "is_restricted": false,
            "is_ultra_restricted": false
        }
    }
]