[
    {
        "client_msg_id": "c301d5ed-670b-46f3-887e-5bfef2b2b6d4",
        "type": "message",
        "text": "talk at AGS today from NCBI about detecting contaminant. Suggest program FCS-genome (docker image) to detect contaminants in an assembly",
        "user": "U01793PULLV",
        "ts": "1652198984.623129",
        "blocks": [
            {
                "type": "rich_text",
                "block_id": "wZj",
                "elements": [
                    {
                        "type": "rich_text_section",
                        "elements": [
                            {
                                "type": "text",
                                "text": "talk at AGS today from NCBI about detecting contaminant. Suggest program FCS-genome (docker image) to detect contaminants in an assembly"
                            }
                        ]
                    }
                ]
            }
        ],
        "team": "T017P3M8W7K",
        "user_team": "T017P3M8W7K",
        "source_team": "T017P3M8W7K",
        "user_profile": {
            "avatar_hash": "743a9fc0b5f6",
            "image_72": "https:\/\/avatars.slack-edge.com\/2022-06-30\/3731255580839_743a9fc0b5f63f195af3_72.jpg",
            "first_name": "parensburger",
            "real_name": "parensburger",
            "display_name": "Peter",
            "team": "T017P3M8W7K",
            "name": "parensburger",
            "is_restricted": false,
            "is_ultra_restricted": false
        }
    }
]