[
    {
        "client_msg_id": "b7edfeb3-a598-4be0-be57-d6fda550d57c",
        "type": "message",
        "text": "Created a folder \"Spider genomes\" in Mendely, with list of papers and a phylogenetic tree",
        "user": "U01793PULLV",
        "ts": "1649442523.411439",
        "blocks": [
            {
                "type": "rich_text",
                "block_id": "Mn9O",
                "elements": [
                    {
                        "type": "rich_text_section",
                        "elements": [
                            {
                                "type": "text",
                                "text": "Created a folder \"Spider genomes\" in Mendely, with list of papers and a phylogenetic tree"
                            }
                        ]
                    }
                ]
            }
        ],
        "team": "T017P3M8W7K",
        "user_team": "T017P3M8W7K",
        "source_team": "T017P3M8W7K",
        "user_profile": {
            "avatar_hash": "743a9fc0b5f6",
            "image_72": "https:\/\/avatars.slack-edge.com\/2022-06-30\/3731255580839_743a9fc0b5f63f195af3_72.jpg",
            "first_name": "parensburger",
            "real_name": "parensburger",
            "display_name": "Peter",
            "team": "T017P3M8W7K",
            "name": "parensburger",
            "is_restricted": false,
            "is_ultra_restricted": false
        }
    }
]