[
    {
        "client_msg_id": "091b2862-3285-4097-999e-48fde3e04b39",
        "type": "message",
        "text": "installing topGo as an R package <https:\/\/bioconductor.org\/packages\/devel\/bioc\/vignettes\/topGO\/inst\/doc\/topGO.pdf>\nhopefully I can use this with Brian's data",
        "user": "U01793PULLV",
        "ts": "1656030766.925249",
        "blocks": [
            {
                "type": "rich_text",
                "block_id": "30K",
                "elements": [
                    {
                        "type": "rich_text_section",
                        "elements": [
                            {
                                "type": "text",
                                "text": "installing topGo as an R package "
                            },
                            {
                                "type": "link",
                                "url": "https:\/\/bioconductor.org\/packages\/devel\/bioc\/vignettes\/topGO\/inst\/doc\/topGO.pdf"
                            },
                            {
                                "type": "text",
                                "text": "\nhopefully I can use this with Brian's data"
                            }
                        ]
                    }
                ]
            }
        ],
        "team": "T017P3M8W7K",
        "user_team": "T017P3M8W7K",
        "source_team": "T017P3M8W7K",
        "user_profile": {
            "avatar_hash": "743a9fc0b5f6",
            "image_72": "https:\/\/avatars.slack-edge.com\/2022-06-30\/3731255580839_743a9fc0b5f63f195af3_72.jpg",
            "first_name": "parensburger",
            "real_name": "parensburger",
            "display_name": "Peter",
            "team": "T017P3M8W7K",
            "name": "parensburger",
            "is_restricted": false,
            "is_ultra_restricted": false
        }
    }
]