[
    {
        "client_msg_id": "855de495-7fdc-4997-a952-02d37cca8799",
        "type": "message",
        "text": "installing DESeq2 on carmen",
        "user": "U01793PULLV",
        "ts": "1653962619.243509",
        "blocks": [
            {
                "type": "rich_text",
                "block_id": "VA8W",
                "elements": [
                    {
                        "type": "rich_text_section",
                        "elements": [
                            {
                                "type": "text",
                                "text": "installing DESeq2 on carmen"
                            }
                        ]
                    }
                ]
            }
        ],
        "team": "T017P3M8W7K",
        "user_team": "T017P3M8W7K",
        "source_team": "T017P3M8W7K",
        "user_profile": {
            "avatar_hash": "743a9fc0b5f6",
            "image_72": "https:\/\/avatars.slack-edge.com\/2022-06-30\/3731255580839_743a9fc0b5f63f195af3_72.jpg",
            "first_name": "parensburger",
            "real_name": "parensburger",
            "display_name": "Peter",
            "team": "T017P3M8W7K",
            "name": "parensburger",
            "is_restricted": false,
            "is_ultra_restricted": false
        }
    }
]