[
    {
        "client_msg_id": "93ef9769-0720-479c-a458-e94c34884532",
        "type": "message",
        "text": "install R.4.2 on CPPBC as well as Bioconductor and libary tximport",
        "user": "U01793PULLV",
        "ts": "1653706039.175789",
        "blocks": [
            {
                "type": "rich_text",
                "block_id": "wb\/N",
                "elements": [
                    {
                        "type": "rich_text_section",
                        "elements": [
                            {
                                "type": "text",
                                "text": "install R.4.2 on CPPBC as well as Bioconductor and libary tximport"
                            }
                        ]
                    }
                ]
            }
        ],
        "team": "T017P3M8W7K",
        "user_team": "T017P3M8W7K",
        "source_team": "T017P3M8W7K",
        "user_profile": {
            "avatar_hash": "743a9fc0b5f6",
            "image_72": "https:\/\/avatars.slack-edge.com\/2022-06-30\/3731255580839_743a9fc0b5f63f195af3_72.jpg",
            "first_name": "parensburger",
            "real_name": "parensburger",
            "display_name": "Peter",
            "team": "T017P3M8W7K",
            "name": "parensburger",
            "is_restricted": false,
            "is_ultra_restricted": false
        }
    }
]