[
    {
        "type": "message",
        "text": "Rob sent and <https:\/\/mail.google.com\/mail\/u\/0\/#inbox\/FMfcgzGpGKjbSXHXhflHnGzlzmGTTgzr|email> today, saying the he thought the term \"mitochondrial\" was over-represented in the terms for anterior, I wrote a script to see how often individual terms are associated with differences between the two files. I don't think Rob's conclusions hold up.\n```peter@carmen:~\/Brian_culex_work\/testing_word_choice$ perl quantify_word_differences.pl -1 Culex_genes_higher_in_anterior_than_posterior.csv -2 Culex_genes_higher_in_posterior_than_anterior.csv &gt; test.xls```",
        "files": [
            {
                "id": "F03K7SPKUU8",
                "created": 1654573331,
                "timestamp": 1654573331,
                "name": "quantify_word_differences.pl",
                "title": "quantify_word_differences.pl",
                "mimetype": "text\/plain",
                "filetype": "perl",
                "pretty_type": "Perl",
                "user": "U01793PULLV",
                "user_team": "T017P3M8W7K",
                "editable": true,
                "size": 2507,
                "mode": "snippet",
                "is_external": false,
                "external_type": "",
                "is_public": true,
                "public_url_shared": false,
                "display_as_bot": false,
                "username": "",
                "url_private": "https:\/\/files.slack.com\/files-pri\/T017P3M8W7K-F03K7SPKUU8\/quantify_word_differences.pl?t=xoxe-1261123302257-6395895314663-6407612319125-137f2171a6b5696e8e285d5b7bbfa693",
                "url_private_download": "https:\/\/files.slack.com\/files-pri\/T017P3M8W7K-F03K7SPKUU8\/download\/quantify_word_differences.pl?t=xoxe-1261123302257-6395895314663-6407612319125-137f2171a6b5696e8e285d5b7bbfa693",
                "permalink": "https:\/\/arensburgerla-9bj1862.slack.com\/files\/U01793PULLV\/F03K7SPKUU8\/quantify_word_differences.pl",
                "permalink_public": "https:\/\/slack-files.com\/T017P3M8W7K-F03K7SPKUU8-771ab34c78",
                "edit_link": "https:\/\/arensburgerla-9bj1862.slack.com\/files\/U01793PULLV\/F03K7SPKUU8\/quantify_word_differences.pl\/edit",
                "is_starred": false,
                "has_rich_preview": false,
                "file_access": "visible"
            }
        ],
        "upload": false,
        "user": "U01793PULLV",
        "display_as_bot": false,
        "ts": "1654708528.377449",
        "blocks": [
            {
                "type": "rich_text",
                "block_id": "W+bj",
                "elements": [
                    {
                        "type": "rich_text_section",
                        "elements": [
                            {
                                "type": "text",
                                "text": "Rob sent and "
                            },
                            {
                                "type": "link",
                                "url": "https:\/\/mail.google.com\/mail\/u\/0\/#inbox\/FMfcgzGpGKjbSXHXhflHnGzlzmGTTgzr",
                                "text": "email"
                            },
                            {
                                "type": "text",
                                "text": " today, saying the he thought the term \"mitochondrial\" was over-represented in the terms for anterior, I wrote a script to see how often individual terms are associated with differences between the two files. I don't think Rob's conclusions hold up.\n"
                            }
                        ]
                    },
                    {
                        "type": "rich_text_preformatted",
                        "elements": [
                            {
                                "type": "text",
                                "text": "peter@carmen:~\/Brian_culex_work\/testing_word_choice$ perl quantify_word_differences.pl -1 Culex_genes_higher_in_anterior_than_posterior.csv -2 Culex_genes_higher_in_posterior_than_anterior.csv > test.xls"
                            }
                        ],
                        "border": 0
                    }
                ]
            }
        ],
        "client_msg_id": "e532a4a3-fc21-4be1-88d8-e61ff76c7fca"
    }
]