[
    {
        "client_msg_id": "21912bf1-80c9-41ce-9e96-cec8f913e555",
        "type": "message",
        "text": "downloaded the list of genes from VectorBase and creating the gene2transcript.txt file\n```peter@carmen:~\/Brian_culex_work$ perl produce_gene_table.pl GenesByGeneModelChars_Summary.txt &gt; gene2transcript.txt\npeter@carmen:~\/Brian_culex_work$ scp gene2transcript.txt arensburger@cppbc:~\/Federici_work\/Culex```",
        "user": "U01793PULLV",
        "ts": "1653880254.456339",
        "blocks": [
            {
                "type": "rich_text",
                "block_id": "bEYrX",
                "elements": [
                    {
                        "type": "rich_text_section",
                        "elements": [
                            {
                                "type": "text",
                                "text": "downloaded the list of genes from VectorBase and creating the gene2transcript.txt file\n"
                            }
                        ]
                    },
                    {
                        "type": "rich_text_preformatted",
                        "elements": [
                            {
                                "type": "text",
                                "text": "peter@carmen:~\/Brian_culex_work$ perl produce_gene_table.pl GenesByGeneModelChars_Summary.txt > gene2transcript.txt\npeter@carmen:~\/Brian_culex_work$ scp gene2transcript.txt arensburger@cppbc:~\/Federici_work\/Culex"
                            }
                        ],
                        "border": 0
                    }
                ]
            }
        ],
        "team": "T017P3M8W7K",
        "user_team": "T017P3M8W7K",
        "source_team": "T017P3M8W7K",
        "user_profile": {
            "avatar_hash": "743a9fc0b5f6",
            "image_72": "https:\/\/avatars.slack-edge.com\/2022-06-30\/3731255580839_743a9fc0b5f63f195af3_72.jpg",
            "first_name": "parensburger",
            "real_name": "parensburger",
            "display_name": "Peter",
            "team": "T017P3M8W7K",
            "name": "parensburger",
            "is_restricted": false,
            "is_ultra_restricted": false
        }
    },
    {
        "client_msg_id": "4dc664c9-bb38-401d-b906-d7587750993d",
        "type": "message",
        "text": "getting script ready in diff.R",
        "user": "U01793PULLV",
        "ts": "1653880267.312229",
        "blocks": [
            {
                "type": "rich_text",
                "block_id": "5av+",
                "elements": [
                    {
                        "type": "rich_text_section",
                        "elements": [
                            {
                                "type": "text",
                                "text": "getting script ready in diff.R"
                            }
                        ]
                    }
                ]
            }
        ],
        "team": "T017P3M8W7K",
        "user_team": "T017P3M8W7K",
        "source_team": "T017P3M8W7K",
        "user_profile": {
            "avatar_hash": "743a9fc0b5f6",
            "image_72": "https:\/\/avatars.slack-edge.com\/2022-06-30\/3731255580839_743a9fc0b5f63f195af3_72.jpg",
            "first_name": "parensburger",
            "real_name": "parensburger",
            "display_name": "Peter",
            "team": "T017P3M8W7K",
            "name": "parensburger",
            "is_restricted": false,
            "is_ultra_restricted": false
        }
    },
    {
        "client_msg_id": "53992113-f8c2-4896-84c8-8937acc1da3e",
        "type": "message",
        "text": "stuck on CPPBC because can't install DESeq2 in R, need top run this locally I think",
        "user": "U01793PULLV",
        "ts": "1653881253.103479",
        "blocks": [
            {
                "type": "rich_text",
                "block_id": "BeM",
                "elements": [
                    {
                        "type": "rich_text_section",
                        "elements": [
                            {
                                "type": "text",
                                "text": "stuck on CPPBC because can't install DESeq2 in R, need top run this locally I think"
                            }
                        ]
                    }
                ]
            }
        ],
        "team": "T017P3M8W7K",
        "user_team": "T017P3M8W7K",
        "source_team": "T017P3M8W7K",
        "user_profile": {
            "avatar_hash": "743a9fc0b5f6",
            "image_72": "https:\/\/avatars.slack-edge.com\/2022-06-30\/3731255580839_743a9fc0b5f63f195af3_72.jpg",
            "first_name": "parensburger",
            "real_name": "parensburger",
            "display_name": "Peter",
            "team": "T017P3M8W7K",
            "name": "parensburger",
            "is_restricted": false,
            "is_ultra_restricted": false
        }
    }
]