[
    {
        "client_msg_id": "ed0247f7-6fcb-4662-8176-f5fb16f0c31c",
        "type": "message",
        "text": "Found a site at university of Tartu that does the GO analysis for you. <https:\/\/biit.cs.ut.ee\/gprofiler\/gost> sent Rob and Brian the results of using it with the Culex data.",
        "user": "U01793PULLV",
        "ts": "1656889402.765099",
        "blocks": [
            {
                "type": "rich_text",
                "block_id": "eswZA",
                "elements": [
                    {
                        "type": "rich_text_section",
                        "elements": [
                            {
                                "type": "text",
                                "text": "Found a site at university of Tartu that does the GO analysis for you. "
                            },
                            {
                                "type": "link",
                                "url": "https:\/\/biit.cs.ut.ee\/gprofiler\/gost"
                            },
                            {
                                "type": "text",
                                "text": " sent Rob and Brian the results of using it with the Culex data."
                            }
                        ]
                    }
                ]
            }
        ],
        "team": "T017P3M8W7K",
        "user_team": "T017P3M8W7K",
        "source_team": "T017P3M8W7K",
        "user_profile": {
            "avatar_hash": "743a9fc0b5f6",
            "image_72": "https:\/\/avatars.slack-edge.com\/2022-06-30\/3731255580839_743a9fc0b5f63f195af3_72.jpg",
            "first_name": "parensburger",
            "real_name": "parensburger",
            "display_name": "Peter",
            "team": "T017P3M8W7K",
            "name": "parensburger",
            "is_restricted": false,
            "is_ultra_restricted": false
        }
    }
]