[
    {
        "type": "message",
        "text": "wrote a script to combine the files\n```peter@carmen:~\/Brian_culex_work$ perl combine_columns.pl GenesByGeneModelChars_Summary.txt DEseq_LFC_Culex_posterior_vs_anterior.csv &gt; DEseq_Culex_description.xls```",
        "files": [
            {
                "id": "F03HN4JCL5V",
                "created": 1654197245,
                "timestamp": 1654197245,
                "name": "combine_columns.pl",
                "title": "combine_columns.pl",
                "mimetype": "text\/plain",
                "filetype": "perl",
                "pretty_type": "Perl",
                "user": "U01793PULLV",
                "user_team": "T017P3M8W7K",
                "editable": true,
                "size": 786,
                "mode": "snippet",
                "is_external": false,
                "external_type": "",
                "is_public": true,
                "public_url_shared": false,
                "display_as_bot": false,
                "username": "",
                "url_private": "https:\/\/files.slack.com\/files-pri\/T017P3M8W7K-F03HN4JCL5V\/combine_columns.pl?t=xoxe-1261123302257-6395895314663-6407612319125-137f2171a6b5696e8e285d5b7bbfa693",
                "url_private_download": "https:\/\/files.slack.com\/files-pri\/T017P3M8W7K-F03HN4JCL5V\/download\/combine_columns.pl?t=xoxe-1261123302257-6395895314663-6407612319125-137f2171a6b5696e8e285d5b7bbfa693",
                "permalink": "https:\/\/arensburgerla-9bj1862.slack.com\/files\/U01793PULLV\/F03HN4JCL5V\/combine_columns.pl",
                "permalink_public": "https:\/\/slack-files.com\/T017P3M8W7K-F03HN4JCL5V-b84b1d7923",
                "edit_link": "https:\/\/arensburgerla-9bj1862.slack.com\/files\/U01793PULLV\/F03HN4JCL5V\/combine_columns.pl\/edit",
                "is_starred": false,
                "has_rich_preview": false,
                "file_access": "visible"
            }
        ],
        "upload": false,
        "user": "U01793PULLV",
        "display_as_bot": false,
        "ts": "1654197253.524359",
        "blocks": [
            {
                "type": "rich_text",
                "block_id": "qQ=",
                "elements": [
                    {
                        "type": "rich_text_section",
                        "elements": [
                            {
                                "type": "text",
                                "text": "wrote a script to combine the files\n"
                            }
                        ]
                    },
                    {
                        "type": "rich_text_preformatted",
                        "elements": [
                            {
                                "type": "text",
                                "text": "peter@carmen:~\/Brian_culex_work$ perl combine_columns.pl GenesByGeneModelChars_Summary.txt DEseq_LFC_Culex_posterior_vs_anterior.csv > DEseq_Culex_description.xls"
                            }
                        ],
                        "border": 0
                    }
                ]
            }
        ],
        "client_msg_id": "2194cc2c-2682-4784-92e8-50d284a5410e"
    },
    {
        "type": "message",
        "text": "divided up the files into higher in anterior and posterior",
        "files": [
            {
                "id": "F03HW7YF6AJ",
                "created": 1654198425,
                "timestamp": 1654198425,
                "name": "Culex_genes_higher_in_anterior_than_posterior.xlsx",
                "title": "Culex_genes_higher_in_anterior_than_posterior.xlsx",
                "mimetype": "application\/vnd.openxmlformats-officedocument.spreadsheetml.sheet",
                "filetype": "xlsx",
                "pretty_type": "Excel Spreadsheet",
                "user": "U01793PULLV",
                "user_team": "T017P3M8W7K",
                "editable": false,
                "size": 571653,
                "mode": "hosted",
                "is_external": false,
                "external_type": "",
                "is_public": true,
                "public_url_shared": false,
                "display_as_bot": false,
                "username": "",
                "url_private": "https:\/\/files.slack.com\/files-pri\/T017P3M8W7K-F03HW7YF6AJ\/culex_genes_higher_in_anterior_than_posterior.xlsx?t=xoxe-1261123302257-6395895314663-6407612319125-137f2171a6b5696e8e285d5b7bbfa693",
                "url_private_download": "https:\/\/files.slack.com\/files-pri\/T017P3M8W7K-F03HW7YF6AJ\/download\/culex_genes_higher_in_anterior_than_posterior.xlsx?t=xoxe-1261123302257-6395895314663-6407612319125-137f2171a6b5696e8e285d5b7bbfa693",
                "media_display_type": "unknown",
                "converted_pdf": "https:\/\/files.slack.com\/files-tmb\/T017P3M8W7K-F03HW7YF6AJ-53cfaaf46c\/culex_genes_higher_in_anterior_than_posterior_converted.pdf?t=xoxe-1261123302257-6395895314663-6407612319125-137f2171a6b5696e8e285d5b7bbfa693",
                "thumb_pdf": "https:\/\/files.slack.com\/files-tmb\/T017P3M8W7K-F03HW7YF6AJ-53cfaaf46c\/culex_genes_higher_in_anterior_than_posterior_thumb_pdf.png?t=xoxe-1261123302257-6395895314663-6407612319125-137f2171a6b5696e8e285d5b7bbfa693",
                "thumb_pdf_w": 935,
                "thumb_pdf_h": 1210,
                "permalink": "https:\/\/arensburgerla-9bj1862.slack.com\/files\/U01793PULLV\/F03HW7YF6AJ\/culex_genes_higher_in_anterior_than_posterior.xlsx",
                "permalink_public": "https:\/\/slack-files.com\/T017P3M8W7K-F03HW7YF6AJ-f4e7dcbf0b",
                "is_starred": false,
                "has_rich_preview": false,
                "file_access": "visible"
            },
            {
                "id": "F03HN7NF2VD",
                "created": 1654198432,
                "timestamp": 1654198432,
                "name": "Culex_genes_higher_in_posterior_than_anterior.xlsx",
                "title": "Culex_genes_higher_in_posterior_than_anterior.xlsx",
                "mimetype": "application\/vnd.openxmlformats-officedocument.spreadsheetml.sheet",
                "filetype": "xlsx",
                "pretty_type": "Excel Spreadsheet",
                "user": "U01793PULLV",
                "user_team": "T017P3M8W7K",
                "editable": false,
                "size": 561438,
                "mode": "hosted",
                "is_external": false,
                "external_type": "",
                "is_public": true,
                "public_url_shared": false,
                "display_as_bot": false,
                "username": "",
                "url_private": "https:\/\/files.slack.com\/files-pri\/T017P3M8W7K-F03HN7NF2VD\/culex_genes_higher_in_posterior_than_anterior.xlsx?t=xoxe-1261123302257-6395895314663-6407612319125-137f2171a6b5696e8e285d5b7bbfa693",
                "url_private_download": "https:\/\/files.slack.com\/files-pri\/T017P3M8W7K-F03HN7NF2VD\/download\/culex_genes_higher_in_posterior_than_anterior.xlsx?t=xoxe-1261123302257-6395895314663-6407612319125-137f2171a6b5696e8e285d5b7bbfa693",
                "media_display_type": "unknown",
                "converted_pdf": "https:\/\/files.slack.com\/files-tmb\/T017P3M8W7K-F03HN7NF2VD-e39d71b503\/culex_genes_higher_in_posterior_than_anterior_converted.pdf?t=xoxe-1261123302257-6395895314663-6407612319125-137f2171a6b5696e8e285d5b7bbfa693",
                "thumb_pdf": "https:\/\/files.slack.com\/files-tmb\/T017P3M8W7K-F03HN7NF2VD-e39d71b503\/culex_genes_higher_in_posterior_than_anterior_thumb_pdf.png?t=xoxe-1261123302257-6395895314663-6407612319125-137f2171a6b5696e8e285d5b7bbfa693",
                "thumb_pdf_w": 935,
                "thumb_pdf_h": 1210,
                "permalink": "https:\/\/arensburgerla-9bj1862.slack.com\/files\/U01793PULLV\/F03HN7NF2VD\/culex_genes_higher_in_posterior_than_anterior.xlsx",
                "permalink_public": "https:\/\/slack-files.com\/T017P3M8W7K-F03HN7NF2VD-98db46a11a",
                "is_starred": false,
                "has_rich_preview": false,
                "file_access": "visible"
            }
        ],
        "upload": false,
        "user": "U01793PULLV",
        "ts": "1654198439.359089",
        "blocks": [
            {
                "type": "rich_text",
                "block_id": "92PU",
                "elements": [
                    {
                        "type": "rich_text_section",
                        "elements": [
                            {
                                "type": "text",
                                "text": "divided up the files into higher in anterior and posterior"
                            }
                        ]
                    }
                ]
            }
        ],
        "client_msg_id": "0f38a4a8-32c9-4406-a577-b8c8a44ab52b"
    }
]