[
{"id":"F066VF62N5T","created":1700674832,"name":"Untitled","title":"Shared Resources","mimetype":"application\/vnd.slack-docs","filetype":"quip","pretty_type":"Canvas","user":"USLACKBOT","editable":true,"size":215,"mode":"quip","is_public":true,"is_tombstoned":false,"public_url_shared":false,"date_delete":0,"url_private_download":"https:\/\/files.slack.com\/files-pri\/T017P3M8W7K-F066VF62N5T\/download\/canvas?t=xoxe-1261123302257-6395895314663-6407612319125-137f2171a6b5696e8e285d5b7bbfa693","shares":[{"team":"T017P3M8W7K","channel":"C05QE0FPE6Q"}],"export_timestamp":1704136179},
{"id":"F060TQGARCP","created":1697433135,"name":"Employee_Onboarding","title":"Employee Onboarding","mimetype":"application\/vnd.slack-docs","filetype":"quip","pretty_type":"Canvas","user":"USLACKBOT","editable":true,"size":813,"mode":"quip","is_public":true,"is_tombstoned":false,"public_url_shared":false,"date_delete":0,"url_private_download":"https:\/\/files.slack.com\/files-pri\/T017P3M8W7K-F060TQGARCP\/download\/canvas?t=xoxe-1261123302257-6395895314663-6407612319125-137f2171a6b5696e8e285d5b7bbfa693","shares":[{"team":"T017P3M8W7K","channel":"C016VN8D0A3"}],"export_timestamp":1704136179},
{"id":"F0611MDUQHL","created":1697433161,"name":"Product_Brief","title":"Product Brief","mimetype":"application\/vnd.slack-docs","filetype":"quip","pretty_type":"Canvas","user":"USLACKBOT","editable":true,"size":571,"mode":"quip","is_public":true,"is_tombstoned":false,"public_url_shared":false,"date_delete":0,"url_private_download":"https:\/\/files.slack.com\/files-pri\/T017P3M8W7K-F0611MDUQHL\/download\/canvas?t=xoxe-1261123302257-6395895314663-6407612319125-137f2171a6b5696e8e285d5b7bbfa693","shares":[{"team":"T017P3M8W7K","channel":"C016VN8D0A3"}],"export_timestamp":1704136179},
{"id":"F0611ME7U3G","created":1697433168,"name":"Marketing_Project_Outline","title":"Marketing Project Outline","mimetype":"application\/vnd.slack-docs","filetype":"quip","pretty_type":"Canvas","user":"USLACKBOT","editable":true,"size":501,"mode":"quip","is_public":true,"is_tombstoned":false,"public_url_shared":false,"date_delete":0,"url_private_download":"https:\/\/files.slack.com\/files-pri\/T017P3M8W7K-F0611ME7U3G\/download\/canvas?t=xoxe-1261123302257-6395895314663-6407612319125-137f2171a6b5696e8e285d5b7bbfa693","shares":[{"team":"T017P3M8W7K","channel":"C016VN8D0A3"}],"export_timestamp":1704136179},
{"id":"F01DTE9NJCX","created":1604708913,"name":"Todo_list_for_chicken_assembly","title":"Todo list for chicken assembly","mimetype":"application\/vnd.slack-docs","filetype":"quip","pretty_type":"Canvas","user":"U01793PULLV","editable":true,"size":93,"mode":"quip","is_public":true,"is_tombstoned":false,"public_url_shared":false,"date_delete":0,"url_private_download":"https:\/\/files.slack.com\/files-pri\/T017P3M8W7K-F01DTE9NJCX\/download\/canvas?t=xoxe-1261123302257-6395895314663-6407612319125-137f2171a6b5696e8e285d5b7bbfa693","shares":[{"team":"T017P3M8W7K","channel":"C017GLQ8892"}],"export_timestamp":1704136179},
{"id":"F0615D7QQER","created":1697433208,"name":"Objectives_and_Key_Results__OKRs_","title":"Objectives and Key Results (OKRs)","mimetype":"application\/vnd.slack-docs","filetype":"quip","pretty_type":"Canvas","user":"USLACKBOT","editable":true,"size":717,"mode":"quip","is_public":true,"is_tombstoned":false,"public_url_shared":false,"date_delete":0,"url_private_download":"https:\/\/files.slack.com\/files-pri\/T017P3M8W7K-F0615D7QQER\/download\/canvas?t=xoxe-1261123302257-6395895314663-6407612319125-137f2171a6b5696e8e285d5b7bbfa693","shares":[{"team":"T017P3M8W7K","channel":"C016VN8D0A3"}],"export_timestamp":1704136179},
{"id":"F061XAQ3V24","created":1697433215,"name":"Employee_Benefits","title":"Employee Benefits","mimetype":"application\/vnd.slack-docs","filetype":"quip","pretty_type":"Canvas","user":"USLACKBOT","editable":true,"size":452,"mode":"quip","is_public":true,"is_tombstoned":false,"public_url_shared":false,"date_delete":0,"url_private_download":"https:\/\/files.slack.com\/files-pri\/T017P3M8W7K-F061XAQ3V24\/download\/canvas?t=xoxe-1261123302257-6395895314663-6407612319125-137f2171a6b5696e8e285d5b7bbfa693","shares":[{"team":"T017P3M8W7K","channel":"C016VN8D0A3"}],"export_timestamp":1704136179},
{"id":"F061M08A10R","created":1697433181,"name":"Out_of_Office_Coverage_Plan","title":"Out of Office Coverage Plan","mimetype":"application\/vnd.slack-docs","filetype":"quip","pretty_type":"Canvas","user":"USLACKBOT","editable":true,"size":721,"mode":"quip","is_public":true,"is_tombstoned":false,"public_url_shared":false,"date_delete":0,"url_private_download":"https:\/\/files.slack.com\/files-pri\/T017P3M8W7K-F061M08A10R\/download\/canvas?t=xoxe-1261123302257-6395895314663-6407612319125-137f2171a6b5696e8e285d5b7bbfa693","shares":[{"team":"T017P3M8W7K","channel":"C016VN8D0A3"}],"export_timestamp":1704136179},
{"id":"F0611MDL63G","created":1697433154,"name":"Weekly_Sync","title":"Weekly Sync","mimetype":"application\/vnd.slack-docs","filetype":"quip","pretty_type":"Canvas","user":"USLACKBOT","editable":true,"size":0,"mode":"quip","is_public":true,"is_tombstoned":false,"public_url_shared":false,"date_delete":0,"url_private_download":"https:\/\/files.slack.com\/files-pri\/T017P3M8W7K-F0611MDL63G\/download\/canvas?t=xoxe-1261123302257-6395895314663-6407612319125-137f2171a6b5696e8e285d5b7bbfa693","shares":[{"team":"T017P3M8W7K","channel":"C016VN8D0A3"}],"export_timestamp":1704136179},
{"id":"F061M0A2C1F","created":1697433222,"name":"Shared_Resources","title":"Shared Resources","mimetype":"application\/vnd.slack-docs","filetype":"quip","pretty_type":"Canvas","user":"USLACKBOT","editable":true,"size":198,"mode":"quip","is_public":true,"is_tombstoned":false,"public_url_shared":false,"date_delete":0,"url_private_download":"https:\/\/files.slack.com\/files-pri\/T017P3M8W7K-F061M0A2C1F\/download\/canvas?t=xoxe-1261123302257-6395895314663-6407612319125-137f2171a6b5696e8e285d5b7bbfa693","shares":[{"team":"T017P3M8W7K","channel":"C016VN8D0A3"}],"export_timestamp":1704136179},
{"id":"F0611MDC3GW","created":1697433148,"name":"Channel_Overview","title":"Channel Overview","mimetype":"application\/vnd.slack-docs","filetype":"quip","pretty_type":"Canvas","user":"USLACKBOT","editable":true,"size":189,"mode":"quip","is_public":true,"is_tombstoned":false,"public_url_shared":false,"date_delete":0,"url_private_download":"https:\/\/files.slack.com\/files-pri\/T017P3M8W7K-F0611MDC3GW\/download\/canvas?t=xoxe-1261123302257-6395895314663-6407612319125-137f2171a6b5696e8e285d5b7bbfa693","shares":[{"team":"T017P3M8W7K","channel":"C016VN8D0A3"}],"export_timestamp":1704136179},
{"id":"F0618842TJ7","created":1697433228,"name":"Agenda","title":"Agenda","mimetype":"application\/vnd.slack-docs","filetype":"quip","pretty_type":"Canvas","user":"USLACKBOT","editable":true,"size":276,"mode":"quip","is_public":true,"is_tombstoned":false,"public_url_shared":false,"date_delete":0,"url_private_download":"https:\/\/files.slack.com\/files-pri\/T017P3M8W7K-F0618842TJ7\/download\/canvas?t=xoxe-1261123302257-6395895314663-6407612319125-137f2171a6b5696e8e285d5b7bbfa693","shares":[{"team":"T017P3M8W7K","channel":"C016VN8D0A3"}],"export_timestamp":1704136179},
{"id":"F061AQ345HS","created":1697433174,"name":"Sales_Enablement_Hub","title":"Sales Enablement Hub","mimetype":"application\/vnd.slack-docs","filetype":"quip","pretty_type":"Canvas","user":"USLACKBOT","editable":true,"size":653,"mode":"quip","is_public":true,"is_tombstoned":false,"public_url_shared":false,"date_delete":0,"url_private_download":"https:\/\/files.slack.com\/files-pri\/T017P3M8W7K-F061AQ345HS\/download\/canvas?t=xoxe-1261123302257-6395895314663-6407612319125-137f2171a6b5696e8e285d5b7bbfa693","shares":[{"team":"T017P3M8W7K","channel":"C016VN8D0A3"}],"export_timestamp":1704136179},
{"id":"F05MHKCV73K","created":1691625150,"name":"Blank_canvas_here","title":"Blank canvas here","mimetype":"application\/vnd.slack-docs","filetype":"quip","pretty_type":"Canvas","user":"USLACKBOT","editable":true,"size":17,"mode":"quip","is_public":true,"is_tombstoned":false,"public_url_shared":false,"date_delete":0,"url_private_download":"https:\/\/files.slack.com\/files-pri\/T017P3M8W7K-F05MHKCV73K\/download\/canvas?t=xoxe-1261123302257-6395895314663-6407612319125-137f2171a6b5696e8e285d5b7bbfa693","shares":[{"team":"T017P3M8W7K","channel":"C01K91017U5"}],"export_timestamp":1704136179},
{"id":"F0615D6TZD3","created":1697433187,"name":"Technical_Specifications","title":"Technical Specifications","mimetype":"application\/vnd.slack-docs","filetype":"quip","pretty_type":"Canvas","user":"USLACKBOT","editable":true,"size":748,"mode":"quip","is_public":true,"is_tombstoned":false,"public_url_shared":false,"date_delete":0,"url_private_download":"https:\/\/files.slack.com\/files-pri\/T017P3M8W7K-F0615D6TZD3\/download\/canvas?t=xoxe-1261123302257-6395895314663-6407612319125-137f2171a6b5696e8e285d5b7bbfa693","shares":[{"team":"T017P3M8W7K","channel":"C016VN8D0A3"}],"export_timestamp":1704136179},
{"id":"F017NLHNF7E","created":1595354139,"name":"To_do_list","title":"To do list","mimetype":"application\/vnd.slack-docs","filetype":"quip","pretty_type":"Canvas","user":"U01793PULLV","editable":true,"size":91,"mode":"quip","is_public":true,"is_tombstoned":false,"public_url_shared":false,"date_delete":0,"url_private_download":"https:\/\/files.slack.com\/files-pri\/T017P3M8W7K-F017NLHNF7E\/download\/canvas?t=xoxe-1261123302257-6395895314663-6407612319125-137f2171a6b5696e8e285d5b7bbfa693","export_timestamp":1704136179},
{"id":"F0611MD3L3G","created":1697433142,"name":"Monthly_Newsletter","title":"Monthly Newsletter","mimetype":"application\/vnd.slack-docs","filetype":"quip","pretty_type":"Canvas","user":"USLACKBOT","editable":true,"size":1334,"mode":"quip","is_public":true,"is_tombstoned":false,"public_url_shared":false,"date_delete":0,"url_private_download":"https:\/\/files.slack.com\/files-pri\/T017P3M8W7K-F0611MD3L3G\/download\/canvas?t=xoxe-1261123302257-6395895314663-6407612319125-137f2171a6b5696e8e285d5b7bbfa693","shares":[{"team":"T017P3M8W7K","channel":"C016VN8D0A3"}],"export_timestamp":1704136179},
{"id":"F017GM3N0J0","created":1595010890,"name":"Summary_of_what___s_been_done_so_far","title":"Summary of what\u2019s been done so far","mimetype":"application\/vnd.slack-docs","filetype":"quip","pretty_type":"Canvas","user":"U01793PULLV","editable":true,"size":720,"mode":"quip","is_public":true,"is_tombstoned":false,"public_url_shared":false,"date_delete":0,"url_private_download":"https:\/\/files.slack.com\/files-pri\/T017P3M8W7K-F017GM3N0J0\/download\/canvas?t=xoxe-1261123302257-6395895314663-6407612319125-137f2171a6b5696e8e285d5b7bbfa693","shares":[{"team":"T017P3M8W7K","channel":"C017GLQ8892"}],"export_timestamp":1704136179},
{"id":"F0611MF9VSS","created":1697433194,"name":"Incident_Summary","title":"Incident Summary","mimetype":"application\/vnd.slack-docs","filetype":"quip","pretty_type":"Canvas","user":"USLACKBOT","editable":true,"size":579,"mode":"quip","is_public":true,"is_tombstoned":false,"public_url_shared":false,"date_delete":0,"url_private_download":"https:\/\/files.slack.com\/files-pri\/T017P3M8W7K-F0611MF9VSS\/download\/canvas?t=xoxe-1261123302257-6395895314663-6407612319125-137f2171a6b5696e8e285d5b7bbfa693","shares":[{"team":"T017P3M8W7K","channel":"C016VN8D0A3"}],"export_timestamp":1704136179},
{"id":"F061M095ZBK","created":1697433201,"name":"Event_Planning","title":"Event Planning","mimetype":"application\/vnd.slack-docs","filetype":"quip","pretty_type":"Canvas","user":"USLACKBOT","editable":true,"size":176,"mode":"quip","is_public":true,"is_tombstoned":false,"public_url_shared":false,"date_delete":0,"url_private_download":"https:\/\/files.slack.com\/files-pri\/T017P3M8W7K-F061M095ZBK\/download\/canvas?t=xoxe-1261123302257-6395895314663-6407612319125-137f2171a6b5696e8e285d5b7bbfa693","shares":[{"team":"T017P3M8W7K","channel":"C016VN8D0A3"}],"export_timestamp":1704136179}
]