[
{
    "id": "C016VN8D0A3",
    "name": "general",
    "created": 1595009922,
    "creator": "U01793PULLV",
    "is_archived": false,
    "is_general": true,
    "members": [
        "U01793PULLV",
        "U05Q4JT5PHU",
        "U05QB6DPE82"
    ],
    "topic": {
        "value": "Company-wide announcements and work-based matters",
        "creator": "U01793PULLV",
        "last_set": 1595009922
    },
    "purpose": {
        "value": "This channel is for workspace-wide communication and announcements. All members are in this channel.",
        "creator": "U01793PULLV",
        "last_set": 1595009922
    }
},
{
    "id": "C0173NKS8ES",
    "name": "research",
    "created": 1595009923,
    "creator": "U01793PULLV",
    "is_archived": false,
    "is_general": false,
    "members": [
        "U05Q4JT5PHU",
        "U05QB6DPE82"
    ],
    "topic": {
        "value": "",
        "creator": "",
        "last_set": 0
    },
    "purpose": {
        "value": "",
        "creator": "",
        "last_set": 0
    }
},
{
    "id": "C017GL3U6H2",
    "name": "random",
    "created": 1595009922,
    "creator": "U01793PULLV",
    "is_archived": false,
    "is_general": false,
    "members": [
        "U05Q4JT5PHU",
        "U05QB6DPE82"
    ],
    "topic": {
        "value": "Non-work banter and water cooler conversation",
        "creator": "U01793PULLV",
        "last_set": 1595009922
    },
    "purpose": {
        "value": "A place for non-work-related flimflam, faffing, hodge-podge or jibber-jabber you'd prefer to keep out of more focused work-related channels.",
        "creator": "U01793PULLV",
        "last_set": 1595009922
    }
},
{
    "id": "C01821DBKNG",
    "name": "chicken_pgc-assembly-alignment",
    "created": 1595959283,
    "creator": "U01793PULLV",
    "is_archived": true,
    "is_general": false,
    "members": [],
    "topic": {
        "value": "",
        "creator": "",
        "last_set": 0
    },
    "purpose": {
        "value": "How to compare alignments",
        "creator": "U01793PULLV",
        "last_set": 1595959284
    }
},
{
    "id": "C018V7TR2TT",
    "name": "research_ideas",
    "created": 1596821256,
    "creator": "U01793PULLV",
    "is_archived": false,
    "is_general": false,
    "members": [
        "U01793PULLV"
    ],
    "topic": {
        "value": "",
        "creator": "",
        "last_set": 0
    },
    "purpose": {
        "value": "",
        "creator": "",
        "last_set": 0
    }
},
{
    "id": "C01K91017U5",
    "name": "spider_transposons",
    "created": 1611186019,
    "creator": "U01793PULLV",
    "is_archived": false,
    "is_general": false,
    "members": [
        "U01793PULLV"
    ],
    "pins": [
        {
            "id": "1655619458.333289",
            "type": "C",
            "created": 1656461430,
            "user": "U01793PULLV",
            "owner": "U01793PULLV"
        }
    ],
    "topic": {
        "value": "",
        "creator": "",
        "last_set": 0
    },
    "purpose": {
        "value": "Getting REPET to work",
        "creator": "U01793PULLV",
        "last_set": 1611186019
    }
},
{
    "id": "C01R1KGQN2V",
    "name": "emi-project",
    "created": 1615311164,
    "creator": "U01793PULLV",
    "is_archived": true,
    "is_general": false,
    "members": [],
    "topic": {
        "value": "",
        "creator": "",
        "last_set": 0
    },
    "purpose": {
        "value": "Analysis of TE output",
        "creator": "U01793PULLV",
        "last_set": 1615311164
    }
},
{
    "id": "C01V5H6T894",
    "name": "labwork_tepidariorum-genome",
    "created": 1619315022,
    "creator": "U01793PULLV",
    "is_archived": false,
    "is_general": false,
    "members": [
        "U01793PULLV",
        "U05Q4JT5PHU",
        "U05QB6DPE82"
    ],
    "topic": {
        "value": "",
        "creator": "",
        "last_set": 0
    },
    "purpose": {
        "value": "",
        "creator": "",
        "last_set": 0
    }
},
{
    "id": "C022YKGUFGF",
    "name": "spider_colony_and_collection",
    "created": 1622214376,
    "creator": "U01793PULLV",
    "is_archived": false,
    "is_general": false,
    "members": [
        "U01793PULLV"
    ],
    "topic": {
        "value": "",
        "creator": "",
        "last_set": 0
    },
    "purpose": {
        "value": "",
        "creator": "",
        "last_set": 0
    }
},
{
    "id": "C027HJ1PCPR",
    "name": "federici_tni",
    "created": 1626200273,
    "creator": "U01793PULLV",
    "is_archived": false,
    "is_general": false,
    "members": [
        "U01793PULLV"
    ],
    "topic": {
        "value": "",
        "creator": "",
        "last_set": 0
    },
    "purpose": {
        "value": "",
        "creator": "",
        "last_set": 0
    }
},
{
    "id": "C02890AJDD0",
    "name": "sabrina-project",
    "created": 1626401317,
    "creator": "U01793PULLV",
    "is_archived": false,
    "is_general": false,
    "members": [
        "U01793PULLV"
    ],
    "topic": {
        "value": "",
        "creator": "",
        "last_set": 0
    },
    "purpose": {
        "value": "Obtain statistics regrading the position of spider transposable elements",
        "creator": "U01793PULLV",
        "last_set": 1626453663
    }
},
{
    "id": "C02A823E70Q",
    "name": "ramiro-project",
    "created": 1627534905,
    "creator": "U01793PULLV",
    "is_archived": true,
    "is_general": false,
    "members": [],
    "topic": {
        "value": "",
        "creator": "",
        "last_set": 0
    },
    "purpose": {
        "value": "",
        "creator": "",
        "last_set": 0
    }
},
{
    "id": "C02QGL63VK7",
    "name": "fatima-project",
    "created": 1639426708,
    "creator": "U01793PULLV",
    "is_archived": true,
    "is_general": false,
    "members": [],
    "topic": {
        "value": "",
        "creator": "",
        "last_set": 0
    },
    "purpose": {
        "value": "finding bacterial contaminant",
        "creator": "U01793PULLV",
        "last_set": 1639426708
    }
},
{
    "id": "C03BXL91F9R",
    "name": "spider_transposons-manual_annotation",
    "created": 1650318923,
    "creator": "U01793PULLV",
    "is_archived": false,
    "is_general": false,
    "members": [
        "U01793PULLV"
    ],
    "pins": [
        {
            "id": "1650321159.019169",
            "type": "C",
            "created": 1657905662,
            "user": "U01793PULLV",
            "owner": "U01793PULLV"
        }
    ],
    "topic": {
        "value": "",
        "creator": "",
        "last_set": 0
    },
    "purpose": {
        "value": "",
        "creator": "",
        "last_set": 0
    }
},
{
    "id": "C03H6P9PJ2X",
    "name": "federici_culex",
    "created": 1653600631,
    "creator": "U01793PULLV",
    "is_archived": false,
    "is_general": false,
    "members": [
        "U01793PULLV"
    ],
    "topic": {
        "value": "",
        "creator": "",
        "last_set": 0
    },
    "purpose": {
        "value": "",
        "creator": "",
        "last_set": 0
    }
},
{
    "id": "C03N5RUE1U2",
    "name": "spider_transposons-mites",
    "created": 1656897249,
    "creator": "U01793PULLV",
    "is_archived": false,
    "is_general": false,
    "members": [
        "U01793PULLV"
    ],
    "topic": {
        "value": "",
        "creator": "",
        "last_set": 0
    },
    "purpose": {
        "value": "",
        "creator": "",
        "last_set": 0
    }
},
{
    "id": "C05QBEMMZ0B",
    "name": "mankirat-project",
    "created": 1693429781,
    "creator": "U01793PULLV",
    "is_archived": false,
    "is_general": false,
    "members": [
        "U01793PULLV",
        "U05Q4JT5PHU"
    ],
    "topic": {
        "value": "",
        "creator": "",
        "last_set": 0
    },
    "purpose": {
        "value": "Identify transposable element sequences in the genome of the Western Black Widow spider, Latrodectus hesperus",
        "creator": "U01793PULLV",
        "last_set": 1693429843
    }
},
{
    "id": "C05QE0FPE6Q",
    "name": "matthew-project",
    "created": 1693429498,
    "creator": "U01793PULLV",
    "is_archived": false,
    "is_general": false,
    "members": [
        "U01793PULLV",
        "U05QB6DPE82"
    ],
    "topic": {
        "value": "",
        "creator": "",
        "last_set": 0
    },
    "purpose": {
        "value": "Identifying transposable element sequences in the genome of the Golden Silk Orb-Weaver spider, Trichonephila clavipes",
        "creator": "U01793PULLV",
        "last_set": 1693429722
    }
}
]