[
    {
        "client_msg_id": "c6f40405-f92b-4621-a2c4-70f673a6f0e6",
        "type": "message",
        "text": "finished the run. Copied the results to file ptep.tar.gz under Work in GoogleDrive",
        "user": "U01793PULLV",
        "ts": "1613516405.000700",
        "blocks": [
            {
                "type": "rich_text",
                "block_id": "hL23",
                "elements": [
                    {
                        "type": "rich_text_section",
                        "elements": [
                            {
                                "type": "text",
                                "text": "finished the run. Copied the results to file ptep.tar.gz under Work in GoogleDrive"
                            }
                        ]
                    }
                ]
            }
        ],
        "team": "T017P3M8W7K",
        "user_team": "T017P3M8W7K",
        "source_team": "T017P3M8W7K",
        "user_profile": {
            "avatar_hash": "743a9fc0b5f6",
            "image_72": "https:\/\/avatars.slack-edge.com\/2022-06-30\/3731255580839_743a9fc0b5f63f195af3_72.jpg",
            "first_name": "parensburger",
            "real_name": "parensburger",
            "display_name": "Peter",
            "team": "T017P3M8W7K",
            "name": "parensburger",
            "is_restricted": false,
            "is_ultra_restricted": false
        }
    }
]