[
    {
        "client_msg_id": "802f162b-ac31-474c-8447-9f02f1621e78",
        "type": "message",
        "text": "the docker container seemed to have crashed. I had to start it again (with the command \"docker start test\"). It stopped while doing RM, so I am restarting just from that point (save the old RM folder under RM-old)\n```[centos@ab7cc9f050f3 Ptep3_TEannot]$ TEannot.py -P Ptep3 -C TEannot.cfg -S 2 -a RM -v 3 &gt; launchTEannot2-1.txt```",
        "user": "U01793PULLV",
        "ts": "1635966330.010200",
        "blocks": [
            {
                "type": "rich_text",
                "block_id": "OiIz",
                "elements": [
                    {
                        "type": "rich_text_section",
                        "elements": [
                            {
                                "type": "text",
                                "text": "the docker container seemed to have crashed. I had to start it again (with the command \"docker start test\"). It stopped while doing RM, so I am restarting just from that point (save the old RM folder under RM-old)\n"
                            }
                        ]
                    },
                    {
                        "type": "rich_text_preformatted",
                        "elements": [
                            {
                                "type": "text",
                                "text": "[centos@ab7cc9f050f3 Ptep3_TEannot]$ TEannot.py -P Ptep3 -C TEannot.cfg -S 2 -a RM -v 3 > launchTEannot2-1.txt"
                            }
                        ]
                    }
                ]
            }
        ],
        "team": "T017P3M8W7K",
        "user_team": "T017P3M8W7K",
        "source_team": "T017P3M8W7K",
        "user_profile": {
            "avatar_hash": "743a9fc0b5f6",
            "image_72": "https:\/\/avatars.slack-edge.com\/2022-06-30\/3731255580839_743a9fc0b5f63f195af3_72.jpg",
            "first_name": "parensburger",
            "real_name": "parensburger",
            "display_name": "Peter",
            "team": "T017P3M8W7K",
            "name": "parensburger",
            "is_restricted": false,
            "is_ultra_restricted": false
        }
    }
]