[
    {
        "client_msg_id": "fa120f63-7118-4a43-9433-2389a14a4ba0",
        "type": "message",
        "text": "Downloading Ptep 3 from <https:\/\/www.ncbi.nlm.nih.gov\/assembly\/GCF_000365465.3\/|here>",
        "user": "U01793PULLV",
        "ts": "1634320326.000400",
        "blocks": [
            {
                "type": "rich_text",
                "block_id": "JQUC4",
                "elements": [
                    {
                        "type": "rich_text_section",
                        "elements": [
                            {
                                "type": "text",
                                "text": "Downloading Ptep 3 from "
                            },
                            {
                                "type": "link",
                                "url": "https:\/\/www.ncbi.nlm.nih.gov\/assembly\/GCF_000365465.3\/",
                                "text": "here"
                            }
                        ]
                    }
                ]
            }
        ],
        "team": "T017P3M8W7K",
        "user_team": "T017P3M8W7K",
        "source_team": "T017P3M8W7K",
        "user_profile": {
            "avatar_hash": "743a9fc0b5f6",
            "image_72": "https:\/\/avatars.slack-edge.com\/2022-06-30\/3731255580839_743a9fc0b5f63f195af3_72.jpg",
            "first_name": "parensburger",
            "real_name": "parensburger",
            "display_name": "Peter",
            "team": "T017P3M8W7K",
            "name": "parensburger",
            "is_restricted": false,
            "is_ultra_restricted": false
        }
    },
    {
        "client_msg_id": "750ef6f5-6842-4624-b3d6-dcd5e02b1730",
        "type": "message",
        "text": "The idea is to run REPET denovo on Ptep3, then run REPET annot on that and compare to RepeatMasker. There's a repeatmasker run data on the NCBI site.",
        "user": "U01793PULLV",
        "ts": "1634320577.001900",
        "blocks": [
            {
                "type": "rich_text",
                "block_id": "NyBJs",
                "elements": [
                    {
                        "type": "rich_text_section",
                        "elements": [
                            {
                                "type": "text",
                                "text": "The idea is to run REPET denovo on Ptep3, then run REPET annot on that and compare to RepeatMasker. There's a repeatmasker run data on the NCBI site."
                            }
                        ]
                    }
                ]
            }
        ],
        "team": "T017P3M8W7K",
        "user_team": "T017P3M8W7K",
        "source_team": "T017P3M8W7K",
        "user_profile": {
            "avatar_hash": "743a9fc0b5f6",
            "image_72": "https:\/\/avatars.slack-edge.com\/2022-06-30\/3731255580839_743a9fc0b5f63f195af3_72.jpg",
            "first_name": "parensburger",
            "real_name": "parensburger",
            "display_name": "Peter",
            "team": "T017P3M8W7K",
            "name": "parensburger",
            "is_restricted": false,
            "is_ultra_restricted": false
        }
    }
]