[
    {
        "client_msg_id": "37046d06-1922-4436-a719-8ff1e9764aa6",
        "type": "message",
        "text": "```[centos@ab7cc9f050f3 Ptep3_TEdenovo]$ TEdenovo.py -P Ptep3 -C TEdenovo.cfg -S 8 -s Blaster -c GrpRec --struct -m Map -f Blastclust -v 3 &gt; launchTEdenovo11.txt```",
        "user": "U01793PULLV",
        "ts": "1635112044.005000",
        "blocks": [
            {
                "type": "rich_text",
                "block_id": "nmVk",
                "elements": [
                    {
                        "type": "rich_text_preformatted",
                        "elements": [
                            {
                                "type": "text",
                                "text": "[centos@ab7cc9f050f3 Ptep3_TEdenovo]$ TEdenovo.py -P Ptep3 -C TEdenovo.cfg -S 8 -s Blaster -c GrpRec --struct -m Map -f Blastclust -v 3 > launchTEdenovo11.txt"
                            }
                        ]
                    }
                ]
            }
        ],
        "team": "T017P3M8W7K",
        "user_team": "T017P3M8W7K",
        "source_team": "T017P3M8W7K",
        "user_profile": {
            "avatar_hash": "743a9fc0b5f6",
            "image_72": "https:\/\/avatars.slack-edge.com\/2022-06-30\/3731255580839_743a9fc0b5f63f195af3_72.jpg",
            "first_name": "parensburger",
            "real_name": "parensburger",
            "display_name": "Peter",
            "team": "T017P3M8W7K",
            "name": "parensburger",
            "is_restricted": false,
            "is_ultra_restricted": false
        },
        "edited": {
            "user": "U01793PULLV",
            "ts": "1635112424.000000"
        }
    }
]