[
    {
        "client_msg_id": "3987f9e3-933a-4050-a53e-9982050b3c0e",
        "type": "message",
        "text": "I rebooted the computer the other day. I'm going to try this again but with a small data set",
        "user": "U01793PULLV",
        "ts": "1639587783.000500",
        "blocks": [
            {
                "type": "rich_text",
                "block_id": "om1",
                "elements": [
                    {
                        "type": "rich_text_section",
                        "elements": [
                            {
                                "type": "text",
                                "text": "I rebooted the computer the other day. I'm going to try this again but with a small data set"
                            }
                        ]
                    }
                ]
            }
        ],
        "team": "T017P3M8W7K",
        "user_team": "T017P3M8W7K",
        "source_team": "T017P3M8W7K",
        "user_profile": {
            "avatar_hash": "743a9fc0b5f6",
            "image_72": "https:\/\/avatars.slack-edge.com\/2022-06-30\/3731255580839_743a9fc0b5f63f195af3_72.jpg",
            "first_name": "parensburger",
            "real_name": "parensburger",
            "display_name": "Peter",
            "team": "T017P3M8W7K",
            "name": "parensburger",
            "is_restricted": false,
            "is_ultra_restricted": false
        }
    },
    {
        "client_msg_id": "9f47b775-3bc9-4661-ac5a-9c7743159076",
        "type": "message",
        "text": "```[centos@ab7cc9f050f3 Ptep3_TEannot]$ mv Ptep3.fa Ptep3.fa.old\n[centos@ab7cc9f050f3 Ptep3_TEannot]$ head -n 1000000 Ptep3.fa.old &gt; Ptep3.fa\n[centos@ab7cc9f050f3 Ptep3_TEannot]$ TEannot.py -P Ptep3 -C TEannot.cfg -S 1 -v 3 &gt; launchTEannot3.txt\n[centos@ab7cc9f050f3 Ptep3_TEannot]$ launch_TEannot.py -P Ptep3 -C TEannot.cfg -S 2 -v 3 &gt; launchTEannot3-2.txt &amp;```\n",
        "user": "U01793PULLV",
        "ts": "1639589421.001200",
        "blocks": [
            {
                "type": "rich_text",
                "block_id": "2KBE",
                "elements": [
                    {
                        "type": "rich_text_preformatted",
                        "elements": [
                            {
                                "type": "text",
                                "text": "[centos@ab7cc9f050f3 Ptep3_TEannot]$ mv Ptep3.fa Ptep3.fa.old\n[centos@ab7cc9f050f3 Ptep3_TEannot]$ head -n 1000000 Ptep3.fa.old > Ptep3.fa\n[centos@ab7cc9f050f3 Ptep3_TEannot]$ TEannot.py -P Ptep3 -C TEannot.cfg -S 1 -v 3 > launchTEannot3.txt\n[centos@ab7cc9f050f3 Ptep3_TEannot]$ launch_TEannot.py -P Ptep3 -C TEannot.cfg -S 2 -v 3 > launchTEannot3-2.txt &"
                            }
                        ]
                    },
                    {
                        "type": "rich_text_section",
                        "elements": []
                    }
                ]
            }
        ],
        "team": "T017P3M8W7K",
        "user_team": "T017P3M8W7K",
        "source_team": "T017P3M8W7K",
        "user_profile": {
            "avatar_hash": "743a9fc0b5f6",
            "image_72": "https:\/\/avatars.slack-edge.com\/2022-06-30\/3731255580839_743a9fc0b5f63f195af3_72.jpg",
            "first_name": "parensburger",
            "real_name": "parensburger",
            "display_name": "Peter",
            "team": "T017P3M8W7K",
            "name": "parensburger",
            "is_restricted": false,
            "is_ultra_restricted": false
        }
    }
]