[
    {
        "client_msg_id": "2d093220-4e96-44fb-bd7b-7d9a03a56ff0",
        "type": "message",
        "text": "this took forever, too slow to use on carmen",
        "user": "U01793PULLV",
        "ts": "1611970350.000400",
        "blocks": [
            {
                "type": "rich_text",
                "block_id": "WBCc",
                "elements": [
                    {
                        "type": "rich_text_section",
                        "elements": [
                            {
                                "type": "text",
                                "text": "this took forever, too slow to use on carmen"
                            }
                        ]
                    }
                ]
            }
        ],
        "team": "T017P3M8W7K",
        "user_team": "T017P3M8W7K",
        "source_team": "T017P3M8W7K",
        "user_profile": {
            "avatar_hash": "743a9fc0b5f6",
            "image_72": "https:\/\/avatars.slack-edge.com\/2022-06-30\/3731255580839_743a9fc0b5f63f195af3_72.jpg",
            "first_name": "parensburger",
            "real_name": "parensburger",
            "display_name": "Peter",
            "team": "T017P3M8W7K",
            "name": "parensburger",
            "is_restricted": false,
            "is_ultra_restricted": false
        }
    },
    {
        "client_msg_id": "1e0d738a-60cc-43f8-8fc7-a0753578f72b",
        "type": "message",
        "text": "The dmel example worked quickly on traviata, trying now with small Ptep",
        "user": "U01793PULLV",
        "ts": "1611979397.000800",
        "blocks": [
            {
                "type": "rich_text",
                "block_id": "wp\/S",
                "elements": [
                    {
                        "type": "rich_text_section",
                        "elements": [
                            {
                                "type": "text",
                                "text": "The dmel example worked quickly on traviata, trying now with small Ptep"
                            }
                        ]
                    }
                ]
            }
        ],
        "team": "T017P3M8W7K",
        "user_team": "T017P3M8W7K",
        "source_team": "T017P3M8W7K",
        "user_profile": {
            "avatar_hash": "743a9fc0b5f6",
            "image_72": "https:\/\/avatars.slack-edge.com\/2022-06-30\/3731255580839_743a9fc0b5f63f195af3_72.jpg",
            "first_name": "parensburger",
            "real_name": "parensburger",
            "display_name": "Peter",
            "team": "T017P3M8W7K",
            "name": "parensburger",
            "is_restricted": false,
            "is_ultra_restricted": false
        }
    },
    {
        "client_msg_id": "5af8142e-17cf-44cc-a705-98486549cfdd",
        "type": "message",
        "text": "```peter@traviata:~$ scp arensburger@cppbc:~\/TEdenovo\/Ptep1.fa .\n[centos@470334f2698f Ptep1_TEdenovo]$ head -n 15 TEdenovo.cfg \n[repet_env]\nrepet_version: 3.0\nrepet_host: localhost\nrepet_user: orepet\nrepet_pw: repet_pw\nrepet_db: repet\nrepet_port: 3306\nrepet_job_manager: slurm\n\n[project]\nproject_name: Ptep1\nproject_dir: \/home\/centos\/Ptep1_TEdenovo\n[centos@470334f2698f Ptep1_TEdenovo]$ launch_TEdenovo.py -P Ptep1 -C TEdenovo.cfg -v 3 &gt; launchTEdenovo.txt &amp;```\n",
        "user": "U01793PULLV",
        "ts": "1611980161.001600",
        "blocks": [
            {
                "type": "rich_text",
                "block_id": "+VKvc",
                "elements": [
                    {
                        "type": "rich_text_preformatted",
                        "elements": [
                            {
                                "type": "text",
                                "text": "peter@traviata:~$ scp arensburger@cppbc:~\/TEdenovo\/Ptep1.fa .\n[centos@470334f2698f Ptep1_TEdenovo]$ head -n 15 TEdenovo.cfg \n[repet_env]\nrepet_version: 3.0\nrepet_host: localhost\nrepet_user: orepet\nrepet_pw: repet_pw\nrepet_db: repet\nrepet_port: 3306\nrepet_job_manager: slurm\n\n[project]\nproject_name: Ptep1\nproject_dir: \/home\/centos\/Ptep1_TEdenovo\n[centos@470334f2698f Ptep1_TEdenovo]$ launch_TEdenovo.py -P Ptep1 -C TEdenovo.cfg -v 3 > launchTEdenovo.txt &"
                            }
                        ]
                    },
                    {
                        "type": "rich_text_section",
                        "elements": []
                    }
                ]
            }
        ],
        "team": "T017P3M8W7K",
        "user_team": "T017P3M8W7K",
        "source_team": "T017P3M8W7K",
        "user_profile": {
            "avatar_hash": "743a9fc0b5f6",
            "image_72": "https:\/\/avatars.slack-edge.com\/2022-06-30\/3731255580839_743a9fc0b5f63f195af3_72.jpg",
            "first_name": "parensburger",
            "real_name": "parensburger",
            "display_name": "Peter",
            "team": "T017P3M8W7K",
            "name": "parensburger",
            "is_restricted": false,
            "is_ultra_restricted": false
        }
    }
]