[
    {
        "client_msg_id": "9713440e-1ab1-4548-8b6f-7cf1b6aa91be",
        "type": "message",
        "text": "The run yesterday crashed at Piler (obviously), but I'm going to see if I can run the next step without Piler (the -c does not include piler)\n```[centos@ab7cc9f050f3 Ptep3_TEdenovo]$ TEdenovo.py -P Ptep3 -C TEdenovo.cfg -S 5 -s Blaster -c GrpRec -m Map -v 3 &gt; launchTEdenovo3.txt```\nif this runs then I can edit the file \/usr\/local\/REPET_linux-x64-3.0\/bin\/launch_TEdenovo.py to remove all references to Piler and perhaps make the whole thing work",
        "user": "U01793PULLV",
        "ts": "1635013206.001500",
        "blocks": [
            {
                "type": "rich_text",
                "block_id": "dpDr",
                "elements": [
                    {
                        "type": "rich_text_section",
                        "elements": [
                            {
                                "type": "text",
                                "text": "The run yesterday crashed at Piler (obviously), but I'm going to see if I can run the next step without Piler (the -c does not include piler)\n"
                            }
                        ]
                    },
                    {
                        "type": "rich_text_preformatted",
                        "elements": [
                            {
                                "type": "text",
                                "text": "[centos@ab7cc9f050f3 Ptep3_TEdenovo]$ TEdenovo.py -P Ptep3 -C TEdenovo.cfg -S 5 -s Blaster -c GrpRec -m Map -v 3 > launchTEdenovo3.txt"
                            }
                        ]
                    },
                    {
                        "type": "rich_text_section",
                        "elements": [
                            {
                                "type": "text",
                                "text": "if this runs then I can edit the file \/usr\/local\/REPET_linux-x64-3.0\/bin\/launch_TEdenovo.py to remove all references to Piler and perhaps make the whole thing work"
                            }
                        ]
                    }
                ]
            }
        ],
        "team": "T017P3M8W7K",
        "user_team": "T017P3M8W7K",
        "source_team": "T017P3M8W7K",
        "user_profile": {
            "avatar_hash": "743a9fc0b5f6",
            "image_72": "https:\/\/avatars.slack-edge.com\/2022-06-30\/3731255580839_743a9fc0b5f63f195af3_72.jpg",
            "first_name": "parensburger",
            "real_name": "parensburger",
            "display_name": "Peter",
            "team": "T017P3M8W7K",
            "name": "parensburger",
            "is_restricted": false,
            "is_ultra_restricted": false
        }
    },
    {
        "client_msg_id": "d4c71c25-2af2-4321-a457-55d7ae1d5ad5",
        "type": "message",
        "text": "Note: after I rebooted the computer, I can restart the instance of docker by typing:\n```peter@faust:~$ docker start```",
        "user": "U01793PULLV",
        "ts": "1635013275.002300",
        "blocks": [
            {
                "type": "rich_text",
                "block_id": "4jH",
                "elements": [
                    {
                        "type": "rich_text_section",
                        "elements": [
                            {
                                "type": "text",
                                "text": "Note: after I rebooted the computer, I can restart the instance of docker by typing:\n"
                            }
                        ]
                    },
                    {
                        "type": "rich_text_preformatted",
                        "elements": [
                            {
                                "type": "text",
                                "text": "peter@faust:~$ docker start"
                            }
                        ]
                    }
                ]
            }
        ],
        "team": "T017P3M8W7K",
        "user_team": "T017P3M8W7K",
        "source_team": "T017P3M8W7K",
        "user_profile": {
            "avatar_hash": "743a9fc0b5f6",
            "image_72": "https:\/\/avatars.slack-edge.com\/2022-06-30\/3731255580839_743a9fc0b5f63f195af3_72.jpg",
            "first_name": "parensburger",
            "real_name": "parensburger",
            "display_name": "Peter",
            "team": "T017P3M8W7K",
            "name": "parensburger",
            "is_restricted": false,
            "is_ultra_restricted": false
        }
    },
    {
        "client_msg_id": "c344e36b-70b0-4f06-b044-3af43d4a1b02",
        "type": "message",
        "text": "trying to see if I can get the structural parts to work\n```[centos@ab7cc9f050f3 Ptep3_TEdenovo]$ TEdenovo.py -P Ptep3 -C TEdenovo.cfg -S 2 --struct -v 3 &gt; launchTEdenovo5.txt```",
        "user": "U01793PULLV",
        "ts": "1635014283.003100",
        "blocks": [
            {
                "type": "rich_text",
                "block_id": "rBz\/",
                "elements": [
                    {
                        "type": "rich_text_section",
                        "elements": [
                            {
                                "type": "text",
                                "text": "trying to see if I can get the structural parts to work\n"
                            }
                        ]
                    },
                    {
                        "type": "rich_text_preformatted",
                        "elements": [
                            {
                                "type": "text",
                                "text": "[centos@ab7cc9f050f3 Ptep3_TEdenovo]$ TEdenovo.py -P Ptep3 -C TEdenovo.cfg -S 2 --struct -v 3 > launchTEdenovo5.txt"
                            }
                        ]
                    }
                ]
            }
        ],
        "team": "T017P3M8W7K",
        "user_team": "T017P3M8W7K",
        "source_team": "T017P3M8W7K",
        "user_profile": {
            "avatar_hash": "743a9fc0b5f6",
            "image_72": "https:\/\/avatars.slack-edge.com\/2022-06-30\/3731255580839_743a9fc0b5f63f195af3_72.jpg",
            "first_name": "parensburger",
            "real_name": "parensburger",
            "display_name": "Peter",
            "team": "T017P3M8W7K",
            "name": "parensburger",
            "is_restricted": false,
            "is_ultra_restricted": false
        },
        "thread_ts": "1635014283.003100",
        "reply_count": 1,
        "reply_users_count": 1,
        "latest_reply": "1635014335.003300",
        "reply_users": [
            "U01793PULLV"
        ],
        "replies": [
            {
                "user": "U01793PULLV",
                "ts": "1635014335.003300"
            }
        ],
        "is_locked": false,
        "subscribed": true,
        "last_read": "1635014335.003300"
    },
    {
        "client_msg_id": "571eef09-63a5-45b8-abb0-2216aa2914ee",
        "type": "message",
        "text": "this part worked",
        "user": "U01793PULLV",
        "ts": "1635014335.003300",
        "blocks": [
            {
                "type": "rich_text",
                "block_id": "Geof",
                "elements": [
                    {
                        "type": "rich_text_section",
                        "elements": [
                            {
                                "type": "text",
                                "text": "this part worked"
                            }
                        ]
                    }
                ]
            }
        ],
        "team": "T017P3M8W7K",
        "user_team": "T017P3M8W7K",
        "source_team": "T017P3M8W7K",
        "user_profile": {
            "avatar_hash": "743a9fc0b5f6",
            "image_72": "https:\/\/avatars.slack-edge.com\/2022-06-30\/3731255580839_743a9fc0b5f63f195af3_72.jpg",
            "first_name": "parensburger",
            "real_name": "parensburger",
            "display_name": "Peter",
            "team": "T017P3M8W7K",
            "name": "parensburger",
            "is_restricted": false,
            "is_ultra_restricted": false
        },
        "thread_ts": "1635014283.003100",
        "parent_user_id": "U01793PULLV"
    },
    {
        "client_msg_id": "8a13c0de-6937-49a7-811c-450b7b531140",
        "type": "message",
        "text": "continuing\n```[centos@ab7cc9f050f3 Ptep3_TEdenovo]$ TEdenovo.py -P Ptep3 -C TEdenovo.cfg -S 3 --struct -v 3 &gt; launchTEdenovo6.txt```",
        "user": "U01793PULLV",
        "ts": "1635014437.003700",
        "blocks": [
            {
                "type": "rich_text",
                "block_id": "WmWpG",
                "elements": [
                    {
                        "type": "rich_text_section",
                        "elements": [
                            {
                                "type": "text",
                                "text": "continuing\n"
                            }
                        ]
                    },
                    {
                        "type": "rich_text_preformatted",
                        "elements": [
                            {
                                "type": "text",
                                "text": "[centos@ab7cc9f050f3 Ptep3_TEdenovo]$ TEdenovo.py -P Ptep3 -C TEdenovo.cfg -S 3 --struct -v 3 > launchTEdenovo6.txt"
                            }
                        ]
                    }
                ]
            }
        ],
        "team": "T017P3M8W7K",
        "user_team": "T017P3M8W7K",
        "source_team": "T017P3M8W7K",
        "user_profile": {
            "avatar_hash": "743a9fc0b5f6",
            "image_72": "https:\/\/avatars.slack-edge.com\/2022-06-30\/3731255580839_743a9fc0b5f63f195af3_72.jpg",
            "first_name": "parensburger",
            "real_name": "parensburger",
            "display_name": "Peter",
            "team": "T017P3M8W7K",
            "name": "parensburger",
            "is_restricted": false,
            "is_ultra_restricted": false
        }
    },
    {
        "client_msg_id": "33f3688f-582c-4df2-aa71-011cb92f76fc",
        "type": "message",
        "text": "```[centos@ab7cc9f050f3 Ptep3_TEdenovo]$ TEdenovo.py -P Ptep3 -C TEdenovo.cfg -S 4 --struct -m Map -v 3 &gt; launchTEdenovo7.txt```",
        "user": "U01793PULLV",
        "ts": "1635016989.003900",
        "blocks": [
            {
                "type": "rich_text",
                "block_id": "HZV",
                "elements": [
                    {
                        "type": "rich_text_preformatted",
                        "elements": [
                            {
                                "type": "text",
                                "text": "[centos@ab7cc9f050f3 Ptep3_TEdenovo]$ TEdenovo.py -P Ptep3 -C TEdenovo.cfg -S 4 --struct -m Map -v 3 > launchTEdenovo7.txt"
                            }
                        ]
                    }
                ]
            }
        ],
        "team": "T017P3M8W7K",
        "user_team": "T017P3M8W7K",
        "source_team": "T017P3M8W7K",
        "user_profile": {
            "avatar_hash": "743a9fc0b5f6",
            "image_72": "https:\/\/avatars.slack-edge.com\/2022-06-30\/3731255580839_743a9fc0b5f63f195af3_72.jpg",
            "first_name": "parensburger",
            "real_name": "parensburger",
            "display_name": "Peter",
            "team": "T017P3M8W7K",
            "name": "parensburger",
            "is_restricted": false,
            "is_ultra_restricted": false
        }
    },
    {
        "client_msg_id": "6c9a7bc5-1f3c-4d90-b48c-d839396d0474",
        "type": "message",
        "text": "```[centos@ab7cc9f050f3 Ptep3_TEdenovo]$ TEdenovo.py -P Ptep3 -C TEdenovo.cfg -S 5 -s Blaster -c GrpRec --struct -m Map -v 3 &gt; launchTEdenovo8.txt```",
        "user": "U01793PULLV",
        "ts": "1635018665.004200",
        "blocks": [
            {
                "type": "rich_text",
                "block_id": "sfE",
                "elements": [
                    {
                        "type": "rich_text_preformatted",
                        "elements": [
                            {
                                "type": "text",
                                "text": "[centos@ab7cc9f050f3 Ptep3_TEdenovo]$ TEdenovo.py -P Ptep3 -C TEdenovo.cfg -S 5 -s Blaster -c GrpRec --struct -m Map -v 3 > launchTEdenovo8.txt"
                            }
                        ]
                    }
                ]
            }
        ],
        "team": "T017P3M8W7K",
        "user_team": "T017P3M8W7K",
        "source_team": "T017P3M8W7K",
        "user_profile": {
            "avatar_hash": "743a9fc0b5f6",
            "image_72": "https:\/\/avatars.slack-edge.com\/2022-06-30\/3731255580839_743a9fc0b5f63f195af3_72.jpg",
            "first_name": "parensburger",
            "real_name": "parensburger",
            "display_name": "Peter",
            "team": "T017P3M8W7K",
            "name": "parensburger",
            "is_restricted": false,
            "is_ultra_restricted": false
        }
    },
    {
        "client_msg_id": "c1efacad-4823-4340-85a5-b7fd16749f13",
        "type": "message",
        "text": "```[centos@ab7cc9f050f3 Ptep3_TEdenovo]$ TEdenovo.py -P Ptep3 -C TEdenovo.cfg -S 6 -s Blaster -c GrpRec --struct -m Map -v 3 &gt; launchTEdenovo9.txt```",
        "user": "U01793PULLV",
        "ts": "1635019853.004500",
        "blocks": [
            {
                "type": "rich_text",
                "block_id": "RmnH",
                "elements": [
                    {
                        "type": "rich_text_preformatted",
                        "elements": [
                            {
                                "type": "text",
                                "text": "[centos@ab7cc9f050f3 Ptep3_TEdenovo]$ TEdenovo.py -P Ptep3 -C TEdenovo.cfg -S 6 -s Blaster -c GrpRec --struct -m Map -v 3 > launchTEdenovo9.txt"
                            }
                        ]
                    }
                ]
            }
        ],
        "team": "T017P3M8W7K",
        "user_team": "T017P3M8W7K",
        "source_team": "T017P3M8W7K",
        "user_profile": {
            "avatar_hash": "743a9fc0b5f6",
            "image_72": "https:\/\/avatars.slack-edge.com\/2022-06-30\/3731255580839_743a9fc0b5f63f195af3_72.jpg",
            "first_name": "parensburger",
            "real_name": "parensburger",
            "display_name": "Peter",
            "team": "T017P3M8W7K",
            "name": "parensburger",
            "is_restricted": false,
            "is_ultra_restricted": false
        }
    },
    {
        "client_msg_id": "68acd7d6-4d6a-4a15-b151-ece5259289f5",
        "type": "message",
        "text": "```[centos@ab7cc9f050f3 Ptep3_TEdenovo]$ TEdenovo.py -P Ptep3 -C TEdenovo.cfg -S 7 -s Blaster -c GrpRec --struct -m Map -v 3 &gt; launchTEdenovo10.txt```",
        "user": "U01793PULLV",
        "ts": "1635034734.004700",
        "blocks": [
            {
                "type": "rich_text",
                "block_id": "YFlF",
                "elements": [
                    {
                        "type": "rich_text_preformatted",
                        "elements": [
                            {
                                "type": "text",
                                "text": "[centos@ab7cc9f050f3 Ptep3_TEdenovo]$ TEdenovo.py -P Ptep3 -C TEdenovo.cfg -S 7 -s Blaster -c GrpRec --struct -m Map -v 3 > launchTEdenovo10.txt"
                            }
                        ]
                    }
                ]
            }
        ],
        "team": "T017P3M8W7K",
        "user_team": "T017P3M8W7K",
        "source_team": "T017P3M8W7K",
        "user_profile": {
            "avatar_hash": "743a9fc0b5f6",
            "image_72": "https:\/\/avatars.slack-edge.com\/2022-06-30\/3731255580839_743a9fc0b5f63f195af3_72.jpg",
            "first_name": "parensburger",
            "real_name": "parensburger",
            "display_name": "Peter",
            "team": "T017P3M8W7K",
            "name": "parensburger",
            "is_restricted": false,
            "is_ultra_restricted": false
        },
        "edited": {
            "user": "U01793PULLV",
            "ts": "1635034750.000000"
        }
    }
]