[
    {
        "client_msg_id": "8aeb4ad4-2deb-47bd-9ea6-eaf48999fab1",
        "type": "message",
        "text": "appears that I can pause and save the run, but the stuff in memory is not saved, only hard disk files. So limited use.",
        "user": "U01793PULLV",
        "ts": "1637111727.002800",
        "blocks": [
            {
                "type": "rich_text",
                "block_id": "oQzB",
                "elements": [
                    {
                        "type": "rich_text_section",
                        "elements": [
                            {
                                "type": "text",
                                "text": "appears that I can pause and save the run, but the stuff in memory is not saved, only hard disk files. So limited use."
                            }
                        ]
                    }
                ]
            }
        ],
        "team": "T017P3M8W7K",
        "user_team": "T017P3M8W7K",
        "source_team": "T017P3M8W7K",
        "user_profile": {
            "avatar_hash": "743a9fc0b5f6",
            "image_72": "https:\/\/avatars.slack-edge.com\/2022-06-30\/3731255580839_743a9fc0b5f63f195af3_72.jpg",
            "first_name": "parensburger",
            "real_name": "parensburger",
            "display_name": "Peter",
            "team": "T017P3M8W7K",
            "name": "parensburger",
            "is_restricted": false,
            "is_ultra_restricted": false
        },
        "thread_ts": "1636651728.002700",
        "parent_user_id": "U01793PULLV"
    },
    {
        "client_msg_id": "e59d7f73-dd34-45bd-a9a2-d8089f1d739e",
        "type": "message",
        "text": "Found where the classifications are stored. The file is \/home\/centos\/Ptep3_TEdenovo\/Ptep3_Blaster_GrpRec_Struct_Map_TEclassif\/classifConsensus\/Ptep3_denovoLibTEs.classif",
        "user": "U01793PULLV",
        "ts": "1637111800.003600",
        "blocks": [
            {
                "type": "rich_text",
                "block_id": "SxqU5",
                "elements": [
                    {
                        "type": "rich_text_section",
                        "elements": [
                            {
                                "type": "text",
                                "text": "Found where the classifications are stored. The file is \/home\/centos\/Ptep3_TEdenovo\/Ptep3_Blaster_GrpRec_Struct_Map_TEclassif\/classifConsensus\/Ptep3_denovoLibTEs.classif"
                            }
                        ]
                    }
                ]
            }
        ],
        "team": "T017P3M8W7K",
        "user_team": "T017P3M8W7K",
        "source_team": "T017P3M8W7K",
        "user_profile": {
            "avatar_hash": "743a9fc0b5f6",
            "image_72": "https:\/\/avatars.slack-edge.com\/2022-06-30\/3731255580839_743a9fc0b5f63f195af3_72.jpg",
            "first_name": "parensburger",
            "real_name": "parensburger",
            "display_name": "Peter",
            "team": "T017P3M8W7K",
            "name": "parensburger",
            "is_restricted": false,
            "is_ultra_restricted": false
        }
    }
]