[
    {
        "client_msg_id": "33635305-145a-433e-9f58-134c97118d43",
        "type": "message",
        "text": "run crashed. After searching found that the isssue is Piler, basically that software has been retired and does not work properly on 64 bit architecture anymore <http:\/\/www.drive5.com\/pals\/>\nTrying to see if I can run the thing without Piler by going straight to step 4\n`[centos@ab7cc9f050f3 Ptep3_TEdenovo]$ launch_TEdenovo.py -P Ptep3 -C TEdenovo.cfg -S 4 -v 3`",
        "user": "U01793PULLV",
        "ts": "1634932548.001900",
        "blocks": [
            {
                "type": "rich_text",
                "block_id": "C9+L",
                "elements": [
                    {
                        "type": "rich_text_section",
                        "elements": [
                            {
                                "type": "text",
                                "text": "run crashed. After searching found that the isssue is Piler, basically that software has been retired and does not work properly on 64 bit architecture anymore "
                            },
                            {
                                "type": "link",
                                "url": "http:\/\/www.drive5.com\/pals\/"
                            },
                            {
                                "type": "text",
                                "text": "\nTrying to see if I can run the thing without Piler by going straight to step 4\n"
                            },
                            {
                                "type": "text",
                                "text": "[centos@ab7cc9f050f3 Ptep3_TEdenovo]$ launch_TEdenovo.py -P Ptep3 -C TEdenovo.cfg -S 4 -v 3",
                                "style": {
                                    "code": true
                                }
                            }
                        ]
                    }
                ]
            }
        ],
        "team": "T017P3M8W7K",
        "user_team": "T017P3M8W7K",
        "source_team": "T017P3M8W7K",
        "user_profile": {
            "avatar_hash": "743a9fc0b5f6",
            "image_72": "https:\/\/avatars.slack-edge.com\/2022-06-30\/3731255580839_743a9fc0b5f63f195af3_72.jpg",
            "first_name": "parensburger",
            "real_name": "parensburger",
            "display_name": "Peter",
            "team": "T017P3M8W7K",
            "name": "parensburger",
            "is_restricted": false,
            "is_ultra_restricted": false
        },
        "thread_ts": "1634932548.001900",
        "reply_count": 1,
        "reply_users_count": 1,
        "latest_reply": "1634948254.000200",
        "reply_users": [
            "U01793PULLV"
        ],
        "replies": [
            {
                "user": "U01793PULLV",
                "ts": "1634948254.000200"
            }
        ],
        "is_locked": false,
        "subscribed": true,
        "last_read": "1634948254.000200"
    },
    {
        "client_msg_id": "384f420b-8ea6-418e-bc44-b60136177218",
        "type": "message",
        "text": "seems to have worked but not sure, running again\n```[centos@ab7cc9f050f3 Ptep3_TEdenovo]$ launch_TEdenovo.py -P Ptep3 -C TEdenovo.cfg -S 4 -v 3 &gt; launchTEdenovo2.txt &amp;```",
        "user": "U01793PULLV",
        "ts": "1634948254.000200",
        "blocks": [
            {
                "type": "rich_text",
                "block_id": "=RVi",
                "elements": [
                    {
                        "type": "rich_text_section",
                        "elements": [
                            {
                                "type": "text",
                                "text": "seems to have worked but not sure, running again\n"
                            }
                        ]
                    },
                    {
                        "type": "rich_text_preformatted",
                        "elements": [
                            {
                                "type": "text",
                                "text": "[centos@ab7cc9f050f3 Ptep3_TEdenovo]$ launch_TEdenovo.py -P Ptep3 -C TEdenovo.cfg -S 4 -v 3 > launchTEdenovo2.txt &"
                            }
                        ]
                    }
                ]
            }
        ],
        "team": "T017P3M8W7K",
        "user_team": "T017P3M8W7K",
        "source_team": "T017P3M8W7K",
        "user_profile": {
            "avatar_hash": "743a9fc0b5f6",
            "image_72": "https:\/\/avatars.slack-edge.com\/2022-06-30\/3731255580839_743a9fc0b5f63f195af3_72.jpg",
            "first_name": "parensburger",
            "real_name": "parensburger",
            "display_name": "Peter",
            "team": "T017P3M8W7K",
            "name": "parensburger",
            "is_restricted": false,
            "is_ultra_restricted": false
        },
        "thread_ts": "1634932548.001900",
        "parent_user_id": "U01793PULLV"
    }
]