[
    {
        "client_msg_id": "fa9f1148-beed-43bc-adbb-73ece1a37ea9",
        "type": "message",
        "text": "installed Docker REPET on faust, same way as <https:\/\/arensburgerla-9bj1862.slack.com\/archives\/C01K91017U5\/p1611186180002200|before>",
        "user": "U01793PULLV",
        "ts": "1634256699.000600",
        "blocks": [
            {
                "type": "rich_text",
                "block_id": "\/g+P",
                "elements": [
                    {
                        "type": "rich_text_section",
                        "elements": [
                            {
                                "type": "text",
                                "text": "installed Docker REPET on faust, same way as "
                            },
                            {
                                "type": "link",
                                "url": "https:\/\/arensburgerla-9bj1862.slack.com\/archives\/C01K91017U5\/p1611186180002200",
                                "text": "before"
                            }
                        ]
                    }
                ]
            }
        ],
        "team": "T017P3M8W7K",
        "user_team": "T017P3M8W7K",
        "source_team": "T017P3M8W7K",
        "user_profile": {
            "avatar_hash": "743a9fc0b5f6",
            "image_72": "https:\/\/avatars.slack-edge.com\/2022-06-30\/3731255580839_743a9fc0b5f63f195af3_72.jpg",
            "first_name": "parensburger",
            "real_name": "parensburger",
            "display_name": "Peter",
            "team": "T017P3M8W7K",
            "name": "parensburger",
            "is_restricted": false,
            "is_ultra_restricted": false
        },
        "attachments": [
            {
                "from_url": "https:\/\/arensburgerla-9bj1862.slack.com\/archives\/C01K91017U5\/p1611186180002200",
                "fallback": "[January 20th, 2021 3:43 PM] parensburger: installed REPET on Carmen on Docker using <https:\/\/hub.docker.com\/r\/urgi\/docker_vre_aio> . Using my directions google doc <https:\/\/docs.google.com\/document\/d\/1d76-yOR7EnAFo5iaAyEhzRTBTWEYmpgSpfRXCNv_ZPA\/edit#heading=h.camko7i5en8m> on Feb19, 2020. Remember to use sudo to run \"docker\" commands. When configuring use instructions for REPET V3.0 and slurm.",
                "ts": "1611186180.002200",
                "author_id": "U01793PULLV",
                "author_subname": "parensburger",
                "channel_id": "C01K91017U5",
                "is_msg_unfurl": true,
                "text": "installed REPET on Carmen on Docker using <https:\/\/hub.docker.com\/r\/urgi\/docker_vre_aio> . Using my directions google doc <https:\/\/docs.google.com\/document\/d\/1d76-yOR7EnAFo5iaAyEhzRTBTWEYmpgSpfRXCNv_ZPA\/edit#heading=h.camko7i5en8m> on Feb19, 2020. Remember to use sudo to run \"docker\" commands. When configuring use instructions for REPET V3.0 and slurm.",
                "message_blocks": [
                    {
                        "team": "T017P3M8W7K",
                        "channel": "C01K91017U5",
                        "ts": "1611186180.002200",
                        "message": {
                            "blocks": [
                                {
                                    "type": "rich_text",
                                    "block_id": "Wg2O",
                                    "elements": [
                                        {
                                            "type": "rich_text_section",
                                            "elements": [
                                                {
                                                    "type": "text",
                                                    "text": "installed REPET on Carmen on Docker using "
                                                },
                                                {
                                                    "type": "link",
                                                    "url": "https:\/\/hub.docker.com\/r\/urgi\/docker_vre_aio"
                                                },
                                                {
                                                    "type": "text",
                                                    "text": " . Using my directions google doc "
                                                },
                                                {
                                                    "type": "link",
                                                    "url": "https:\/\/docs.google.com\/document\/d\/1d76-yOR7EnAFo5iaAyEhzRTBTWEYmpgSpfRXCNv_ZPA\/edit#heading=h.camko7i5en8m"
                                                },
                                                {
                                                    "type": "text",
                                                    "text": " on Feb19, 2020. Remember to use sudo to run \"docker\" commands. When configuring use instructions for REPET V3.0 and slurm."
                                                }
                                            ]
                                        }
                                    ]
                                }
                            ]
                        }
                    }
                ],
                "author_name": "parensburger",
                "author_link": "https:\/\/arensburgerla-9bj1862.slack.com\/team\/U01793PULLV",
                "author_icon": "https:\/\/avatars.slack-edge.com\/2021-03-10\/1828476404999_1cb495fb76ca89583fd1_48.png",
                "mrkdwn_in": [
                    "text"
                ],
                "files": [
                    {
                        "id": "F01KC9TL4M9",
                        "created": 1611186183,
                        "timestamp": 1611186183,
                        "name": "Spider TEs",
                        "title": "Spider TEs",
                        "mimetype": "application\/vnd.google-apps.document",
                        "filetype": "gdoc",
                        "pretty_type": "G Suite Document",
                        "user": "U01793PULLV",
                        "user_team": "T017P3M8W7K",
                        "editable": false,
                        "size": 284954,
                        "mode": "external",
                        "is_external": true,
                        "external_type": "gdrive",
                        "is_public": true,
                        "public_url_shared": false,
                        "display_as_bot": false,
                        "username": "",
                        "url_private": "https:\/\/docs.google.com\/document\/d\/1d76-yOR7EnAFo5iaAyEhzRTBTWEYmpgSpfRXCNv_ZPA\/edit#heading=h.camko7i5en8m",
                        "media_display_type": "unknown",
                        "thumb_64": "https:\/\/files.slack.com\/files-tmb\/T017P3M8W7K-F01KC9TL4M9-1e56dc6611\/spider_tes_64.png?t=xoxe-1261123302257-6395895314663-6407612319125-137f2171a6b5696e8e285d5b7bbfa693",
                        "thumb_80": "https:\/\/files.slack.com\/files-tmb\/T017P3M8W7K-F01KC9TL4M9-1e56dc6611\/spider_tes_80.png?t=xoxe-1261123302257-6395895314663-6407612319125-137f2171a6b5696e8e285d5b7bbfa693",
                        "thumb_360": "https:\/\/files.slack.com\/files-tmb\/T017P3M8W7K-F01KC9TL4M9-1e56dc6611\/spider_tes_360.png?t=xoxe-1261123302257-6395895314663-6407612319125-137f2171a6b5696e8e285d5b7bbfa693",
                        "thumb_360_w": 278,
                        "thumb_360_h": 360,
                        "thumb_480": "https:\/\/files.slack.com\/files-tmb\/T017P3M8W7K-F01KC9TL4M9-1e56dc6611\/spider_tes_480.png?t=xoxe-1261123302257-6395895314663-6407612319125-137f2171a6b5696e8e285d5b7bbfa693",
                        "thumb_480_w": 371,
                        "thumb_480_h": 480,
                        "thumb_160": "https:\/\/files.slack.com\/files-tmb\/T017P3M8W7K-F01KC9TL4M9-1e56dc6611\/spider_tes_160.png?t=xoxe-1261123302257-6395895314663-6407612319125-137f2171a6b5696e8e285d5b7bbfa693",
                        "thumb_720": "https:\/\/files.slack.com\/files-tmb\/T017P3M8W7K-F01KC9TL4M9-1e56dc6611\/spider_tes_720.png?t=xoxe-1261123302257-6395895314663-6407612319125-137f2171a6b5696e8e285d5b7bbfa693",
                        "thumb_720_w": 557,
                        "thumb_720_h": 720,
                        "thumb_800": "https:\/\/files.slack.com\/files-tmb\/T017P3M8W7K-F01KC9TL4M9-1e56dc6611\/spider_tes_800.png?t=xoxe-1261123302257-6395895314663-6407612319125-137f2171a6b5696e8e285d5b7bbfa693",
                        "thumb_800_w": 800,
                        "thumb_800_h": 1035,
                        "thumb_960": "https:\/\/files.slack.com\/files-tmb\/T017P3M8W7K-F01KC9TL4M9-1e56dc6611\/spider_tes_960.png?t=xoxe-1261123302257-6395895314663-6407612319125-137f2171a6b5696e8e285d5b7bbfa693",
                        "thumb_960_w": 742,
                        "thumb_960_h": 960,
                        "thumb_1024": "https:\/\/files.slack.com\/files-tmb\/T017P3M8W7K-F01KC9TL4M9-1e56dc6611\/spider_tes_1024.png?t=xoxe-1261123302257-6395895314663-6407612319125-137f2171a6b5696e8e285d5b7bbfa693",
                        "thumb_1024_w": 791,
                        "thumb_1024_h": 1024,
                        "original_w": 800,
                        "original_h": 1035,
                        "thumb_tiny": "AwAwACXSJx2zQDntiobrzcL5WffFVs3fq35igDQorOJvOxb9KTN92J\/SgDSopEzsXd1xzS0AQ3AJC4lEf171Btf\/AJ+1qS9xtTIzyf4c1Twv90\/9+\/8A69AFna\/a8T9KTbJ\/z+p+QqvtX+7\/AOQ\/\/r0m1B\/B\/wCQj\/jQBqr90ZOeOvrS02P\/AFa\/QU6gCKeZYgN2eemKh+2x\/wC1+VWmVW+8oP1FN8qP+4v5UAVxfR\/7X5UHUIR\/e\/KrPlp\/cX8qPKj\/ALi\/lQAqkMoI6EZpaOlFAH\/\/2Q==",
                        "permalink": "https:\/\/arensburgerla-9bj1862.slack.com\/files\/U01793PULLV\/F01KC9TL4M9\/spider_tes",
                        "comments_count": 0,
                        "is_starred": false,
                        "external_id": "1d76-yOR7EnAFo5iaAyEhzRTBTWEYmpgSpfRXCNv_ZPA",
                        "external_url": "https:\/\/docs.google.com\/document\/d\/1d76-yOR7EnAFo5iaAyEhzRTBTWEYmpgSpfRXCNv_ZPA\/edit#heading=h.camko7i5en8m",
                        "has_rich_preview": true,
                        "file_access": "visible"
                    }
                ],
                "id": 1,
                "original_url": "https:\/\/arensburgerla-9bj1862.slack.com\/archives\/C01K91017U5\/p1611186180002200",
                "footer": "Slack Conversation"
            }
        ]
    }
]