[
    {
        "client_msg_id": "6a63da48-2d89-4d15-9155-6b964a7c5912",
        "type": "message",
        "text": "```[centos@ab7cc9f050f3 Ptep3_TEannot]$ launch_TEannot.py -P Ptep3 -C TEannot.cfg -S 2 -v 3 &gt; launchTEannot2.txt ```",
        "user": "U01793PULLV",
        "ts": "1635292542.008600",
        "blocks": [
            {
                "type": "rich_text",
                "block_id": "61E",
                "elements": [
                    {
                        "type": "rich_text_preformatted",
                        "elements": [
                            {
                                "type": "text",
                                "text": "[centos@ab7cc9f050f3 Ptep3_TEannot]$ launch_TEannot.py -P Ptep3 -C TEannot.cfg -S 2 -v 3 > launchTEannot2.txt "
                            }
                        ]
                    }
                ]
            }
        ],
        "team": "T017P3M8W7K",
        "user_team": "T017P3M8W7K",
        "source_team": "T017P3M8W7K",
        "user_profile": {
            "avatar_hash": "743a9fc0b5f6",
            "image_72": "https:\/\/avatars.slack-edge.com\/2022-06-30\/3731255580839_743a9fc0b5f63f195af3_72.jpg",
            "first_name": "parensburger",
            "real_name": "parensburger",
            "display_name": "Peter",
            "team": "T017P3M8W7K",
            "name": "parensburger",
            "is_restricted": false,
            "is_ultra_restricted": false
        }
    }
]