[
    {
        "client_msg_id": "057466f0-2062-46a3-ac80-cf6b7babd8c3",
        "type": "message",
        "text": "Setting up the TEdovo run\n```[centos@ab7cc9f050f3 ~]$  mkdir $HOME\/Ptep3_TEdenovo\n[centos@ab7cc9f050f3 Ptep3_TEdenovo]$ cp $REPET_PATH\/config\/TEdenovo.cfg .\npeter@faust:~\/ncbi-genomes-2021-10-15$ perl ~\/utilities\/fasta\/format_fasta.pl -in GCF_000365465.3_Ptep_3.0_genomic.fna -l 60 &gt; Ptep3.fa\n[centos@ab7cc9f050f3 Ptep3_TEdenovo]$ scp peter@134.71.67.38:~\/ncbi-genomes-2021-10-15\/Ptep3.fa .\n[centos@ab7cc9f050f3 Ptep3_TEdenovo]$ more TEdenovo.cfg \n[repet_env]\nrepet_version: 3.0\nrepet_host: localhost\nrepet_user: orepet\nrepet_pw: repet_pw\nrepet_db: repet\nrepet_port: 3306\nrepet_job_manager: slurm\n\n[project]\nproject_name: Ptep3\nproject_dir: \/home\/centos\/Ptep3_TEdenovo\n[centos@ab7cc9f050f3 Ptep3_TEdenovo]$ launch_TEdenovo.py -P Ptep3 -C TEdenovo.cfg -v 3 &gt; launchTEdenovo.txt &amp;```\n",
        "user": "U01793PULLV",
        "ts": "1634390583.000200",
        "blocks": [
            {
                "type": "rich_text",
                "block_id": "OXu",
                "elements": [
                    {
                        "type": "rich_text_section",
                        "elements": [
                            {
                                "type": "text",
                                "text": "Setting up the TEdovo run\n"
                            }
                        ]
                    },
                    {
                        "type": "rich_text_preformatted",
                        "elements": [
                            {
                                "type": "text",
                                "text": "[centos@ab7cc9f050f3 ~]$  mkdir $HOME\/Ptep3_TEdenovo\n[centos@ab7cc9f050f3 Ptep3_TEdenovo]$ cp $REPET_PATH\/config\/TEdenovo.cfg .\npeter@faust:~\/ncbi-genomes-2021-10-15$ perl ~\/utilities\/fasta\/format_fasta.pl -in GCF_000365465.3_Ptep_3.0_genomic.fna -l 60 > Ptep3.fa\n[centos@ab7cc9f050f3 Ptep3_TEdenovo]$ scp peter@134.71.67.38:~\/ncbi-genomes-2021-10-15\/Ptep3.fa .\n[centos@ab7cc9f050f3 Ptep3_TEdenovo]$ more TEdenovo.cfg \n[repet_env]\nrepet_version: 3.0\nrepet_host: localhost\nrepet_user: orepet\nrepet_pw: repet_pw\nrepet_db: repet\nrepet_port: 3306\nrepet_job_manager: slurm\n\n[project]\nproject_name: Ptep3\nproject_dir: \/home\/centos\/Ptep3_TEdenovo\n[centos@ab7cc9f050f3 Ptep3_TEdenovo]$ launch_TEdenovo.py -P Ptep3 -C TEdenovo.cfg -v 3 > launchTEdenovo.txt &"
                            }
                        ]
                    },
                    {
                        "type": "rich_text_section",
                        "elements": []
                    }
                ]
            }
        ],
        "team": "T017P3M8W7K",
        "user_team": "T017P3M8W7K",
        "source_team": "T017P3M8W7K",
        "user_profile": {
            "avatar_hash": "743a9fc0b5f6",
            "image_72": "https:\/\/avatars.slack-edge.com\/2022-06-30\/3731255580839_743a9fc0b5f63f195af3_72.jpg",
            "first_name": "parensburger",
            "real_name": "parensburger",
            "display_name": "Peter",
            "team": "T017P3M8W7K",
            "name": "parensburger",
            "is_restricted": false,
            "is_ultra_restricted": false
        }
    }
]