[
    {
        "client_msg_id": "76bf7f2d-593d-49d5-8569-7ca107a4a092",
        "type": "message",
        "text": "TEdenovo finished on the V3.  I made a backup copy of the results\n```[centos@ab7cc9f050f3 Ptep3_Blaster_GrpRec_Struct_Map_TEclassif_Filtered_Blastclust]$ scp Ptep3_denovoLibTEs_filtered.fa peter@134.71.67.38:~```",
        "user": "U01793PULLV",
        "ts": "1635181339.006300",
        "blocks": [
            {
                "type": "rich_text",
                "block_id": "IvTBX",
                "elements": [
                    {
                        "type": "rich_text_section",
                        "elements": [
                            {
                                "type": "text",
                                "text": "TEdenovo finished on the V3.  I made a backup copy of the results\n"
                            }
                        ]
                    },
                    {
                        "type": "rich_text_preformatted",
                        "elements": [
                            {
                                "type": "text",
                                "text": "[centos@ab7cc9f050f3 Ptep3_Blaster_GrpRec_Struct_Map_TEclassif_Filtered_Blastclust]$ scp Ptep3_denovoLibTEs_filtered.fa peter@134.71.67.38:~"
                            }
                        ]
                    }
                ]
            }
        ],
        "team": "T017P3M8W7K",
        "user_team": "T017P3M8W7K",
        "source_team": "T017P3M8W7K",
        "user_profile": {
            "avatar_hash": "743a9fc0b5f6",
            "image_72": "https:\/\/avatars.slack-edge.com\/2022-06-30\/3731255580839_743a9fc0b5f63f195af3_72.jpg",
            "first_name": "parensburger",
            "real_name": "parensburger",
            "display_name": "Peter",
            "team": "T017P3M8W7K",
            "name": "parensburger",
            "is_restricted": false,
            "is_ultra_restricted": false
        }
    },
    {
        "client_msg_id": "30a57ec4-015d-48f6-b564-92110db2b0db",
        "type": "message",
        "text": "comparing the results to the data I got on CPPBC with V1, it's strikingly larger this time:\n``` peter@traviata:\/home\/ehays$ wc spider_TEs.fa \n  495088   <tel:49508829570256|495088 29570256> spider_TEs.fa\n[centos@ab7cc9f050f3 Ptep3_Blaster_GrpRec_Struct_Map_TEclassif_Filtered_Blastclust]$ wc Ptep3_denovoLibTEs_filtered.fa\n 1106794  1106794 65698488 Ptep3_denovoLibTEs_filtered.fa```\n",
        "user": "U01793PULLV",
        "ts": "1635181436.007400",
        "blocks": [
            {
                "type": "rich_text",
                "block_id": "tfBk",
                "elements": [
                    {
                        "type": "rich_text_section",
                        "elements": [
                            {
                                "type": "text",
                                "text": "comparing the results to the data I got on CPPBC with V1, it's strikingly larger this time:\n"
                            }
                        ]
                    },
                    {
                        "type": "rich_text_preformatted",
                        "elements": [
                            {
                                "type": "text",
                                "text": " peter@traviata:\/home\/ehays$ wc spider_TEs.fa \n  495088   495088 29570256 spider_TEs.fa\n[centos@ab7cc9f050f3 Ptep3_Blaster_GrpRec_Struct_Map_TEclassif_Filtered_Blastclust]$ wc Ptep3_denovoLibTEs_filtered.fa\n 1106794  1106794 65698488 Ptep3_denovoLibTEs_filtered.fa"
                            }
                        ]
                    },
                    {
                        "type": "rich_text_section",
                        "elements": []
                    }
                ]
            }
        ],
        "team": "T017P3M8W7K",
        "user_team": "T017P3M8W7K",
        "source_team": "T017P3M8W7K",
        "user_profile": {
            "avatar_hash": "743a9fc0b5f6",
            "image_72": "https:\/\/avatars.slack-edge.com\/2022-06-30\/3731255580839_743a9fc0b5f63f195af3_72.jpg",
            "first_name": "parensburger",
            "real_name": "parensburger",
            "display_name": "Peter",
            "team": "T017P3M8W7K",
            "name": "parensburger",
            "is_restricted": false,
            "is_ultra_restricted": false
        }
    },
    {
        "client_msg_id": "b8f54711-e0e4-4c47-a417-664cfd379c00",
        "type": "message",
        "text": "Starting to work on setting up TEannot\n```[centos@ab7cc9f050f3 Ptep3_TEannot]$ cp $REPET_PATH\/config\/TEannot.cfg . \n[centos@ab7cc9f050f3 Ptep3_TEannot]$ ln -s ..\/Ptep3_TEdenovo\/Ptep3_Blaster_GrpRec_Struct_Map_TEclassif_Filtered_Blastclust\/Ptep3_denovoLibTEs_filtered.fa Ptep3_refTEs.fa\n[centos@ab7cc9f050f3 Ptep3_TEannot]$ more TEannot.cfg \n[repet_env]\nrepet_version: 3.0\nrepet_host: localhost \nrepet_user: orepet\nrepet_pw: repet_pw\nrepet_db: repet\nrepet_port: 3306\nrepet_job_manager: slurm\n\n[project]\nproject_name: Ptep3\nproject_dir: \/home\/centos\/Ptep3_TEannot\n(...)\n[centos@ab7cc9f050f3 Ptep3_TEannot]$ TEannot.py -P Ptep3 -C TEannot.cfg -S 1 -v 3 &gt; launchTEannot1.txt```",
        "user": "U01793PULLV",
        "ts": "1635182862.008300",
        "blocks": [
            {
                "type": "rich_text",
                "block_id": "fV\/L",
                "elements": [
                    {
                        "type": "rich_text_section",
                        "elements": [
                            {
                                "type": "text",
                                "text": "Starting to work on setting up TEannot\n"
                            }
                        ]
                    },
                    {
                        "type": "rich_text_preformatted",
                        "elements": [
                            {
                                "type": "text",
                                "text": "[centos@ab7cc9f050f3 Ptep3_TEannot]$ cp $REPET_PATH\/config\/TEannot.cfg . \n[centos@ab7cc9f050f3 Ptep3_TEannot]$ ln -s ..\/Ptep3_TEdenovo\/Ptep3_Blaster_GrpRec_Struct_Map_TEclassif_Filtered_Blastclust\/Ptep3_denovoLibTEs_filtered.fa Ptep3_refTEs.fa\n[centos@ab7cc9f050f3 Ptep3_TEannot]$ more TEannot.cfg \n[repet_env]\nrepet_version: 3.0\nrepet_host: localhost \nrepet_user: orepet\nrepet_pw: repet_pw\nrepet_db: repet\nrepet_port: 3306\nrepet_job_manager: slurm\n\n[project]\nproject_name: Ptep3\nproject_dir: \/home\/centos\/Ptep3_TEannot\n(...)\n[centos@ab7cc9f050f3 Ptep3_TEannot]$ TEannot.py -P Ptep3 -C TEannot.cfg -S 1 -v 3 > launchTEannot1.txt"
                            }
                        ]
                    }
                ]
            }
        ],
        "team": "T017P3M8W7K",
        "user_team": "T017P3M8W7K",
        "source_team": "T017P3M8W7K",
        "user_profile": {
            "avatar_hash": "743a9fc0b5f6",
            "image_72": "https:\/\/avatars.slack-edge.com\/2022-06-30\/3731255580839_743a9fc0b5f63f195af3_72.jpg",
            "first_name": "parensburger",
            "real_name": "parensburger",
            "display_name": "Peter",
            "team": "T017P3M8W7K",
            "name": "parensburger",
            "is_restricted": false,
            "is_ultra_restricted": false
        }
    }
]