[
    {
        "client_msg_id": "6448f743-f170-42d2-b587-0aa06240d632",
        "type": "message",
        "text": "running the merge overlaps on the 111 elements\n```peter@carmen:~\/Desktop$ perl process_folders-merge_overlaps.pl -t temp.txt ```",
        "user": "U01793PULLV",
        "ts": "1662137976.035259",
        "blocks": [
            {
                "type": "rich_text",
                "block_id": "AaC8",
                "elements": [
                    {
                        "type": "rich_text_section",
                        "elements": [
                            {
                                "type": "text",
                                "text": "running the merge overlaps on the 111 elements\n"
                            }
                        ]
                    },
                    {
                        "type": "rich_text_preformatted",
                        "elements": [
                            {
                                "type": "text",
                                "text": "peter@carmen:~\/Desktop$ perl process_folders-merge_overlaps.pl -t temp.txt "
                            }
                        ],
                        "border": 0
                    }
                ]
            }
        ],
        "team": "T017P3M8W7K",
        "user_team": "T017P3M8W7K",
        "source_team": "T017P3M8W7K",
        "user_profile": {
            "avatar_hash": "743a9fc0b5f6",
            "image_72": "https:\/\/avatars.slack-edge.com\/2022-06-30\/3731255580839_743a9fc0b5f63f195af3_72.jpg",
            "first_name": "parensburger",
            "real_name": "parensburger",
            "display_name": "Peter",
            "team": "T017P3M8W7K",
            "name": "parensburger",
            "is_restricted": false,
            "is_ultra_restricted": false
        }
    },
    {
        "client_msg_id": "bb81be97-77de-4d5f-99cd-b7f03d310074",
        "type": "message",
        "text": "finally done alignments and removing duplicated sequences. Moving on to removing gaps.\n```perl process_folders-remove_gaps.pl -t temp.txt```",
        "user": "U01793PULLV",
        "ts": "1662156412.545159",
        "blocks": [
            {
                "type": "rich_text",
                "block_id": "QzQ",
                "elements": [
                    {
                        "type": "rich_text_section",
                        "elements": [
                            {
                                "type": "text",
                                "text": "finally done alignments and removing duplicated sequences. Moving on to removing gaps.\n"
                            }
                        ]
                    },
                    {
                        "type": "rich_text_preformatted",
                        "elements": [
                            {
                                "type": "text",
                                "text": "perl process_folders-remove_gaps.pl -t temp.txt"
                            }
                        ],
                        "border": 0
                    }
                ]
            }
        ],
        "team": "T017P3M8W7K",
        "user_team": "T017P3M8W7K",
        "source_team": "T017P3M8W7K",
        "user_profile": {
            "avatar_hash": "743a9fc0b5f6",
            "image_72": "https:\/\/avatars.slack-edge.com\/2022-06-30\/3731255580839_743a9fc0b5f63f195af3_72.jpg",
            "first_name": "parensburger",
            "real_name": "parensburger",
            "display_name": "Peter",
            "team": "T017P3M8W7K",
            "name": "parensburger",
            "is_restricted": false,
            "is_ultra_restricted": false
        }
    },
    {
        "client_msg_id": "dbbccc9e-257d-42b3-bb38-ba9ec4ca4a92",
        "type": "message",
        "text": "running the consensus sequences\n```peter@carmen:~\/Desktop$ perl process_folders-blast-and-cons.pl -t temp.txt &gt; bandc.xls```",
        "user": "U01793PULLV",
        "ts": "1662180492.580779",
        "blocks": [
            {
                "type": "rich_text",
                "block_id": "djun",
                "elements": [
                    {
                        "type": "rich_text_section",
                        "elements": [
                            {
                                "type": "text",
                                "text": "running the consensus sequences\n"
                            }
                        ]
                    },
                    {
                        "type": "rich_text_preformatted",
                        "elements": [
                            {
                                "type": "text",
                                "text": "peter@carmen:~\/Desktop$ perl process_folders-blast-and-cons.pl -t temp.txt > bandc.xls"
                            }
                        ],
                        "border": 0
                    }
                ]
            }
        ],
        "team": "T017P3M8W7K",
        "user_team": "T017P3M8W7K",
        "source_team": "T017P3M8W7K",
        "user_profile": {
            "avatar_hash": "743a9fc0b5f6",
            "image_72": "https:\/\/avatars.slack-edge.com\/2022-06-30\/3731255580839_743a9fc0b5f63f195af3_72.jpg",
            "first_name": "parensburger",
            "real_name": "parensburger",
            "display_name": "Peter",
            "team": "T017P3M8W7K",
            "name": "parensburger",
            "is_restricted": false,
            "is_ultra_restricted": false
        }
    }
]