[
    {
        "client_msg_id": "f8af76de-0c2e-40df-b44c-f54cb58bc0dd",
        "type": "message",
        "text": "removing blank lines in the Ptep3 genome (introduced by trf), just in case this is an issue for REPET\n```peter@faust:~\/Ptep3_trf$ perl -i.bak -n -e \"print if \/\\S\/\" Ptep3.fa.2.5.7.80.10.25.2000.mask```\nand changing name to Ptep3m.fa, for \"masked\"\n```peter@faust:~\/Ptep3_trf$ mv Ptep3.fa.2.5.7.80.10.25.2000.mask Ptep3m.fa```\ncleaning up a bit\n```peter@faust:~\/Ptep3_trf$ rm Ptep3.fa\npeter@faust:~\/Ptep3_trf$ rm Ptep3.fa.2.5.7.80.10.25.2000.mask.bak```\nin future I could parse the file Ptep3.fa.2.5.7.80.10.25.2000.dat into .gff file to parse out the various repeats, and to see which ones mapped inside of silk genes.",
        "user": "U01793PULLV",
        "ts": "1656625187.709699",
        "blocks": [
            {
                "type": "rich_text",
                "block_id": "irS5M",
                "elements": [
                    {
                        "type": "rich_text_section",
                        "elements": [
                            {
                                "type": "text",
                                "text": "removing blank lines in the Ptep3 genome (introduced by trf), just in case this is an issue for REPET\n"
                            }
                        ]
                    },
                    {
                        "type": "rich_text_preformatted",
                        "elements": [
                            {
                                "type": "text",
                                "text": "peter@faust:~\/Ptep3_trf$ perl -i.bak -n -e \"print if \/\\S\/\" Ptep3.fa.2.5.7.80.10.25.2000.mask"
                            }
                        ],
                        "border": 0
                    },
                    {
                        "type": "rich_text_section",
                        "elements": [
                            {
                                "type": "text",
                                "text": "and changing name to Ptep3m.fa, for \"masked\"\n"
                            }
                        ]
                    },
                    {
                        "type": "rich_text_preformatted",
                        "elements": [
                            {
                                "type": "text",
                                "text": "peter@faust:~\/Ptep3_trf$ mv Ptep3.fa.2.5.7.80.10.25.2000.mask Ptep3m.fa"
                            }
                        ],
                        "border": 0
                    },
                    {
                        "type": "rich_text_section",
                        "elements": [
                            {
                                "type": "text",
                                "text": "cleaning up a bit\n"
                            }
                        ]
                    },
                    {
                        "type": "rich_text_preformatted",
                        "elements": [
                            {
                                "type": "text",
                                "text": "peter@faust:~\/Ptep3_trf$ rm Ptep3.fa\npeter@faust:~\/Ptep3_trf$ rm Ptep3.fa.2.5.7.80.10.25.2000.mask.bak"
                            }
                        ],
                        "border": 0
                    },
                    {
                        "type": "rich_text_section",
                        "elements": [
                            {
                                "type": "text",
                                "text": "in future I could parse the file Ptep3.fa.2.5.7.80.10.25.2000.dat into .gff file to parse out the various repeats, and to see which ones mapped inside of silk genes."
                            }
                        ]
                    }
                ]
            }
        ],
        "team": "T017P3M8W7K",
        "user_team": "T017P3M8W7K",
        "source_team": "T017P3M8W7K",
        "user_profile": {
            "avatar_hash": "743a9fc0b5f6",
            "image_72": "https:\/\/avatars.slack-edge.com\/2022-06-30\/3731255580839_743a9fc0b5f63f195af3_72.jpg",
            "first_name": "parensburger",
            "real_name": "parensburger",
            "display_name": "Peter",
            "team": "T017P3M8W7K",
            "name": "parensburger",
            "is_restricted": false,
            "is_ultra_restricted": false
        }
    },
    {
        "client_msg_id": "3679d7c6-81a1-4663-a239-140c8c960726",
        "type": "message",
        "text": "running REPET again, this time on the genome masked for tandem repeats\n```[centos@ab7cc9f050f3 Ptep3m_TEdenovo]$ more run_TEdenovo.sh \n#!\/usr\/bin\/bash\n\n# cp ..\/Ptep3_TEdenovo\/TEdenovo.cfg .\n\nPN=\"Ptep3m\" # project name\n\nTEdenovo.py -P $PN -C TEdenovo.cfg -S 1\nTEdenovo.py -P $PN -C TEdenovo.cfg -S 2 -s Blaster\nTEdenovo.py -P $PN -C TEdenovo.cfg -S 2 --struct\nTEdenovo.py -P $PN -C TEdenovo.cfg -S 3 -s Blaster -c Grouper\nTEdenovo.py -P $PN -C TEdenovo.cfg -S 3 -s Blaster -c Recon\n#TEdenovo.py -P $PN -C TEdenovo.cfg -S 3 -s Blaster -c Piler\nTEdenovo.py -P $PN -C TEdenovo.cfg -S 3 --struct\nTEdenovo.py -P $PN -C TEdenovo.cfg -S 4 -s Blaster -c Grouper -m Map\nTEdenovo.py -P $PN -C TEdenovo.cfg -S 4 -s Blaster -c Recon -m Map\n#TEdenovo.py -P $PN -C TEdenovo.cfg -S 4 -s Blaster -c Piler -m Map\nTEdenovo.py -P $PN -C TEdenovo.cfg -S 4 --struct -m Map\nTEdenovo.py -P $PN -C TEdenovo.cfg -S 5 -s Blaster -c GrpRec -m Map\nTEdenovo.py -P $PN -C TEdenovo.cfg -S 5 -m Map --struct\nTEdenovo.py -P $PN -C TEdenovo.cfg -S 6 -s Blaster -c GrpRec -m Map\nTEdenovo.py -P $PN -C TEdenovo.cfg -S 6 -m Map --struct\nTEdenovo.py -P $PN -C TEdenovo.cfg -S 7 -s Blaster -c GrpRec -m Map\nTEdenovo.py -P $PN -C TEdenovo.cfg -S 8 -s Blaster -c GrpRec -m Map -f Blastclust\nTEdenovo.py -P $PN -C TEdenovo.cfg -S 8 -s Blaster -c GrpRec -m Map -f MCL\n[centos@ab7cc9f050f3 Ptep3m_TEdenovo]$ nohup sh run_TEdenovo.sh &amp;```\n",
        "user": "U01793PULLV",
        "ts": "1656625879.360759",
        "blocks": [
            {
                "type": "rich_text",
                "block_id": "1mldK",
                "elements": [
                    {
                        "type": "rich_text_section",
                        "elements": [
                            {
                                "type": "text",
                                "text": "running REPET again, this time on the genome masked for tandem repeats\n"
                            }
                        ]
                    },
                    {
                        "type": "rich_text_preformatted",
                        "elements": [
                            {
                                "type": "text",
                                "text": "[centos@ab7cc9f050f3 Ptep3m_TEdenovo]$ more run_TEdenovo.sh \n#!\/usr\/bin\/bash\n\n# cp ..\/Ptep3_TEdenovo\/TEdenovo.cfg .\n\nPN=\"Ptep3m\" # project name\n\nTEdenovo.py -P $PN -C TEdenovo.cfg -S 1\nTEdenovo.py -P $PN -C TEdenovo.cfg -S 2 -s Blaster\nTEdenovo.py -P $PN -C TEdenovo.cfg -S 2 --struct\nTEdenovo.py -P $PN -C TEdenovo.cfg -S 3 -s Blaster -c Grouper\nTEdenovo.py -P $PN -C TEdenovo.cfg -S 3 -s Blaster -c Recon\n#TEdenovo.py -P $PN -C TEdenovo.cfg -S 3 -s Blaster -c Piler\nTEdenovo.py -P $PN -C TEdenovo.cfg -S 3 --struct\nTEdenovo.py -P $PN -C TEdenovo.cfg -S 4 -s Blaster -c Grouper -m Map\nTEdenovo.py -P $PN -C TEdenovo.cfg -S 4 -s Blaster -c Recon -m Map\n#TEdenovo.py -P $PN -C TEdenovo.cfg -S 4 -s Blaster -c Piler -m Map\nTEdenovo.py -P $PN -C TEdenovo.cfg -S 4 --struct -m Map\nTEdenovo.py -P $PN -C TEdenovo.cfg -S 5 -s Blaster -c GrpRec -m Map\nTEdenovo.py -P $PN -C TEdenovo.cfg -S 5 -m Map --struct\nTEdenovo.py -P $PN -C TEdenovo.cfg -S 6 -s Blaster -c GrpRec -m Map\nTEdenovo.py -P $PN -C TEdenovo.cfg -S 6 -m Map --struct\nTEdenovo.py -P $PN -C TEdenovo.cfg -S 7 -s Blaster -c GrpRec -m Map\nTEdenovo.py -P $PN -C TEdenovo.cfg -S 8 -s Blaster -c GrpRec -m Map -f Blastclust\nTEdenovo.py -P $PN -C TEdenovo.cfg -S 8 -s Blaster -c GrpRec -m Map -f MCL\n[centos@ab7cc9f050f3 Ptep3m_TEdenovo]$ nohup sh run_TEdenovo.sh &"
                            }
                        ],
                        "border": 0
                    },
                    {
                        "type": "rich_text_section",
                        "elements": []
                    }
                ]
            }
        ],
        "team": "T017P3M8W7K",
        "user_team": "T017P3M8W7K",
        "source_team": "T017P3M8W7K",
        "user_profile": {
            "avatar_hash": "743a9fc0b5f6",
            "image_72": "https:\/\/avatars.slack-edge.com\/2022-06-30\/3731255580839_743a9fc0b5f63f195af3_72.jpg",
            "first_name": "parensburger",
            "real_name": "parensburger",
            "display_name": "Peter",
            "team": "T017P3M8W7K",
            "name": "parensburger",
            "is_restricted": false,
            "is_ultra_restricted": false
        }
    },
    {
        "client_msg_id": "df6ec355-4a85-4a8d-bbcf-d59d133e21be",
        "type": "message",
        "text": "total size of the Ptep3 genome\n```Total genome size: 1228972128\npeter@faust:~\/Ptep3_trf$ perl ~\/utilities\/fasta\/genome_size.pl -in Ptep3m.fa ```",
        "user": "U01793PULLV",
        "ts": "1656627389.418649",
        "blocks": [
            {
                "type": "rich_text",
                "block_id": "s4c",
                "elements": [
                    {
                        "type": "rich_text_section",
                        "elements": [
                            {
                                "type": "text",
                                "text": "total size of the Ptep3 genome\n"
                            }
                        ]
                    },
                    {
                        "type": "rich_text_preformatted",
                        "elements": [
                            {
                                "type": "text",
                                "text": "Total genome size: 1228972128\npeter@faust:~\/Ptep3_trf$ perl ~\/utilities\/fasta\/genome_size.pl -in Ptep3m.fa "
                            }
                        ],
                        "border": 0
                    }
                ]
            }
        ],
        "team": "T017P3M8W7K",
        "user_team": "T017P3M8W7K",
        "source_team": "T017P3M8W7K",
        "user_profile": {
            "avatar_hash": "743a9fc0b5f6",
            "image_72": "https:\/\/avatars.slack-edge.com\/2022-06-30\/3731255580839_743a9fc0b5f63f195af3_72.jpg",
            "first_name": "parensburger",
            "real_name": "parensburger",
            "display_name": "Peter",
            "team": "T017P3M8W7K",
            "name": "parensburger",
            "is_restricted": false,
            "is_ultra_restricted": false
        }
    },
    {
        "client_msg_id": "3a6dbc59-ed96-4e6c-91c6-05244fbaa3dd",
        "type": "message",
        "text": "trying to get the protocol for getting repeats that have at least one full copy in REPET\n```:dizzy_face: [centos@ab7cc9f050f3 Ptep33_TEdenovo]$ PostAnalyzeTELib.py -a 1 -i Ptep33.fa -L 98 -S 95 -b :dizzy_face:```",
        "user": "U01793PULLV",
        "ts": "1656628598.767209",
        "blocks": [
            {
                "type": "rich_text",
                "block_id": "lLzW",
                "elements": [
                    {
                        "type": "rich_text_section",
                        "elements": [
                            {
                                "type": "text",
                                "text": "trying to get the protocol for getting repeats that have at least one full copy in REPET\n"
                            }
                        ]
                    },
                    {
                        "type": "rich_text_preformatted",
                        "elements": [
                            {
                                "type": "text",
                                "text": ":dizzy_face: [centos@ab7cc9f050f3 Ptep33_TEdenovo]$ PostAnalyzeTELib.py -a 1 -i Ptep33.fa -L 98 -S 95 -b :dizzy_face:"
                            }
                        ],
                        "border": 0
                    }
                ]
            }
        ],
        "team": "T017P3M8W7K",
        "user_team": "T017P3M8W7K",
        "source_team": "T017P3M8W7K",
        "user_profile": {
            "avatar_hash": "743a9fc0b5f6",
            "image_72": "https:\/\/avatars.slack-edge.com\/2022-06-30\/3731255580839_743a9fc0b5f63f195af3_72.jpg",
            "first_name": "parensburger",
            "real_name": "parensburger",
            "display_name": "Peter",
            "team": "T017P3M8W7K",
            "name": "parensburger",
            "is_restricted": false,
            "is_ultra_restricted": false
        },
        "edited": {
            "user": "U01793PULLV",
            "ts": "1656786323.000000"
        },
        "thread_ts": "1656628598.767209",
        "reply_count": 1,
        "reply_users_count": 1,
        "latest_reply": "1656786175.907209",
        "reply_users": [
            "U01793PULLV"
        ],
        "replies": [
            {
                "user": "U01793PULLV",
                "ts": "1656786175.907209"
            }
        ],
        "is_locked": false,
        "subscribed": true,
        "last_read": "1656786175.907209",
        "reactions": [
            {
                "name": "dizzy_face",
                "users": [
                    "U01793PULLV"
                ],
                "count": 1
            }
        ]
    },
    {
        "client_msg_id": "dc719ab6-3975-44f5-ace2-c9df94aac46a",
        "type": "message",
        "text": "REMINDER: _when RepeatModeler is done running, should run mitefinder program_",
        "user": "U01793PULLV",
        "ts": "1656629044.090719",
        "blocks": [
            {
                "type": "rich_text",
                "block_id": "TiG=k",
                "elements": [
                    {
                        "type": "rich_text_section",
                        "elements": [
                            {
                                "type": "text",
                                "text": "REMINDER: "
                            },
                            {
                                "type": "text",
                                "text": "when RepeatModeler is done running, should run mitefinder program",
                                "style": {
                                    "italic": true
                                }
                            }
                        ]
                    }
                ]
            }
        ],
        "team": "T017P3M8W7K",
        "user_team": "T017P3M8W7K",
        "source_team": "T017P3M8W7K",
        "user_profile": {
            "avatar_hash": "743a9fc0b5f6",
            "image_72": "https:\/\/avatars.slack-edge.com\/2022-06-30\/3731255580839_743a9fc0b5f63f195af3_72.jpg",
            "first_name": "parensburger",
            "real_name": "parensburger",
            "display_name": "Peter",
            "team": "T017P3M8W7K",
            "name": "parensburger",
            "is_restricted": false,
            "is_ultra_restricted": false
        }
    }
]