[
    {
        "type": "message",
        "text": "updated the next script to run interpro and report on the results. Next I need to write a script that takes the outputs of the nucleotide, ORF, and interpro  make a summary file for manual evaluation of what the element is. Renamed this file from run_and_summarize_interpro3.pl to run_interpro3.pl",
        "files": [
            {
                "id": "F04EH4UHFRS",
                "created": 1670535244,
                "timestamp": 1670535244,
                "name": "run_interpro3.pl",
                "title": "run_interpro3.pl",
                "mimetype": "text\/plain",
                "filetype": "perl",
                "pretty_type": "Perl",
                "user": "U01793PULLV",
                "user_team": "T017P3M8W7K",
                "editable": true,
                "size": 6160,
                "mode": "snippet",
                "is_external": false,
                "external_type": "",
                "is_public": true,
                "public_url_shared": false,
                "display_as_bot": false,
                "username": "",
                "url_private": "https:\/\/files.slack.com\/files-pri\/T017P3M8W7K-F04EH4UHFRS\/run_interpro3.pl?t=xoxe-1261123302257-6395895314663-6407612319125-137f2171a6b5696e8e285d5b7bbfa693",
                "url_private_download": "https:\/\/files.slack.com\/files-pri\/T017P3M8W7K-F04EH4UHFRS\/download\/run_interpro3.pl?t=xoxe-1261123302257-6395895314663-6407612319125-137f2171a6b5696e8e285d5b7bbfa693",
                "permalink": "https:\/\/arensburgerla-9bj1862.slack.com\/files\/U01793PULLV\/F04EH4UHFRS\/run_interpro3.pl",
                "permalink_public": "https:\/\/slack-files.com\/T017P3M8W7K-F04EH4UHFRS-4805bb1b20",
                "edit_link": "https:\/\/arensburgerla-9bj1862.slack.com\/files\/U01793PULLV\/F04EH4UHFRS\/run_interpro3.pl\/edit",
                "is_starred": false,
                "has_rich_preview": false,
                "file_access": "visible"
            }
        ],
        "upload": false,
        "user": "U01793PULLV",
        "display_as_bot": false,
        "ts": "1670535277.785419",
        "blocks": [
            {
                "type": "rich_text",
                "block_id": "0yOoI",
                "elements": [
                    {
                        "type": "rich_text_section",
                        "elements": [
                            {
                                "type": "text",
                                "text": "updated the next script to run interpro and report on the results. Next I need to write a script that takes the outputs of the nucleotide, ORF, and interpro  make a summary file for manual evaluation of what the element is. Renamed this file from run_and_summarize_interpro3.pl to run_interpro3.pl"
                            }
                        ]
                    }
                ]
            }
        ],
        "client_msg_id": "1287d3f7-4c9d-425c-9cf2-25e37a2c8415"
    }
]