[
    {
        "client_msg_id": "f0a65e1e-c7c2-4b4b-9a52-c8de47512219",
        "type": "message",
        "text": "Worked some more on the \"make_consensus.pl\" script. Removed the P distance part (it did not end up being useful) and added to the output 4 things: the start and end of the consensus based on the input sequence, and the percentage of N's on the left and right side. I will use that percentage to manually trim the ends.",
        "user": "U01793PULLV",
        "ts": "1659223215.358549",
        "blocks": [
            {
                "type": "rich_text",
                "block_id": "KoDe",
                "elements": [
                    {
                        "type": "rich_text_section",
                        "elements": [
                            {
                                "type": "text",
                                "text": "Worked some more on the \"make_consensus.pl\" script. Removed the P distance part (it did not end up being useful) and added to the output 4 things: the start and end of the consensus based on the input sequence, and the percentage of N's on the left and right side. I will use that percentage to manually trim the ends."
                            }
                        ]
                    }
                ]
            }
        ],
        "team": "T017P3M8W7K",
        "user_team": "T017P3M8W7K",
        "source_team": "T017P3M8W7K",
        "user_profile": {
            "avatar_hash": "743a9fc0b5f6",
            "image_72": "https:\/\/avatars.slack-edge.com\/2022-06-30\/3731255580839_743a9fc0b5f63f195af3_72.jpg",
            "first_name": "parensburger",
            "real_name": "parensburger",
            "display_name": "Peter",
            "team": "T017P3M8W7K",
            "name": "parensburger",
            "is_restricted": false,
            "is_ultra_restricted": false
        }
    },
    {
        "client_msg_id": "7c1a8f88-86b7-4af8-a6fb-6a84092a04e9",
        "type": "message",
        "text": "Before I run make_consensus on all sequences, need get the TIR and TSD program to work",
        "user": "U01793PULLV",
        "ts": "1659223637.149749",
        "blocks": [
            {
                "type": "rich_text",
                "block_id": "vmLn",
                "elements": [
                    {
                        "type": "rich_text_section",
                        "elements": [
                            {
                                "type": "text",
                                "text": "Before I run make_consensus on all sequences, need get the TIR and TSD program to work"
                            }
                        ]
                    }
                ]
            }
        ],
        "team": "T017P3M8W7K",
        "user_team": "T017P3M8W7K",
        "source_team": "T017P3M8W7K",
        "user_profile": {
            "avatar_hash": "743a9fc0b5f6",
            "image_72": "https:\/\/avatars.slack-edge.com\/2022-06-30\/3731255580839_743a9fc0b5f63f195af3_72.jpg",
            "first_name": "parensburger",
            "real_name": "parensburger",
            "display_name": "Peter",
            "team": "T017P3M8W7K",
            "name": "parensburger",
            "is_restricted": false,
            "is_ultra_restricted": false
        }
    }
]