[
    {
        "client_msg_id": "c5596fff-5448-4905-a250-d7b22081b790",
        "type": "message",
        "text": "```peter@faust:~\/TE_ManAnnot\/Ptep3_TEs$ scp -r pfam\/ arensburger@pq:~\/Ptep3_TEs\narensburger@pq:~\/Ptep3_TEs\/pfam$ awk '{if ($6~\/^PF\/) {print $1}}' TE2-cdhit.pfam | sed 's\/\\#\/ \/1' | awk '{print $1}' &gt; pf.domains.names\narensburger@pq:~\/Ptep3_TEs\/pfam$ grep '&gt;' ..\/reduce_redundancy\/test\/Ptep3_TE2-cdhit.fa | sed 's\/\\#\/ \/1;s\/^&gt;\/\/g' | awk '{print $1}' &gt; all.families.names\npeter@faust:~\/TE_ManAnnot\/Ptep3_TEs$ scp arensburger@pq:~\/Ptep3_TEs\/reduce_redundancy\/test\/Ptep3_TE2.fa .\nPtep3_TE2.fa                                  100%   10MB 103.9MB\/s   00:00    \npeter@faust:~\/TE_ManAnnot\/Ptep3_TEs$ perl ..\/bin\/rm2_fams2table.pl Ptep3_TE2.fa \nTABLE file generated. All done!```",
        "user": "U01793PULLV",
        "ts": "1658613677.337859",
        "blocks": [
            {
                "type": "rich_text",
                "block_id": "Y6R\/",
                "elements": [
                    {
                        "type": "rich_text_preformatted",
                        "elements": [
                            {
                                "type": "text",
                                "text": "peter@faust:~\/TE_ManAnnot\/Ptep3_TEs$ scp -r pfam\/ arensburger@pq:~\/Ptep3_TEs\narensburger@pq:~\/Ptep3_TEs\/pfam$ awk '{if ($6~\/^PF\/) {print $1}}' TE2-cdhit.pfam | sed 's\/\\#\/ \/1' | awk '{print $1}' > pf.domains.names\narensburger@pq:~\/Ptep3_TEs\/pfam$ grep '>' ..\/reduce_redundancy\/test\/Ptep3_TE2-cdhit.fa | sed 's\/\\#\/ \/1;s\/^>\/\/g' | awk '{print $1}' > all.families.names\npeter@faust:~\/TE_ManAnnot\/Ptep3_TEs$ scp arensburger@pq:~\/Ptep3_TEs\/reduce_redundancy\/test\/Ptep3_TE2.fa .\nPtep3_TE2.fa                                  100%   10MB 103.9MB\/s   00:00    \npeter@faust:~\/TE_ManAnnot\/Ptep3_TEs$ perl ..\/bin\/rm2_fams2table.pl Ptep3_TE2.fa \nTABLE file generated. All done!"
                            }
                        ],
                        "border": 0
                    }
                ]
            }
        ],
        "team": "T017P3M8W7K",
        "user_team": "T017P3M8W7K",
        "source_team": "T017P3M8W7K",
        "user_profile": {
            "avatar_hash": "743a9fc0b5f6",
            "image_72": "https:\/\/avatars.slack-edge.com\/2022-06-30\/3731255580839_743a9fc0b5f63f195af3_72.jpg",
            "first_name": "parensburger",
            "real_name": "parensburger",
            "display_name": "Peter",
            "team": "T017P3M8W7K",
            "name": "parensburger",
            "is_restricted": false,
            "is_ultra_restricted": false
        }
    },
    {
        "client_msg_id": "79ed0611-8889-43fa-ac1c-f809a6019d57",
        "type": "message",
        "text": "I'm getting lost in how the Goubert scripts are combing all the data, I'll do it myself and add number of ORFs\n```peter@carmen:~\/Desktop$ scp arensburger@pq:\/home\/arensburger\/Ptep3_TEs\/reduce_redundancy\/test\/Ptep3_TE2-cdhit.fa .\npeter@carmen:~\/Desktop$ scp arensburger@pq:\/home\/arensburger\/Ptep3_TEs\/blast\/good_blast.o .\npeter@carmen:~\/Desktop$ scp arensburger@pq:~\/Ptep3_TEs\/pfam\/TE2-cdhit.pfam .\npeter@carmen:~\/Desktop$ scp arensburger@pq:~\/Ptep3_TEs\/pfam\/TE2-cdhit.orf .\npeter@carmen:~\/Desktop$ perl combine_manannot.pl -s Ptep3_TE2-cdhit.fa -b good_blast.o -p TE2-cdhit.pfam -o TE2-cdhit.orf &gt; combine_data_entries.xls\npeter@carmen:~\/Desktop$ scp combine_data_entries.xls arensburger@pq:~\/Ptep3_TEs\/combine_entries\ncombine_data_entries.xls                                                                                                                        100%  543KB   1.2MB\/s   00:00    \npeter@carmen:~\/Desktop$ scp combine_ arensburger@pq:~\/Ptep3_TEs\/combine_entries\ncombine_data_entries.xls   combine_manannot.pl        \npeter@carmen:~\/Desktop$ scp combine_manannot.pl arensburger@pq:~\/Ptep3_TEs\/combine_entries\ncombine_manannot.pl                                                                                                                             100% 4177   174.1KB\/s   00:00    \npeter@carmen:~\/Desktop$ scp Ptep3_TE2-cdhit.fa  arensburger@pq:~\/Ptep3_TEs\/combine_entries\nPtep3_TE2-cdhit.fa                                                                                                                              100% 9246KB   1.3MB\/s   00:07    \npeter@carmen:~\/Desktop$ scp good_blast.o  arensburger@pq:~\/Ptep3_TEs\/combine_entries\ngood_blast.o                                                                                                                                    100%   40MB   1.3MB\/s   00:31    \npeter@carmen:~\/Desktop$ scp TE2-cdhit.pfam  arensburger@pq:~\/Ptep3_TEs\/combine_entries\nTE2-cdhit.pfam                                                                                                                                  100%  331KB   1.2MB\/s   00:00    \npeter@carmen:~\/Desktop$ scp TE2-cdhit.orf   arensburger@pq:~\/Ptep3_TEs\/combine_entries\nTE2-cdhit.orf         ```\nThe file with all the combined entries is combine_data_entries.xls and all the data to generate it was uploaded to pq",
        "user": "U01793PULLV",
        "ts": "1658622240.175899",
        "blocks": [
            {
                "type": "rich_text",
                "block_id": "+k07",
                "elements": [
                    {
                        "type": "rich_text_section",
                        "elements": [
                            {
                                "type": "text",
                                "text": "I'm getting lost in how the Goubert scripts are combing all the data, I'll do it myself and add number of ORFs\n"
                            }
                        ]
                    },
                    {
                        "type": "rich_text_preformatted",
                        "elements": [
                            {
                                "type": "text",
                                "text": "peter@carmen:~\/Desktop$ scp arensburger@pq:\/home\/arensburger\/Ptep3_TEs\/reduce_redundancy\/test\/Ptep3_TE2-cdhit.fa .\npeter@carmen:~\/Desktop$ scp arensburger@pq:\/home\/arensburger\/Ptep3_TEs\/blast\/good_blast.o .\npeter@carmen:~\/Desktop$ scp arensburger@pq:~\/Ptep3_TEs\/pfam\/TE2-cdhit.pfam .\npeter@carmen:~\/Desktop$ scp arensburger@pq:~\/Ptep3_TEs\/pfam\/TE2-cdhit.orf .\npeter@carmen:~\/Desktop$ perl combine_manannot.pl -s Ptep3_TE2-cdhit.fa -b good_blast.o -p TE2-cdhit.pfam -o TE2-cdhit.orf > combine_data_entries.xls\npeter@carmen:~\/Desktop$ scp combine_data_entries.xls arensburger@pq:~\/Ptep3_TEs\/combine_entries\ncombine_data_entries.xls                                                                                                                        100%  543KB   1.2MB\/s   00:00    \npeter@carmen:~\/Desktop$ scp combine_ arensburger@pq:~\/Ptep3_TEs\/combine_entries\ncombine_data_entries.xls   combine_manannot.pl        \npeter@carmen:~\/Desktop$ scp combine_manannot.pl arensburger@pq:~\/Ptep3_TEs\/combine_entries\ncombine_manannot.pl                                                                                                                             100% 4177   174.1KB\/s   00:00    \npeter@carmen:~\/Desktop$ scp Ptep3_TE2-cdhit.fa  arensburger@pq:~\/Ptep3_TEs\/combine_entries\nPtep3_TE2-cdhit.fa                                                                                                                              100% 9246KB   1.3MB\/s   00:07    \npeter@carmen:~\/Desktop$ scp good_blast.o  arensburger@pq:~\/Ptep3_TEs\/combine_entries\ngood_blast.o                                                                                                                                    100%   40MB   1.3MB\/s   00:31    \npeter@carmen:~\/Desktop$ scp TE2-cdhit.pfam  arensburger@pq:~\/Ptep3_TEs\/combine_entries\nTE2-cdhit.pfam                                                                                                                                  100%  331KB   1.2MB\/s   00:00    \npeter@carmen:~\/Desktop$ scp TE2-cdhit.orf   arensburger@pq:~\/Ptep3_TEs\/combine_entries\nTE2-cdhit.orf         "
                            }
                        ],
                        "border": 0
                    },
                    {
                        "type": "rich_text_section",
                        "elements": [
                            {
                                "type": "text",
                                "text": "The file with all the combined entries is combine_data_entries.xls and all the data to generate it was uploaded to pq"
                            }
                        ]
                    }
                ]
            }
        ],
        "team": "T017P3M8W7K",
        "user_team": "T017P3M8W7K",
        "source_team": "T017P3M8W7K",
        "user_profile": {
            "avatar_hash": "743a9fc0b5f6",
            "image_72": "https:\/\/avatars.slack-edge.com\/2022-06-30\/3731255580839_743a9fc0b5f63f195af3_72.jpg",
            "first_name": "parensburger",
            "real_name": "parensburger",
            "display_name": "Peter",
            "team": "T017P3M8W7K",
            "name": "parensburger",
            "is_restricted": false,
            "is_ultra_restricted": false
        }
    }
]