[
    {
        "client_msg_id": "b8a81b12-9214-4f7b-ac64-b7fe5cf81779",
        "type": "message",
        "text": "still working on getting a .maf file for every eligible element. Lots are being skipped and I don't understand why. At this point all the folders have a .fa.blast.bed.fa file. I removed manually the elements below because the make_fasta_from_blast.sh only returned a single sequence\n```peter@carmen:~\/Desktop$ mv TEs\/ltr-1_family-37 excluded_elements\/\npeter@carmen:~\/Desktop$ mv TEs\/rnd-6_family-3550 excluded_elements\/\npeter@carmen:~\/Desktop$ mv TEs\/rnd-6_family-1147 excluded_elements\/\npeter@carmen:~\/Desktop$ mv TEs\/rnd-6_family-1530 excluded_elements\/\npeter@carmen:~\/Desktop$ mv TEs\/rnd-6_family-4234 excluded_elements\/```",
        "user": "U01793PULLV",
        "ts": "1661728332.494519",
        "blocks": [
            {
                "type": "rich_text",
                "block_id": "fBP",
                "elements": [
                    {
                        "type": "rich_text_section",
                        "elements": [
                            {
                                "type": "text",
                                "text": "still working on getting a .maf file for every eligible element. Lots are being skipped and I don't understand why. At this point all the folders have a .fa.blast.bed.fa file. I removed manually the elements below because the make_fasta_from_blast.sh only returned a single sequence\n"
                            }
                        ]
                    },
                    {
                        "type": "rich_text_preformatted",
                        "elements": [
                            {
                                "type": "text",
                                "text": "peter@carmen:~\/Desktop$ mv TEs\/ltr-1_family-37 excluded_elements\/\npeter@carmen:~\/Desktop$ mv TEs\/rnd-6_family-3550 excluded_elements\/\npeter@carmen:~\/Desktop$ mv TEs\/rnd-6_family-1147 excluded_elements\/\npeter@carmen:~\/Desktop$ mv TEs\/rnd-6_family-1530 excluded_elements\/\npeter@carmen:~\/Desktop$ mv TEs\/rnd-6_family-4234 excluded_elements\/"
                            }
                        ],
                        "border": 0
                    }
                ]
            }
        ],
        "team": "T017P3M8W7K",
        "user_team": "T017P3M8W7K",
        "source_team": "T017P3M8W7K",
        "user_profile": {
            "avatar_hash": "743a9fc0b5f6",
            "image_72": "https:\/\/avatars.slack-edge.com\/2022-06-30\/3731255580839_743a9fc0b5f63f195af3_72.jpg",
            "first_name": "parensburger",
            "real_name": "parensburger",
            "display_name": "Peter",
            "team": "T017P3M8W7K",
            "name": "parensburger",
            "is_restricted": false,
            "is_ultra_restricted": false
        }
    },
    {
        "client_msg_id": "59ad1368-ddc6-4c15-a941-71b6ace065aa",
        "type": "message",
        "text": "getting the last 799 mafft alignments done:\n```arensburger@pq:~\/Ptep3_TEs\/make_consensus$ nohup perl process_folders-blast-and-cons.pl -t redo4.txt &amp;```",
        "user": "U01793PULLV",
        "ts": "1661730658.899619",
        "blocks": [
            {
                "type": "rich_text",
                "block_id": "bNr9h",
                "elements": [
                    {
                        "type": "rich_text_section",
                        "elements": [
                            {
                                "type": "text",
                                "text": "getting the last 799 mafft alignments done:\n"
                            }
                        ]
                    },
                    {
                        "type": "rich_text_preformatted",
                        "elements": [
                            {
                                "type": "text",
                                "text": "arensburger@pq:~\/Ptep3_TEs\/make_consensus$ nohup perl process_folders-blast-and-cons.pl -t redo4.txt &"
                            }
                        ],
                        "border": 0
                    }
                ]
            }
        ],
        "team": "T017P3M8W7K",
        "user_team": "T017P3M8W7K",
        "source_team": "T017P3M8W7K",
        "user_profile": {
            "avatar_hash": "743a9fc0b5f6",
            "image_72": "https:\/\/avatars.slack-edge.com\/2022-06-30\/3731255580839_743a9fc0b5f63f195af3_72.jpg",
            "first_name": "parensburger",
            "real_name": "parensburger",
            "display_name": "Peter",
            "team": "T017P3M8W7K",
            "name": "parensburger",
            "is_restricted": false,
            "is_ultra_restricted": false
        }
    }
]