[
    {
        "client_msg_id": "19fca9d1-5cf9-4ba3-b37a-5aac1fa94d52",
        "type": "message",
        "text": "there's a message saying that running interproscan on more than 12000 sequences could be bad, so breaking it up.\n```peter@faust:~\/Desktop$ perl ~\/utilities\/fasta\/split_fasta.pl -in all-genome_sequences.fa -s 11\npeter@faust:~\/Desktop$ more rs.sh\n#!\/bin\/bash\n\ninterproscan.sh -t n -i segment-s1.fa -appl Pfam -f GFF3\ninterproscan.sh -t n -i segment-s2.fa -appl Pfam -f GFF3\ninterproscan.sh -t n -i segment-s3.fa -appl Pfam -f GFF3\ninterproscan.sh -t n -i segment-s4.fa -appl Pfam -f GFF3\ninterproscan.sh -t n -i segment-s5.fa -appl Pfam -f GFF3\ninterproscan.sh -t n -i segment-s6.fa -appl Pfam -f GFF3\ninterproscan.sh -t n -i segment-s7.fa -appl Pfam -f GFF3\ninterproscan.sh -t n -i segment-s8.fa -appl Pfam -f GFF3\ninterproscan.sh -t n -i segment-s9.fa -appl Pfam -f GFF3\ninterproscan.sh -t n -i segment-s10.fa -appl Pfam -f GFF3\ninterproscan.sh -t n -i segment-s11.fa -appl Pfam -f GFF3\n\n\npeter@faust:~\/Desktop$ nohup sh rs.sh &amp;```\n",
        "user": "U01793PULLV",
        "ts": "1663952059.738929",
        "blocks": [
            {
                "type": "rich_text",
                "block_id": "CkAeZ",
                "elements": [
                    {
                        "type": "rich_text_section",
                        "elements": [
                            {
                                "type": "text",
                                "text": "there's a message saying that running interproscan on more than 12000 sequences could be bad, so breaking it up.\n"
                            }
                        ]
                    },
                    {
                        "type": "rich_text_preformatted",
                        "elements": [
                            {
                                "type": "text",
                                "text": "peter@faust:~\/Desktop$ perl ~\/utilities\/fasta\/split_fasta.pl -in all-genome_sequences.fa -s 11\npeter@faust:~\/Desktop$ more rs.sh\n#!\/bin\/bash\n\ninterproscan.sh -t n -i segment-s1.fa -appl Pfam -f GFF3\ninterproscan.sh -t n -i segment-s2.fa -appl Pfam -f GFF3\ninterproscan.sh -t n -i segment-s3.fa -appl Pfam -f GFF3\ninterproscan.sh -t n -i segment-s4.fa -appl Pfam -f GFF3\ninterproscan.sh -t n -i segment-s5.fa -appl Pfam -f GFF3\ninterproscan.sh -t n -i segment-s6.fa -appl Pfam -f GFF3\ninterproscan.sh -t n -i segment-s7.fa -appl Pfam -f GFF3\ninterproscan.sh -t n -i segment-s8.fa -appl Pfam -f GFF3\ninterproscan.sh -t n -i segment-s9.fa -appl Pfam -f GFF3\ninterproscan.sh -t n -i segment-s10.fa -appl Pfam -f GFF3\ninterproscan.sh -t n -i segment-s11.fa -appl Pfam -f GFF3\n\n\npeter@faust:~\/Desktop$ nohup sh rs.sh &"
                            }
                        ],
                        "border": 0
                    },
                    {
                        "type": "rich_text_section",
                        "elements": []
                    }
                ]
            }
        ],
        "team": "T017P3M8W7K",
        "user_team": "T017P3M8W7K",
        "source_team": "T017P3M8W7K",
        "user_profile": {
            "avatar_hash": "743a9fc0b5f6",
            "image_72": "https:\/\/avatars.slack-edge.com\/2022-06-30\/3731255580839_743a9fc0b5f63f195af3_72.jpg",
            "first_name": "parensburger",
            "real_name": "parensburger",
            "display_name": "Peter",
            "team": "T017P3M8W7K",
            "name": "parensburger",
            "is_restricted": false,
            "is_ultra_restricted": false
        }
    },
    {
        "client_msg_id": "70d63d28-b458-4a29-8dcb-c584e9711914",
        "type": "message",
        "text": "it's taking too long to run. So breaking it up into 5 pieces. The Desktop will still have segments 1 and 2, but segments 3-4, 5-6, and 9-11 will be in separate folders on the desktop.",
        "user": "U01793PULLV",
        "ts": "1663952137.499699",
        "blocks": [
            {
                "type": "rich_text",
                "block_id": "3+Tx",
                "elements": [
                    {
                        "type": "rich_text_section",
                        "elements": [
                            {
                                "type": "text",
                                "text": "it's taking too long to run. So breaking it up into 5 pieces. The Desktop will still have segments 1 and 2, but segments 3-4, 5-6, and 9-11 will be in separate folders on the desktop."
                            }
                        ]
                    }
                ]
            }
        ],
        "team": "T017P3M8W7K",
        "user_team": "T017P3M8W7K",
        "source_team": "T017P3M8W7K",
        "user_profile": {
            "avatar_hash": "743a9fc0b5f6",
            "image_72": "https:\/\/avatars.slack-edge.com\/2022-06-30\/3731255580839_743a9fc0b5f63f195af3_72.jpg",
            "first_name": "parensburger",
            "real_name": "parensburger",
            "display_name": "Peter",
            "team": "T017P3M8W7K",
            "name": "parensburger",
            "is_restricted": false,
            "is_ultra_restricted": false
        }
    },
    {
        "client_msg_id": "3384f380-3ae1-40c9-b00c-05e9f129df0e",
        "type": "message",
        "text": "installed <https:\/\/bioconda.github.io\/recipes\/translatorx\/README.html|tranlatorX> using bioconda. It can be activated using:\n```peter@faust:~$ conda activate TE\n(TE) peter@faust:~$ translatorx\n(TE) peter@faust:~$ conda deactivate```",
        "user": "U01793PULLV",
        "ts": "1663965953.620669",
        "blocks": [
            {
                "type": "rich_text",
                "block_id": "qEbG8",
                "elements": [
                    {
                        "type": "rich_text_section",
                        "elements": [
                            {
                                "type": "text",
                                "text": "installed "
                            },
                            {
                                "type": "link",
                                "url": "https:\/\/bioconda.github.io\/recipes\/translatorx\/README.html",
                                "text": "tranlatorX"
                            },
                            {
                                "type": "text",
                                "text": " using bioconda. It can be activated using:\n"
                            }
                        ]
                    },
                    {
                        "type": "rich_text_preformatted",
                        "elements": [
                            {
                                "type": "text",
                                "text": "peter@faust:~$ conda activate TE\n(TE) peter@faust:~$ translatorx\n(TE) peter@faust:~$ conda deactivate"
                            }
                        ],
                        "border": 0
                    }
                ]
            }
        ],
        "team": "T017P3M8W7K",
        "user_team": "T017P3M8W7K",
        "source_team": "T017P3M8W7K",
        "user_profile": {
            "avatar_hash": "743a9fc0b5f6",
            "image_72": "https:\/\/avatars.slack-edge.com\/2022-06-30\/3731255580839_743a9fc0b5f63f195af3_72.jpg",
            "first_name": "parensburger",
            "real_name": "parensburger",
            "display_name": "Peter",
            "team": "T017P3M8W7K",
            "name": "parensburger",
            "is_restricted": false,
            "is_ultra_restricted": false
        }
    }
]