[
    {
        "client_msg_id": "56372dc5-6a74-4233-8f26-48692cb51df3",
        "type": "message",
        "text": "working on making decisions about the TEs\n```peter@carmen:~\/Desktop$ perl summarize_tnp_tir_tsd.pl -t list.txt -v all-transposase.fa.tsv &gt; TE_id_table.xls```",
        "user": "U01793PULLV",
        "ts": "1665162084.418559",
        "blocks": [
            {
                "type": "rich_text",
                "block_id": "tiM",
                "elements": [
                    {
                        "type": "rich_text_section",
                        "elements": [
                            {
                                "type": "text",
                                "text": "working on making decisions about the TEs\n"
                            }
                        ]
                    },
                    {
                        "type": "rich_text_preformatted",
                        "elements": [
                            {
                                "type": "text",
                                "text": "peter@carmen:~\/Desktop$ perl summarize_tnp_tir_tsd.pl -t list.txt -v all-transposase.fa.tsv > TE_id_table.xls"
                            }
                        ],
                        "border": 0
                    }
                ]
            }
        ],
        "team": "T017P3M8W7K",
        "user_team": "T017P3M8W7K",
        "source_team": "T017P3M8W7K",
        "user_profile": {
            "avatar_hash": "743a9fc0b5f6",
            "image_72": "https:\/\/avatars.slack-edge.com\/2022-06-30\/3731255580839_743a9fc0b5f63f195af3_72.jpg",
            "first_name": "parensburger",
            "real_name": "parensburger",
            "display_name": "Peter",
            "team": "T017P3M8W7K",
            "name": "parensburger",
            "is_restricted": false,
            "is_ultra_restricted": false
        }
    },
    {
        "client_msg_id": "c3f65cad-8f44-4718-aec0-98b150db9f9c",
        "type": "message",
        "text": "going through the elements. Sorted by TSD type, elements that have interpro indicating them as hAT, Ac-like, ZBED8 (Buster) are marked a autonomous. Elements that have transposase length of 100aa or less are marked as MITEs. The 8bp type of elements have a lot of transposases marked as EPM2A-INTERACTING PROTEIN 1 which could be transposase, but for now marked as \"unknonwn\"",
        "user": "U01793PULLV",
        "ts": "1665182968.506119",
        "blocks": [
            {
                "type": "rich_text",
                "block_id": "usj",
                "elements": [
                    {
                        "type": "rich_text_section",
                        "elements": [
                            {
                                "type": "text",
                                "text": "going through the elements. Sorted by TSD type, elements that have interpro indicating them as hAT, Ac-like, ZBED8 (Buster) are marked a autonomous. Elements that have transposase length of 100aa or less are marked as MITEs. The 8bp type of elements have a lot of transposases marked as EPM2A-INTERACTING PROTEIN 1 which could be transposase, but for now marked as \"unknonwn\""
                            }
                        ]
                    }
                ]
            }
        ],
        "team": "T017P3M8W7K",
        "user_team": "T017P3M8W7K",
        "source_team": "T017P3M8W7K",
        "user_profile": {
            "avatar_hash": "743a9fc0b5f6",
            "image_72": "https:\/\/avatars.slack-edge.com\/2022-06-30\/3731255580839_743a9fc0b5f63f195af3_72.jpg",
            "first_name": "parensburger",
            "real_name": "parensburger",
            "display_name": "Peter",
            "team": "T017P3M8W7K",
            "name": "parensburger",
            "is_restricted": false,
            "is_ultra_restricted": false
        },
        "edited": {
            "user": "U01793PULLV",
            "ts": "1665183081.000000"
        }
    },
    {
        "client_msg_id": "7dbd5f24-0f00-430f-9d9a-36847c178afa",
        "type": "message",
        "text": "according this paper <https:\/\/www.ncbi.nlm.nih.gov\/pmc\/articles\/PMC39958\/> Tigger elements can have either TA or 8 bp. target sites",
        "user": "U01793PULLV",
        "ts": "1665184299.293329",
        "blocks": [
            {
                "type": "rich_text",
                "block_id": "gwY",
                "elements": [
                    {
                        "type": "rich_text_section",
                        "elements": [
                            {
                                "type": "text",
                                "text": "according this paper "
                            },
                            {
                                "type": "link",
                                "url": "https:\/\/www.ncbi.nlm.nih.gov\/pmc\/articles\/PMC39958\/"
                            },
                            {
                                "type": "text",
                                "text": " Tigger elements can have either TA or 8 bp. target sites"
                            }
                        ]
                    }
                ]
            }
        ],
        "team": "T017P3M8W7K",
        "user_team": "T017P3M8W7K",
        "source_team": "T017P3M8W7K",
        "user_profile": {
            "avatar_hash": "743a9fc0b5f6",
            "image_72": "https:\/\/avatars.slack-edge.com\/2022-06-30\/3731255580839_743a9fc0b5f63f195af3_72.jpg",
            "first_name": "parensburger",
            "real_name": "parensburger",
            "display_name": "Peter",
            "team": "T017P3M8W7K",
            "name": "parensburger",
            "is_restricted": false,
            "is_ultra_restricted": false
        },
        "attachments": [
            {
                "from_url": "https:\/\/www.ncbi.nlm.nih.gov\/pmc\/articles\/PMC39958\/",
                "thumb_url": "https:\/\/www.ncbi.nlm.nih.gov\/corehtml\/pmc\/pmcgifs\/pmc-logo-share.png?_=0",
                "thumb_width": 144,
                "thumb_height": 144,
                "service_icon": "https:\/\/www.ncbi.nlm.nih.gov\/coreutils\/nwds\/img\/favicons\/favicon-57.png",
                "id": 1,
                "original_url": "https:\/\/www.ncbi.nlm.nih.gov\/pmc\/articles\/PMC39958\/",
                "fallback": "PubMed Central (PMC): Tiggers and DNA transposon fossils in the human genome.",
                "text": "We report several classes of human interspersed repeats that resemble fossils of DNA transposons, elements that move by excision and reintegration in the genome, whereas previously characterized mammalian repeats all appear to have accumulated by retrotransposition, ...",
                "title": "Tiggers and DNA transposon fossils in the human genome.",
                "title_link": "https:\/\/www.ncbi.nlm.nih.gov\/pmc\/articles\/PMC39958\/",
                "service_name": "PubMed Central (PMC)"
            }
        ]
    }
]