[
    {
        "client_msg_id": "0fee8d08-5fe8-46bf-a033-e4897d9aba71",
        "type": "message",
        "text": "Next step is to id the transposases. I think I'll use Genewise to compare DNA each DNA element to protein database. The question is how to get the protein database. I did a search on NCBI for \"transposase\", selecting for protein sequences and filtering out only 1) animal sequences and 2) refseq. This gives me 36,855 sequences. I'm going to see if its realistically usable.",
        "user": "U01793PULLV",
        "ts": "1663718009.158039",
        "blocks": [
            {
                "type": "rich_text",
                "block_id": "Osom",
                "elements": [
                    {
                        "type": "rich_text_section",
                        "elements": [
                            {
                                "type": "text",
                                "text": "Next step is to id the transposases. I think I'll use Genewise to compare DNA each DNA element to protein database. The question is how to get the protein database. I did a search on NCBI for \"transposase\", selecting for protein sequences and filtering out only 1) animal sequences and 2) refseq. This gives me 36,855 sequences. I'm going to see if its realistically usable."
                            }
                        ]
                    }
                ]
            }
        ],
        "team": "T017P3M8W7K",
        "user_team": "T017P3M8W7K",
        "source_team": "T017P3M8W7K",
        "user_profile": {
            "avatar_hash": "743a9fc0b5f6",
            "image_72": "https:\/\/avatars.slack-edge.com\/2022-06-30\/3731255580839_743a9fc0b5f63f195af3_72.jpg",
            "first_name": "parensburger",
            "real_name": "parensburger",
            "display_name": "Peter",
            "team": "T017P3M8W7K",
            "name": "parensburger",
            "is_restricted": false,
            "is_ultra_restricted": false
        }
    }
]