[
    {
        "type": "message",
        "text": "improved the script some more, I think it's ready to use on all the sequences.",
        "files": [
            {
                "id": "F045VHTJAP2",
                "created": 1664938313,
                "timestamp": 1664938313,
                "name": "process_folders-display_orfs.pl",
                "title": "process_folders-display_orfs.pl",
                "mimetype": "text\/plain",
                "filetype": "perl",
                "pretty_type": "Perl",
                "user": "U01793PULLV",
                "user_team": "T017P3M8W7K",
                "editable": true,
                "size": 15957,
                "mode": "snippet",
                "is_external": false,
                "external_type": "",
                "is_public": true,
                "public_url_shared": false,
                "display_as_bot": false,
                "username": "",
                "url_private": "https:\/\/files.slack.com\/files-pri\/T017P3M8W7K-F045VHTJAP2\/process_folders-display_orfs.pl?t=xoxe-1261123302257-6395895314663-6407612319125-137f2171a6b5696e8e285d5b7bbfa693",
                "url_private_download": "https:\/\/files.slack.com\/files-pri\/T017P3M8W7K-F045VHTJAP2\/download\/process_folders-display_orfs.pl?t=xoxe-1261123302257-6395895314663-6407612319125-137f2171a6b5696e8e285d5b7bbfa693",
                "permalink": "https:\/\/arensburgerla-9bj1862.slack.com\/files\/U01793PULLV\/F045VHTJAP2\/process_folders-display_orfs.pl",
                "permalink_public": "https:\/\/slack-files.com\/T017P3M8W7K-F045VHTJAP2-ee7ed75416",
                "edit_link": "https:\/\/arensburgerla-9bj1862.slack.com\/files\/U01793PULLV\/F045VHTJAP2\/process_folders-display_orfs.pl\/edit",
                "is_starred": false,
                "has_rich_preview": false,
                "file_access": "visible"
            }
        ],
        "upload": false,
        "user": "U01793PULLV",
        "display_as_bot": false,
        "ts": "1664938315.549969",
        "blocks": [
            {
                "type": "rich_text",
                "block_id": "4gpo",
                "elements": [
                    {
                        "type": "rich_text_section",
                        "elements": [
                            {
                                "type": "text",
                                "text": "improved the script some more, I think it's ready to use on all the sequences."
                            }
                        ]
                    }
                ]
            }
        ],
        "client_msg_id": "99b05874-0456-42db-ace8-82b2497f1f19"
    }
]