[
    {
        "type": "message",
        "text": "working on improving the consensus with the second stage analysis with make_consensus2.pl. Getting just those elements that need a second stage analysis\n```peter@faust:~\/Desktop$ perl process_folders-blast-and-cons.pl -o Pt_table_v2.ods &gt; Pt_table_v2-1.xls```",
        "files": [
            {
                "id": "F03THHLFQDC",
                "created": 1660584675,
                "timestamp": 1660584675,
                "name": "process_folders-get_consensus_details.pl",
                "title": "process_folders-get_consensus_details.pl",
                "mimetype": "text\/plain",
                "filetype": "perl",
                "pretty_type": "Perl",
                "user": "U01793PULLV",
                "user_team": "T017P3M8W7K",
                "editable": true,
                "size": 3877,
                "mode": "snippet",
                "is_external": false,
                "external_type": "",
                "is_public": true,
                "public_url_shared": false,
                "display_as_bot": false,
                "username": "",
                "url_private": "https:\/\/files.slack.com\/files-pri\/T017P3M8W7K-F03THHLFQDC\/process_folders-get_consensus_details.pl?t=xoxe-1261123302257-6395895314663-6407612319125-137f2171a6b5696e8e285d5b7bbfa693",
                "url_private_download": "https:\/\/files.slack.com\/files-pri\/T017P3M8W7K-F03THHLFQDC\/download\/process_folders-get_consensus_details.pl?t=xoxe-1261123302257-6395895314663-6407612319125-137f2171a6b5696e8e285d5b7bbfa693",
                "permalink": "https:\/\/arensburgerla-9bj1862.slack.com\/files\/U01793PULLV\/F03THHLFQDC\/process_folders-get_consensus_details.pl",
                "permalink_public": "https:\/\/slack-files.com\/T017P3M8W7K-F03THHLFQDC-9c3e733640",
                "edit_link": "https:\/\/arensburgerla-9bj1862.slack.com\/files\/U01793PULLV\/F03THHLFQDC\/process_folders-get_consensus_details.pl\/edit",
                "is_starred": false,
                "has_rich_preview": false,
                "file_access": "visible"
            }
        ],
        "upload": false,
        "user": "U01793PULLV",
        "display_as_bot": false,
        "ts": "1660586326.968049",
        "blocks": [
            {
                "type": "rich_text",
                "block_id": "e1LCJ",
                "elements": [
                    {
                        "type": "rich_text_section",
                        "elements": [
                            {
                                "type": "text",
                                "text": "working on improving the consensus with the second stage analysis with make_consensus2.pl. Getting just those elements that need a second stage analysis\n"
                            }
                        ]
                    },
                    {
                        "type": "rich_text_preformatted",
                        "elements": [
                            {
                                "type": "text",
                                "text": "peter@faust:~\/Desktop$ perl process_folders-blast-and-cons.pl -o Pt_table_v2.ods > Pt_table_v2-1.xls"
                            }
                        ],
                        "border": 0
                    }
                ]
            }
        ],
        "client_msg_id": "73c72796-056c-44c5-8f18-5218e644aa1d"
    },
    {
        "client_msg_id": "eb969a9f-eb19-41e6-bc38-56b052a13ca2",
        "type": "message",
        "text": "after looking at it more closely, I don't think the make_consensus2.pl is going to help much. Giving up.",
        "user": "U01793PULLV",
        "ts": "1660586355.933079",
        "blocks": [
            {
                "type": "rich_text",
                "block_id": "x5g",
                "elements": [
                    {
                        "type": "rich_text_section",
                        "elements": [
                            {
                                "type": "text",
                                "text": "after looking at it more closely, I don't think the make_consensus2.pl is going to help much. Giving up."
                            }
                        ]
                    }
                ]
            }
        ],
        "team": "T017P3M8W7K",
        "user_team": "T017P3M8W7K",
        "source_team": "T017P3M8W7K",
        "user_profile": {
            "avatar_hash": "743a9fc0b5f6",
            "image_72": "https:\/\/avatars.slack-edge.com\/2022-06-30\/3731255580839_743a9fc0b5f63f195af3_72.jpg",
            "first_name": "parensburger",
            "real_name": "parensburger",
            "display_name": "Peter",
            "team": "T017P3M8W7K",
            "name": "parensburger",
            "is_restricted": false,
            "is_ultra_restricted": false
        }
    },
    {
        "client_msg_id": "354f5469-618a-490c-a13c-7e5f4dace029",
        "type": "message",
        "text": "worked on improved script to find tirs and tsds. This one can look for TIRs in a specified range. Suggest I run the script on all the sequences with a consensus alignment and put aside those that have TIRs ID correctly with current consensus. Then for the rest run with expanding windows and manually adjust consensus",
        "user": "U01793PULLV",
        "ts": "1660604639.794099",
        "blocks": [
            {
                "type": "rich_text",
                "block_id": "3O+",
                "elements": [
                    {
                        "type": "rich_text_section",
                        "elements": [
                            {
                                "type": "text",
                                "text": "worked on improved script to find tirs and tsds. This one can look for TIRs in a specified range. Suggest I run the script on all the sequences with a consensus alignment and put aside those that have TIRs ID correctly with current consensus. Then for the rest run with expanding windows and manually adjust consensus"
                            }
                        ]
                    }
                ]
            }
        ],
        "team": "T017P3M8W7K",
        "user_team": "T017P3M8W7K",
        "source_team": "T017P3M8W7K",
        "user_profile": {
            "avatar_hash": "743a9fc0b5f6",
            "image_72": "https:\/\/avatars.slack-edge.com\/2022-06-30\/3731255580839_743a9fc0b5f63f195af3_72.jpg",
            "first_name": "parensburger",
            "real_name": "parensburger",
            "display_name": "Peter",
            "team": "T017P3M8W7K",
            "name": "parensburger",
            "is_restricted": false,
            "is_ultra_restricted": false
        }
    }
]