[
    {
        "type": "message",
        "text": "streamlined the interpro script so it returns info on all sequences, not just the ones with interpro matches",
        "files": [
            {
                "id": "F04EPMH4SMR",
                "created": 1670780984,
                "timestamp": 1670780984,
                "name": "run_interpro3.pl",
                "title": "run_interpro3.pl",
                "mimetype": "text\/plain",
                "filetype": "perl",
                "pretty_type": "Perl",
                "user": "U01793PULLV",
                "user_team": "T017P3M8W7K",
                "editable": true,
                "size": 3777,
                "mode": "snippet",
                "is_external": false,
                "external_type": "",
                "is_public": true,
                "public_url_shared": false,
                "display_as_bot": false,
                "username": "",
                "url_private": "https:\/\/files.slack.com\/files-pri\/T017P3M8W7K-F04EPMH4SMR\/run_interpro3.pl?t=xoxe-1261123302257-6395895314663-6407612319125-137f2171a6b5696e8e285d5b7bbfa693",
                "url_private_download": "https:\/\/files.slack.com\/files-pri\/T017P3M8W7K-F04EPMH4SMR\/download\/run_interpro3.pl?t=xoxe-1261123302257-6395895314663-6407612319125-137f2171a6b5696e8e285d5b7bbfa693",
                "permalink": "https:\/\/arensburgerla-9bj1862.slack.com\/files\/U01793PULLV\/F04EPMH4SMR\/run_interpro3.pl",
                "permalink_public": "https:\/\/slack-files.com\/T017P3M8W7K-F04EPMH4SMR-a7c5c53496",
                "edit_link": "https:\/\/arensburgerla-9bj1862.slack.com\/files\/U01793PULLV\/F04EPMH4SMR\/run_interpro3.pl\/edit",
                "is_starred": false,
                "has_rich_preview": false,
                "file_access": "visible"
            }
        ],
        "upload": false,
        "user": "U01793PULLV",
        "display_as_bot": false,
        "ts": "1670780991.272789",
        "blocks": [
            {
                "type": "rich_text",
                "block_id": "5hNgC",
                "elements": [
                    {
                        "type": "rich_text_section",
                        "elements": [
                            {
                                "type": "text",
                                "text": "streamlined the interpro script so it returns info on all sequences, not just the ones with interpro matches"
                            }
                        ]
                    }
                ]
            }
        ],
        "client_msg_id": "0bdbc89e-46cb-4e99-afde-aa41a391d073"
    }
]