[
    {
        "client_msg_id": "e05af1b4-ff18-4b8c-83b4-126f7aebb0bf",
        "type": "message",
        "text": "Working on second step script. Running example interpro analysis\n```peter@faust:~\/Desktop$ perl TE_discovery_Ptep3\/scripts\/process_folders-display_orfs2.pl -t temp.txt &gt; ORF.tsv\npeter@faust:~\/Desktop$ interproscan.sh -t p -i ORF.tsv -appl Pfam,CDD,PANTHER -f tsv\npeter@faust:~\/Desktop$ mv ORF.tsv.tsv ORF.tsv2```",
        "user": "U01793PULLV",
        "ts": "1666912137.753869",
        "blocks": [
            {
                "type": "rich_text",
                "block_id": "UnYmw",
                "elements": [
                    {
                        "type": "rich_text_section",
                        "elements": [
                            {
                                "type": "text",
                                "text": "Working on second step script. Running example interpro analysis\n"
                            }
                        ]
                    },
                    {
                        "type": "rich_text_preformatted",
                        "elements": [
                            {
                                "type": "text",
                                "text": "peter@faust:~\/Desktop$ perl TE_discovery_Ptep3\/scripts\/process_folders-display_orfs2.pl -t temp.txt > ORF.tsv\npeter@faust:~\/Desktop$ interproscan.sh -t p -i ORF.tsv -appl Pfam,CDD,PANTHER -f tsv\npeter@faust:~\/Desktop$ mv ORF.tsv.tsv ORF.tsv2"
                            }
                        ],
                        "border": 0
                    }
                ]
            }
        ],
        "team": "T017P3M8W7K",
        "user_team": "T017P3M8W7K",
        "source_team": "T017P3M8W7K",
        "user_profile": {
            "avatar_hash": "743a9fc0b5f6",
            "image_72": "https:\/\/avatars.slack-edge.com\/2022-06-30\/3731255580839_743a9fc0b5f63f195af3_72.jpg",
            "first_name": "parensburger",
            "real_name": "parensburger",
            "display_name": "Peter",
            "team": "T017P3M8W7K",
            "name": "parensburger",
            "is_restricted": false,
            "is_ultra_restricted": false
        }
    }
]