[
    {
        "client_msg_id": "8f2981ce-e7e8-4255-810d-eacf9979b681",
        "type": "message",
        "text": "ended up with 1812 elements after consensus analysis. Element names recorded in Pt_tabl_v3.ods.\nrunning the find_tir3.pl program on the 1812 elements:\n```arensburger@pq:~\/Ptep3_TEs\/make_consensus$ nohup perl process_folders-find_tir_tsds.pl -t list9.txt &gt; list9.xls &amp;```",
        "user": "U01793PULLV",
        "ts": "1662236813.264559",
        "blocks": [
            {
                "type": "rich_text",
                "block_id": "KxWx",
                "elements": [
                    {
                        "type": "rich_text_section",
                        "elements": [
                            {
                                "type": "text",
                                "text": "ended up with 1812 elements after consensus analysis. Element names recorded in Pt_tabl_v3.ods.\nrunning the find_tir3.pl program on the 1812 elements:\n"
                            }
                        ]
                    },
                    {
                        "type": "rich_text_preformatted",
                        "elements": [
                            {
                                "type": "text",
                                "text": "arensburger@pq:~\/Ptep3_TEs\/make_consensus$ nohup perl process_folders-find_tir_tsds.pl -t list9.txt > list9.xls &"
                            }
                        ],
                        "border": 0
                    }
                ]
            }
        ],
        "team": "T017P3M8W7K",
        "user_team": "T017P3M8W7K",
        "source_team": "T017P3M8W7K",
        "user_profile": {
            "avatar_hash": "743a9fc0b5f6",
            "image_72": "https:\/\/avatars.slack-edge.com\/2022-06-30\/3731255580839_743a9fc0b5f63f195af3_72.jpg",
            "first_name": "parensburger",
            "real_name": "parensburger",
            "display_name": "Peter",
            "team": "T017P3M8W7K",
            "name": "parensburger",
            "is_restricted": false,
            "is_ultra_restricted": false
        }
    }
]