[
    {
        "client_msg_id": "32ef6048-ca95-4257-a2e0-e75fe42dac9d",
        "type": "message",
        "text": "All 671 .maf files are done, and all have an alignment. Woohoo!",
        "user": "U01793PULLV",
        "ts": "1661963770.445809",
        "blocks": [
            {
                "type": "rich_text",
                "block_id": "3Dg",
                "elements": [
                    {
                        "type": "rich_text_section",
                        "elements": [
                            {
                                "type": "text",
                                "text": "All 671 .maf files are done, and all have an alignment. Woohoo!"
                            }
                        ]
                    }
                ]
            }
        ],
        "team": "T017P3M8W7K",
        "user_team": "T017P3M8W7K",
        "source_team": "T017P3M8W7K",
        "user_profile": {
            "avatar_hash": "743a9fc0b5f6",
            "image_72": "https:\/\/avatars.slack-edge.com\/2022-06-30\/3731255580839_743a9fc0b5f63f195af3_72.jpg",
            "first_name": "parensburger",
            "real_name": "parensburger",
            "display_name": "Peter",
            "team": "T017P3M8W7K",
            "name": "parensburger",
            "is_restricted": false,
            "is_ultra_restricted": false
        }
    },
    {
        "client_msg_id": "5168b65d-cec7-4722-8344-e6c6a80ff425",
        "type": "message",
        "text": "Before I continue, I'll backup the database and write the number of line in all the .maf lines into the file on pq lines_maf.xls",
        "user": "U01793PULLV",
        "ts": "1661965460.602529",
        "blocks": [
            {
                "type": "rich_text",
                "block_id": "5j1Cr",
                "elements": [
                    {
                        "type": "rich_text_section",
                        "elements": [
                            {
                                "type": "text",
                                "text": "Before I continue, I'll backup the database and write the number of line in all the .maf lines into the file on pq lines_maf.xls"
                            }
                        ]
                    }
                ]
            }
        ],
        "team": "T017P3M8W7K",
        "user_team": "T017P3M8W7K",
        "source_team": "T017P3M8W7K",
        "user_profile": {
            "avatar_hash": "743a9fc0b5f6",
            "image_72": "https:\/\/avatars.slack-edge.com\/2022-06-30\/3731255580839_743a9fc0b5f63f195af3_72.jpg",
            "first_name": "parensburger",
            "real_name": "parensburger",
            "display_name": "Peter",
            "team": "T017P3M8W7K",
            "name": "parensburger",
            "is_restricted": false,
            "is_ultra_restricted": false
        }
    },
    {
        "client_msg_id": "6635638d-e2d3-4bb9-a3a0-182ffb7fc3cd",
        "type": "message",
        "text": "```arensburger@pq:~\/Ptep3_TEs\/make_consensus$ nohup perl process_folders-merge_overlaps.pl -t temp4.txt &amp;```",
        "user": "U01793PULLV",
        "ts": "1661968325.741839",
        "blocks": [
            {
                "type": "rich_text",
                "block_id": "w7XD",
                "elements": [
                    {
                        "type": "rich_text_preformatted",
                        "elements": [
                            {
                                "type": "text",
                                "text": "arensburger@pq:~\/Ptep3_TEs\/make_consensus$ nohup perl process_folders-merge_overlaps.pl -t temp4.txt &"
                            }
                        ],
                        "border": 0
                    }
                ]
            }
        ],
        "team": "T017P3M8W7K",
        "user_team": "T017P3M8W7K",
        "source_team": "T017P3M8W7K",
        "user_profile": {
            "avatar_hash": "743a9fc0b5f6",
            "image_72": "https:\/\/avatars.slack-edge.com\/2022-06-30\/3731255580839_743a9fc0b5f63f195af3_72.jpg",
            "first_name": "parensburger",
            "real_name": "parensburger",
            "display_name": "Peter",
            "team": "T017P3M8W7K",
            "name": "parensburger",
            "is_restricted": false,
            "is_ultra_restricted": false
        }
    },
    {
        "client_msg_id": "cdad7455-9c6d-423c-89a5-9d189f8411d6",
        "type": "message",
        "text": "found 32 elements that only have one sequence left after merging overlapping elements. Excluding these elements into file \"merged_into_one_TEs.tar.gz\".",
        "user": "U01793PULLV",
        "ts": "1661972847.791729",
        "blocks": [
            {
                "type": "rich_text",
                "block_id": "JlPg",
                "elements": [
                    {
                        "type": "rich_text_section",
                        "elements": [
                            {
                                "type": "text",
                                "text": "found 32 elements that only have one sequence left after merging overlapping elements. Excluding these elements into file \"merged_into_one_TEs.tar.gz\"."
                            }
                        ]
                    }
                ]
            }
        ],
        "team": "T017P3M8W7K",
        "user_team": "T017P3M8W7K",
        "source_team": "T017P3M8W7K",
        "user_profile": {
            "avatar_hash": "743a9fc0b5f6",
            "image_72": "https:\/\/avatars.slack-edge.com\/2022-06-30\/3731255580839_743a9fc0b5f63f195af3_72.jpg",
            "first_name": "parensburger",
            "real_name": "parensburger",
            "display_name": "Peter",
            "team": "T017P3M8W7K",
            "name": "parensburger",
            "is_restricted": false,
            "is_ultra_restricted": false
        },
        "edited": {
            "user": "U01793PULLV",
            "ts": "1661972858.000000"
        }
    },
    {
        "client_msg_id": "6254367f-401d-4767-80d1-74e91a8020b6",
        "type": "message",
        "text": "DAMN! I realize that removing the orientation info was wrong, because it tells me how to extract that sequence from the genome. Need to adjust the script and redo all the alignment AGAIN.:anguished:",
        "user": "U01793PULLV",
        "ts": "1661976120.700249",
        "blocks": [
            {
                "type": "rich_text",
                "block_id": "8=tl+",
                "elements": [
                    {
                        "type": "rich_text_section",
                        "elements": [
                            {
                                "type": "text",
                                "text": "DAMN! I realize that removing the orientation info was wrong, because it tells me how to extract that sequence from the genome. Need to adjust the script and redo all the alignment AGAIN."
                            },
                            {
                                "type": "emoji",
                                "name": "anguished",
                                "unicode": "1f627"
                            }
                        ]
                    }
                ]
            }
        ],
        "team": "T017P3M8W7K",
        "user_team": "T017P3M8W7K",
        "source_team": "T017P3M8W7K",
        "user_profile": {
            "avatar_hash": "743a9fc0b5f6",
            "image_72": "https:\/\/avatars.slack-edge.com\/2022-06-30\/3731255580839_743a9fc0b5f63f195af3_72.jpg",
            "first_name": "parensburger",
            "real_name": "parensburger",
            "display_name": "Peter",
            "team": "T017P3M8W7K",
            "name": "parensburger",
            "is_restricted": false,
            "is_ultra_restricted": false
        }
    },
    {
        "client_msg_id": "e4a8d2a2-c89b-4c32-b84e-091ccb7744b2",
        "type": "message",
        "text": "Ok, I don't need to redo all the alignments, the orientation info is still in the .fa.bed.blast.fa files. I fixed the script process_folders-merge_overlaps.pl so it keeps the orientation, and treats two overlapping elements in different orientations as different elements. My next move is to modify process_folders-merge_overlaps.pl to update the .maf2 file names. I'll need to redo the alignment for those elements where elements in different orientations were merged.",
        "user": "U01793PULLV",
        "ts": "1661980062.796289",
        "blocks": [
            {
                "type": "rich_text",
                "block_id": "1X6h",
                "elements": [
                    {
                        "type": "rich_text_section",
                        "elements": [
                            {
                                "type": "text",
                                "text": "Ok, I don't need to redo all the alignments, the orientation info is still in the .fa.bed.blast.fa files. I fixed the script process_folders-merge_overlaps.pl so it keeps the orientation, and treats two overlapping elements in different orientations as different elements. My next move is to modify process_folders-merge_overlaps.pl to update the .maf2 file names. I'll need to redo the alignment for those elements where elements in different orientations were merged."
                            }
                        ]
                    }
                ]
            }
        ],
        "team": "T017P3M8W7K",
        "user_team": "T017P3M8W7K",
        "source_team": "T017P3M8W7K",
        "user_profile": {
            "avatar_hash": "743a9fc0b5f6",
            "image_72": "https:\/\/avatars.slack-edge.com\/2022-06-30\/3731255580839_743a9fc0b5f63f195af3_72.jpg",
            "first_name": "parensburger",
            "real_name": "parensburger",
            "display_name": "Peter",
            "team": "T017P3M8W7K",
            "name": "parensburger",
            "is_restricted": false,
            "is_ultra_restricted": false
        }
    },
    {
        "client_msg_id": "501f6711-cdaf-49f8-bca1-4f1a372f1efd",
        "type": "message",
        "text": "found 497 elements that need have merged elements in different orientations. Redoing the mafft alignment on those.",
        "user": "U01793PULLV",
        "ts": "1661980967.376859",
        "blocks": [
            {
                "type": "rich_text",
                "block_id": "Vun",
                "elements": [
                    {
                        "type": "rich_text_section",
                        "elements": [
                            {
                                "type": "text",
                                "text": "found 497 elements that need have merged elements in different orientations. Redoing the mafft alignment on those."
                            }
                        ]
                    }
                ]
            }
        ],
        "team": "T017P3M8W7K",
        "user_team": "T017P3M8W7K",
        "source_team": "T017P3M8W7K",
        "user_profile": {
            "avatar_hash": "743a9fc0b5f6",
            "image_72": "https:\/\/avatars.slack-edge.com\/2022-06-30\/3731255580839_743a9fc0b5f63f195af3_72.jpg",
            "first_name": "parensburger",
            "real_name": "parensburger",
            "display_name": "Peter",
            "team": "T017P3M8W7K",
            "name": "parensburger",
            "is_restricted": false,
            "is_ultra_restricted": false
        }
    },
    {
        "type": "message",
        "text": "modified the script so it will rename the .maf2 file content based on .fa.blast.bed.fa",
        "files": [
            {
                "id": "F040KRKGK5G",
                "created": 1661984106,
                "timestamp": 1661984106,
                "name": "process_folders-merge_overlaps2.pl",
                "title": "process_folders-merge_overlaps2.pl",
                "mimetype": "text\/plain",
                "filetype": "perl",
                "pretty_type": "Perl",
                "user": "U01793PULLV",
                "user_team": "T017P3M8W7K",
                "editable": true,
                "size": 9161,
                "mode": "snippet",
                "is_external": false,
                "external_type": "",
                "is_public": true,
                "public_url_shared": false,
                "display_as_bot": false,
                "username": "",
                "url_private": "https:\/\/files.slack.com\/files-pri\/T017P3M8W7K-F040KRKGK5G\/process_folders-merge_overlaps2.pl?t=xoxe-1261123302257-6395895314663-6407612319125-137f2171a6b5696e8e285d5b7bbfa693",
                "url_private_download": "https:\/\/files.slack.com\/files-pri\/T017P3M8W7K-F040KRKGK5G\/download\/process_folders-merge_overlaps2.pl?t=xoxe-1261123302257-6395895314663-6407612319125-137f2171a6b5696e8e285d5b7bbfa693",
                "permalink": "https:\/\/arensburgerla-9bj1862.slack.com\/files\/U01793PULLV\/F040KRKGK5G\/process_folders-merge_overlaps2.pl",
                "permalink_public": "https:\/\/slack-files.com\/T017P3M8W7K-F040KRKGK5G-bb74014f42",
                "edit_link": "https:\/\/arensburgerla-9bj1862.slack.com\/files\/U01793PULLV\/F040KRKGK5G\/process_folders-merge_overlaps2.pl\/edit",
                "is_starred": false,
                "has_rich_preview": false,
                "file_access": "visible"
            }
        ],
        "upload": false,
        "user": "U01793PULLV",
        "display_as_bot": false,
        "ts": "1661984107.817959",
        "blocks": [
            {
                "type": "rich_text",
                "block_id": "1rX8O",
                "elements": [
                    {
                        "type": "rich_text_section",
                        "elements": [
                            {
                                "type": "text",
                                "text": "modified the script so it will rename the .maf2 file content based on .fa.blast.bed.fa"
                            }
                        ]
                    }
                ]
            }
        ],
        "client_msg_id": "e5a45cd2-0c44-434a-aeff-283da3536968"
    },
    {
        "client_msg_id": "2c6e473b-286e-4f3e-b3dc-d09b0bd590c3",
        "type": "message",
        "text": "turns out there are only 111 elements that need to be redone, running them now on pq. Saved the remainder in TEs",
        "user": "U01793PULLV",
        "ts": "1661996888.890969",
        "blocks": [
            {
                "type": "rich_text",
                "block_id": "Crkf",
                "elements": [
                    {
                        "type": "rich_text_section",
                        "elements": [
                            {
                                "type": "text",
                                "text": "turns out there are only 111 elements that need to be redone, running them now on pq. Saved the remainder in TEs"
                            }
                        ]
                    }
                ]
            }
        ],
        "team": "T017P3M8W7K",
        "user_team": "T017P3M8W7K",
        "source_team": "T017P3M8W7K",
        "user_profile": {
            "avatar_hash": "743a9fc0b5f6",
            "image_72": "https:\/\/avatars.slack-edge.com\/2022-06-30\/3731255580839_743a9fc0b5f63f195af3_72.jpg",
            "first_name": "parensburger",
            "real_name": "parensburger",
            "display_name": "Peter",
            "team": "T017P3M8W7K",
            "name": "parensburger",
            "is_restricted": false,
            "is_ultra_restricted": false
        },
        "edited": {
            "user": "U01793PULLV",
            "ts": "1662000029.000000"
        }
    }
]