[
    {
        "client_msg_id": "40af1fc2-2212-4d62-bf89-2d87f1237080",
        "type": "message",
        "text": "Running RepeatMasker with results of RepeatModeler on Ptep3 genome that is not masked for TRF. This will be a baseline and should give similar results to what is published.\n```[arensburger@pq ~\/Ptep3_RepeatMasker]$ ln -s ..\/Ptep3_RepeatModeler\/RM_35083.MonJun271557022022\/consensi.fa.classified \n[arensburger@pq ~\/Ptep3_RepeatMasker]$ nohup RepeatMasker -pa 16 -gff -lib consensi.fa.classified ~\/db\/Ptep3\/Ptep3.fa &amp;```",
        "user": "U01793PULLV",
        "ts": "1657041333.712419",
        "blocks": [
            {
                "type": "rich_text",
                "block_id": "QWG",
                "elements": [
                    {
                        "type": "rich_text_section",
                        "elements": [
                            {
                                "type": "text",
                                "text": "Running RepeatMasker with results of RepeatModeler on Ptep3 genome that is not masked for TRF. This will be a baseline and should give similar results to what is published.\n"
                            }
                        ]
                    },
                    {
                        "type": "rich_text_preformatted",
                        "elements": [
                            {
                                "type": "text",
                                "text": "[arensburger@pq ~\/Ptep3_RepeatMasker]$ ln -s ..\/Ptep3_RepeatModeler\/RM_35083.MonJun271557022022\/consensi.fa.classified \n[arensburger@pq ~\/Ptep3_RepeatMasker]$ nohup RepeatMasker -pa 16 -gff -lib consensi.fa.classified ~\/db\/Ptep3\/Ptep3.fa &"
                            }
                        ],
                        "border": 0
                    }
                ]
            }
        ],
        "team": "T017P3M8W7K",
        "user_team": "T017P3M8W7K",
        "source_team": "T017P3M8W7K",
        "user_profile": {
            "avatar_hash": "743a9fc0b5f6",
            "image_72": "https:\/\/avatars.slack-edge.com\/2022-06-30\/3731255580839_743a9fc0b5f63f195af3_72.jpg",
            "first_name": "parensburger",
            "real_name": "parensburger",
            "display_name": "Peter",
            "team": "T017P3M8W7K",
            "name": "parensburger",
            "is_restricted": false,
            "is_ultra_restricted": false
        }
    }
]