[
    {
        "client_msg_id": "02047849-3fdb-4c53-b05a-325f9d953cd2",
        "type": "message",
        "text": "worked on program find_tir.pl. So far it compares the ends of a sequence and reports if there are TIRs, also accept offsets to offset the sequences a bit",
        "user": "U01793PULLV",
        "ts": "1659311108.540639",
        "blocks": [
            {
                "type": "rich_text",
                "block_id": "U7s",
                "elements": [
                    {
                        "type": "rich_text_section",
                        "elements": [
                            {
                                "type": "text",
                                "text": "worked on program find_tir.pl. So far it compares the ends of a sequence and reports if there are TIRs, also accept offsets to offset the sequences a bit"
                            }
                        ]
                    }
                ]
            }
        ],
        "team": "T017P3M8W7K",
        "user_team": "T017P3M8W7K",
        "source_team": "T017P3M8W7K",
        "user_profile": {
            "avatar_hash": "743a9fc0b5f6",
            "image_72": "https:\/\/avatars.slack-edge.com\/2022-06-30\/3731255580839_743a9fc0b5f63f195af3_72.jpg",
            "first_name": "parensburger",
            "real_name": "parensburger",
            "display_name": "Peter",
            "team": "T017P3M8W7K",
            "name": "parensburger",
            "is_restricted": false,
            "is_ultra_restricted": false
        }
    }
]