[
    {
        "client_msg_id": "04814d4b-9f22-4981-8bbe-43080cea84f7",
        "type": "message",
        "text": "continue the BLAST analysis as suggest by Goubert\n```[arensburger@pq:~\/Ptep3_TEs\/blast]$ awk '{OFS=\"\\t\"; if ($3 &gt;= 80 &amp;&amp; (($4\/$13) &gt; 0.5 )) {print $0,$4\/$13}}' blast.o &gt; good_blast.o\n[arensburger@pq:~\/Ptep3_TEs\/blast]$ sed 's\/\\#\/ \/g' \/home\/arensburger\/Ptep3_TEs\/reduce_redundancy\/test\/Ptep3_TE2-cdhit.fa | awk -v OFS='\\t' '{print $1}' &gt; TE2_short_header.fa\n[arensburger@pq:~\/Ptep3_TEs\/blast]$ perl ~\/utilities\/cleanfile.pl -in TE2_short_header.fa -t fasta -o TE2_cleaned.fa\n[arensburger@pq:~\/Ptep3_TEs\/blast]$ .\/get_fasta_length.sh TE2_cleaned.fa \n[arensburger@pq:~\/Ptep3_TEs\/blast]$ cat TE2_cleaned.fa.len good_blast.o | sed 's\/\\#\/ \/g' | awk '{print $1}' | sort | uniq -c | awk '{print $2,$1-1}' | sort &gt; good_blast.count```\nThis still leaves over 9000 families where there is at least one element mapping to the genome. I'll see what I can get by running pFam. Another thing to consider would be a way to check for the likely presence of TIRs in these seqeuences.",
        "user": "U01793PULLV",
        "ts": "1658538875.073369",
        "blocks": [
            {
                "type": "rich_text",
                "block_id": "yj5N",
                "elements": [
                    {
                        "type": "rich_text_section",
                        "elements": [
                            {
                                "type": "text",
                                "text": "continue the BLAST analysis as suggest by Goubert\n"
                            }
                        ]
                    },
                    {
                        "type": "rich_text_preformatted",
                        "elements": [
                            {
                                "type": "text",
                                "text": "[arensburger@pq:~\/Ptep3_TEs\/blast]$ awk '{OFS=\"\\t\"; if ($3 >= 80 && (($4\/$13) > 0.5 )) {print $0,$4\/$13}}' blast.o > good_blast.o\n[arensburger@pq:~\/Ptep3_TEs\/blast]$ sed 's\/\\#\/ \/g' \/home\/arensburger\/Ptep3_TEs\/reduce_redundancy\/test\/Ptep3_TE2-cdhit.fa | awk -v OFS='\\t' '{print $1}' > TE2_short_header.fa\n[arensburger@pq:~\/Ptep3_TEs\/blast]$ perl ~\/utilities\/cleanfile.pl -in TE2_short_header.fa -t fasta -o TE2_cleaned.fa\n[arensburger@pq:~\/Ptep3_TEs\/blast]$ .\/get_fasta_length.sh TE2_cleaned.fa \n[arensburger@pq:~\/Ptep3_TEs\/blast]$ cat TE2_cleaned.fa.len good_blast.o | sed 's\/\\#\/ \/g' | awk '{print $1}' | sort | uniq -c | awk '{print $2,$1-1}' | sort > good_blast.count"
                            }
                        ],
                        "border": 0
                    },
                    {
                        "type": "rich_text_section",
                        "elements": [
                            {
                                "type": "text",
                                "text": "This still leaves over 9000 families where there is at least one element mapping to the genome. I'll see what I can get by running pFam. Another thing to consider would be a way to check for the likely presence of TIRs in these seqeuences."
                            }
                        ]
                    }
                ]
            }
        ],
        "team": "T017P3M8W7K",
        "user_team": "T017P3M8W7K",
        "source_team": "T017P3M8W7K",
        "user_profile": {
            "avatar_hash": "743a9fc0b5f6",
            "image_72": "https:\/\/avatars.slack-edge.com\/2022-06-30\/3731255580839_743a9fc0b5f63f195af3_72.jpg",
            "first_name": "parensburger",
            "real_name": "parensburger",
            "display_name": "Peter",
            "team": "T017P3M8W7K",
            "name": "parensburger",
            "is_restricted": false,
            "is_ultra_restricted": false
        }
    },
    {
        "client_msg_id": "cd5b134f-aa40-42b5-9d04-78ee412c8836",
        "type": "message",
        "text": "```peter@faust:~\/TE_ManAnnot\/Ptep3_TEs\/pfam$ scp arensburger@pq:\/home\/arensburger\/Ptep3_TEs\/reduce_redundancy\/test\/Ptep3_TE2-cdhit.fa .\npeter@faust:~\/TE_ManAnnot\/Ptep3_TEs\/pfam$ conda activate te_annot\n(te_annot) peter@faust:~\/TE_ManAnnot\/Ptep3_TEs\/pfam$ getorf -sequence Ptep3_TE2-cdhit.fa -outseq TE2-cdhit.orf -minsize 300\n(te_annot) peter@faust:~\/TE_ManAnnot\/Ptep3_TEs\/pfam$ pfam_scan.pl -fasta TE2-cdhit.orf -dir ~\/Pfam_db -outfile TE2-cdhit.pfam```",
        "user": "U01793PULLV",
        "ts": "1658539608.054769",
        "blocks": [
            {
                "type": "rich_text",
                "block_id": "eHRyY",
                "elements": [
                    {
                        "type": "rich_text_preformatted",
                        "elements": [
                            {
                                "type": "text",
                                "text": "peter@faust:~\/TE_ManAnnot\/Ptep3_TEs\/pfam$ scp arensburger@pq:\/home\/arensburger\/Ptep3_TEs\/reduce_redundancy\/test\/Ptep3_TE2-cdhit.fa .\npeter@faust:~\/TE_ManAnnot\/Ptep3_TEs\/pfam$ conda activate te_annot\n(te_annot) peter@faust:~\/TE_ManAnnot\/Ptep3_TEs\/pfam$ getorf -sequence Ptep3_TE2-cdhit.fa -outseq TE2-cdhit.orf -minsize 300\n(te_annot) peter@faust:~\/TE_ManAnnot\/Ptep3_TEs\/pfam$ pfam_scan.pl -fasta TE2-cdhit.orf -dir ~\/Pfam_db -outfile TE2-cdhit.pfam"
                            }
                        ],
                        "border": 0
                    }
                ]
            }
        ],
        "team": "T017P3M8W7K",
        "user_team": "T017P3M8W7K",
        "source_team": "T017P3M8W7K",
        "user_profile": {
            "avatar_hash": "743a9fc0b5f6",
            "image_72": "https:\/\/avatars.slack-edge.com\/2022-06-30\/3731255580839_743a9fc0b5f63f195af3_72.jpg",
            "first_name": "parensburger",
            "real_name": "parensburger",
            "display_name": "Peter",
            "team": "T017P3M8W7K",
            "name": "parensburger",
            "is_restricted": false,
            "is_ultra_restricted": false
        }
    }
]