[
    {
        "type": "message",
        "text": "Seems I'll need to rerun things from the mafft alignments on, because of this gaps issue. I update the TIR discovery protocol. Resetting to step  4 of TIR &amp; TSD identification.",
        "files": [
            {
                "id": "F040MRHJTDE",
                "created": 1661532481,
                "timestamp": 1661532481,
                "name": "Protocol Description.odt",
                "title": "Protocol Description.odt",
                "mimetype": "application\/vnd.oasis.opendocument.text",
                "filetype": "odt",
                "pretty_type": "OpenDocument Text",
                "user": "U01793PULLV",
                "user_team": "T017P3M8W7K",
                "editable": false,
                "size": 26314,
                "mode": "hosted",
                "is_external": false,
                "external_type": "",
                "is_public": true,
                "public_url_shared": false,
                "display_as_bot": false,
                "username": "",
                "url_private": "https:\/\/files.slack.com\/files-pri\/T017P3M8W7K-F040MRHJTDE\/protocol_description.odt?t=xoxe-1261123302257-6395895314663-6407612319125-137f2171a6b5696e8e285d5b7bbfa693",
                "url_private_download": "https:\/\/files.slack.com\/files-pri\/T017P3M8W7K-F040MRHJTDE\/download\/protocol_description.odt?t=xoxe-1261123302257-6395895314663-6407612319125-137f2171a6b5696e8e285d5b7bbfa693",
                "media_display_type": "unknown",
                "converted_pdf": "https:\/\/files.slack.com\/files-tmb\/T017P3M8W7K-F040MRHJTDE-aa9a2d75a5\/protocol_description_converted.pdf?t=xoxe-1261123302257-6395895314663-6407612319125-137f2171a6b5696e8e285d5b7bbfa693",
                "thumb_pdf": "https:\/\/files.slack.com\/files-tmb\/T017P3M8W7K-F040MRHJTDE-aa9a2d75a5\/protocol_description_thumb_pdf.png?t=xoxe-1261123302257-6395895314663-6407612319125-137f2171a6b5696e8e285d5b7bbfa693",
                "thumb_pdf_w": 935,
                "thumb_pdf_h": 1210,
                "permalink": "https:\/\/arensburgerla-9bj1862.slack.com\/files\/U01793PULLV\/F040MRHJTDE\/protocol_description.odt",
                "permalink_public": "https:\/\/slack-files.com\/T017P3M8W7K-F040MRHJTDE-3a48ec3eb1",
                "is_starred": false,
                "has_rich_preview": false,
                "file_access": "visible"
            }
        ],
        "upload": false,
        "user": "U01793PULLV",
        "display_as_bot": false,
        "ts": "1661532485.853349",
        "blocks": [
            {
                "type": "rich_text",
                "block_id": "Q6=",
                "elements": [
                    {
                        "type": "rich_text_section",
                        "elements": [
                            {
                                "type": "text",
                                "text": "Seems I'll need to rerun things from the mafft alignments on, because of this gaps issue. I update the TIR discovery protocol. Resetting to step  4 of TIR & TSD identification."
                            }
                        ]
                    }
                ]
            }
        ],
        "client_msg_id": "e820c2b4-8322-4a85-9584-1b75fec4720b"
    },
    {
        "client_msg_id": "dbfe511c-91fe-4f8c-8ac3-4ae9badb1d0b",
        "type": "message",
        "text": "going through Pt_table_v1.ods and excluding all the elements with fewer than 5 blast hits\n```peter@carmen:~\/Desktop$ perl process_folders-remove_elements.pl -t exclude_list.txt\npeter@carmen:~\/Desktop$ mv excluded_elements.tar.gz TE_discovery_Ptep3\/few_blast_TEs.tar.gz```\nand making a new spreadsheet Pt_table_v2.ods with the remaining elements",
        "user": "U01793PULLV",
        "ts": "1661537829.329819",
        "blocks": [
            {
                "type": "rich_text",
                "block_id": "PQo",
                "elements": [
                    {
                        "type": "rich_text_section",
                        "elements": [
                            {
                                "type": "text",
                                "text": "going through Pt_table_v1.ods and excluding all the elements with fewer than 5 blast hits\n"
                            }
                        ]
                    },
                    {
                        "type": "rich_text_preformatted",
                        "elements": [
                            {
                                "type": "text",
                                "text": "peter@carmen:~\/Desktop$ perl process_folders-remove_elements.pl -t exclude_list.txt\npeter@carmen:~\/Desktop$ mv excluded_elements.tar.gz TE_discovery_Ptep3\/few_blast_TEs.tar.gz"
                            }
                        ],
                        "border": 0
                    },
                    {
                        "type": "rich_text_section",
                        "elements": [
                            {
                                "type": "text",
                                "text": "and making a new spreadsheet Pt_table_v2.ods with the remaining elements"
                            }
                        ]
                    }
                ]
            }
        ],
        "team": "T017P3M8W7K",
        "user_team": "T017P3M8W7K",
        "source_team": "T017P3M8W7K",
        "user_profile": {
            "avatar_hash": "743a9fc0b5f6",
            "image_72": "https:\/\/avatars.slack-edge.com\/2022-06-30\/3731255580839_743a9fc0b5f63f195af3_72.jpg",
            "first_name": "parensburger",
            "real_name": "parensburger",
            "display_name": "Peter",
            "team": "T017P3M8W7K",
            "name": "parensburger",
            "is_restricted": false,
            "is_ultra_restricted": false
        }
    },
    {
        "client_msg_id": "ebb2fb63-8b15-4c08-834d-3aae49a04382",
        "type": "message",
        "text": "found that element Ptep3m-B-R15394-Map3 has no alignment (.maf file is size 0) which turns out is wrong. I have to redo all the alignments as well!",
        "user": "U01793PULLV",
        "ts": "1661540920.971409",
        "blocks": [
            {
                "type": "rich_text",
                "block_id": "bRH",
                "elements": [
                    {
                        "type": "rich_text_section",
                        "elements": [
                            {
                                "type": "text",
                                "text": "found that element Ptep3m-B-R15394-Map3 has no alignment (.maf file is size 0) which turns out is wrong. I have to redo all the alignments as well!"
                            }
                        ]
                    }
                ]
            }
        ],
        "team": "T017P3M8W7K",
        "user_team": "T017P3M8W7K",
        "source_team": "T017P3M8W7K",
        "user_profile": {
            "avatar_hash": "743a9fc0b5f6",
            "image_72": "https:\/\/avatars.slack-edge.com\/2022-06-30\/3731255580839_743a9fc0b5f63f195af3_72.jpg",
            "first_name": "parensburger",
            "real_name": "parensburger",
            "display_name": "Peter",
            "team": "T017P3M8W7K",
            "name": "parensburger",
            "is_restricted": false,
            "is_ultra_restricted": false
        }
    },
    {
        "client_msg_id": "b7b26b13-7f82-453e-9b98-c41aef5c2c1b",
        "type": "message",
        "text": "elements Ptep3m-B-R27786-Map3 and rnd-6_family-2879 were missing from TEs folder, restored them",
        "user": "U01793PULLV",
        "ts": "1661551214.961799",
        "blocks": [
            {
                "type": "rich_text",
                "block_id": "n3IRJ",
                "elements": [
                    {
                        "type": "rich_text_section",
                        "elements": [
                            {
                                "type": "text",
                                "text": "elements Ptep3m-B-R27786-Map3 and rnd-6_family-2879 were missing from TEs folder, restored them"
                            }
                        ]
                    }
                ]
            }
        ],
        "team": "T017P3M8W7K",
        "user_team": "T017P3M8W7K",
        "source_team": "T017P3M8W7K",
        "user_profile": {
            "avatar_hash": "743a9fc0b5f6",
            "image_72": "https:\/\/avatars.slack-edge.com\/2022-06-30\/3731255580839_743a9fc0b5f63f195af3_72.jpg",
            "first_name": "parensburger",
            "real_name": "parensburger",
            "display_name": "Peter",
            "team": "T017P3M8W7K",
            "name": "parensburger",
            "is_restricted": false,
            "is_ultra_restricted": false
        },
        "edited": {
            "user": "U01793PULLV",
            "ts": "1661551699.000000"
        }
    },
    {
        "client_msg_id": "76188ca8-57c9-4c99-96c0-df515e262acd",
        "type": "message",
        "text": "running the blast and mafft alignments again\n```arensburger@pq:~\/Ptep3_TEs\/make_consensus$ perl process_folders-blast-and-cons.pl -t list8.txt &gt; list8.out &amp; ```",
        "user": "U01793PULLV",
        "ts": "1661554309.483589",
        "blocks": [
            {
                "type": "rich_text",
                "block_id": "54\/",
                "elements": [
                    {
                        "type": "rich_text_section",
                        "elements": [
                            {
                                "type": "text",
                                "text": "running the blast and mafft alignments again\n"
                            }
                        ]
                    },
                    {
                        "type": "rich_text_preformatted",
                        "elements": [
                            {
                                "type": "text",
                                "text": "arensburger@pq:~\/Ptep3_TEs\/make_consensus$ perl process_folders-blast-and-cons.pl -t list8.txt > list8.out & "
                            }
                        ],
                        "border": 0
                    }
                ]
            }
        ],
        "team": "T017P3M8W7K",
        "user_team": "T017P3M8W7K",
        "source_team": "T017P3M8W7K",
        "user_profile": {
            "avatar_hash": "743a9fc0b5f6",
            "image_72": "https:\/\/avatars.slack-edge.com\/2022-06-30\/3731255580839_743a9fc0b5f63f195af3_72.jpg",
            "first_name": "parensburger",
            "real_name": "parensburger",
            "display_name": "Peter",
            "team": "T017P3M8W7K",
            "name": "parensburger",
            "is_restricted": false,
            "is_ultra_restricted": false
        }
    }
]