[
    {
        "client_msg_id": "afd18ead-8d9a-48bf-96c9-82bafda811ee",
        "type": "message",
        "text": "running TEannot again, tying to isolate the issue\n```[centos@ab7cc9f050f3 Ptep3_TEannot]$ cp Ptep3_refTEs.fa Ptep3_refTEs.fa.old\n[centos@ab7cc9f050f3 Ptep3_TEannot_S2_BLR_Blaster_1_20220619-063640]$ head -n 10000 Ptep3_refTEs.fa.old &gt; Ptep3_refTEs.fa\n[centos@ab7cc9f050f3 Ptep3_TEannot]$ launch_TEannot.py -P Ptep3 -C TEannot.cfg -S 1 -v 3 &gt; launchTEannot3-1.txt\n[centos@ab7cc9f050f3 Ptep3_TEannot]$ TEannot.py -P Ptep3 -C TEannot.cfg -S 2 -a BLR &gt; launchTEannot3-2-1.txt```",
        "user": "U01793PULLV",
        "ts": "1655624325.193869",
        "blocks": [
            {
                "type": "rich_text",
                "block_id": "2qM",
                "elements": [
                    {
                        "type": "rich_text_section",
                        "elements": [
                            {
                                "type": "text",
                                "text": "running TEannot again, tying to isolate the issue\n"
                            }
                        ]
                    },
                    {
                        "type": "rich_text_preformatted",
                        "elements": [
                            {
                                "type": "text",
                                "text": "[centos@ab7cc9f050f3 Ptep3_TEannot]$ cp Ptep3_refTEs.fa Ptep3_refTEs.fa.old\n[centos@ab7cc9f050f3 Ptep3_TEannot_S2_BLR_Blaster_1_20220619-063640]$ head -n 10000 Ptep3_refTEs.fa.old > Ptep3_refTEs.fa\n[centos@ab7cc9f050f3 Ptep3_TEannot]$ launch_TEannot.py -P Ptep3 -C TEannot.cfg -S 1 -v 3 > launchTEannot3-1.txt\n[centos@ab7cc9f050f3 Ptep3_TEannot]$ TEannot.py -P Ptep3 -C TEannot.cfg -S 2 -a BLR > launchTEannot3-2-1.txt"
                            }
                        ],
                        "border": 0
                    }
                ]
            }
        ],
        "team": "T017P3M8W7K",
        "user_team": "T017P3M8W7K",
        "source_team": "T017P3M8W7K",
        "user_profile": {
            "avatar_hash": "743a9fc0b5f6",
            "image_72": "https:\/\/avatars.slack-edge.com\/2022-06-30\/3731255580839_743a9fc0b5f63f195af3_72.jpg",
            "first_name": "parensburger",
            "real_name": "parensburger",
            "display_name": "Peter",
            "team": "T017P3M8W7K",
            "name": "parensburger",
            "is_restricted": false,
            "is_ultra_restricted": false
        }
    },
    {
        "client_msg_id": "109a4c9d-4895-4594-8c4d-a7d3ca6124ea",
        "type": "message",
        "text": "that last command ran all night and nothing happened.",
        "user": "U01793PULLV",
        "ts": "1655644053.490989",
        "blocks": [
            {
                "type": "rich_text",
                "block_id": "mirS",
                "elements": [
                    {
                        "type": "rich_text_section",
                        "elements": [
                            {
                                "type": "text",
                                "text": "that last command ran all night and nothing happened."
                            }
                        ]
                    }
                ]
            }
        ],
        "team": "T017P3M8W7K",
        "user_team": "T017P3M8W7K",
        "source_team": "T017P3M8W7K",
        "user_profile": {
            "avatar_hash": "743a9fc0b5f6",
            "image_72": "https:\/\/avatars.slack-edge.com\/2022-06-30\/3731255580839_743a9fc0b5f63f195af3_72.jpg",
            "first_name": "parensburger",
            "real_name": "parensburger",
            "display_name": "Peter",
            "team": "T017P3M8W7K",
            "name": "parensburger",
            "is_restricted": false,
            "is_ultra_restricted": false
        }
    },
    {
        "client_msg_id": "2f19609a-f17a-4145-9fd3-2f8bb75d6ac9",
        "type": "message",
        "text": "To see if I can re-create the issue with TEannot, I am running the whole pipeline, TEdenovo then TEannot with DmelChr4",
        "user": "U01793PULLV",
        "ts": "1655685728.837269",
        "blocks": [
            {
                "type": "rich_text",
                "block_id": "tvZG",
                "elements": [
                    {
                        "type": "rich_text_section",
                        "elements": [
                            {
                                "type": "text",
                                "text": "To see if I can re-create the issue with TEannot, I am running the whole pipeline, TEdenovo then TEannot with DmelChr4"
                            }
                        ]
                    }
                ]
            }
        ],
        "team": "T017P3M8W7K",
        "user_team": "T017P3M8W7K",
        "source_team": "T017P3M8W7K",
        "user_profile": {
            "avatar_hash": "743a9fc0b5f6",
            "image_72": "https:\/\/avatars.slack-edge.com\/2022-06-30\/3731255580839_743a9fc0b5f63f195af3_72.jpg",
            "first_name": "parensburger",
            "real_name": "parensburger",
            "display_name": "Peter",
            "team": "T017P3M8W7K",
            "name": "parensburger",
            "is_restricted": false,
            "is_ultra_restricted": false
        }
    },
    {
        "client_msg_id": "92d98fea-f210-48bd-b316-5bd9834f5ed2",
        "type": "message",
        "text": "[centos@ab7cc9f050f3 DmelChr4_TEdenovo]$ TEdenovo.py -P DmelChr4 -C TEdenovo.cfg -S 1\n[centos@ab7cc9f050f3 DmelChr4_TEdenovo]$ TEdenovo.py -P DmelChr4 -C TEdenovo.cfg -S 2 -s Blaster\n[centos@ab7cc9f050f3 DmelChr4_TEdenovo]$ TEdenovo.py -P DmelChr4 -C TEdenovo.cfg -S 2 --struct\n[centos@ab7cc9f050f3 DmelChr4_TEdenovo]$ TEdenovo.py -P DmelChr4 -C TEdenovo.cfg -S 3 -s Blaster -c Grouper\n[centos@ab7cc9f050f3 DmelChr4_TEdenovo]$ TEdenovo.py -P DmelChr4 -C TEdenovo.cfg -S 3 -s Blaster -c Recon\n[centos@ab7cc9f050f3 DmelChr4_TEdenovo]$ TEdenovo.py -P DmelChr4 -C TEdenovo.cfg -S 3 -s Blaster -c Piler\n[centos@ab7cc9f050f3 DmelChr4_TEdenovo]$ TEdenovo.py -P DmelChr4 -C TEdenovo.cfg -S 3 --struct\n[centos@ab7cc9f050f3 DmelChr4_TEdenovo]$ TEdenovo.py -P DmelChr4 -C TEdenovo.cfg -S 4 -s Blaster -c Grouper -m Map\n[centos@ab7cc9f050f3 DmelChr4_TEdenovo]$ TEdenovo.py -P DmelChr4 -C TEdenovo.cfg -S 4 -s Blaster -c Recon -m Map\n[centos@ab7cc9f050f3 DmelChr4_TEdenovo]$ TEdenovo.py -P DmelChr4 -C TEdenovo.cfg -S 4 -s Blaster -c Piler -m Map\n[centos@ab7cc9f050f3 DmelChr4_TEdenovo]$ TEdenovo.py -P DmelChr4 -C TEdenovo.cfg -S 4 --struct -m Map\n[centos@ab7cc9f050f3 DmelChr4_TEdenovo]$ TEdenovo.py -P DmelChr4 -C TEdenovo.cfg -S 5 -s Blaster -c GrpRecPil -m Map\n[centos@ab7cc9f050f3 DmelChr4_TEdenovo]$ TEdenovo.py -P DmelChr4 -C TEdenovo.cfg -S 5 -m Map --struct\n[centos@ab7cc9f050f3 DmelChr4_TEdenovo]$ TEdenovo.py -P DmelChr4 -C TEdenovo.cfg -S 6 -s Blaster -c GrpRecPil -m Map\n[centos@ab7cc9f050f3 DmelChr4_TEdenovo]$ TEdenovo.py -P DmelChr4 -C TEdenovo.cfg -S 6 -m Map --struct\n[centos@ab7cc9f050f3 DmelChr4_TEdenovo]$ TEdenovo.py -P DmelChr4 -C TEdenovo.cfg -S 7 -s Blaster -c GrpRecPil -m Map\n[centos@ab7cc9f050f3 DmelChr4_TEdenovo]$ TEdenovo.py -P DmelChr4 -C TEdenovo.cfg -S 8 -s Blaster -c GrpRecPil -m Map -f Blastclust",
        "user": "U01793PULLV",
        "ts": "1655698054.394979",
        "blocks": [
            {
                "type": "rich_text",
                "block_id": "2xZdw",
                "elements": [
                    {
                        "type": "rich_text_section",
                        "elements": [
                            {
                                "type": "text",
                                "text": "[centos@ab7cc9f050f3 DmelChr4_TEdenovo]$ TEdenovo.py -P DmelChr4 -C TEdenovo.cfg -S 1\n[centos@ab7cc9f050f3 DmelChr4_TEdenovo]$ TEdenovo.py -P DmelChr4 -C TEdenovo.cfg -S 2 -s Blaster\n[centos@ab7cc9f050f3 DmelChr4_TEdenovo]$ TEdenovo.py -P DmelChr4 -C TEdenovo.cfg -S 2 --struct\n[centos@ab7cc9f050f3 DmelChr4_TEdenovo]$ TEdenovo.py -P DmelChr4 -C TEdenovo.cfg -S 3 -s Blaster -c Grouper\n[centos@ab7cc9f050f3 DmelChr4_TEdenovo]$ TEdenovo.py -P DmelChr4 -C TEdenovo.cfg -S 3 -s Blaster -c Recon\n[centos@ab7cc9f050f3 DmelChr4_TEdenovo]$ TEdenovo.py -P DmelChr4 -C TEdenovo.cfg -S 3 -s Blaster -c Piler\n[centos@ab7cc9f050f3 DmelChr4_TEdenovo]$ TEdenovo.py -P DmelChr4 -C TEdenovo.cfg -S 3 --struct\n[centos@ab7cc9f050f3 DmelChr4_TEdenovo]$ TEdenovo.py -P DmelChr4 -C TEdenovo.cfg -S 4 -s Blaster -c Grouper -m Map\n[centos@ab7cc9f050f3 DmelChr4_TEdenovo]$ TEdenovo.py -P DmelChr4 -C TEdenovo.cfg -S 4 -s Blaster -c Recon -m Map\n[centos@ab7cc9f050f3 DmelChr4_TEdenovo]$ TEdenovo.py -P DmelChr4 -C TEdenovo.cfg -S 4 -s Blaster -c Piler -m Map\n[centos@ab7cc9f050f3 DmelChr4_TEdenovo]$ TEdenovo.py -P DmelChr4 -C TEdenovo.cfg -S 4 --struct -m Map\n[centos@ab7cc9f050f3 DmelChr4_TEdenovo]$ TEdenovo.py -P DmelChr4 -C TEdenovo.cfg -S 5 -s Blaster -c GrpRecPil -m Map\n[centos@ab7cc9f050f3 DmelChr4_TEdenovo]$ TEdenovo.py -P DmelChr4 -C TEdenovo.cfg -S 5 -m Map --struct\n[centos@ab7cc9f050f3 DmelChr4_TEdenovo]$ TEdenovo.py -P DmelChr4 -C TEdenovo.cfg -S 6 -s Blaster -c GrpRecPil -m Map\n[centos@ab7cc9f050f3 DmelChr4_TEdenovo]$ TEdenovo.py -P DmelChr4 -C TEdenovo.cfg -S 6 -m Map --struct\n[centos@ab7cc9f050f3 DmelChr4_TEdenovo]$ TEdenovo.py -P DmelChr4 -C TEdenovo.cfg -S 7 -s Blaster -c GrpRecPil -m Map\n[centos@ab7cc9f050f3 DmelChr4_TEdenovo]$ TEdenovo.py -P DmelChr4 -C TEdenovo.cfg -S 8 -s Blaster -c GrpRecPil -m Map -f Blastclust"
                            }
                        ]
                    }
                ]
            }
        ],
        "team": "T017P3M8W7K",
        "user_team": "T017P3M8W7K",
        "source_team": "T017P3M8W7K",
        "user_profile": {
            "avatar_hash": "743a9fc0b5f6",
            "image_72": "https:\/\/avatars.slack-edge.com\/2022-06-30\/3731255580839_743a9fc0b5f63f195af3_72.jpg",
            "first_name": "parensburger",
            "real_name": "parensburger",
            "display_name": "Peter",
            "team": "T017P3M8W7K",
            "name": "parensburger",
            "is_restricted": false,
            "is_ultra_restricted": false
        }
    }
]