[
    {
        "client_msg_id": "d7833b34-d3d7-4966-a147-852d92b8868d",
        "type": "message",
        "text": "as things are getting complicated, I think I need to simplify the process a bit. The plan now is\n1. Go back to the -tirtsd_manualreview.txt file, and rewrite a \"get_real_sequences.pl\" script that will return a \".genome_sequence.txt\" file that for each sequence will report the name, location, and if ends are present will report the length of the TSDs and length of TIR. It will then report the DNA sequence with those. \n2. Using the sequences above get the ORFs and run interpro on those ORFs\n3. Make report that lists elements with: intact tsds, intact tirs, ORFs with start and ends, ORFs with interpro matches (maybe as check marks). Listing both the DNA and AA sequences, with the idea that this report will be used to evaluate the element and assign classification.",
        "user": "U01793PULLV",
        "ts": "1669305207.609759",
        "blocks": [
            {
                "type": "rich_text",
                "block_id": "U8bK",
                "elements": [
                    {
                        "type": "rich_text_section",
                        "elements": [
                            {
                                "type": "text",
                                "text": "as things are getting complicated, I think I need to simplify the process a bit. The plan now is\n"
                            }
                        ]
                    },
                    {
                        "type": "rich_text_list",
                        "elements": [
                            {
                                "type": "rich_text_section",
                                "elements": [
                                    {
                                        "type": "text",
                                        "text": "Go back to the -tirtsd_manualreview.txt file, and rewrite a \"get_real_sequences.pl\" script that will return a \".genome_sequence.txt\" file that for each sequence will report the name, location, and if ends are present will report the length of the TSDs and length of TIR. It will then report the DNA sequence with those. "
                                    }
                                ]
                            },
                            {
                                "type": "rich_text_section",
                                "elements": [
                                    {
                                        "type": "text",
                                        "text": "Using the sequences above get the ORFs and run interpro on those ORFs"
                                    }
                                ]
                            },
                            {
                                "type": "rich_text_section",
                                "elements": [
                                    {
                                        "type": "text",
                                        "text": "Make report that lists elements with: intact tsds, intact tirs, ORFs with start and ends, ORFs with interpro matches (maybe as check marks). Listing both the DNA and AA sequences, with the idea that this report will be used to evaluate the element and assign classification."
                                    }
                                ]
                            }
                        ],
                        "style": "ordered",
                        "indent": 0,
                        "border": 0
                    }
                ]
            }
        ],
        "team": "T017P3M8W7K",
        "user_team": "T017P3M8W7K",
        "source_team": "T017P3M8W7K",
        "user_profile": {
            "avatar_hash": "743a9fc0b5f6",
            "image_72": "https:\/\/avatars.slack-edge.com\/2022-06-30\/3731255580839_743a9fc0b5f63f195af3_72.jpg",
            "first_name": "parensburger",
            "real_name": "parensburger",
            "display_name": "Peter",
            "team": "T017P3M8W7K",
            "name": "parensburger",
            "is_restricted": false,
            "is_ultra_restricted": false
        }
    }
]