[
    {
        "client_msg_id": "b0efc15b-4b34-40ce-8a2c-64ca451bbe7b",
        "type": "message",
        "text": "still working on find_tir.pl, it now reports how many bps to shift from original consensus position to where TIRs are",
        "user": "U01793PULLV",
        "ts": "1659395881.769879",
        "blocks": [
            {
                "type": "rich_text",
                "block_id": "cCVJ2",
                "elements": [
                    {
                        "type": "rich_text_section",
                        "elements": [
                            {
                                "type": "text",
                                "text": "still working on find_tir.pl, it now reports how many bps to shift from original consensus position to where TIRs are"
                            }
                        ]
                    }
                ]
            }
        ],
        "team": "T017P3M8W7K",
        "user_team": "T017P3M8W7K",
        "source_team": "T017P3M8W7K",
        "user_profile": {
            "avatar_hash": "743a9fc0b5f6",
            "image_72": "https:\/\/avatars.slack-edge.com\/2022-06-30\/3731255580839_743a9fc0b5f63f195af3_72.jpg",
            "first_name": "parensburger",
            "real_name": "parensburger",
            "display_name": "Peter",
            "team": "T017P3M8W7K",
            "name": "parensburger",
            "is_restricted": false,
            "is_ultra_restricted": false
        }
    }
]