[
    {
        "client_msg_id": "9605dedd-ef2b-4188-8a8b-439d3c354e2f",
        "type": "message",
        "text": "working on the find_tir2.pl program. I will wait to see what the results of the consensus files is before I continue with it.\n```peter@carmen:~\/Desktop$ perl process_folders-blast-and-cons.pl -o Pt_table_v2.ods &gt; consensus.xls```",
        "user": "U01793PULLV",
        "ts": "1660412063.613149",
        "blocks": [
            {
                "type": "rich_text",
                "block_id": "g09",
                "elements": [
                    {
                        "type": "rich_text_section",
                        "elements": [
                            {
                                "type": "text",
                                "text": "working on the find_tir2.pl program. I will wait to see what the results of the consensus files is before I continue with it.\n"
                            }
                        ]
                    },
                    {
                        "type": "rich_text_preformatted",
                        "elements": [
                            {
                                "type": "text",
                                "text": "peter@carmen:~\/Desktop$ perl process_folders-blast-and-cons.pl -o Pt_table_v2.ods > consensus.xls"
                            }
                        ],
                        "border": 0
                    }
                ]
            }
        ],
        "team": "T017P3M8W7K",
        "user_team": "T017P3M8W7K",
        "source_team": "T017P3M8W7K",
        "user_profile": {
            "avatar_hash": "743a9fc0b5f6",
            "image_72": "https:\/\/avatars.slack-edge.com\/2022-06-30\/3731255580839_743a9fc0b5f63f195af3_72.jpg",
            "first_name": "parensburger",
            "real_name": "parensburger",
            "display_name": "Peter",
            "team": "T017P3M8W7K",
            "name": "parensburger",
            "is_restricted": false,
            "is_ultra_restricted": false
        }
    },
    {
        "client_msg_id": "b8ea96e1-a2eb-49f4-a7d2-dacb75352890",
        "type": "message",
        "text": "done with making the consensus files. Updated Pt_table_v2.ods (removing old info), and updated the TEs folder",
        "user": "U01793PULLV",
        "ts": "1660412986.410819",
        "blocks": [
            {
                "type": "rich_text",
                "block_id": "NtIfB",
                "elements": [
                    {
                        "type": "rich_text_section",
                        "elements": [
                            {
                                "type": "text",
                                "text": "done with making the consensus files. Updated Pt_table_v2.ods (removing old info), and updated the TEs folder"
                            }
                        ]
                    }
                ]
            }
        ],
        "team": "T017P3M8W7K",
        "user_team": "T017P3M8W7K",
        "source_team": "T017P3M8W7K",
        "user_profile": {
            "avatar_hash": "743a9fc0b5f6",
            "image_72": "https:\/\/avatars.slack-edge.com\/2022-06-30\/3731255580839_743a9fc0b5f63f195af3_72.jpg",
            "first_name": "parensburger",
            "real_name": "parensburger",
            "display_name": "Peter",
            "team": "T017P3M8W7K",
            "name": "parensburger",
            "is_restricted": false,
            "is_ultra_restricted": false
        }
    },
    {
        "type": "message",
        "text": "working on a new, better, consensus script, this one looks for sharp transitions in the number of bases of majority rule consensus upstream and downstream. Need to finish the script, and test.",
        "files": [
            {
                "id": "F03T54JKFC7",
                "created": 1660441947,
                "timestamp": 1660441947,
                "name": "make_consensus2.pl",
                "title": "make_consensus2.pl",
                "mimetype": "text\/plain",
                "filetype": "perl",
                "pretty_type": "Perl",
                "user": "U01793PULLV",
                "user_team": "T017P3M8W7K",
                "editable": true,
                "size": 9813,
                "mode": "snippet",
                "is_external": false,
                "external_type": "",
                "is_public": true,
                "public_url_shared": false,
                "display_as_bot": false,
                "username": "",
                "url_private": "https:\/\/files.slack.com\/files-pri\/T017P3M8W7K-F03T54JKFC7\/make_consensus2.pl?t=xoxe-1261123302257-6395895314663-6407612319125-137f2171a6b5696e8e285d5b7bbfa693",
                "url_private_download": "https:\/\/files.slack.com\/files-pri\/T017P3M8W7K-F03T54JKFC7\/download\/make_consensus2.pl?t=xoxe-1261123302257-6395895314663-6407612319125-137f2171a6b5696e8e285d5b7bbfa693",
                "permalink": "https:\/\/arensburgerla-9bj1862.slack.com\/files\/U01793PULLV\/F03T54JKFC7\/make_consensus2.pl",
                "permalink_public": "https:\/\/slack-files.com\/T017P3M8W7K-F03T54JKFC7-4cc4fd55e0",
                "edit_link": "https:\/\/arensburgerla-9bj1862.slack.com\/files\/U01793PULLV\/F03T54JKFC7\/make_consensus2.pl\/edit",
                "is_starred": false,
                "has_rich_preview": false,
                "file_access": "visible"
            }
        ],
        "upload": false,
        "user": "U01793PULLV",
        "display_as_bot": false,
        "ts": "1660441959.807769",
        "blocks": [
            {
                "type": "rich_text",
                "block_id": "zPy1",
                "elements": [
                    {
                        "type": "rich_text_section",
                        "elements": [
                            {
                                "type": "text",
                                "text": "working on a new, better, consensus script, this one looks for sharp transitions in the number of bases of majority rule consensus upstream and downstream. Need to finish the script, and test."
                            }
                        ]
                    }
                ]
            }
        ],
        "client_msg_id": "9cc12891-cf80-4543-b50e-0e6a328db01a"
    }
]