[
    {
        "type": "message",
        "text": "Started working on script to analyze elements in detail to resolve conflicts",
        "files": [
            {
                "id": "F042KNUQ940",
                "created": 1662849610,
                "timestamp": 1662849610,
                "name": "process_clipboard-detail_tirtsd.pl",
                "title": "process_clipboard-detail_tirtsd.pl",
                "mimetype": "text\/plain",
                "filetype": "perl",
                "pretty_type": "Perl",
                "user": "U01793PULLV",
                "user_team": "T017P3M8W7K",
                "editable": true,
                "size": 7592,
                "mode": "snippet",
                "is_external": false,
                "external_type": "",
                "is_public": true,
                "public_url_shared": false,
                "display_as_bot": false,
                "username": "",
                "url_private": "https:\/\/files.slack.com\/files-pri\/T017P3M8W7K-F042KNUQ940\/process_clipboard-detail_tirtsd.pl?t=xoxe-1261123302257-6395895314663-6407612319125-137f2171a6b5696e8e285d5b7bbfa693",
                "url_private_download": "https:\/\/files.slack.com\/files-pri\/T017P3M8W7K-F042KNUQ940\/download\/process_clipboard-detail_tirtsd.pl?t=xoxe-1261123302257-6395895314663-6407612319125-137f2171a6b5696e8e285d5b7bbfa693",
                "permalink": "https:\/\/arensburgerla-9bj1862.slack.com\/files\/U01793PULLV\/F042KNUQ940\/process_clipboard-detail_tirtsd.pl",
                "permalink_public": "https:\/\/slack-files.com\/T017P3M8W7K-F042KNUQ940-f0a70bbac0",
                "edit_link": "https:\/\/arensburgerla-9bj1862.slack.com\/files\/U01793PULLV\/F042KNUQ940\/process_clipboard-detail_tirtsd.pl\/edit",
                "is_starred": false,
                "has_rich_preview": false,
                "file_access": "visible"
            }
        ],
        "upload": false,
        "user": "U01793PULLV",
        "display_as_bot": false,
        "ts": "1662849615.350829",
        "blocks": [
            {
                "type": "rich_text",
                "block_id": "guTo",
                "elements": [
                    {
                        "type": "rich_text_section",
                        "elements": [
                            {
                                "type": "text",
                                "text": "Started working on script to analyze elements in detail to resolve conflicts"
                            }
                        ]
                    }
                ]
            }
        ],
        "client_msg_id": "706ea1df-fa21-4daf-8e7e-5019d4b0f8d0"
    },
    {
        "type": "message",
        "text": "all the elements in Pt_table_v4.ods have been examined except for the elements below that have no tsds associated with them:\nPtep3m-B-G12189-Map3\nPtep3m-B-G12990-Map5\nPtep3m-B-G3667-Map20\nPtep3m-B-G7827-Map6\nPtep3m-B-R15669-Map4\nPtep3m-B-R17729-Map3\nPtep3m-B-R23431-Map3\nPtep3m-B-R4948-Map20",
        "files": [
            {
                "id": "F041FHG9L5V",
                "created": 1662855441,
                "timestamp": 1662855441,
                "name": "image.png",
                "title": "image.png",
                "mimetype": "image\/png",
                "filetype": "png",
                "pretty_type": "PNG",
                "user": "U01793PULLV",
                "user_team": "T017P3M8W7K",
                "editable": false,
                "size": 7584,
                "mode": "hosted",
                "is_external": false,
                "external_type": "",
                "is_public": true,
                "public_url_shared": false,
                "display_as_bot": false,
                "username": "",
                "url_private": "https:\/\/files.slack.com\/files-pri\/T017P3M8W7K-F041FHG9L5V\/image.png?t=xoxe-1261123302257-6395895314663-6407612319125-137f2171a6b5696e8e285d5b7bbfa693",
                "url_private_download": "https:\/\/files.slack.com\/files-pri\/T017P3M8W7K-F041FHG9L5V\/download\/image.png?t=xoxe-1261123302257-6395895314663-6407612319125-137f2171a6b5696e8e285d5b7bbfa693",
                "media_display_type": "unknown",
                "thumb_64": "https:\/\/files.slack.com\/files-tmb\/T017P3M8W7K-F041FHG9L5V-13dcf30d53\/image_64.png?t=xoxe-1261123302257-6395895314663-6407612319125-137f2171a6b5696e8e285d5b7bbfa693",
                "thumb_80": "https:\/\/files.slack.com\/files-tmb\/T017P3M8W7K-F041FHG9L5V-13dcf30d53\/image_80.png?t=xoxe-1261123302257-6395895314663-6407612319125-137f2171a6b5696e8e285d5b7bbfa693",
                "thumb_360": "https:\/\/files.slack.com\/files-tmb\/T017P3M8W7K-F041FHG9L5V-13dcf30d53\/image_360.png?t=xoxe-1261123302257-6395895314663-6407612319125-137f2171a6b5696e8e285d5b7bbfa693",
                "thumb_360_w": 165,
                "thumb_360_h": 154,
                "thumb_160": "https:\/\/files.slack.com\/files-tmb\/T017P3M8W7K-F041FHG9L5V-13dcf30d53\/image_160.png?t=xoxe-1261123302257-6395895314663-6407612319125-137f2171a6b5696e8e285d5b7bbfa693",
                "original_w": 165,
                "original_h": 154,
                "thumb_tiny": "AwAsADC4WHaUj6igMMN+9PftTisnqp+opdsmDyv5UANyOP3h6DtTdwyB5rD8KkKyY6r09KAsmDkr7cUARlhk4mI57ipozlM5z9aYVlPXYakQEL82M+1ADC8g\/gB+ho3SYPyD25qNgo6q4+lKAuG+V+9AEm6T+6OlIGkx90Z9KZhePkboOTSbFBHyN+dAEm+Tp5f61JVYhQfuyDmp48bBgEfWgCIsO0pH1FAYYb96e\/apiAeoFLgelAEBYcfvG6CkDj\/nqTjnpVjFGBQBX3DtMfpipo+UHOfel2jPQUtAH\/\/Z",
                "permalink": "https:\/\/arensburgerla-9bj1862.slack.com\/files\/U01793PULLV\/F041FHG9L5V\/image.png",
                "permalink_public": "https:\/\/slack-files.com\/T017P3M8W7K-F041FHG9L5V-6522114391",
                "is_starred": false,
                "has_rich_preview": false,
                "file_access": "visible"
            }
        ],
        "upload": false,
        "user": "U01793PULLV",
        "display_as_bot": false,
        "ts": "1662855448.196539",
        "blocks": [
            {
                "type": "rich_text",
                "block_id": "WLM",
                "elements": [
                    {
                        "type": "rich_text_section",
                        "elements": [
                            {
                                "type": "text",
                                "text": "all the elements in Pt_table_v4.ods have been examined except for the elements below that have no tsds associated with them:\nPtep3m-B-G12189-Map3\nPtep3m-B-G12990-Map5\nPtep3m-B-G3667-Map20\nPtep3m-B-G7827-Map6\nPtep3m-B-R15669-Map4\nPtep3m-B-R17729-Map3\nPtep3m-B-R23431-Map3\nPtep3m-B-R4948-Map20"
                            }
                        ]
                    }
                ]
            }
        ],
        "client_msg_id": "e1325d2a-4ea8-4d02-82ad-55ac9ed8b1c3"
    }
]