[
    {
        "client_msg_id": "98095ef3-19ae-4bfd-a4bf-e3bc91ee000d",
        "type": "message",
        "text": "After looking at the results of process_folders-display_orfs.pl, I don't think that It's giving me results that are all that valuable (i.e. the files that end in -tranposase.txt). Instead I've got another idea.\n1. run get orf on all the -genome-sequences.fa files\n2. examine the last few (5?) amino acids of each orf and identify how many other ORFs have this end. The idea is that a real stop sequence will be present multiple times\n3. examine the first few amino acids and also record those that occur frequently. Does not need to be just a the start of the sequence though. \n4. sequences that have both the start and end of frequently occurring starts and ends could be full length elements.\nNeed to make sure I don't isolate overlapping sequences. I know this method will work with Ptep3m-B-G7233-Map18 but I don't know if will with Ptep3m-B-G2897-Map13",
        "user": "U01793PULLV",
        "ts": "1666220771.027199",
        "blocks": [
            {
                "type": "rich_text",
                "block_id": "2RRlK",
                "elements": [
                    {
                        "type": "rich_text_section",
                        "elements": [
                            {
                                "type": "text",
                                "text": "After looking at the results of process_folders-display_orfs.pl, I don't think that It's giving me results that are all that valuable (i.e. the files that end in -tranposase.txt). Instead I've got another idea.\n"
                            }
                        ]
                    },
                    {
                        "type": "rich_text_list",
                        "elements": [
                            {
                                "type": "rich_text_section",
                                "elements": [
                                    {
                                        "type": "text",
                                        "text": "run get orf on all the -genome-sequences.fa files"
                                    }
                                ]
                            },
                            {
                                "type": "rich_text_section",
                                "elements": [
                                    {
                                        "type": "text",
                                        "text": "examine the last few (5?) amino acids of each orf and identify how many other ORFs have this end. The idea is that a real stop sequence will be present multiple times"
                                    }
                                ]
                            },
                            {
                                "type": "rich_text_section",
                                "elements": [
                                    {
                                        "type": "text",
                                        "text": "examine the first few amino acids and also record those that occur frequently. Does not need to be just a the start of the sequence though. "
                                    }
                                ]
                            },
                            {
                                "type": "rich_text_section",
                                "elements": [
                                    {
                                        "type": "text",
                                        "text": "sequences that have both the start and end of frequently occurring starts and ends could be full length elements."
                                    }
                                ]
                            }
                        ],
                        "style": "ordered",
                        "indent": 0,
                        "border": 0
                    },
                    {
                        "type": "rich_text_section",
                        "elements": [
                            {
                                "type": "text",
                                "text": "Need to make sure I don't isolate overlapping sequences. I know this method will work with Ptep3m-B-G7233-Map18 but I don't know if will with Ptep3m-B-G2897-Map13"
                            }
                        ]
                    }
                ]
            }
        ],
        "team": "T017P3M8W7K",
        "user_team": "T017P3M8W7K",
        "source_team": "T017P3M8W7K",
        "user_profile": {
            "avatar_hash": "743a9fc0b5f6",
            "image_72": "https:\/\/avatars.slack-edge.com\/2022-06-30\/3731255580839_743a9fc0b5f63f195af3_72.jpg",
            "first_name": "parensburger",
            "real_name": "parensburger",
            "display_name": "Peter",
            "team": "T017P3M8W7K",
            "name": "parensburger",
            "is_restricted": false,
            "is_ultra_restricted": false
        }
    }
]