[
    {
        "type": "message",
        "text": "Wrote script \"make consensus\" (in folder TE_discovery_Ptep3 on faust) that makes the consensus and trims the ends off. Need to clean up the script a bit, but next step is to pair it with a TIR and TSD disovery scripts.",
        "files": [
            {
                "id": "F03RVDXRSKB",
                "created": 1659049403,
                "timestamp": 1659049403,
                "name": "make_consensus.pl",
                "title": "make_consensus.pl",
                "mimetype": "text\/plain",
                "filetype": "perl",
                "pretty_type": "Perl",
                "user": "U01793PULLV",
                "user_team": "T017P3M8W7K",
                "editable": true,
                "size": 4770,
                "mode": "snippet",
                "is_external": false,
                "external_type": "",
                "is_public": true,
                "public_url_shared": false,
                "display_as_bot": false,
                "username": "",
                "url_private": "https:\/\/files.slack.com\/files-pri\/T017P3M8W7K-F03RVDXRSKB\/make_consensus.pl?t=xoxe-1261123302257-6395895314663-6407612319125-137f2171a6b5696e8e285d5b7bbfa693",
                "url_private_download": "https:\/\/files.slack.com\/files-pri\/T017P3M8W7K-F03RVDXRSKB\/download\/make_consensus.pl?t=xoxe-1261123302257-6395895314663-6407612319125-137f2171a6b5696e8e285d5b7bbfa693",
                "permalink": "https:\/\/arensburgerla-9bj1862.slack.com\/files\/U01793PULLV\/F03RVDXRSKB\/make_consensus.pl",
                "permalink_public": "https:\/\/slack-files.com\/T017P3M8W7K-F03RVDXRSKB-70a6124fc0",
                "edit_link": "https:\/\/arensburgerla-9bj1862.slack.com\/files\/U01793PULLV\/F03RVDXRSKB\/make_consensus.pl\/edit",
                "is_starred": false,
                "has_rich_preview": false,
                "file_access": "visible"
            }
        ],
        "upload": false,
        "user": "U01793PULLV",
        "display_as_bot": false,
        "ts": "1659049479.097369",
        "blocks": [
            {
                "type": "rich_text",
                "block_id": "LskW0",
                "elements": [
                    {
                        "type": "rich_text_section",
                        "elements": [
                            {
                                "type": "text",
                                "text": "Wrote script \"make consensus\" (in folder TE_discovery_Ptep3 on faust) that makes the consensus and trims the ends off. Need to clean up the script a bit, but next step is to pair it with a TIR and TSD disovery scripts."
                            }
                        ]
                    }
                ]
            }
        ],
        "client_msg_id": "42fe6d6f-bcb9-415c-a0e8-5b3e3f8498e6"
    },
    {
        "client_msg_id": "b26a7c89-e8fa-40ec-983c-2ff12ec519f1",
        "type": "message",
        "text": "Working on the make consensus on carmen. It turns out that having a lot of very similar sequences will throw the analysis off. Making P distance to remove duplicates.",
        "user": "U01793PULLV",
        "ts": "1659070221.696489",
        "blocks": [
            {
                "type": "rich_text",
                "block_id": "LT1rK",
                "elements": [
                    {
                        "type": "rich_text_section",
                        "elements": [
                            {
                                "type": "text",
                                "text": "Working on the make consensus on carmen. It turns out that having a lot of very similar sequences will throw the analysis off. Making P distance to remove duplicates."
                            }
                        ]
                    }
                ]
            }
        ],
        "team": "T017P3M8W7K",
        "user_team": "T017P3M8W7K",
        "source_team": "T017P3M8W7K",
        "user_profile": {
            "avatar_hash": "743a9fc0b5f6",
            "image_72": "https:\/\/avatars.slack-edge.com\/2022-06-30\/3731255580839_743a9fc0b5f63f195af3_72.jpg",
            "first_name": "parensburger",
            "real_name": "parensburger",
            "display_name": "Peter",
            "team": "T017P3M8W7K",
            "name": "parensburger",
            "is_restricted": false,
            "is_ultra_restricted": false
        }
    }
]