[
    {
        "client_msg_id": "97e87adc-ab75-45bf-b5c8-1b8e221fc35a",
        "type": "message",
        "text": "ended up with 793 elements with TIRs (recorded in Pt_table_v4.ods and saved as TEs.tar.gz) and 1019 elements in no_tirs_TEs.tar.gz",
        "user": "U01793PULLV",
        "ts": "1662313164.855069",
        "blocks": [
            {
                "type": "rich_text",
                "block_id": "KsgI",
                "elements": [
                    {
                        "type": "rich_text_section",
                        "elements": [
                            {
                                "type": "text",
                                "text": "ended up with 793 elements with TIRs (recorded in Pt_table_v4.ods and saved as TEs.tar.gz) and 1019 elements in no_tirs_TEs.tar.gz"
                            }
                        ]
                    }
                ]
            }
        ],
        "team": "T017P3M8W7K",
        "user_team": "T017P3M8W7K",
        "source_team": "T017P3M8W7K",
        "user_profile": {
            "avatar_hash": "743a9fc0b5f6",
            "image_72": "https:\/\/avatars.slack-edge.com\/2022-06-30\/3731255580839_743a9fc0b5f63f195af3_72.jpg",
            "first_name": "parensburger",
            "real_name": "parensburger",
            "display_name": "Peter",
            "team": "T017P3M8W7K",
            "name": "parensburger",
            "is_restricted": false,
            "is_ultra_restricted": false
        }
    },
    {
        "client_msg_id": "f58414f8-92a8-4dd5-9355-3c9a2bec4e98",
        "type": "message",
        "text": "summarizing the TSD data\npeter@carmen:~\/Desktop$ perl process_folders-sort-tsds.pl -t temp.txt &gt; Pt_sort_tsd.xls",
        "user": "U01793PULLV",
        "ts": "1662329890.275899",
        "blocks": [
            {
                "type": "rich_text",
                "block_id": "d8jI",
                "elements": [
                    {
                        "type": "rich_text_section",
                        "elements": [
                            {
                                "type": "text",
                                "text": "summarizing the TSD data\npeter@carmen:~\/Desktop$ perl process_folders-sort-tsds.pl -t temp.txt > Pt_sort_tsd.xls"
                            }
                        ]
                    }
                ]
            }
        ],
        "team": "T017P3M8W7K",
        "user_team": "T017P3M8W7K",
        "source_team": "T017P3M8W7K",
        "user_profile": {
            "avatar_hash": "743a9fc0b5f6",
            "image_72": "https:\/\/avatars.slack-edge.com\/2022-06-30\/3731255580839_743a9fc0b5f63f195af3_72.jpg",
            "first_name": "parensburger",
            "real_name": "parensburger",
            "display_name": "Peter",
            "team": "T017P3M8W7K",
            "name": "parensburger",
            "is_restricted": false,
            "is_ultra_restricted": false
        }
    },
    {
        "client_msg_id": "d4924ed5-8cec-40a1-afc0-c442e513bf29",
        "type": "message",
        "text": "starting manual review in file Pt_sort_tsd.ods",
        "user": "U01793PULLV",
        "ts": "1662331155.430339",
        "blocks": [
            {
                "type": "rich_text",
                "block_id": "sZMj",
                "elements": [
                    {
                        "type": "rich_text_section",
                        "elements": [
                            {
                                "type": "text",
                                "text": "starting manual review in file Pt_sort_tsd.ods"
                            }
                        ]
                    }
                ]
            }
        ],
        "team": "T017P3M8W7K",
        "user_team": "T017P3M8W7K",
        "source_team": "T017P3M8W7K",
        "user_profile": {
            "avatar_hash": "743a9fc0b5f6",
            "image_72": "https:\/\/avatars.slack-edge.com\/2022-06-30\/3731255580839_743a9fc0b5f63f195af3_72.jpg",
            "first_name": "parensburger",
            "real_name": "parensburger",
            "display_name": "Peter",
            "team": "T017P3M8W7K",
            "name": "parensburger",
            "is_restricted": false,
            "is_ultra_restricted": false
        }
    },
    {
        "client_msg_id": "c38d12f0-feda-4631-b189-20ce7177f4c6",
        "type": "message",
        "text": "there's two issues with the process_folders-get_real_sequences.pl script:\n1. it outputs some duplicate files such as Ptep3m-B-G5955-Map3:NW_024969685.1:882679-884068\n2. for some elements is outputs the wrong end, but only on the right side, see G5955.fa",
        "user": "U01793PULLV",
        "ts": "1662338971.484149",
        "blocks": [
            {
                "type": "rich_text",
                "block_id": "FbqH",
                "elements": [
                    {
                        "type": "rich_text_section",
                        "elements": [
                            {
                                "type": "text",
                                "text": "there's two issues with the process_folders-get_real_sequences.pl script:\n"
                            }
                        ]
                    },
                    {
                        "type": "rich_text_list",
                        "elements": [
                            {
                                "type": "rich_text_section",
                                "elements": [
                                    {
                                        "type": "text",
                                        "text": "it outputs some duplicate files such as Ptep3m-B-G5955-Map3:NW_024969685.1:882679-884068"
                                    }
                                ]
                            },
                            {
                                "type": "rich_text_section",
                                "elements": [
                                    {
                                        "type": "text",
                                        "text": "for some elements is outputs the wrong end, but only on the right side, see G5955.fa"
                                    }
                                ]
                            }
                        ],
                        "style": "ordered",
                        "indent": 0,
                        "border": 0
                    }
                ]
            }
        ],
        "team": "T017P3M8W7K",
        "user_team": "T017P3M8W7K",
        "source_team": "T017P3M8W7K",
        "user_profile": {
            "avatar_hash": "743a9fc0b5f6",
            "image_72": "https:\/\/avatars.slack-edge.com\/2022-06-30\/3731255580839_743a9fc0b5f63f195af3_72.jpg",
            "first_name": "parensburger",
            "real_name": "parensburger",
            "display_name": "Peter",
            "team": "T017P3M8W7K",
            "name": "parensburger",
            "is_restricted": false,
            "is_ultra_restricted": false
        }
    }
]