[
    {
        "client_msg_id": "8567b77b-4534-4888-8f17-2587c6209db8",
        "type": "message",
        "text": "seem I finally got interprosan to work, almost the way I want it (only want to output TSV files)\n```peter@faust:~\/Desktop$ ~\/db\/interproscan-5.57-90.0\/interproscan.sh -t n -i .\/Ptep3m-B-G4994-Map5-genome_sequences.fa -appl Pfam ```",
        "user": "U01793PULLV",
        "ts": "1663877640.020769",
        "blocks": [
            {
                "type": "rich_text",
                "block_id": "Gdz2Y",
                "elements": [
                    {
                        "type": "rich_text_section",
                        "elements": [
                            {
                                "type": "text",
                                "text": "seem I finally got interprosan to work, almost the way I want it (only want to output TSV files)\n"
                            }
                        ]
                    },
                    {
                        "type": "rich_text_preformatted",
                        "elements": [
                            {
                                "type": "text",
                                "text": "peter@faust:~\/Desktop$ ~\/db\/interproscan-5.57-90.0\/interproscan.sh -t n -i .\/Ptep3m-B-G4994-Map5-genome_sequences.fa -appl Pfam "
                            }
                        ],
                        "border": 0
                    }
                ]
            }
        ],
        "team": "T017P3M8W7K",
        "user_team": "T017P3M8W7K",
        "source_team": "T017P3M8W7K",
        "user_profile": {
            "avatar_hash": "743a9fc0b5f6",
            "image_72": "https:\/\/avatars.slack-edge.com\/2022-06-30\/3731255580839_743a9fc0b5f63f195af3_72.jpg",
            "first_name": "parensburger",
            "real_name": "parensburger",
            "display_name": "Peter",
            "team": "T017P3M8W7K",
            "name": "parensburger",
            "is_restricted": false,
            "is_ultra_restricted": false
        }
    },
    {
        "client_msg_id": "abba9b7b-e3c1-49be-9bc4-318528696df7",
        "type": "message",
        "text": "setting up all the sequences to be examined by interproscan\n```peter@carmen:~\/Desktop$ find ~\/db\/TEs\/ -name *genome_sequences.fa &gt; temp.txt\npeter@carmen:~\/Desktop$ sh temp.txt &gt; all-genome_sequences.fa\npeter@carmen:~\/Desktop$ head -n 2000 all-genome_sequences.fa &gt; test-genome_sequences.fa\npeter@faust:~\/Desktop$ nohup interproscan.sh -t n -i test-genome_sequences.fa -appl Pfam -f GFF3 &amp;```",
        "user": "U01793PULLV",
        "ts": "1663883430.398429",
        "blocks": [
            {
                "type": "rich_text",
                "block_id": "h3f5",
                "elements": [
                    {
                        "type": "rich_text_section",
                        "elements": [
                            {
                                "type": "text",
                                "text": "setting up all the sequences to be examined by interproscan\n"
                            }
                        ]
                    },
                    {
                        "type": "rich_text_preformatted",
                        "elements": [
                            {
                                "type": "text",
                                "text": "peter@carmen:~\/Desktop$ find ~\/db\/TEs\/ -name *genome_sequences.fa > temp.txt\npeter@carmen:~\/Desktop$ sh temp.txt > all-genome_sequences.fa\npeter@carmen:~\/Desktop$ head -n 2000 all-genome_sequences.fa > test-genome_sequences.fa\npeter@faust:~\/Desktop$ nohup interproscan.sh -t n -i test-genome_sequences.fa -appl Pfam -f GFF3 &"
                            }
                        ],
                        "border": 0
                    }
                ]
            }
        ],
        "team": "T017P3M8W7K",
        "user_team": "T017P3M8W7K",
        "source_team": "T017P3M8W7K",
        "user_profile": {
            "avatar_hash": "743a9fc0b5f6",
            "image_72": "https:\/\/avatars.slack-edge.com\/2022-06-30\/3731255580839_743a9fc0b5f63f195af3_72.jpg",
            "first_name": "parensburger",
            "real_name": "parensburger",
            "display_name": "Peter",
            "team": "T017P3M8W7K",
            "name": "parensburger",
            "is_restricted": false,
            "is_ultra_restricted": false
        }
    },
    {
        "client_msg_id": "2f2d4a42-d21e-4007-9414-a9b06b19f638",
        "type": "message",
        "text": "```peter@faust:~\/Desktop$ nohup interproscan.sh -t n -i all-genome_sequences.fa -appl Pfam -f GFF3 &amp;```",
        "user": "U01793PULLV",
        "ts": "1663884221.300619",
        "blocks": [
            {
                "type": "rich_text",
                "block_id": "xprGz",
                "elements": [
                    {
                        "type": "rich_text_preformatted",
                        "elements": [
                            {
                                "type": "text",
                                "text": "peter@faust:~\/Desktop$ nohup interproscan.sh -t n -i all-genome_sequences.fa -appl Pfam -f GFF3 &"
                            }
                        ],
                        "border": 0
                    }
                ]
            }
        ],
        "team": "T017P3M8W7K",
        "user_team": "T017P3M8W7K",
        "source_team": "T017P3M8W7K",
        "user_profile": {
            "avatar_hash": "743a9fc0b5f6",
            "image_72": "https:\/\/avatars.slack-edge.com\/2022-06-30\/3731255580839_743a9fc0b5f63f195af3_72.jpg",
            "first_name": "parensburger",
            "real_name": "parensburger",
            "display_name": "Peter",
            "team": "T017P3M8W7K",
            "name": "parensburger",
            "is_restricted": false,
            "is_ultra_restricted": false
        }
    }
]