[
    {
        "client_msg_id": "132f3094-5af3-4689-8505-800d82d3f213",
        "type": "message",
        "text": "the make_consensus2.pl file is not great to do all the consensus because it gets confused if there's a short segment of aligned sequences. However, it seems to work as a secondary improvement on the alignment that the original make_consensus.pl makes.",
        "user": "U01793PULLV",
        "ts": "1660522462.955769",
        "blocks": [
            {
                "type": "rich_text",
                "block_id": "SFQ",
                "elements": [
                    {
                        "type": "rich_text_section",
                        "elements": [
                            {
                                "type": "text",
                                "text": "the make_consensus2.pl file is not great to do all the consensus because it gets confused if there's a short segment of aligned sequences. However, it seems to work as a secondary improvement on the alignment that the original make_consensus.pl makes."
                            }
                        ]
                    }
                ]
            }
        ],
        "team": "T017P3M8W7K",
        "user_team": "T017P3M8W7K",
        "source_team": "T017P3M8W7K",
        "user_profile": {
            "avatar_hash": "743a9fc0b5f6",
            "image_72": "https:\/\/avatars.slack-edge.com\/2022-06-30\/3731255580839_743a9fc0b5f63f195af3_72.jpg",
            "first_name": "parensburger",
            "real_name": "parensburger",
            "display_name": "Peter",
            "team": "T017P3M8W7K",
            "name": "parensburger",
            "is_restricted": false,
            "is_ultra_restricted": false
        }
    }
]