[
    {
        "client_msg_id": "211c65a9-2283-43e9-a0c8-42587df87013",
        "type": "message",
        "text": "thinking about it, I'll make a separate program for merging overlapping sequences, that way the program can be used before alignment next time around.",
        "user": "U01793PULLV",
        "ts": "1661873641.509099",
        "blocks": [
            {
                "type": "rich_text",
                "block_id": "USM",
                "elements": [
                    {
                        "type": "rich_text_section",
                        "elements": [
                            {
                                "type": "text",
                                "text": "thinking about it, I'll make a separate program for merging overlapping sequences, that way the program can be used before alignment next time around."
                            }
                        ]
                    }
                ]
            }
        ],
        "team": "T017P3M8W7K",
        "user_team": "T017P3M8W7K",
        "source_team": "T017P3M8W7K",
        "user_profile": {
            "avatar_hash": "743a9fc0b5f6",
            "image_72": "https:\/\/avatars.slack-edge.com\/2022-06-30\/3731255580839_743a9fc0b5f63f195af3_72.jpg",
            "first_name": "parensburger",
            "real_name": "parensburger",
            "display_name": "Peter",
            "team": "T017P3M8W7K",
            "name": "parensburger",
            "is_restricted": false,
            "is_ultra_restricted": false
        }
    },
    {
        "type": "message",
        "text": "wrote script to remove overlaps .",
        "files": [
            {
                "id": "F040GPEE868",
                "created": 1661909875,
                "timestamp": 1661909875,
                "name": "process_folders-merge_overlaps.pl",
                "title": "process_folders-merge_overlaps.pl",
                "mimetype": "text\/plain",
                "filetype": "perl",
                "pretty_type": "Perl",
                "user": "U01793PULLV",
                "user_team": "T017P3M8W7K",
                "editable": true,
                "size": 7602,
                "mode": "snippet",
                "is_external": false,
                "external_type": "",
                "is_public": true,
                "public_url_shared": false,
                "display_as_bot": false,
                "username": "",
                "url_private": "https:\/\/files.slack.com\/files-pri\/T017P3M8W7K-F040GPEE868\/process_folders-merge_overlaps.pl?t=xoxe-1261123302257-6395895314663-6407612319125-137f2171a6b5696e8e285d5b7bbfa693",
                "url_private_download": "https:\/\/files.slack.com\/files-pri\/T017P3M8W7K-F040GPEE868\/download\/process_folders-merge_overlaps.pl?t=xoxe-1261123302257-6395895314663-6407612319125-137f2171a6b5696e8e285d5b7bbfa693",
                "permalink": "https:\/\/arensburgerla-9bj1862.slack.com\/files\/U01793PULLV\/F040GPEE868\/process_folders-merge_overlaps.pl",
                "permalink_public": "https:\/\/slack-files.com\/T017P3M8W7K-F040GPEE868-bbf5e72a17",
                "edit_link": "https:\/\/arensburgerla-9bj1862.slack.com\/files\/U01793PULLV\/F040GPEE868\/process_folders-merge_overlaps.pl\/edit",
                "is_starred": false,
                "has_rich_preview": false,
                "file_access": "visible"
            }
        ],
        "upload": false,
        "user": "U01793PULLV",
        "display_as_bot": false,
        "ts": "1661909878.989759",
        "blocks": [
            {
                "type": "rich_text",
                "block_id": "KmxOk",
                "elements": [
                    {
                        "type": "rich_text_section",
                        "elements": [
                            {
                                "type": "text",
                                "text": "wrote script to remove overlaps ."
                            }
                        ]
                    }
                ]
            }
        ],
        "client_msg_id": "b99465f8-0ccf-4a5e-a7f4-b38287f78267"
    },
    {
        "client_msg_id": "04e670a7-feea-40b7-b565-a01b9e8cafdd",
        "type": "message",
        "text": "current 616 of the 671 .maf alignments are done",
        "user": "U01793PULLV",
        "ts": "1661909978.885499",
        "blocks": [
            {
                "type": "rich_text",
                "block_id": "pfbmx",
                "elements": [
                    {
                        "type": "rich_text_section",
                        "elements": [
                            {
                                "type": "text",
                                "text": "current 616 of the 671 .maf alignments are done"
                            }
                        ]
                    }
                ]
            }
        ],
        "team": "T017P3M8W7K",
        "user_team": "T017P3M8W7K",
        "source_team": "T017P3M8W7K",
        "user_profile": {
            "avatar_hash": "743a9fc0b5f6",
            "image_72": "https:\/\/avatars.slack-edge.com\/2022-06-30\/3731255580839_743a9fc0b5f63f195af3_72.jpg",
            "first_name": "parensburger",
            "real_name": "parensburger",
            "display_name": "Peter",
            "team": "T017P3M8W7K",
            "name": "parensburger",
            "is_restricted": false,
            "is_ultra_restricted": false
        }
    }
]