[
    {
        "client_msg_id": "2f71db86-c2e0-4278-b67b-92d55b7a2598",
        "type": "message",
        "text": "copied the files TE_ORFs.tsv and TE_ORFs.tsv.tsv to the Descriptions directory. These have the ORFs and the interpro results.\n```peter@carmen:~\/Desktop\/TE_discovery_Ptep3\/Description files$ scp peter@faust:\/home\/peter\/Desktop\/TE_ORFs.tsv* .```",
        "user": "U01793PULLV",
        "ts": "1667925273.699719",
        "blocks": [
            {
                "type": "rich_text",
                "block_id": "1IehP",
                "elements": [
                    {
                        "type": "rich_text_section",
                        "elements": [
                            {
                                "type": "text",
                                "text": "copied the files TE_ORFs.tsv and TE_ORFs.tsv.tsv to the Descriptions directory. These have the ORFs and the interpro results.\n"
                            }
                        ]
                    },
                    {
                        "type": "rich_text_preformatted",
                        "elements": [
                            {
                                "type": "text",
                                "text": "peter@carmen:~\/Desktop\/TE_discovery_Ptep3\/Description files$ scp peter@faust:\/home\/peter\/Desktop\/TE_ORFs.tsv* ."
                            }
                        ],
                        "border": 0
                    }
                ]
            }
        ],
        "team": "T017P3M8W7K",
        "user_team": "T017P3M8W7K",
        "source_team": "T017P3M8W7K",
        "user_profile": {
            "avatar_hash": "743a9fc0b5f6",
            "image_72": "https:\/\/avatars.slack-edge.com\/2022-06-30\/3731255580839_743a9fc0b5f63f195af3_72.jpg",
            "first_name": "parensburger",
            "real_name": "parensburger",
            "display_name": "Peter",
            "team": "T017P3M8W7K",
            "name": "parensburger",
            "is_restricted": false,
            "is_ultra_restricted": false
        }
    },
    {
        "client_msg_id": "652d73c7-f42b-48db-9213-347c4a2f5b1d",
        "type": "message",
        "text": "Summarizing what I got\n```peter@carmen:~\/Desktop$ grep -R \"Interpro found\" ~\/db\/TEs\/ | wc -l\n395\npeter@carmen:~\/Desktop$ grep -R \"No interpro\" ~\/db\/TEs\/ | wc -l\n207\npeter@carmen:~\/Desktop$ grep -R \"No transposase found\" ~\/db\/TEs\/ | wc -l\n404\npeter@carmen:~\/Desktop$ grep -R \"Transposase likely present\" ~\/db\/TEs\/ | wc -l\n198\npeter@carmen:~\/Desktop$ grep -R \"Orientation positive\" ~\/db\/TEs\/ | wc -l\n168\npeter@carmen:~\/Desktop$ grep -R \"Orientation negative\" ~\/db\/TEs\/ | wc -l\n162```\nThis means that 602 of 630 elements had ORFs. Of these on third (198\/602 = 33%) had transposases.",
        "user": "U01793PULLV",
        "ts": "1667927401.821939",
        "blocks": [
            {
                "type": "rich_text",
                "block_id": "PQT=E",
                "elements": [
                    {
                        "type": "rich_text_section",
                        "elements": [
                            {
                                "type": "text",
                                "text": "Summarizing what I got\n"
                            }
                        ]
                    },
                    {
                        "type": "rich_text_preformatted",
                        "elements": [
                            {
                                "type": "text",
                                "text": "peter@carmen:~\/Desktop$ grep -R \"Interpro found\" ~\/db\/TEs\/ | wc -l\n395\npeter@carmen:~\/Desktop$ grep -R \"No interpro\" ~\/db\/TEs\/ | wc -l\n207\npeter@carmen:~\/Desktop$ grep -R \"No transposase found\" ~\/db\/TEs\/ | wc -l\n404\npeter@carmen:~\/Desktop$ grep -R \"Transposase likely present\" ~\/db\/TEs\/ | wc -l\n198\npeter@carmen:~\/Desktop$ grep -R \"Orientation positive\" ~\/db\/TEs\/ | wc -l\n168\npeter@carmen:~\/Desktop$ grep -R \"Orientation negative\" ~\/db\/TEs\/ | wc -l\n162"
                            }
                        ],
                        "border": 0
                    },
                    {
                        "type": "rich_text_section",
                        "elements": [
                            {
                                "type": "text",
                                "text": "This means that 602 of 630 elements had ORFs. Of these on third (198\/602 = 33%) had transposases."
                            }
                        ]
                    }
                ]
            }
        ],
        "team": "T017P3M8W7K",
        "user_team": "T017P3M8W7K",
        "source_team": "T017P3M8W7K",
        "user_profile": {
            "avatar_hash": "743a9fc0b5f6",
            "image_72": "https:\/\/avatars.slack-edge.com\/2022-06-30\/3731255580839_743a9fc0b5f63f195af3_72.jpg",
            "first_name": "parensburger",
            "real_name": "parensburger",
            "display_name": "Peter",
            "team": "T017P3M8W7K",
            "name": "parensburger",
            "is_restricted": false,
            "is_ultra_restricted": false
        }
    },
    {
        "client_msg_id": "1612b3e8-2d8e-4b87-933b-ddbe65b6a810",
        "type": "message",
        "text": "What I'm finding is that some elements (e.g. Ptep3m-B-R15382-Map3) have just a couple of transposase ORFs that are likely contaminants, as they occur in elements without proper TIRs. Also, the way that the ORFs are currently named, does not allow me to trace the exact sequence in the file -genome_sequences.fa . I think that what I should do is to modify run_and_summarize_interpro.pl to output the name of the nucleotide sequence that matches each ORF. That could then be used by another script to look for full length elements.",
        "user": "U01793PULLV",
        "ts": "1667952636.790439",
        "blocks": [
            {
                "type": "rich_text",
                "block_id": "DN9",
                "elements": [
                    {
                        "type": "rich_text_section",
                        "elements": [
                            {
                                "type": "text",
                                "text": "What I'm finding is that some elements (e.g. Ptep3m-B-R15382-Map3) have just a couple of transposase ORFs that are likely contaminants, as they occur in elements without proper TIRs. Also, the way that the ORFs are currently named, does not allow me to trace the exact sequence in the file -genome_sequences.fa . I think that what I should do is to modify run_and_summarize_interpro.pl to output the name of the nucleotide sequence that matches each ORF. That could then be used by another script to look for full length elements."
                            }
                        ]
                    }
                ]
            }
        ],
        "team": "T017P3M8W7K",
        "user_team": "T017P3M8W7K",
        "source_team": "T017P3M8W7K",
        "user_profile": {
            "avatar_hash": "743a9fc0b5f6",
            "image_72": "https:\/\/avatars.slack-edge.com\/2022-06-30\/3731255580839_743a9fc0b5f63f195af3_72.jpg",
            "first_name": "parensburger",
            "real_name": "parensburger",
            "display_name": "Peter",
            "team": "T017P3M8W7K",
            "name": "parensburger",
            "is_restricted": false,
            "is_ultra_restricted": false
        }
    }
]