[
    {
        "type": "message",
        "text": "fixed the issue with make_consensus.pl. Ran the \"make_consensus.pl\" successfully\n```peter@carmen:~\/Desktop\/temp_run$ perl process_folders.pl -in Ptep3_TE_table_v1-temp.ods &gt; Ptep3_TE_table_v2-temp.csv ```",
        "files": [
            {
                "id": "F03SGDPF7GE",
                "created": 1659899276,
                "timestamp": 1659899276,
                "name": "process_folders.pl",
                "title": "process_folders.pl",
                "mimetype": "text\/plain",
                "filetype": "perl",
                "pretty_type": "Perl",
                "user": "U01793PULLV",
                "user_team": "T017P3M8W7K",
                "editable": true,
                "size": 2473,
                "mode": "snippet",
                "is_external": false,
                "external_type": "",
                "is_public": true,
                "public_url_shared": false,
                "display_as_bot": false,
                "username": "",
                "url_private": "https:\/\/files.slack.com\/files-pri\/T017P3M8W7K-F03SGDPF7GE\/process_folders.pl?t=xoxe-1261123302257-6395895314663-6407612319125-137f2171a6b5696e8e285d5b7bbfa693",
                "url_private_download": "https:\/\/files.slack.com\/files-pri\/T017P3M8W7K-F03SGDPF7GE\/download\/process_folders.pl?t=xoxe-1261123302257-6395895314663-6407612319125-137f2171a6b5696e8e285d5b7bbfa693",
                "permalink": "https:\/\/arensburgerla-9bj1862.slack.com\/files\/U01793PULLV\/F03SGDPF7GE\/process_folders.pl",
                "permalink_public": "https:\/\/slack-files.com\/T017P3M8W7K-F03SGDPF7GE-99edb8705d",
                "edit_link": "https:\/\/arensburgerla-9bj1862.slack.com\/files\/U01793PULLV\/F03SGDPF7GE\/process_folders.pl\/edit",
                "is_starred": false,
                "has_rich_preview": false,
                "file_access": "visible"
            }
        ],
        "upload": false,
        "user": "U01793PULLV",
        "display_as_bot": false,
        "ts": "1659899289.378539",
        "blocks": [
            {
                "type": "rich_text",
                "block_id": "V0m\/X",
                "elements": [
                    {
                        "type": "rich_text_section",
                        "elements": [
                            {
                                "type": "text",
                                "text": "fixed the issue with make_consensus.pl. Ran the \"make_consensus.pl\" successfully\n"
                            }
                        ]
                    },
                    {
                        "type": "rich_text_preformatted",
                        "elements": [
                            {
                                "type": "text",
                                "text": "peter@carmen:~\/Desktop\/temp_run$ perl process_folders.pl -in Ptep3_TE_table_v1-temp.ods > Ptep3_TE_table_v2-temp.csv "
                            }
                        ],
                        "border": 0
                    }
                ]
            }
        ],
        "client_msg_id": "ae74cbcd-94db-49c8-ba1e-e0e639741388"
    },
    {
        "type": "message",
        "text": "moved on to manual processing for the .cons files. A few conventions I'd like to lay down. For the spreadsheet:\nv1 = processing before looking at .cons\nv2 = processing of .cons files\n\nI've created a script \"process_clipboard.pl\" that takes as input what is in the clipboard, and processes it.",
        "files": [
            {
                "id": "F03T22N0WCR",
                "created": 1659920376,
                "timestamp": 1659920376,
                "name": "process_clipboard.pl",
                "title": "process_clipboard.pl",
                "mimetype": "text\/plain",
                "filetype": "perl",
                "pretty_type": "Perl",
                "user": "U01793PULLV",
                "user_team": "T017P3M8W7K",
                "editable": true,
                "size": 2735,
                "mode": "snippet",
                "is_external": false,
                "external_type": "",
                "is_public": true,
                "public_url_shared": false,
                "display_as_bot": false,
                "username": "",
                "url_private": "https:\/\/files.slack.com\/files-pri\/T017P3M8W7K-F03T22N0WCR\/process_clipboard.pl?t=xoxe-1261123302257-6395895314663-6407612319125-137f2171a6b5696e8e285d5b7bbfa693",
                "url_private_download": "https:\/\/files.slack.com\/files-pri\/T017P3M8W7K-F03T22N0WCR\/download\/process_clipboard.pl?t=xoxe-1261123302257-6395895314663-6407612319125-137f2171a6b5696e8e285d5b7bbfa693",
                "permalink": "https:\/\/arensburgerla-9bj1862.slack.com\/files\/U01793PULLV\/F03T22N0WCR\/process_clipboard.pl",
                "permalink_public": "https:\/\/slack-files.com\/T017P3M8W7K-F03T22N0WCR-a1a764c888",
                "edit_link": "https:\/\/arensburgerla-9bj1862.slack.com\/files\/U01793PULLV\/F03T22N0WCR\/process_clipboard.pl\/edit",
                "is_starred": false,
                "has_rich_preview": false,
                "file_access": "visible"
            }
        ],
        "upload": false,
        "user": "U01793PULLV",
        "display_as_bot": false,
        "ts": "1659920380.512129",
        "blocks": [
            {
                "type": "rich_text",
                "block_id": "Yxbg",
                "elements": [
                    {
                        "type": "rich_text_section",
                        "elements": [
                            {
                                "type": "text",
                                "text": "moved on to manual processing for the .cons files. A few conventions I'd like to lay down. For the spreadsheet:\nv1 = processing before looking at .cons\nv2 = processing of .cons files\n\nI've created a script \"process_clipboard.pl\" that takes as input what is in the clipboard, and processes it."
                            }
                        ]
                    }
                ]
            }
        ],
        "client_msg_id": "c710dbb2-5ee7-40b8-9b69-2e1ec46f1903"
    }
]