[
    {
        "client_msg_id": "825406bb-dcc3-4178-b2c6-a271012e15d4",
        "type": "message",
        "text": "running finding tirs and tsds on all the elements\n```peter@faust:~\/Desktop$ perl process_folders-find_tir_tsds.pl -o Pt_table_v2.ods```",
        "user": "U01793PULLV",
        "ts": "1660756973.494659",
        "blocks": [
            {
                "type": "rich_text",
                "block_id": "+AQF",
                "elements": [
                    {
                        "type": "rich_text_section",
                        "elements": [
                            {
                                "type": "text",
                                "text": "running finding tirs and tsds on all the elements\n"
                            }
                        ]
                    },
                    {
                        "type": "rich_text_preformatted",
                        "elements": [
                            {
                                "type": "text",
                                "text": "peter@faust:~\/Desktop$ perl process_folders-find_tir_tsds.pl -o Pt_table_v2.ods"
                            }
                        ],
                        "border": 0
                    }
                ]
            }
        ],
        "team": "T017P3M8W7K",
        "user_team": "T017P3M8W7K",
        "source_team": "T017P3M8W7K",
        "user_profile": {
            "avatar_hash": "743a9fc0b5f6",
            "image_72": "https:\/\/avatars.slack-edge.com\/2022-06-30\/3731255580839_743a9fc0b5f63f195af3_72.jpg",
            "first_name": "parensburger",
            "real_name": "parensburger",
            "display_name": "Peter",
            "team": "T017P3M8W7K",
            "name": "parensburger",
            "is_restricted": false,
            "is_ultra_restricted": false
        }
    },
    {
        "client_msg_id": "c186d898-2df0-4b4e-8c90-a1932168453a",
        "type": "message",
        "text": "running the command above again, this time recording the output\n```peter@faust:~\/Desktop$ perl process_folders-find_tir_tsds.pl -o Pt_table_v2.ods &gt; Pt_table_v2-1.csv```",
        "user": "U01793PULLV",
        "ts": "1660773570.628279",
        "blocks": [
            {
                "type": "rich_text",
                "block_id": "BK1mM",
                "elements": [
                    {
                        "type": "rich_text_section",
                        "elements": [
                            {
                                "type": "text",
                                "text": "running the command above again, this time recording the output\n"
                            }
                        ]
                    },
                    {
                        "type": "rich_text_preformatted",
                        "elements": [
                            {
                                "type": "text",
                                "text": "peter@faust:~\/Desktop$ perl process_folders-find_tir_tsds.pl -o Pt_table_v2.ods > Pt_table_v2-1.csv"
                            }
                        ],
                        "border": 0
                    }
                ]
            }
        ],
        "team": "T017P3M8W7K",
        "user_team": "T017P3M8W7K",
        "source_team": "T017P3M8W7K",
        "user_profile": {
            "avatar_hash": "743a9fc0b5f6",
            "image_72": "https:\/\/avatars.slack-edge.com\/2022-06-30\/3731255580839_743a9fc0b5f63f195af3_72.jpg",
            "first_name": "parensburger",
            "real_name": "parensburger",
            "display_name": "Peter",
            "team": "T017P3M8W7K",
            "name": "parensburger",
            "is_restricted": false,
            "is_ultra_restricted": false
        }
    }
]