[
    {
        "type": "message",
        "text": "Starting to get results in for Ptep3. In this table the top line is data from the Petersen 2019 paper (<https:\/\/doi.org\/10.1186\/s12862-018-1324-9>), next line is a summary of the RepeatMasker run (run on Ptep3, not masked - remember that the RM table includes elements that overlap), last line is the TRF masking results. There's a big difference in LTRs and SINEs between Petersen and RM. Petersen claims they screened the library for \"real\" elements only, so that might explain why they have many fewer LTRs than RM, but it does not explain the order of magnitude difference in SINEs going the other way.",
        "files": [
            {
                "id": "F03NP1KFK2A",
                "created": 1657308982,
                "timestamp": 1657308982,
                "name": "Untitled 1.png",
                "title": "Untitled 1.png",
                "mimetype": "image\/png",
                "filetype": "png",
                "pretty_type": "PNG",
                "user": "U01793PULLV",
                "user_team": "T017P3M8W7K",
                "editable": false,
                "size": 25293,
                "mode": "hosted",
                "is_external": false,
                "external_type": "",
                "is_public": true,
                "public_url_shared": false,
                "display_as_bot": false,
                "username": "",
                "url_private": "https:\/\/files.slack.com\/files-pri\/T017P3M8W7K-F03NP1KFK2A\/untitled_1.png?t=xoxe-1261123302257-6395895314663-6407612319125-137f2171a6b5696e8e285d5b7bbfa693",
                "url_private_download": "https:\/\/files.slack.com\/files-pri\/T017P3M8W7K-F03NP1KFK2A\/download\/untitled_1.png?t=xoxe-1261123302257-6395895314663-6407612319125-137f2171a6b5696e8e285d5b7bbfa693",
                "media_display_type": "unknown",
                "thumb_64": "https:\/\/files.slack.com\/files-tmb\/T017P3M8W7K-F03NP1KFK2A-126d90693f\/untitled_1_64.png?t=xoxe-1261123302257-6395895314663-6407612319125-137f2171a6b5696e8e285d5b7bbfa693",
                "thumb_80": "https:\/\/files.slack.com\/files-tmb\/T017P3M8W7K-F03NP1KFK2A-126d90693f\/untitled_1_80.png?t=xoxe-1261123302257-6395895314663-6407612319125-137f2171a6b5696e8e285d5b7bbfa693",
                "thumb_360": "https:\/\/files.slack.com\/files-tmb\/T017P3M8W7K-F03NP1KFK2A-126d90693f\/untitled_1_360.png?t=xoxe-1261123302257-6395895314663-6407612319125-137f2171a6b5696e8e285d5b7bbfa693",
                "thumb_360_w": 360,
                "thumb_360_h": 41,
                "thumb_480": "https:\/\/files.slack.com\/files-tmb\/T017P3M8W7K-F03NP1KFK2A-126d90693f\/untitled_1_480.png?t=xoxe-1261123302257-6395895314663-6407612319125-137f2171a6b5696e8e285d5b7bbfa693",
                "thumb_480_w": 480,
                "thumb_480_h": 54,
                "thumb_160": "https:\/\/files.slack.com\/files-tmb\/T017P3M8W7K-F03NP1KFK2A-126d90693f\/untitled_1_160.png?t=xoxe-1261123302257-6395895314663-6407612319125-137f2171a6b5696e8e285d5b7bbfa693",
                "original_w": 610,
                "original_h": 69,
                "thumb_tiny": "AwAFADC6DjpSscjn1pvanH7v40ALtGKUrnPvSjoKKAE2jvTWGMCn0x+ooA\/\/2Q==",
                "permalink": "https:\/\/arensburgerla-9bj1862.slack.com\/files\/U01793PULLV\/F03NP1KFK2A\/untitled_1.png",
                "permalink_public": "https:\/\/slack-files.com\/T017P3M8W7K-F03NP1KFK2A-cf410cec57",
                "is_starred": false,
                "has_rich_preview": false,
                "file_access": "visible"
            }
        ],
        "upload": false,
        "user": "U01793PULLV",
        "display_as_bot": false,
        "ts": "1657309357.370239",
        "blocks": [
            {
                "type": "rich_text",
                "block_id": "sQd2",
                "elements": [
                    {
                        "type": "rich_text_section",
                        "elements": [
                            {
                                "type": "text",
                                "text": "Starting to get results in for Ptep3. In this table the top line is data from the Petersen 2019 paper ("
                            },
                            {
                                "type": "link",
                                "url": "https:\/\/doi.org\/10.1186\/s12862-018-1324-9"
                            },
                            {
                                "type": "text",
                                "text": "), next line is a summary of the RepeatMasker run (run on Ptep3, not masked - remember that the RM table includes elements that overlap), last line is the TRF masking results. There's a big difference in LTRs and SINEs between Petersen and RM. Petersen claims they screened the library for \"real\" elements only, so that might explain why they have many fewer LTRs than RM, but it does not explain the order of magnitude difference in SINEs going the other way."
                            }
                        ]
                    }
                ]
            }
        ],
        "client_msg_id": "0a709559-6b1f-47a3-bc1c-e178b5d4ab57",
        "attachments": [
            {
                "from_url": "https:\/\/doi.org\/10.1186\/s12862-018-1324-9",
                "image_url": "https:\/\/media.springernature.com\/w200\/springer-static\/cover\/journal\/12862.jpg",
                "image_width": 177,
                "image_height": 250,
                "image_bytes": 8100,
                "service_icon": "https:\/\/bmcecolevol.biomedcentral.com\/static\/img\/favicons\/bmc\/apple-touch-icon-582ef1d0f5.png",
                "id": 1,
                "original_url": "https:\/\/doi.org\/10.1186\/s12862-018-1324-9",
                "fallback": "BioMed Central: Diversity and evolution of the transposable element repertoire in arthropods with particular reference to insects - BMC Ecology and Evolution",
                "text": "Background Transposable elements (TEs) are a major component of metazoan genomes and are associated with a variety of mechanisms that shape genome architecture and evolution. Despite the ever-growing number of insect genomes sequenced to date, our understanding of the diversity and evolution of insect TEs remains poor. Results Here, we present a standardized characterization and an order-level comparison of arthropod TE repertoires, encompassing 62 insect and 11 outgroup species. The insect TE repertoire contains TEs of almost every class previously described, and in some cases even TEs previously reported only from vertebrates and plants. Additionally, we identified a large fraction of unclassifiable TEs. We found high variation in TE content, ranging from less than 6% in the antarctic midge (Diptera), the honey bee and the turnip sawfly (Hymenoptera) to more than 58% in the malaria mosquito (Diptera) and the migratory locust (Orthoptera), and a possible relationship between the content and diversity of TEs and the genome size. Conclusion While most insect orders exhibit a characteristic TE composition, we also observed intraordinal differences, e.g., in Diptera, Hymenoptera, and Hemiptera. Our findings shed light on common patterns and reveal lineage-specific differences in content and evolution of TEs in insects. We anticipate our study to provide the basis for future comparative research on the insect TE repertoire.",
                "title": "Diversity and evolution of the transposable element repertoire in arthropods with particular reference to insects - BMC Ecology and Evolution",
                "title_link": "https:\/\/doi.org\/10.1186\/s12862-018-1324-9",
                "service_name": "BioMed Central"
            }
        ]
    }
]