[
    {
        "client_msg_id": "e0d2a4fa-1215-4070-b7fc-0bb1f178d9c9",
        "type": "message",
        "text": "working more on find_tir.pl. It now reports TSDs. One issue found with\n```peter@faust:~\/Desktop$ perl find_tir.pl -c temp.cons -a TEs\/rnd-6_family-946\/rnd-6_family-946.tco ```\nis that it report tsd's at position 0 (e.g  cgat) that are not there.",
        "user": "U01793PULLV",
        "ts": "1659567223.036769",
        "blocks": [
            {
                "type": "rich_text",
                "block_id": "tAR",
                "elements": [
                    {
                        "type": "rich_text_section",
                        "elements": [
                            {
                                "type": "text",
                                "text": "working more on find_tir.pl. It now reports TSDs. One issue found with\n"
                            }
                        ]
                    },
                    {
                        "type": "rich_text_preformatted",
                        "elements": [
                            {
                                "type": "text",
                                "text": "peter@faust:~\/Desktop$ perl find_tir.pl -c temp.cons -a TEs\/rnd-6_family-946\/rnd-6_family-946.tco "
                            }
                        ],
                        "border": 0
                    },
                    {
                        "type": "rich_text_section",
                        "elements": [
                            {
                                "type": "text",
                                "text": "is that it report tsd's at position 0 (e.g  cgat) that are not there."
                            }
                        ]
                    }
                ]
            }
        ],
        "team": "T017P3M8W7K",
        "user_team": "T017P3M8W7K",
        "source_team": "T017P3M8W7K",
        "user_profile": {
            "avatar_hash": "743a9fc0b5f6",
            "image_72": "https:\/\/avatars.slack-edge.com\/2022-06-30\/3731255580839_743a9fc0b5f63f195af3_72.jpg",
            "first_name": "parensburger",
            "real_name": "parensburger",
            "display_name": "Peter",
            "team": "T017P3M8W7K",
            "name": "parensburger",
            "is_restricted": false,
            "is_ultra_restricted": false
        },
        "thread_ts": "1659567223.036769",
        "reply_count": 1,
        "reply_users_count": 1,
        "latest_reply": "1659567551.093539",
        "reply_users": [
            "U01793PULLV"
        ],
        "replies": [
            {
                "user": "U01793PULLV",
                "ts": "1659567551.093539"
            }
        ],
        "is_locked": false,
        "subscribed": true,
        "last_read": "1659567551.093539"
    },
    {
        "client_msg_id": "94337452-a0d9-4650-8c27-e51df2547684",
        "type": "message",
        "text": "part of the issue is that I can't report locations of TSDs because I have remove gaps",
        "user": "U01793PULLV",
        "ts": "1659567551.093539",
        "blocks": [
            {
                "type": "rich_text",
                "block_id": "ntW",
                "elements": [
                    {
                        "type": "rich_text_section",
                        "elements": [
                            {
                                "type": "text",
                                "text": "part of the issue is that I can't report locations of TSDs because I have remove gaps"
                            }
                        ]
                    }
                ]
            }
        ],
        "team": "T017P3M8W7K",
        "user_team": "T017P3M8W7K",
        "source_team": "T017P3M8W7K",
        "user_profile": {
            "avatar_hash": "743a9fc0b5f6",
            "image_72": "https:\/\/avatars.slack-edge.com\/2022-06-30\/3731255580839_743a9fc0b5f63f195af3_72.jpg",
            "first_name": "parensburger",
            "real_name": "parensburger",
            "display_name": "Peter",
            "team": "T017P3M8W7K",
            "name": "parensburger",
            "is_restricted": false,
            "is_ultra_restricted": false
        },
        "thread_ts": "1659567223.036769",
        "parent_user_id": "U01793PULLV"
    }
]