[
    {
        "type": "message",
        "text": "Wrote a new version of process_folders-display_orfs2.pl, this outputs the likely ORFs, should search with interpro for TE signatures, as well as nr maybe.",
        "files": [
            {
                "id": "F047N77R011",
                "created": 1666393617,
                "timestamp": 1666393617,
                "name": "process_folders-display_orfs2.pl",
                "title": "process_folders-display_orfs2.pl",
                "mimetype": "text\/plain",
                "filetype": "perl",
                "pretty_type": "Perl",
                "user": "U01793PULLV",
                "user_team": "T017P3M8W7K",
                "editable": true,
                "size": 7508,
                "mode": "snippet",
                "is_external": false,
                "external_type": "",
                "is_public": true,
                "public_url_shared": false,
                "display_as_bot": false,
                "username": "",
                "url_private": "https:\/\/files.slack.com\/files-pri\/T017P3M8W7K-F047N77R011\/process_folders-display_orfs2.pl?t=xoxe-1261123302257-6395895314663-6407612319125-137f2171a6b5696e8e285d5b7bbfa693",
                "url_private_download": "https:\/\/files.slack.com\/files-pri\/T017P3M8W7K-F047N77R011\/download\/process_folders-display_orfs2.pl?t=xoxe-1261123302257-6395895314663-6407612319125-137f2171a6b5696e8e285d5b7bbfa693",
                "permalink": "https:\/\/arensburgerla-9bj1862.slack.com\/files\/U01793PULLV\/F047N77R011\/process_folders-display_orfs2.pl",
                "permalink_public": "https:\/\/slack-files.com\/T017P3M8W7K-F047N77R011-8624699437",
                "edit_link": "https:\/\/arensburgerla-9bj1862.slack.com\/files\/U01793PULLV\/F047N77R011\/process_folders-display_orfs2.pl\/edit",
                "is_starred": false,
                "has_rich_preview": false,
                "file_access": "visible"
            }
        ],
        "upload": false,
        "user": "U01793PULLV",
        "display_as_bot": false,
        "ts": "1666393619.916479",
        "blocks": [
            {
                "type": "rich_text",
                "block_id": "mc=FO",
                "elements": [
                    {
                        "type": "rich_text_section",
                        "elements": [
                            {
                                "type": "text",
                                "text": "Wrote a new version of process_folders-display_orfs2.pl, this outputs the likely ORFs, should search with interpro for TE signatures, as well as nr maybe."
                            }
                        ]
                    }
                ]
            }
        ],
        "client_msg_id": "7fe8ada8-0d9f-44eb-a3df-094add5d0757"
    }
]