[
    {
        "client_msg_id": "eea8a44a-f0c3-4a80-b79d-d0c22b412bf3",
        "type": "message",
        "text": "On faust, docker is already installed. To get to run use:\n```peter@faust:~$ docker start test\npeter@faust:~$ ssh -p 222 centos@localhost```",
        "user": "U01793PULLV",
        "ts": "1655619458.333289",
        "blocks": [
            {
                "type": "rich_text",
                "block_id": "V=P",
                "elements": [
                    {
                        "type": "rich_text_section",
                        "elements": [
                            {
                                "type": "text",
                                "text": "On faust, docker is already installed. To get to run use:\n"
                            }
                        ]
                    },
                    {
                        "type": "rich_text_preformatted",
                        "elements": [
                            {
                                "type": "text",
                                "text": "peter@faust:~$ docker start test\npeter@faust:~$ ssh -p 222 centos@localhost"
                            }
                        ],
                        "border": 0
                    }
                ]
            }
        ],
        "team": "T017P3M8W7K",
        "user_team": "T017P3M8W7K",
        "source_team": "T017P3M8W7K",
        "user_profile": {
            "avatar_hash": "743a9fc0b5f6",
            "image_72": "https:\/\/avatars.slack-edge.com\/2022-06-30\/3731255580839_743a9fc0b5f63f195af3_72.jpg",
            "first_name": "parensburger",
            "real_name": "parensburger",
            "display_name": "Peter",
            "team": "T017P3M8W7K",
            "name": "parensburger",
            "is_restricted": false,
            "is_ultra_restricted": false
        }
    },
    {
        "client_msg_id": "f747ec83-6354-4c61-a420-551515c20bec",
        "type": "message",
        "text": "My previous run of REPET was on the whole genome (1.2 gb) and with the latest version, 3",
        "user": "U01793PULLV",
        "ts": "1655619508.000019",
        "blocks": [
            {
                "type": "rich_text",
                "block_id": "yiaXF",
                "elements": [
                    {
                        "type": "rich_text_section",
                        "elements": [
                            {
                                "type": "text",
                                "text": "My previous run of REPET was on the whole genome (1.2 gb) and with the latest version, 3"
                            }
                        ]
                    }
                ]
            }
        ],
        "team": "T017P3M8W7K",
        "user_team": "T017P3M8W7K",
        "source_team": "T017P3M8W7K",
        "user_profile": {
            "avatar_hash": "743a9fc0b5f6",
            "image_72": "https:\/\/avatars.slack-edge.com\/2022-06-30\/3731255580839_743a9fc0b5f63f195af3_72.jpg",
            "first_name": "parensburger",
            "real_name": "parensburger",
            "display_name": "Peter",
            "team": "T017P3M8W7K",
            "name": "parensburger",
            "is_restricted": false,
            "is_ultra_restricted": false
        }
    }
]