[
    {
        "type": "message",
        "text": "script is done for now, starting some real reviews of elements",
        "files": [
            {
                "id": "F04058MF96C",
                "created": 1661292704,
                "timestamp": 1661292704,
                "name": "process_clipboard-check_tir.pl",
                "title": "process_clipboard-check_tir.pl",
                "mimetype": "text\/plain",
                "filetype": "perl",
                "pretty_type": "Perl",
                "user": "U01793PULLV",
                "user_team": "T017P3M8W7K",
                "editable": true,
                "size": 13715,
                "mode": "snippet",
                "is_external": false,
                "external_type": "",
                "is_public": true,
                "public_url_shared": false,
                "display_as_bot": false,
                "username": "",
                "url_private": "https:\/\/files.slack.com\/files-pri\/T017P3M8W7K-F04058MF96C\/process_clipboard-check_tir.pl?t=xoxe-1261123302257-6395895314663-6407612319125-137f2171a6b5696e8e285d5b7bbfa693",
                "url_private_download": "https:\/\/files.slack.com\/files-pri\/T017P3M8W7K-F04058MF96C\/download\/process_clipboard-check_tir.pl?t=xoxe-1261123302257-6395895314663-6407612319125-137f2171a6b5696e8e285d5b7bbfa693",
                "permalink": "https:\/\/arensburgerla-9bj1862.slack.com\/files\/U01793PULLV\/F04058MF96C\/process_clipboard-check_tir.pl",
                "permalink_public": "https:\/\/slack-files.com\/T017P3M8W7K-F04058MF96C-1d68f6ac13",
                "edit_link": "https:\/\/arensburgerla-9bj1862.slack.com\/files\/U01793PULLV\/F04058MF96C\/process_clipboard-check_tir.pl\/edit",
                "is_starred": false,
                "has_rich_preview": false,
                "file_access": "visible"
            }
        ],
        "upload": false,
        "user": "U01793PULLV",
        "display_as_bot": false,
        "ts": "1661292706.309559",
        "blocks": [
            {
                "type": "rich_text",
                "block_id": "nt\/wH",
                "elements": [
                    {
                        "type": "rich_text_section",
                        "elements": [
                            {
                                "type": "text",
                                "text": "script is done for now, starting some real reviews of elements"
                            }
                        ]
                    }
                ]
            }
        ],
        "client_msg_id": "aaf28dd2-b72f-4679-b8ae-c100e7d456e3"
    },
    {
        "client_msg_id": "cd8602a3-26c1-4d00-b007-92657732359c",
        "type": "message",
        "text": "review the first 50 elements with highest 8bp tsds. The TIR length prediction part of the program needs work.",
        "user": "U01793PULLV",
        "ts": "1661296334.759189",
        "blocks": [
            {
                "type": "rich_text",
                "block_id": "Jrva",
                "elements": [
                    {
                        "type": "rich_text_section",
                        "elements": [
                            {
                                "type": "text",
                                "text": "review the first 50 elements with highest 8bp tsds. The TIR length prediction part of the program needs work."
                            }
                        ]
                    }
                ]
            }
        ],
        "team": "T017P3M8W7K",
        "user_team": "T017P3M8W7K",
        "source_team": "T017P3M8W7K",
        "user_profile": {
            "avatar_hash": "743a9fc0b5f6",
            "image_72": "https:\/\/avatars.slack-edge.com\/2022-06-30\/3731255580839_743a9fc0b5f63f195af3_72.jpg",
            "first_name": "parensburger",
            "real_name": "parensburger",
            "display_name": "Peter",
            "team": "T017P3M8W7K",
            "name": "parensburger",
            "is_restricted": false,
            "is_ultra_restricted": false
        }
    },
    {
        "client_msg_id": "00a6ac0d-b8cf-4103-a54b-c8ae6b4ff8b8",
        "type": "message",
        "text": "fixed the TIR isssue",
        "user": "U01793PULLV",
        "ts": "1661300767.795159",
        "blocks": [
            {
                "type": "rich_text",
                "block_id": "IMA",
                "elements": [
                    {
                        "type": "rich_text_section",
                        "elements": [
                            {
                                "type": "text",
                                "text": "fixed the TIR isssue"
                            }
                        ]
                    }
                ]
            }
        ],
        "team": "T017P3M8W7K",
        "user_team": "T017P3M8W7K",
        "source_team": "T017P3M8W7K",
        "user_profile": {
            "avatar_hash": "743a9fc0b5f6",
            "image_72": "https:\/\/avatars.slack-edge.com\/2022-06-30\/3731255580839_743a9fc0b5f63f195af3_72.jpg",
            "first_name": "parensburger",
            "real_name": "parensburger",
            "display_name": "Peter",
            "team": "T017P3M8W7K",
            "name": "parensburger",
            "is_restricted": false,
            "is_ultra_restricted": false
        },
        "edited": {
            "user": "U01793PULLV",
            "ts": "1661300881.000000"
        }
    }
]