[
    {
        "client_msg_id": "539725cd-4983-4989-ab0c-a99681084872",
        "type": "message",
        "text": "Thinking about it, I think that having a separate .cons and .tco file just adds to more work with doing manual reviews. I'll try to consolidate both under a new file .tco2",
        "user": "U01793PULLV",
        "ts": "1660060475.996839",
        "blocks": [
            {
                "type": "rich_text",
                "block_id": "UufM",
                "elements": [
                    {
                        "type": "rich_text_section",
                        "elements": [
                            {
                                "type": "text",
                                "text": "Thinking about it, I think that having a separate .cons and .tco file just adds to more work with doing manual reviews. I'll try to consolidate both under a new file .tco2"
                            }
                        ]
                    }
                ]
            }
        ],
        "team": "T017P3M8W7K",
        "user_team": "T017P3M8W7K",
        "source_team": "T017P3M8W7K",
        "user_profile": {
            "avatar_hash": "743a9fc0b5f6",
            "image_72": "https:\/\/avatars.slack-edge.com\/2022-06-30\/3731255580839_743a9fc0b5f63f195af3_72.jpg",
            "first_name": "parensburger",
            "real_name": "parensburger",
            "display_name": "Peter",
            "team": "T017P3M8W7K",
            "name": "parensburger",
            "is_restricted": false,
            "is_ultra_restricted": false
        }
    },
    {
        "type": "message",
        "text": "consolidating .tco and .cons into .tco2 and removing the .tco and .cons files\n```peter@carmen:~\/Desktop$ perl process_folders_consolidate_cons_tco.pl -in Pt_table_v2.ods```",
        "files": [
            {
                "id": "F03SW1H7C5B",
                "created": 1660061287,
                "timestamp": 1660061287,
                "name": "process_folders_consolidate_cons_tco.pl",
                "title": "process_folders_consolidate_cons_tco.pl",
                "mimetype": "text\/plain",
                "filetype": "perl",
                "pretty_type": "Perl",
                "user": "U01793PULLV",
                "user_team": "T017P3M8W7K",
                "editable": true,
                "size": 2167,
                "mode": "snippet",
                "is_external": false,
                "external_type": "",
                "is_public": true,
                "public_url_shared": false,
                "display_as_bot": false,
                "username": "",
                "url_private": "https:\/\/files.slack.com\/files-pri\/T017P3M8W7K-F03SW1H7C5B\/process_folders_consolidate_cons_tco.pl?t=xoxe-1261123302257-6395895314663-6407612319125-137f2171a6b5696e8e285d5b7bbfa693",
                "url_private_download": "https:\/\/files.slack.com\/files-pri\/T017P3M8W7K-F03SW1H7C5B\/download\/process_folders_consolidate_cons_tco.pl?t=xoxe-1261123302257-6395895314663-6407612319125-137f2171a6b5696e8e285d5b7bbfa693",
                "permalink": "https:\/\/arensburgerla-9bj1862.slack.com\/files\/U01793PULLV\/F03SW1H7C5B\/process_folders_consolidate_cons_tco.pl",
                "permalink_public": "https:\/\/slack-files.com\/T017P3M8W7K-F03SW1H7C5B-fc99d79040",
                "edit_link": "https:\/\/arensburgerla-9bj1862.slack.com\/files\/U01793PULLV\/F03SW1H7C5B\/process_folders_consolidate_cons_tco.pl\/edit",
                "is_starred": false,
                "has_rich_preview": false,
                "file_access": "visible"
            }
        ],
        "upload": false,
        "user": "U01793PULLV",
        "display_as_bot": false,
        "ts": "1660061289.880929",
        "blocks": [
            {
                "type": "rich_text",
                "block_id": "HjmZ",
                "elements": [
                    {
                        "type": "rich_text_section",
                        "elements": [
                            {
                                "type": "text",
                                "text": "consolidating .tco and .cons into .tco2 and removing the .tco and .cons files\n"
                            }
                        ]
                    },
                    {
                        "type": "rich_text_preformatted",
                        "elements": [
                            {
                                "type": "text",
                                "text": "peter@carmen:~\/Desktop$ perl process_folders_consolidate_cons_tco.pl -in Pt_table_v2.ods"
                            }
                        ],
                        "border": 0
                    }
                ]
            }
        ],
        "client_msg_id": "025ae2ba-2ed8-40e6-a070-715a4c626a4c"
    },
    {
        "type": "message",
        "text": "also updated the script process_clipboard-cons.pl to reflect the changes above",
        "files": [
            {
                "id": "F03T1L85SDS",
                "created": 1660063562,
                "timestamp": 1660063562,
                "name": "process_clipboard-check_cons.pl",
                "title": "process_clipboard-check_cons.pl",
                "mimetype": "text\/plain",
                "filetype": "perl",
                "pretty_type": "Perl",
                "user": "U01793PULLV",
                "user_team": "T017P3M8W7K",
                "editable": true,
                "size": 2669,
                "mode": "snippet",
                "is_external": false,
                "external_type": "",
                "is_public": true,
                "public_url_shared": false,
                "display_as_bot": false,
                "username": "",
                "url_private": "https:\/\/files.slack.com\/files-pri\/T017P3M8W7K-F03T1L85SDS\/process_clipboard-check_cons.pl?t=xoxe-1261123302257-6395895314663-6407612319125-137f2171a6b5696e8e285d5b7bbfa693",
                "url_private_download": "https:\/\/files.slack.com\/files-pri\/T017P3M8W7K-F03T1L85SDS\/download\/process_clipboard-check_cons.pl?t=xoxe-1261123302257-6395895314663-6407612319125-137f2171a6b5696e8e285d5b7bbfa693",
                "permalink": "https:\/\/arensburgerla-9bj1862.slack.com\/files\/U01793PULLV\/F03T1L85SDS\/process_clipboard-check_cons.pl",
                "permalink_public": "https:\/\/slack-files.com\/T017P3M8W7K-F03T1L85SDS-808ee58494",
                "edit_link": "https:\/\/arensburgerla-9bj1862.slack.com\/files\/U01793PULLV\/F03T1L85SDS\/process_clipboard-check_cons.pl\/edit",
                "is_starred": false,
                "has_rich_preview": false,
                "file_access": "visible"
            }
        ],
        "upload": false,
        "user": "U01793PULLV",
        "display_as_bot": false,
        "ts": "1660063587.066249",
        "blocks": [
            {
                "type": "rich_text",
                "block_id": "86xU",
                "elements": [
                    {
                        "type": "rich_text_section",
                        "elements": [
                            {
                                "type": "text",
                                "text": "also updated the script process_clipboard-cons.pl to reflect the changes above"
                            }
                        ]
                    }
                ]
            }
        ],
        "client_msg_id": "ffe99247-afc3-4c57-81ce-5ced24e77d42"
    },
    {
        "client_msg_id": "7e7eeba4-59ca-4305-a1b9-655b22ca116a",
        "type": "message",
        "text": "working on reviewing the consensus files (got about 200 done for the left side). One issue that is coming up is that a lot of elements seems to be outside the blast limits, that I had at 500. This was done by the script described on <https:\/\/arensburgerla-9bj1862.slack.com\/archives\/C01K91017U5\/p1658786612426199|July 25th>. Perhaps I should try rerunning things with 1000 on each side, not 500.",
        "user": "U01793PULLV",
        "ts": "1660091870.541849",
        "blocks": [
            {
                "type": "rich_text",
                "block_id": "QV9ws",
                "elements": [
                    {
                        "type": "rich_text_section",
                        "elements": [
                            {
                                "type": "text",
                                "text": "working on reviewing the consensus files (got about 200 done for the left side). One issue that is coming up is that a lot of elements seems to be outside the blast limits, that I had at 500. This was done by the script described on "
                            },
                            {
                                "type": "link",
                                "url": "https:\/\/arensburgerla-9bj1862.slack.com\/archives\/C01K91017U5\/p1658786612426199",
                                "text": "July 25th"
                            },
                            {
                                "type": "text",
                                "text": ". Perhaps I should try rerunning things with 1000 on each side, not 500."
                            }
                        ]
                    }
                ]
            }
        ],
        "team": "T017P3M8W7K",
        "user_team": "T017P3M8W7K",
        "source_team": "T017P3M8W7K",
        "user_profile": {
            "avatar_hash": "743a9fc0b5f6",
            "image_72": "https:\/\/avatars.slack-edge.com\/2022-06-30\/3731255580839_743a9fc0b5f63f195af3_72.jpg",
            "first_name": "parensburger",
            "real_name": "parensburger",
            "display_name": "Peter",
            "team": "T017P3M8W7K",
            "name": "parensburger",
            "is_restricted": false,
            "is_ultra_restricted": false
        },
        "attachments": [
            {
                "from_url": "https:\/\/arensburgerla-9bj1862.slack.com\/archives\/C01K91017U5\/p1658786612426199",
                "ts": "1658786612.426199",
                "author_id": "U01793PULLV",
                "channel_team": "T017P3M8W7K",
                "channel_id": "C01K91017U5",
                "is_msg_unfurl": true,
                "message_blocks": [
                    {
                        "team": "T017P3M8W7K",
                        "channel": "C01K91017U5",
                        "ts": "1658786612.426199",
                        "message": {
                            "blocks": [
                                {
                                    "type": "rich_text",
                                    "block_id": "oGvZ",
                                    "elements": [
                                        {
                                            "type": "rich_text_section",
                                            "elements": [
                                                {
                                                    "type": "text",
                                                    "text": "wrote script that blasts the sequences individually again the masked Ptep3 genome, aligns the blast results with mafft, and uses T-coffee to clean up the results. This is steps 8 and 9 in Goubert protocol. Divided the work into 4 groups, running them on Faust Desktop. Estimating will take about 5 hours to finish."
                                                }
                                            ]
                                        }
                                    ]
                                }
                            ]
                        }
                    }
                ],
                "files": [
                    {
                        "id": "F03R0GQ1G1J",
                        "created": 1658785769,
                        "timestamp": 1658785769,
                        "name": "blast_align_directories.pl",
                        "title": "blast_align_directories.pl",
                        "mimetype": "text\/plain",
                        "filetype": "perl",
                        "pretty_type": "Perl",
                        "user": "U01793PULLV",
                        "user_team": "T017P3M8W7K",
                        "editable": true,
                        "size": 1833,
                        "mode": "snippet",
                        "is_external": false,
                        "external_type": "",
                        "is_public": true,
                        "public_url_shared": false,
                        "display_as_bot": false,
                        "username": "",
                        "url_private": "https:\/\/files.slack.com\/files-pri\/T017P3M8W7K-F03R0GQ1G1J\/blast_align_directories.pl?t=xoxe-1261123302257-6395895314663-6407612319125-137f2171a6b5696e8e285d5b7bbfa693",
                        "url_private_download": "https:\/\/files.slack.com\/files-pri\/T017P3M8W7K-F03R0GQ1G1J\/download\/blast_align_directories.pl?t=xoxe-1261123302257-6395895314663-6407612319125-137f2171a6b5696e8e285d5b7bbfa693",
                        "permalink": "https:\/\/arensburgerla-9bj1862.slack.com\/files\/U01793PULLV\/F03R0GQ1G1J\/blast_align_directories.pl",
                        "permalink_public": "https:\/\/slack-files.com\/T017P3M8W7K-F03R0GQ1G1J-99b7d2c7c4",
                        "edit_link": "https:\/\/arensburgerla-9bj1862.slack.com\/files\/U01793PULLV\/F03R0GQ1G1J\/blast_align_directories.pl\/edit",
                        "comments_count": 0,
                        "is_starred": false,
                        "has_rich_preview": false,
                        "file_access": "visible"
                    }
                ],
                "id": 1,
                "original_url": "https:\/\/arensburgerla-9bj1862.slack.com\/archives\/C01K91017U5\/p1658786612426199",
                "fallback": "[July 25th, 2022 3:03 PM] parensburger: wrote script that blasts the sequences individually again the masked Ptep3 genome, aligns the blast results with mafft, and uses T-coffee to clean up the results. This is steps 8 and 9 in Goubert protocol. Divided the work into 4 groups, running them on Faust Desktop. Estimating will take about 5 hours to finish.",
                "text": "wrote script that blasts the sequences individually again the masked Ptep3 genome, aligns the blast results with mafft, and uses T-coffee to clean up the results. This is steps 8 and 9 in Goubert protocol. Divided the work into 4 groups, running them on Faust Desktop. Estimating will take about 5 hours to finish.",
                "author_name": "parensburger",
                "author_link": "https:\/\/arensburgerla-9bj1862.slack.com\/team\/U01793PULLV",
                "author_icon": "https:\/\/avatars.slack-edge.com\/2022-06-30\/3731255580839_743a9fc0b5f63f195af3_48.jpg",
                "author_subname": "parensburger",
                "mrkdwn_in": [
                    "text"
                ],
                "footer": "Slack Conversation"
            }
        ]
    },
    {
        "type": "message",
        "text": "To deal with the size issue, I'm redoing the blast and the consensus files, extending by 1500 this time\n```peter@faust:~\/Desktop$ nohup perl process_folders-blast-and-cons.pl -in Pt_table_v2.ods &amp;```",
        "files": [
            {
                "id": "F03TRF61916",
                "created": 1660102494,
                "timestamp": 1660102494,
                "name": "process_folders-blast-and-cons.pl",
                "title": "process_folders-blast-and-cons.pl",
                "mimetype": "text\/plain",
                "filetype": "perl",
                "pretty_type": "Perl",
                "user": "U01793PULLV",
                "user_team": "T017P3M8W7K",
                "editable": true,
                "size": 3162,
                "mode": "snippet",
                "is_external": false,
                "external_type": "",
                "is_public": true,
                "public_url_shared": false,
                "display_as_bot": false,
                "username": "",
                "url_private": "https:\/\/files.slack.com\/files-pri\/T017P3M8W7K-F03TRF61916\/process_folders-blast-and-cons.pl?t=xoxe-1261123302257-6395895314663-6407612319125-137f2171a6b5696e8e285d5b7bbfa693",
                "url_private_download": "https:\/\/files.slack.com\/files-pri\/T017P3M8W7K-F03TRF61916\/download\/process_folders-blast-and-cons.pl?t=xoxe-1261123302257-6395895314663-6407612319125-137f2171a6b5696e8e285d5b7bbfa693",
                "permalink": "https:\/\/arensburgerla-9bj1862.slack.com\/files\/U01793PULLV\/F03TRF61916\/process_folders-blast-and-cons.pl",
                "permalink_public": "https:\/\/slack-files.com\/T017P3M8W7K-F03TRF61916-408d46ee2c",
                "edit_link": "https:\/\/arensburgerla-9bj1862.slack.com\/files\/U01793PULLV\/F03TRF61916\/process_folders-blast-and-cons.pl\/edit",
                "is_starred": false,
                "has_rich_preview": false,
                "file_access": "visible"
            }
        ],
        "upload": false,
        "user": "U01793PULLV",
        "display_as_bot": false,
        "ts": "1660102496.560319",
        "blocks": [
            {
                "type": "rich_text",
                "block_id": "E+s",
                "elements": [
                    {
                        "type": "rich_text_section",
                        "elements": [
                            {
                                "type": "text",
                                "text": "To deal with the size issue, I'm redoing the blast and the consensus files, extending by 1500 this time\n"
                            }
                        ]
                    },
                    {
                        "type": "rich_text_preformatted",
                        "elements": [
                            {
                                "type": "text",
                                "text": "peter@faust:~\/Desktop$ nohup perl process_folders-blast-and-cons.pl -in Pt_table_v2.ods &"
                            }
                        ],
                        "border": 0
                    }
                ]
            }
        ],
        "client_msg_id": "767a95d5-c6cb-46e9-a142-542c2ae05c26"
    }
]