[
    {
        "client_msg_id": "455e9501-c743-48e3-addd-498d50aea34e",
        "type": "message",
        "text": "Getting back to filtering Repet:\n```[centos@ab7cc9f050f3 Ptep3m_TEdenovo]$ PostAnalyzeTELib.py -a 1 -i .\/Ptep3m_Blaster_GrpRec_Map_TEclassif_Filtered\/Ptep3m_sim_denovoLibTEs_filtered.fa -L 98 -S 95 -b\n[centos@ab7cc9f050f3 Ptep3m_TEdenovo]$ PostAnalyzeTELib.py -a 2 -t Ptep3m_sim_denovoLibTEs_filtered.fa_blastclust.tab```\nStep 3 still not working, I logged into mysql and don't the tables in the repet database so see if I can generate them\n```[centos@ab7cc9f050f3 Ptep3m_TEdenovo]$ export REPET_HOST=localhost\n[centos@ab7cc9f050f3 Ptep3m_TEdenovo]$ export REPET_USER=orepet\n[centos@ab7cc9f050f3 Ptep3m_TEdenovo]$ export REPET_PW=repet_pw\n[centos@ab7cc9f050f3 Ptep3m_TEdenovo]$ export REPET_DB=repet\n[centos@ab7cc9f050f3 Ptep3m_TEdenovo]$ mysql -h $REPET_HOST -u $REPET_USER -p$REPET_PW $REPET_DB\nmysql&gt; USE repet\nmysql&gt; SHOW TABLES;\nmysql&gt; exit;\n[centos@ab7cc9f050f3 Ptep3m_TEdenovo]$ PostAnalyzeTELib.py -a 1 -i .\/Ptep3m_Blaster_GrpRec_Map_TEclassif_Filtered\/Ptep3m_sim_denovoLibTEs_filtered.fa -L 98 -S 95 -b\n[centos@ab7cc9f050f3 Ptep3m_TEdenovo]$ PostAnalyzeTELib.py -a 2 -t Ptep3m_sim_denovoLibTEs_filtered.fa_blastclust.tab```",
        "user": "U01793PULLV",
        "ts": "1657845348.300239",
        "blocks": [
            {
                "type": "rich_text",
                "block_id": "H8F",
                "elements": [
                    {
                        "type": "rich_text_section",
                        "elements": [
                            {
                                "type": "text",
                                "text": "Getting back to filtering Repet:\n"
                            }
                        ]
                    },
                    {
                        "type": "rich_text_preformatted",
                        "elements": [
                            {
                                "type": "text",
                                "text": "[centos@ab7cc9f050f3 Ptep3m_TEdenovo]$ PostAnalyzeTELib.py -a 1 -i .\/Ptep3m_Blaster_GrpRec_Map_TEclassif_Filtered\/Ptep3m_sim_denovoLibTEs_filtered.fa -L 98 -S 95 -b\n[centos@ab7cc9f050f3 Ptep3m_TEdenovo]$ PostAnalyzeTELib.py -a 2 -t Ptep3m_sim_denovoLibTEs_filtered.fa_blastclust.tab"
                            }
                        ],
                        "border": 0
                    },
                    {
                        "type": "rich_text_section",
                        "elements": [
                            {
                                "type": "text",
                                "text": "Step 3 still not working, I logged into mysql and don't the tables in the repet database so see if I can generate them\n"
                            }
                        ]
                    },
                    {
                        "type": "rich_text_preformatted",
                        "elements": [
                            {
                                "type": "text",
                                "text": "[centos@ab7cc9f050f3 Ptep3m_TEdenovo]$ export REPET_HOST=localhost\n[centos@ab7cc9f050f3 Ptep3m_TEdenovo]$ export REPET_USER=orepet\n[centos@ab7cc9f050f3 Ptep3m_TEdenovo]$ export REPET_PW=repet_pw\n[centos@ab7cc9f050f3 Ptep3m_TEdenovo]$ export REPET_DB=repet\n[centos@ab7cc9f050f3 Ptep3m_TEdenovo]$ mysql -h $REPET_HOST -u $REPET_USER -p$REPET_PW $REPET_DB\nmysql> USE repet\nmysql> SHOW TABLES;\nmysql> exit;\n[centos@ab7cc9f050f3 Ptep3m_TEdenovo]$ PostAnalyzeTELib.py -a 1 -i .\/Ptep3m_Blaster_GrpRec_Map_TEclassif_Filtered\/Ptep3m_sim_denovoLibTEs_filtered.fa -L 98 -S 95 -b\n[centos@ab7cc9f050f3 Ptep3m_TEdenovo]$ PostAnalyzeTELib.py -a 2 -t Ptep3m_sim_denovoLibTEs_filtered.fa_blastclust.tab"
                            }
                        ],
                        "border": 0
                    }
                ]
            }
        ],
        "team": "T017P3M8W7K",
        "user_team": "T017P3M8W7K",
        "source_team": "T017P3M8W7K",
        "user_profile": {
            "avatar_hash": "743a9fc0b5f6",
            "image_72": "https:\/\/avatars.slack-edge.com\/2022-06-30\/3731255580839_743a9fc0b5f63f195af3_72.jpg",
            "first_name": "parensburger",
            "real_name": "parensburger",
            "display_name": "Peter",
            "team": "T017P3M8W7K",
            "name": "parensburger",
            "is_restricted": false,
            "is_ultra_restricted": false
        }
    },
    {
        "client_msg_id": "6fd4c605-cb8e-421c-a4b6-4a03b2bcdfee",
        "type": "message",
        "text": "Running a new version of the DmelChr4 TEdenovo run to see when the tables are produced for mysql\n```[centos@ab7cc9f050f3 DmelChr41_TEdenovo]$ TEdenovo.py -P DmelChr41 -C TEdenovo.cfg -S 1\n[centos@ab7cc9f050f3 DmelChr41_TEdenovo]$ TEdenovo.py -P DmelChr41 -C TEdenovo.cfg -S 2 -s Blaster\n[centos@ab7cc9f050f3 DmelChr41_TEdenovo]$ TEdenovo.py -P DmelChr41 -C TEdenovo.cfg -S 3 -s Blaster -c Grouper\n[centos@ab7cc9f050f3 DmelChr41_TEdenovo]$ TEdenovo.py -P DmelChr41 -C TEdenovo.cfg -S 3 -s Blaster -c Recon\n[centos@ab7cc9f050f3 DmelChr41_TEdenovo]$ TEdenovo.py -P DmelChr41 -C TEdenovo.cfg -S 3 --struct```\nThe last command caused an error, but I did run it with Ptep3m (no entries in mysql yet)\n```[centos@ab7cc9f050f3 DmelChr41_TEdenovo]$ TEdenovo.py -P DmelChr41 -C TEdenovo.cfg -S 4 -s Blaster -c Grouper -m Map\n[centos@ab7cc9f050f3 DmelChr41_TEdenovo]$ TEdenovo.py -P DmelChr41 -C TEdenovo.cfg -S 4 -s Blaster -c Recon -m Map\n[centos@ab7cc9f050f3 DmelChr41_TEdenovo]$ TEdenovo.py -P DmelChr41 -C TEdenovo.cfg -S 5 -s Blaster -c GrpRec -m Map```\nThe last command created the msql tables\n| DmelChr41_sim_ORF_map                  |\n| DmelChr41_sim_SSR_set                  |\n| DmelChr41_sim_TR_set                   |\n| DmelChr41_sim_polyA_set\n```[centos@ab7cc9f050f3 DmelChr41_TEdenovo]$ TEdenovo.py -P DmelChr41 -C TEdenovo.cfg -S 6 -s Blaster -c GrpRec -m Map```\nThis command added the tables\nDmelChr41_sim_consensus_PC_classif     |\n| DmelChr41_sim_consensus_classif\n```[centos@ab7cc9f050f3 DmelChr41_TEdenovo]$ TEdenovo.py -P DmelChr41 -C TEdenovo.cfg -S 7 -s Blaster -c GrpRec -m Map\n[centos@ab7cc9f050f3 DmelChr41_TEdenovo]$ TEdenovo.py -P DmelChr41 -C TEdenovo.cfg -S 8 -s Blaster -c GrpRec -m Map -f Blastclust\n[centos@ab7cc9f050f3 DmelChr41_TEdenovo]$ TEdenovo.py -P DmelChr41 -C TEdenovo.cfg -S 8 -s Blaster -c GrpRec -m Map -f MCL```\nSeems that I need to run TEannot to get the tables I need\n```[centos@ab7cc9f050f3 DmelChr41_TEannot]$ ln -s ..\/DmelChr41_TEdenovo\/DmelChr41_Blaster_GrpRec_Map_TEclassif_Filtered\/DmelChr41_sim_denovoLibTEs_filtered.fa DmeChrl41_refTEs.fa\n[centos@ab7cc9f050f3 DmelChr41_TEannot]$ TEannot.py -P DmelChr41 -C TEannot.cfg -S 1```\nThis added 5 tables to mysql\n```[centos@ab7cc9f050f3 DmelChr41_TEannot]$ TEannot.py -P DmelChr41 -C TEannot.cfg -S 2 -a BLR\n[centos@ab7cc9f050f3 DmelChr41_TEannot]$ TEannot.py -P DmelChr41 -C TEannot.cfg -S 2 -a RM\n[centos@ab7cc9f050f3 DmelChr41_TEannot]$ TEannot.py -P DmelChr41 -C TEannot.cfg -S 2 -a CEN\n[centos@ab7cc9f050f3 DmelChr41_TEannot]$ TEannot.py -P DmelChr41 -C TEannot.cfg -S 2 -a BLR -r\n[centos@ab7cc9f050f3 DmelChr41_TEannot]$ TEannot.py -P DmelChr41 -C TEannot.cfg -S 2 -a RM -r\n[centos@ab7cc9f050f3 DmelChr41_TEannot]$ TEannot.py -P DmelChr41 -C TEannot.cfg -S 2 -a CEN -r\n[centos@ab7cc9f050f3 DmelChr41_TEannot]$ TEannot.py -P DmelChr41 -C TEannot.cfg -S 3 -c BLR+RM+CEN```\nadded 2 tables\n```[centos@ab7cc9f050f3 DmelChr41_TEannot]$ TEannot.py -P DmelChr41 -C TEannot.cfg -S 4 -s TRF```\nadded 1 table\n```[centos@ab7cc9f050f3 DmelChr41_TEannot]$ TEannot.py -P DmelChr41 -C TEannot.cfg -S 4 -s Mreps```\nadded 1 table\n```[centos@ab7cc9f050f3 DmelChr41_TEannot]$ TEannot.py -P DmelChr41 -C TEannot.cfg -S 4 -s RMSSR```\nadded 1 table\n```[centos@ab7cc9f050f3 DmelChr41_TEannot]$ TEannot.py -P DmelChr41 -C TEannot.cfg -S 5```\nadded 2 tables\n```[centos@ab7cc9f050f3 DmelChr41_TEannot]$ TEannot.py -P DmelChr41 -C TEannot.cfg -S 7```\nadded 1 table\n```[centos@ab7cc9f050f3 DmelChr41_TEannot]$ TEannot.py -P DmelChr41 -C TEannot.cfg -S 8 -o GFF3\n[centos@ab7cc9f050f3 DmelChr41_TEannot]$ TEannot.py -P DmelChr41 -C TEannot.cfg -S 8 -o gameXML\n[centos@ab7cc9f050f3 DmelChr41_TEannot]$ PostAnalyzeTELib.py -a 1 -i DmelChr41_refTEs.fa -L 98 -S 95 -b\n[centos@ab7cc9f050f3 DmelChr41_TEannot]$ PostAnalyzeTELib.py -a 2 -t DmelChr41_refTEs.fa_blastclust.tab ```\n",
        "user": "U01793PULLV",
        "ts": "1657851241.541999",
        "blocks": [
            {
                "type": "rich_text",
                "block_id": "tKy",
                "elements": [
                    {
                        "type": "rich_text_section",
                        "elements": [
                            {
                                "type": "text",
                                "text": "Running a new version of the DmelChr4 TEdenovo run to see when the tables are produced for mysql\n"
                            }
                        ]
                    },
                    {
                        "type": "rich_text_preformatted",
                        "elements": [
                            {
                                "type": "text",
                                "text": "[centos@ab7cc9f050f3 DmelChr41_TEdenovo]$ TEdenovo.py -P DmelChr41 -C TEdenovo.cfg -S 1\n[centos@ab7cc9f050f3 DmelChr41_TEdenovo]$ TEdenovo.py -P DmelChr41 -C TEdenovo.cfg -S 2 -s Blaster\n[centos@ab7cc9f050f3 DmelChr41_TEdenovo]$ TEdenovo.py -P DmelChr41 -C TEdenovo.cfg -S 3 -s Blaster -c Grouper\n[centos@ab7cc9f050f3 DmelChr41_TEdenovo]$ TEdenovo.py -P DmelChr41 -C TEdenovo.cfg -S 3 -s Blaster -c Recon\n[centos@ab7cc9f050f3 DmelChr41_TEdenovo]$ TEdenovo.py -P DmelChr41 -C TEdenovo.cfg -S 3 --struct"
                            }
                        ],
                        "border": 0
                    },
                    {
                        "type": "rich_text_section",
                        "elements": [
                            {
                                "type": "text",
                                "text": "The last command caused an error, but I did run it with Ptep3m (no entries in mysql yet)\n"
                            }
                        ]
                    },
                    {
                        "type": "rich_text_preformatted",
                        "elements": [
                            {
                                "type": "text",
                                "text": "[centos@ab7cc9f050f3 DmelChr41_TEdenovo]$ TEdenovo.py -P DmelChr41 -C TEdenovo.cfg -S 4 -s Blaster -c Grouper -m Map\n[centos@ab7cc9f050f3 DmelChr41_TEdenovo]$ TEdenovo.py -P DmelChr41 -C TEdenovo.cfg -S 4 -s Blaster -c Recon -m Map\n[centos@ab7cc9f050f3 DmelChr41_TEdenovo]$ TEdenovo.py -P DmelChr41 -C TEdenovo.cfg -S 5 -s Blaster -c GrpRec -m Map"
                            }
                        ],
                        "border": 0
                    },
                    {
                        "type": "rich_text_section",
                        "elements": [
                            {
                                "type": "text",
                                "text": "The last command created the msql tables\n| DmelChr41_sim_ORF_map                  |\n| DmelChr41_sim_SSR_set                  |\n| DmelChr41_sim_TR_set                   |\n| DmelChr41_sim_polyA_set\n"
                            }
                        ]
                    },
                    {
                        "type": "rich_text_preformatted",
                        "elements": [
                            {
                                "type": "text",
                                "text": "[centos@ab7cc9f050f3 DmelChr41_TEdenovo]$ TEdenovo.py -P DmelChr41 -C TEdenovo.cfg -S 6 -s Blaster -c GrpRec -m Map"
                            }
                        ],
                        "border": 0
                    },
                    {
                        "type": "rich_text_section",
                        "elements": [
                            {
                                "type": "text",
                                "text": "This command added the tables\nDmelChr41_sim_consensus_PC_classif     |\n| DmelChr41_sim_consensus_classif\n"
                            }
                        ]
                    },
                    {
                        "type": "rich_text_preformatted",
                        "elements": [
                            {
                                "type": "text",
                                "text": "[centos@ab7cc9f050f3 DmelChr41_TEdenovo]$ TEdenovo.py -P DmelChr41 -C TEdenovo.cfg -S 7 -s Blaster -c GrpRec -m Map\n[centos@ab7cc9f050f3 DmelChr41_TEdenovo]$ TEdenovo.py -P DmelChr41 -C TEdenovo.cfg -S 8 -s Blaster -c GrpRec -m Map -f Blastclust\n[centos@ab7cc9f050f3 DmelChr41_TEdenovo]$ TEdenovo.py -P DmelChr41 -C TEdenovo.cfg -S 8 -s Blaster -c GrpRec -m Map -f MCL"
                            }
                        ],
                        "border": 0
                    },
                    {
                        "type": "rich_text_section",
                        "elements": [
                            {
                                "type": "text",
                                "text": "Seems that I need to run TEannot to get the tables I need\n"
                            }
                        ]
                    },
                    {
                        "type": "rich_text_preformatted",
                        "elements": [
                            {
                                "type": "text",
                                "text": "[centos@ab7cc9f050f3 DmelChr41_TEannot]$ ln -s ..\/DmelChr41_TEdenovo\/DmelChr41_Blaster_GrpRec_Map_TEclassif_Filtered\/DmelChr41_sim_denovoLibTEs_filtered.fa DmeChrl41_refTEs.fa\n[centos@ab7cc9f050f3 DmelChr41_TEannot]$ TEannot.py -P DmelChr41 -C TEannot.cfg -S 1"
                            }
                        ],
                        "border": 0
                    },
                    {
                        "type": "rich_text_section",
                        "elements": [
                            {
                                "type": "text",
                                "text": "This added 5 tables to mysql\n"
                            }
                        ]
                    },
                    {
                        "type": "rich_text_preformatted",
                        "elements": [
                            {
                                "type": "text",
                                "text": "[centos@ab7cc9f050f3 DmelChr41_TEannot]$ TEannot.py -P DmelChr41 -C TEannot.cfg -S 2 -a BLR\n[centos@ab7cc9f050f3 DmelChr41_TEannot]$ TEannot.py -P DmelChr41 -C TEannot.cfg -S 2 -a RM\n[centos@ab7cc9f050f3 DmelChr41_TEannot]$ TEannot.py -P DmelChr41 -C TEannot.cfg -S 2 -a CEN\n[centos@ab7cc9f050f3 DmelChr41_TEannot]$ TEannot.py -P DmelChr41 -C TEannot.cfg -S 2 -a BLR -r\n[centos@ab7cc9f050f3 DmelChr41_TEannot]$ TEannot.py -P DmelChr41 -C TEannot.cfg -S 2 -a RM -r\n[centos@ab7cc9f050f3 DmelChr41_TEannot]$ TEannot.py -P DmelChr41 -C TEannot.cfg -S 2 -a CEN -r\n[centos@ab7cc9f050f3 DmelChr41_TEannot]$ TEannot.py -P DmelChr41 -C TEannot.cfg -S 3 -c BLR+RM+CEN"
                            }
                        ],
                        "border": 0
                    },
                    {
                        "type": "rich_text_section",
                        "elements": [
                            {
                                "type": "text",
                                "text": "added 2 tables\n"
                            }
                        ]
                    },
                    {
                        "type": "rich_text_preformatted",
                        "elements": [
                            {
                                "type": "text",
                                "text": "[centos@ab7cc9f050f3 DmelChr41_TEannot]$ TEannot.py -P DmelChr41 -C TEannot.cfg -S 4 -s TRF"
                            }
                        ],
                        "border": 0
                    },
                    {
                        "type": "rich_text_section",
                        "elements": [
                            {
                                "type": "text",
                                "text": "added 1 table\n"
                            }
                        ]
                    },
                    {
                        "type": "rich_text_preformatted",
                        "elements": [
                            {
                                "type": "text",
                                "text": "[centos@ab7cc9f050f3 DmelChr41_TEannot]$ TEannot.py -P DmelChr41 -C TEannot.cfg -S 4 -s Mreps"
                            }
                        ],
                        "border": 0
                    },
                    {
                        "type": "rich_text_section",
                        "elements": [
                            {
                                "type": "text",
                                "text": "added 1 table\n"
                            }
                        ]
                    },
                    {
                        "type": "rich_text_preformatted",
                        "elements": [
                            {
                                "type": "text",
                                "text": "[centos@ab7cc9f050f3 DmelChr41_TEannot]$ TEannot.py -P DmelChr41 -C TEannot.cfg -S 4 -s RMSSR"
                            }
                        ],
                        "border": 0
                    },
                    {
                        "type": "rich_text_section",
                        "elements": [
                            {
                                "type": "text",
                                "text": "added 1 table\n"
                            }
                        ]
                    },
                    {
                        "type": "rich_text_preformatted",
                        "elements": [
                            {
                                "type": "text",
                                "text": "[centos@ab7cc9f050f3 DmelChr41_TEannot]$ TEannot.py -P DmelChr41 -C TEannot.cfg -S 5"
                            }
                        ],
                        "border": 0
                    },
                    {
                        "type": "rich_text_section",
                        "elements": [
                            {
                                "type": "text",
                                "text": "added 2 tables\n"
                            }
                        ]
                    },
                    {
                        "type": "rich_text_preformatted",
                        "elements": [
                            {
                                "type": "text",
                                "text": "[centos@ab7cc9f050f3 DmelChr41_TEannot]$ TEannot.py -P DmelChr41 -C TEannot.cfg -S 7"
                            }
                        ],
                        "border": 0
                    },
                    {
                        "type": "rich_text_section",
                        "elements": [
                            {
                                "type": "text",
                                "text": "added 1 table\n"
                            }
                        ]
                    },
                    {
                        "type": "rich_text_preformatted",
                        "elements": [
                            {
                                "type": "text",
                                "text": "[centos@ab7cc9f050f3 DmelChr41_TEannot]$ TEannot.py -P DmelChr41 -C TEannot.cfg -S 8 -o GFF3\n[centos@ab7cc9f050f3 DmelChr41_TEannot]$ TEannot.py -P DmelChr41 -C TEannot.cfg -S 8 -o gameXML\n[centos@ab7cc9f050f3 DmelChr41_TEannot]$ PostAnalyzeTELib.py -a 1 -i DmelChr41_refTEs.fa -L 98 -S 95 -b\n[centos@ab7cc9f050f3 DmelChr41_TEannot]$ PostAnalyzeTELib.py -a 2 -t DmelChr41_refTEs.fa_blastclust.tab "
                            }
                        ],
                        "border": 0
                    },
                    {
                        "type": "rich_text_section",
                        "elements": []
                    }
                ]
            }
        ],
        "team": "T017P3M8W7K",
        "user_team": "T017P3M8W7K",
        "source_team": "T017P3M8W7K",
        "user_profile": {
            "avatar_hash": "743a9fc0b5f6",
            "image_72": "https:\/\/avatars.slack-edge.com\/2022-06-30\/3731255580839_743a9fc0b5f63f195af3_72.jpg",
            "first_name": "parensburger",
            "real_name": "parensburger",
            "display_name": "Peter",
            "team": "T017P3M8W7K",
            "name": "parensburger",
            "is_restricted": false,
            "is_ultra_restricted": false
        }
    },
    {
        "client_msg_id": "e36a5432-9f2b-4627-b31b-92973401dbbe",
        "type": "message",
        "text": "```[centos@ab7cc9f050f3 DmelChr41_TEannot]$ PostAnalyzeTELib.py -a 3 -p DmelChr41_chr_allTEs_nr_noSSR_join_path -s DmelChr41_refTEs_seq -g 1303012 ```\nWORKS!\n```[centos@ab7cc9f050f3 DmelChr41_TEannot]$ PostAnalyzeTELib.py -a 4 -t DmelChr41_refTEs.fa_blastclust.tab -p DmelChr41_chr_allTEs_nr_noSSR_join_path -s DmelChr41_refTEs_seq -g 1303012```",
        "user": "U01793PULLV",
        "ts": "1657851521.857099",
        "blocks": [
            {
                "type": "rich_text",
                "block_id": "TAbx",
                "elements": [
                    {
                        "type": "rich_text_preformatted",
                        "elements": [
                            {
                                "type": "text",
                                "text": "[centos@ab7cc9f050f3 DmelChr41_TEannot]$ PostAnalyzeTELib.py -a 3 -p DmelChr41_chr_allTEs_nr_noSSR_join_path -s DmelChr41_refTEs_seq -g 1303012 "
                            }
                        ],
                        "border": 0
                    },
                    {
                        "type": "rich_text_section",
                        "elements": [
                            {
                                "type": "text",
                                "text": "WORKS!\n"
                            }
                        ]
                    },
                    {
                        "type": "rich_text_preformatted",
                        "elements": [
                            {
                                "type": "text",
                                "text": "[centos@ab7cc9f050f3 DmelChr41_TEannot]$ PostAnalyzeTELib.py -a 4 -t DmelChr41_refTEs.fa_blastclust.tab -p DmelChr41_chr_allTEs_nr_noSSR_join_path -s DmelChr41_refTEs_seq -g 1303012"
                            }
                        ],
                        "border": 0
                    }
                ]
            }
        ],
        "team": "T017P3M8W7K",
        "user_team": "T017P3M8W7K",
        "source_team": "T017P3M8W7K",
        "user_profile": {
            "avatar_hash": "743a9fc0b5f6",
            "image_72": "https:\/\/avatars.slack-edge.com\/2022-06-30\/3731255580839_743a9fc0b5f63f195af3_72.jpg",
            "first_name": "parensburger",
            "real_name": "parensburger",
            "display_name": "Peter",
            "team": "T017P3M8W7K",
            "name": "parensburger",
            "is_restricted": false,
            "is_ultra_restricted": false
        }
    },
    {
        "client_msg_id": "3e08b6d8-5e21-46e2-b018-a057a6fd5eef",
        "type": "message",
        "text": "Setting up and running TEannot on Ptep3m\n```[centos@ab7cc9f050f3 Ptep3m_TEannot]$ ln -s ..\/Ptep3m_TEdenovo\/Ptep3m_Blaster_GrpRec_Map_TEclassif_Filtered\/Ptep3m_sim_denovoLibTEs_filtered.fa Ptep3m_refTEs.fa\n[centos@ab7cc9f050f3 Ptep3m_TEannot]$ ln -s ..\/Ptep3m_TEdenovo\/Ptep3m.fa Ptep3m.fa\n[centos@ab7cc9f050f3 Ptep3m_TEannot]$ nohup sh run_TEannot.sh &amp;```",
        "user": "U01793PULLV",
        "ts": "1657851898.606069",
        "blocks": [
            {
                "type": "rich_text",
                "block_id": "m8Z",
                "elements": [
                    {
                        "type": "rich_text_section",
                        "elements": [
                            {
                                "type": "text",
                                "text": "Setting up and running TEannot on Ptep3m\n"
                            }
                        ]
                    },
                    {
                        "type": "rich_text_preformatted",
                        "elements": [
                            {
                                "type": "text",
                                "text": "[centos@ab7cc9f050f3 Ptep3m_TEannot]$ ln -s ..\/Ptep3m_TEdenovo\/Ptep3m_Blaster_GrpRec_Map_TEclassif_Filtered\/Ptep3m_sim_denovoLibTEs_filtered.fa Ptep3m_refTEs.fa\n[centos@ab7cc9f050f3 Ptep3m_TEannot]$ ln -s ..\/Ptep3m_TEdenovo\/Ptep3m.fa Ptep3m.fa\n[centos@ab7cc9f050f3 Ptep3m_TEannot]$ nohup sh run_TEannot.sh &"
                            }
                        ],
                        "border": 0
                    }
                ]
            }
        ],
        "team": "T017P3M8W7K",
        "user_team": "T017P3M8W7K",
        "source_team": "T017P3M8W7K",
        "user_profile": {
            "avatar_hash": "743a9fc0b5f6",
            "image_72": "https:\/\/avatars.slack-edge.com\/2022-06-30\/3731255580839_743a9fc0b5f63f195af3_72.jpg",
            "first_name": "parensburger",
            "real_name": "parensburger",
            "display_name": "Peter",
            "team": "T017P3M8W7K",
            "name": "parensburger",
            "is_restricted": false,
            "is_ultra_restricted": false
        }
    }
]