[
    {
        "client_msg_id": "a47395fd-2c7f-4acc-ac35-a6a49028279b",
        "type": "message",
        "text": "processed the fir 100 element with high 8bp tsds. I'll do a review of the results before I go on, looking for:\n1. Do the elements overlap?\n2. Do they all have different TIR sequences?\n3. What percentage of the genome do they cover? (all elements vs just the ones with nearly identical TEs)",
        "user": "U01793PULLV",
        "ts": "1661363407.372199",
        "blocks": [
            {
                "type": "rich_text",
                "block_id": "eVabN",
                "elements": [
                    {
                        "type": "rich_text_section",
                        "elements": [
                            {
                                "type": "text",
                                "text": "processed the fir 100 element with high 8bp tsds. I'll do a review of the results before I go on, looking for:\n"
                            }
                        ]
                    },
                    {
                        "type": "rich_text_list",
                        "elements": [
                            {
                                "type": "rich_text_section",
                                "elements": [
                                    {
                                        "type": "text",
                                        "text": "Do the elements overlap?"
                                    }
                                ]
                            },
                            {
                                "type": "rich_text_section",
                                "elements": [
                                    {
                                        "type": "text",
                                        "text": "Do they all have different TIR sequences?"
                                    }
                                ]
                            },
                            {
                                "type": "rich_text_section",
                                "elements": [
                                    {
                                        "type": "text",
                                        "text": "What percentage of the genome do they cover? (all elements vs just the ones with nearly identical TEs)"
                                    }
                                ]
                            }
                        ],
                        "style": "ordered",
                        "indent": 0,
                        "border": 0
                    }
                ]
            }
        ],
        "team": "T017P3M8W7K",
        "user_team": "T017P3M8W7K",
        "source_team": "T017P3M8W7K",
        "user_profile": {
            "avatar_hash": "743a9fc0b5f6",
            "image_72": "https:\/\/avatars.slack-edge.com\/2022-06-30\/3731255580839_743a9fc0b5f63f195af3_72.jpg",
            "first_name": "parensburger",
            "real_name": "parensburger",
            "display_name": "Peter",
            "team": "T017P3M8W7K",
            "name": "parensburger",
            "is_restricted": false,
            "is_ultra_restricted": false
        }
    },
    {
        "client_msg_id": "41108776-7c1a-411c-bfe6-e253af62e0f5",
        "type": "message",
        "text": "running in a major problem. The tcoffee command +rm_gap 80 removes columns where 80% of bases are gaps, which means that all my position values are wrong for the genome as a whole.",
        "user": "U01793PULLV",
        "ts": "1661382171.747319",
        "blocks": [
            {
                "type": "rich_text",
                "block_id": "V7fe",
                "elements": [
                    {
                        "type": "rich_text_section",
                        "elements": [
                            {
                                "type": "text",
                                "text": "running in a major problem. The tcoffee command +rm_gap 80 removes columns where 80% of bases are gaps, which means that all my position values are wrong for the genome as a whole."
                            }
                        ]
                    }
                ]
            }
        ],
        "team": "T017P3M8W7K",
        "user_team": "T017P3M8W7K",
        "source_team": "T017P3M8W7K",
        "user_profile": {
            "avatar_hash": "743a9fc0b5f6",
            "image_72": "https:\/\/avatars.slack-edge.com\/2022-06-30\/3731255580839_743a9fc0b5f63f195af3_72.jpg",
            "first_name": "parensburger",
            "real_name": "parensburger",
            "display_name": "Peter",
            "team": "T017P3M8W7K",
            "name": "parensburger",
            "is_restricted": false,
            "is_ultra_restricted": false
        }
    }
]