[
    {
        "type": "message",
        "text": "substantially improved manual review script. Just need to work on approval of the results and recording things. Also modified find_tir3.pl to output just TSDs from one size.",
        "files": [
            {
                "id": "F03V7MLTU00",
                "created": 1661134519,
                "timestamp": 1661134519,
                "name": "process_clipboard-check_tir.pl",
                "title": "process_clipboard-check_tir.pl",
                "mimetype": "text\/plain",
                "filetype": "perl",
                "pretty_type": "Perl",
                "user": "U01793PULLV",
                "user_team": "T017P3M8W7K",
                "editable": true,
                "size": 11258,
                "mode": "snippet",
                "is_external": false,
                "external_type": "",
                "is_public": true,
                "public_url_shared": false,
                "display_as_bot": false,
                "username": "",
                "url_private": "https:\/\/files.slack.com\/files-pri\/T017P3M8W7K-F03V7MLTU00\/process_clipboard-check_tir.pl?t=xoxe-1261123302257-6395895314663-6407612319125-137f2171a6b5696e8e285d5b7bbfa693",
                "url_private_download": "https:\/\/files.slack.com\/files-pri\/T017P3M8W7K-F03V7MLTU00\/download\/process_clipboard-check_tir.pl?t=xoxe-1261123302257-6395895314663-6407612319125-137f2171a6b5696e8e285d5b7bbfa693",
                "permalink": "https:\/\/arensburgerla-9bj1862.slack.com\/files\/U01793PULLV\/F03V7MLTU00\/process_clipboard-check_tir.pl",
                "permalink_public": "https:\/\/slack-files.com\/T017P3M8W7K-F03V7MLTU00-e5fbc22ef0",
                "edit_link": "https:\/\/arensburgerla-9bj1862.slack.com\/files\/U01793PULLV\/F03V7MLTU00\/process_clipboard-check_tir.pl\/edit",
                "is_starred": false,
                "has_rich_preview": false,
                "file_access": "visible"
            }
        ],
        "upload": false,
        "user": "U01793PULLV",
        "display_as_bot": false,
        "ts": "1661134535.332599",
        "blocks": [
            {
                "type": "rich_text",
                "block_id": "yse",
                "elements": [
                    {
                        "type": "rich_text_section",
                        "elements": [
                            {
                                "type": "text",
                                "text": "substantially improved manual review script. Just need to work on approval of the results and recording things. Also modified find_tir3.pl to output just TSDs from one size."
                            }
                        ]
                    }
                ]
            }
        ],
        "client_msg_id": "464a0e72-76b9-4da6-9a81-c637c2b0b9d2"
    }
]