[
    {
        "client_msg_id": "6f804e50-9a3b-4d2e-a375-f727fa83718d",
        "type": "message",
        "text": "TEannot finally finished, but with an error about making gameXML, don't know what the issue is",
        "user": "U01793PULLV",
        "ts": "1658768850.284599",
        "blocks": [
            {
                "type": "rich_text",
                "block_id": "aioxE",
                "elements": [
                    {
                        "type": "rich_text_section",
                        "elements": [
                            {
                                "type": "text",
                                "text": "TEannot finally finished, but with an error about making gameXML, don't know what the issue is"
                            }
                        ]
                    }
                ]
            }
        ],
        "team": "T017P3M8W7K",
        "user_team": "T017P3M8W7K",
        "source_team": "T017P3M8W7K",
        "user_profile": {
            "avatar_hash": "743a9fc0b5f6",
            "image_72": "https:\/\/avatars.slack-edge.com\/2022-06-30\/3731255580839_743a9fc0b5f63f195af3_72.jpg",
            "first_name": "parensburger",
            "real_name": "parensburger",
            "display_name": "Peter",
            "team": "T017P3M8W7K",
            "name": "parensburger",
            "is_restricted": false,
            "is_ultra_restricted": false
        }
    },
    {
        "type": "message",
        "text": "This database is just too much trouble, using a spreadsheet instead to keep track of the data",
        "files": [
            {
                "id": "F03QWSECQ1H",
                "created": 1658771439,
                "timestamp": 1658771439,
                "name": "Ptep3_TE_table.ods",
                "title": "Ptep3_TE_table.ods",
                "mimetype": "application\/vnd.oasis.opendocument.spreadsheet",
                "filetype": "ods",
                "pretty_type": "OpenDocument Spreadsheet",
                "user": "U01793PULLV",
                "user_team": "T017P3M8W7K",
                "editable": false,
                "size": 412241,
                "mode": "hosted",
                "is_external": false,
                "external_type": "",
                "is_public": true,
                "public_url_shared": false,
                "display_as_bot": false,
                "username": "",
                "url_private": "https:\/\/files.slack.com\/files-pri\/T017P3M8W7K-F03QWSECQ1H\/ptep3_te_table.ods?t=xoxe-1261123302257-6395895314663-6407612319125-137f2171a6b5696e8e285d5b7bbfa693",
                "url_private_download": "https:\/\/files.slack.com\/files-pri\/T017P3M8W7K-F03QWSECQ1H\/download\/ptep3_te_table.ods?t=xoxe-1261123302257-6395895314663-6407612319125-137f2171a6b5696e8e285d5b7bbfa693",
                "media_display_type": "unknown",
                "converted_pdf": "https:\/\/files.slack.com\/files-tmb\/T017P3M8W7K-F03QWSECQ1H-7663ef5457\/ptep3_te_table_converted.pdf?t=xoxe-1261123302257-6395895314663-6407612319125-137f2171a6b5696e8e285d5b7bbfa693",
                "thumb_pdf": "https:\/\/files.slack.com\/files-tmb\/T017P3M8W7K-F03QWSECQ1H-7663ef5457\/ptep3_te_table_thumb_pdf.png?t=xoxe-1261123302257-6395895314663-6407612319125-137f2171a6b5696e8e285d5b7bbfa693",
                "thumb_pdf_w": 909,
                "thumb_pdf_h": 1286,
                "permalink": "https:\/\/arensburgerla-9bj1862.slack.com\/files\/U01793PULLV\/F03QWSECQ1H\/ptep3_te_table.ods",
                "permalink_public": "https:\/\/slack-files.com\/T017P3M8W7K-F03QWSECQ1H-4e4ca7e4b2",
                "is_starred": false,
                "has_rich_preview": false,
                "file_access": "visible"
            }
        ],
        "upload": false,
        "user": "U01793PULLV",
        "display_as_bot": false,
        "ts": "1658771646.627089",
        "blocks": [
            {
                "type": "rich_text",
                "block_id": "hO3\/T",
                "elements": [
                    {
                        "type": "rich_text_section",
                        "elements": [
                            {
                                "type": "text",
                                "text": "This database is just too much trouble, using a spreadsheet instead to keep track of the data"
                            }
                        ]
                    }
                ]
            }
        ],
        "client_msg_id": "bc3c6e5d-2647-4d9c-a1d7-cd251030e771"
    },
    {
        "client_msg_id": "a70c23c4-fe5b-4918-b16a-4d4004ae81d5",
        "type": "message",
        "text": "Created individual directories and files for each element (just over 9500 of them)\n```peter@faust:~\/Insync\/arensburger@gmail.com\/Google Drive\/Work\/Research Analysis\/TE_discovery_Ptep3$ perl create_directories.pl -in Description\\ files\/Ptep3_TE2-cdhit.fa ```",
        "user": "U01793PULLV",
        "ts": "1658771699.440019",
        "blocks": [
            {
                "type": "rich_text",
                "block_id": "nCQO",
                "elements": [
                    {
                        "type": "rich_text_section",
                        "elements": [
                            {
                                "type": "text",
                                "text": "Created individual directories and files for each element (just over 9500 of them)\n"
                            }
                        ]
                    },
                    {
                        "type": "rich_text_preformatted",
                        "elements": [
                            {
                                "type": "text",
                                "text": "peter@faust:~\/Insync\/arensburger@gmail.com\/Google Drive\/Work\/Research Analysis\/TE_discovery_Ptep3$ perl create_directories.pl -in Description\\ files\/Ptep3_TE2-cdhit.fa "
                            }
                        ],
                        "border": 0
                    }
                ]
            }
        ],
        "team": "T017P3M8W7K",
        "user_team": "T017P3M8W7K",
        "source_team": "T017P3M8W7K",
        "user_profile": {
            "avatar_hash": "743a9fc0b5f6",
            "image_72": "https:\/\/avatars.slack-edge.com\/2022-06-30\/3731255580839_743a9fc0b5f63f195af3_72.jpg",
            "first_name": "parensburger",
            "real_name": "parensburger",
            "display_name": "Peter",
            "team": "T017P3M8W7K",
            "name": "parensburger",
            "is_restricted": false,
            "is_ultra_restricted": false
        }
    },
    {
        "type": "message",
        "text": "wrote script that blasts the sequences individually again the masked Ptep3 genome, aligns the blast results with mafft, and uses T-coffee to clean up the results. This is steps 8 and 9 in Goubert protocol. Divided the work into 4 groups, running them on Faust Desktop. Estimating will take about 5 hours to finish.",
        "files": [
            {
                "id": "F03R0GQ1G1J",
                "created": 1658785769,
                "timestamp": 1658785769,
                "name": "blast_align_directories.pl",
                "title": "blast_align_directories.pl",
                "mimetype": "text\/plain",
                "filetype": "perl",
                "pretty_type": "Perl",
                "user": "U01793PULLV",
                "user_team": "T017P3M8W7K",
                "editable": true,
                "size": 1833,
                "mode": "snippet",
                "is_external": false,
                "external_type": "",
                "is_public": true,
                "public_url_shared": false,
                "display_as_bot": false,
                "username": "",
                "url_private": "https:\/\/files.slack.com\/files-pri\/T017P3M8W7K-F03R0GQ1G1J\/blast_align_directories.pl?t=xoxe-1261123302257-6395895314663-6407612319125-137f2171a6b5696e8e285d5b7bbfa693",
                "url_private_download": "https:\/\/files.slack.com\/files-pri\/T017P3M8W7K-F03R0GQ1G1J\/download\/blast_align_directories.pl?t=xoxe-1261123302257-6395895314663-6407612319125-137f2171a6b5696e8e285d5b7bbfa693",
                "permalink": "https:\/\/arensburgerla-9bj1862.slack.com\/files\/U01793PULLV\/F03R0GQ1G1J\/blast_align_directories.pl",
                "permalink_public": "https:\/\/slack-files.com\/T017P3M8W7K-F03R0GQ1G1J-99b7d2c7c4",
                "edit_link": "https:\/\/arensburgerla-9bj1862.slack.com\/files\/U01793PULLV\/F03R0GQ1G1J\/blast_align_directories.pl\/edit",
                "is_starred": false,
                "has_rich_preview": false,
                "file_access": "visible"
            }
        ],
        "upload": false,
        "user": "U01793PULLV",
        "display_as_bot": false,
        "ts": "1658786612.426199",
        "blocks": [
            {
                "type": "rich_text",
                "block_id": "oGvZ",
                "elements": [
                    {
                        "type": "rich_text_section",
                        "elements": [
                            {
                                "type": "text",
                                "text": "wrote script that blasts the sequences individually again the masked Ptep3 genome, aligns the blast results with mafft, and uses T-coffee to clean up the results. This is steps 8 and 9 in Goubert protocol. Divided the work into 4 groups, running them on Faust Desktop. Estimating will take about 5 hours to finish."
                            }
                        ]
                    }
                ]
            }
        ],
        "client_msg_id": "ec71f257-fa57-4289-99b5-c5596be3b714"
    },
    {
        "client_msg_id": "86983bc9-16c6-4ee9-8a02-1df3c0604ebd",
        "type": "message",
        "text": "The groups of 4 thing is too much for faust, working on them one at a time, seems to work",
        "user": "U01793PULLV",
        "ts": "1658798287.805529",
        "blocks": [
            {
                "type": "rich_text",
                "block_id": "Vil",
                "elements": [
                    {
                        "type": "rich_text_section",
                        "elements": [
                            {
                                "type": "text",
                                "text": "The groups of 4 thing is too much for faust, working on them one at a time, seems to work"
                            }
                        ]
                    }
                ]
            }
        ],
        "team": "T017P3M8W7K",
        "user_team": "T017P3M8W7K",
        "source_team": "T017P3M8W7K",
        "user_profile": {
            "avatar_hash": "743a9fc0b5f6",
            "image_72": "https:\/\/avatars.slack-edge.com\/2022-06-30\/3731255580839_743a9fc0b5f63f195af3_72.jpg",
            "first_name": "parensburger",
            "real_name": "parensburger",
            "display_name": "Peter",
            "team": "T017P3M8W7K",
            "name": "parensburger",
            "is_restricted": false,
            "is_ultra_restricted": false
        }
    }
]