[
    {
        "type": "message",
        "text": "significantly improved the script. What I still need is a way to evaluate the TSDs (perfect and near perfect), particularly one the TIRs have been fixed.",
        "files": [
            {
                "id": "F042058UW21",
                "created": 1663023238,
                "timestamp": 1663023238,
                "name": "process_clipboard-detail_tirtsd.pl",
                "title": "process_clipboard-detail_tirtsd.pl",
                "mimetype": "text\/plain",
                "filetype": "perl",
                "pretty_type": "Perl",
                "user": "U01793PULLV",
                "user_team": "T017P3M8W7K",
                "editable": true,
                "size": 18765,
                "mode": "snippet",
                "is_external": false,
                "external_type": "",
                "is_public": true,
                "public_url_shared": false,
                "display_as_bot": false,
                "username": "",
                "url_private": "https:\/\/files.slack.com\/files-pri\/T017P3M8W7K-F042058UW21\/process_clipboard-detail_tirtsd.pl?t=xoxe-1261123302257-6395895314663-6407612319125-137f2171a6b5696e8e285d5b7bbfa693",
                "url_private_download": "https:\/\/files.slack.com\/files-pri\/T017P3M8W7K-F042058UW21\/download\/process_clipboard-detail_tirtsd.pl?t=xoxe-1261123302257-6395895314663-6407612319125-137f2171a6b5696e8e285d5b7bbfa693",
                "permalink": "https:\/\/arensburgerla-9bj1862.slack.com\/files\/U01793PULLV\/F042058UW21\/process_clipboard-detail_tirtsd.pl",
                "permalink_public": "https:\/\/slack-files.com\/T017P3M8W7K-F042058UW21-01a879a219",
                "edit_link": "https:\/\/arensburgerla-9bj1862.slack.com\/files\/U01793PULLV\/F042058UW21\/process_clipboard-detail_tirtsd.pl\/edit",
                "is_starred": false,
                "has_rich_preview": false,
                "file_access": "visible"
            }
        ],
        "upload": false,
        "user": "U01793PULLV",
        "display_as_bot": false,
        "ts": "1663023243.917789",
        "blocks": [
            {
                "type": "rich_text",
                "block_id": "Ktpv",
                "elements": [
                    {
                        "type": "rich_text_section",
                        "elements": [
                            {
                                "type": "text",
                                "text": "significantly improved the script. What I still need is a way to evaluate the TSDs (perfect and near perfect), particularly one the TIRs have been fixed."
                            }
                        ]
                    }
                ]
            }
        ],
        "client_msg_id": "6f216a46-a102-472b-9432-3963b34efe52"
    }
]