[
    {
        "client_msg_id": "856b3d00-af60-455d-bc71-5c28db31beda",
        "type": "message",
        "text": "Rather than waiting for TEannot to finish (this is taking a LONG time). I'm going to try to combine the RepeatModeler and RepetTEdenovo and see if I can get these withered down to a list of sequences.\n```[arensburger@pq ~\/Ptep3_TEs]$ cp ..\/Ptep3_RepeatModeler\/Ptep3-families.fa .\n[centos@ab7cc9f050f3 Ptep3m_TEdenovo]$ scp Ptep3m_Blaster_GrpRec_Map_TEclassif_Filtered\/Ptep3m_sim_denovoLibTEs_filtered.fa arensburger@pq:~\n[arensburger@pq ~\/Ptep3_TEs]$ mv ..\/Ptep3m_sim_denovoLibTEs_filtered.fa .\n[centos@ab7cc9f050f3 Ptep3m_TEdenovo]$ scp Ptep3m_Blaster_GrpRec_Map_TEclassif_Filtered\/Ptep3m_sim_denovoLibTEs_PC_filtered.classif arensburger@pq:~\/Ptep3_TEs```\nfirst thing to do will be to rename the REPET sequences to bring them in line with annotation names that RepeatModeler uses",
        "user": "U01793PULLV",
        "ts": "1658341200.966919",
        "blocks": [
            {
                "type": "rich_text",
                "block_id": "T3h=0",
                "elements": [
                    {
                        "type": "rich_text_section",
                        "elements": [
                            {
                                "type": "text",
                                "text": "Rather than waiting for TEannot to finish (this is taking a LONG time). I'm going to try to combine the RepeatModeler and RepetTEdenovo and see if I can get these withered down to a list of sequences.\n"
                            }
                        ]
                    },
                    {
                        "type": "rich_text_preformatted",
                        "elements": [
                            {
                                "type": "text",
                                "text": "[arensburger@pq ~\/Ptep3_TEs]$ cp ..\/Ptep3_RepeatModeler\/Ptep3-families.fa .\n[centos@ab7cc9f050f3 Ptep3m_TEdenovo]$ scp Ptep3m_Blaster_GrpRec_Map_TEclassif_Filtered\/Ptep3m_sim_denovoLibTEs_filtered.fa arensburger@pq:~\n[arensburger@pq ~\/Ptep3_TEs]$ mv ..\/Ptep3m_sim_denovoLibTEs_filtered.fa .\n[centos@ab7cc9f050f3 Ptep3m_TEdenovo]$ scp Ptep3m_Blaster_GrpRec_Map_TEclassif_Filtered\/Ptep3m_sim_denovoLibTEs_PC_filtered.classif arensburger@pq:~\/Ptep3_TEs"
                            }
                        ],
                        "border": 0
                    },
                    {
                        "type": "rich_text_section",
                        "elements": [
                            {
                                "type": "text",
                                "text": "first thing to do will be to rename the REPET sequences to bring them in line with annotation names that RepeatModeler uses"
                            }
                        ]
                    }
                ]
            }
        ],
        "team": "T017P3M8W7K",
        "user_team": "T017P3M8W7K",
        "source_team": "T017P3M8W7K",
        "user_profile": {
            "avatar_hash": "743a9fc0b5f6",
            "image_72": "https:\/\/avatars.slack-edge.com\/2022-06-30\/3731255580839_743a9fc0b5f63f195af3_72.jpg",
            "first_name": "parensburger",
            "real_name": "parensburger",
            "display_name": "Peter",
            "team": "T017P3M8W7K",
            "name": "parensburger",
            "is_restricted": false,
            "is_ultra_restricted": false
        }
    },
    {
        "client_msg_id": "6cdd68f2-2c6b-4476-8f98-b3f864834d67",
        "type": "message",
        "text": "renamed the files\n```[arensburger@pq:~\/Ptep3_TEs]$ perl rename_TEdenovo.pl -f Ptep3m_sim_denovoLibTEs_filtered.fa -c Ptep3m_sim_denovoLibTEs_PC_filtered.classif &gt; Ptep3_TEdenovo.fa```",
        "user": "U01793PULLV",
        "ts": "1658353599.959349",
        "blocks": [
            {
                "type": "rich_text",
                "block_id": "asqRd",
                "elements": [
                    {
                        "type": "rich_text_section",
                        "elements": [
                            {
                                "type": "text",
                                "text": "renamed the files\n"
                            }
                        ]
                    },
                    {
                        "type": "rich_text_preformatted",
                        "elements": [
                            {
                                "type": "text",
                                "text": "[arensburger@pq:~\/Ptep3_TEs]$ perl rename_TEdenovo.pl -f Ptep3m_sim_denovoLibTEs_filtered.fa -c Ptep3m_sim_denovoLibTEs_PC_filtered.classif > Ptep3_TEdenovo.fa"
                            }
                        ],
                        "border": 0
                    }
                ]
            }
        ],
        "team": "T017P3M8W7K",
        "user_team": "T017P3M8W7K",
        "source_team": "T017P3M8W7K",
        "user_profile": {
            "avatar_hash": "743a9fc0b5f6",
            "image_72": "https:\/\/avatars.slack-edge.com\/2022-06-30\/3731255580839_743a9fc0b5f63f195af3_72.jpg",
            "first_name": "parensburger",
            "real_name": "parensburger",
            "display_name": "Peter",
            "team": "T017P3M8W7K",
            "name": "parensburger",
            "is_restricted": false,
            "is_ultra_restricted": false
        }
    },
    {
        "client_msg_id": "6659cfe0-ca85-458f-a333-93e08571eb37",
        "type": "message",
        "text": "list of TE family representatives from REPET and RepeatModeler\n```[arensburger@pq:~\/Ptep3_TEs\/family_list]$ cat Ptep3-families.fa Ptep3_TEdenovo.fa &gt; Ptep3_TEfam.fa```",
        "user": "U01793PULLV",
        "ts": "1658353801.288659",
        "blocks": [
            {
                "type": "rich_text",
                "block_id": "AZ\/",
                "elements": [
                    {
                        "type": "rich_text_section",
                        "elements": [
                            {
                                "type": "text",
                                "text": "list of TE family representatives from REPET and RepeatModeler\n"
                            }
                        ]
                    },
                    {
                        "type": "rich_text_preformatted",
                        "elements": [
                            {
                                "type": "text",
                                "text": "[arensburger@pq:~\/Ptep3_TEs\/family_list]$ cat Ptep3-families.fa Ptep3_TEdenovo.fa > Ptep3_TEfam.fa"
                            }
                        ],
                        "border": 0
                    }
                ]
            }
        ],
        "team": "T017P3M8W7K",
        "user_team": "T017P3M8W7K",
        "source_team": "T017P3M8W7K",
        "user_profile": {
            "avatar_hash": "743a9fc0b5f6",
            "image_72": "https:\/\/avatars.slack-edge.com\/2022-06-30\/3731255580839_743a9fc0b5f63f195af3_72.jpg",
            "first_name": "parensburger",
            "real_name": "parensburger",
            "display_name": "Peter",
            "team": "T017P3M8W7K",
            "name": "parensburger",
            "is_restricted": false,
            "is_ultra_restricted": false
        }
    },
    {
        "client_msg_id": "5fb5f7f0-d551-455a-8be2-f1e45eb02602",
        "type": "message",
        "text": "Starting analysis, reducing redundancy in the list of family representatives\n```[arensburger@pq:~\/Ptep3_TEs\/reduce_redundancy]$ nohup cd-hit-est -i ..\/family_list\/Ptep3_TEfam.fa -o Ptep3_TEfam2.fa -d 0 -aS 0.8 -c 0.8 -G 0 -g 1 -b 500 -T 0 -M 0 &amp;```",
        "user": "U01793PULLV",
        "ts": "1658354496.869319",
        "blocks": [
            {
                "type": "rich_text",
                "block_id": "wSh9g",
                "elements": [
                    {
                        "type": "rich_text_section",
                        "elements": [
                            {
                                "type": "text",
                                "text": "Starting analysis, reducing redundancy in the list of family representatives\n"
                            }
                        ]
                    },
                    {
                        "type": "rich_text_preformatted",
                        "elements": [
                            {
                                "type": "text",
                                "text": "[arensburger@pq:~\/Ptep3_TEs\/reduce_redundancy]$ nohup cd-hit-est -i ..\/family_list\/Ptep3_TEfam.fa -o Ptep3_TEfam2.fa -d 0 -aS 0.8 -c 0.8 -G 0 -g 1 -b 500 -T 0 -M 0 &"
                            }
                        ],
                        "border": 0
                    }
                ]
            }
        ],
        "team": "T017P3M8W7K",
        "user_team": "T017P3M8W7K",
        "source_team": "T017P3M8W7K",
        "user_profile": {
            "avatar_hash": "743a9fc0b5f6",
            "image_72": "https:\/\/avatars.slack-edge.com\/2022-06-30\/3731255580839_743a9fc0b5f63f195af3_72.jpg",
            "first_name": "parensburger",
            "real_name": "parensburger",
            "display_name": "Peter",
            "team": "T017P3M8W7K",
            "name": "parensburger",
            "is_restricted": false,
            "is_ultra_restricted": false
        }
    },
    {
        "client_msg_id": "e9218d8b-64a5-47b6-82c4-fb4d8bc9863b",
        "type": "message",
        "text": "the cd-hit-est is taking a long time, try to see if I can do RM and REPET individually first\n```[arensburger@pq:~\/Ptep3_TEs\/reduce_redundancy\/test]$ nohup cd-hit-est -i ..\/..\/family_list\/Ptep3-families.fa -o Ptep3_RM-cdhit.fa -d 0 -aS 0.8 -c 0.8 -G 0 -g 1 -b 500 -T 8 -M 0 &amp;\n[arensburger@pq:~\/Ptep3_TEs\/reduce_redundancy\/test]$ nohup cd-hit-est -i ..\/..\/family_list\/Ptep3_TEdenovo.fa -o Ptep3_TEdenovo-cdhit.fa -d 0 -aS 0.8 -c 0.8 -G 0 -g 1 -b 500 -T 8 -M 0 &amp;```",
        "user": "U01793PULLV",
        "ts": "1658364908.681039",
        "blocks": [
            {
                "type": "rich_text",
                "block_id": "zjoHE",
                "elements": [
                    {
                        "type": "rich_text_section",
                        "elements": [
                            {
                                "type": "text",
                                "text": "the cd-hit-est is taking a long time, try to see if I can do RM and REPET individually first\n"
                            }
                        ]
                    },
                    {
                        "type": "rich_text_preformatted",
                        "elements": [
                            {
                                "type": "text",
                                "text": "[arensburger@pq:~\/Ptep3_TEs\/reduce_redundancy\/test]$ nohup cd-hit-est -i ..\/..\/family_list\/Ptep3-families.fa -o Ptep3_RM-cdhit.fa -d 0 -aS 0.8 -c 0.8 -G 0 -g 1 -b 500 -T 8 -M 0 &\n[arensburger@pq:~\/Ptep3_TEs\/reduce_redundancy\/test]$ nohup cd-hit-est -i ..\/..\/family_list\/Ptep3_TEdenovo.fa -o Ptep3_TEdenovo-cdhit.fa -d 0 -aS 0.8 -c 0.8 -G 0 -g 1 -b 500 -T 8 -M 0 &"
                            }
                        ],
                        "border": 0
                    }
                ]
            }
        ],
        "team": "T017P3M8W7K",
        "user_team": "T017P3M8W7K",
        "source_team": "T017P3M8W7K",
        "user_profile": {
            "avatar_hash": "743a9fc0b5f6",
            "image_72": "https:\/\/avatars.slack-edge.com\/2022-06-30\/3731255580839_743a9fc0b5f63f195af3_72.jpg",
            "first_name": "parensburger",
            "real_name": "parensburger",
            "display_name": "Peter",
            "team": "T017P3M8W7K",
            "name": "parensburger",
            "is_restricted": false,
            "is_ultra_restricted": false
        },
        "edited": {
            "user": "U01793PULLV",
            "ts": "1658366984.000000"
        }
    }
]