[
    {
        "client_msg_id": "82e6d51e-abe6-4482-bc4b-4ac39133b445",
        "type": "message",
        "text": "trying out the GRF in Ptep\n```[arensburger@pq ~\/Ptep3_TEstructure]$ head -n 100000 ~\/db\/Ptep3\/Ptep3.fa &gt; test.fa\n[arensburger@pq ~\/Ptep3_TEstructure]$ grf-main -i test.fa -o . -c 1 --min_tr 10 -t 16```\nthis gives me a fault. Some sequences seem too short, but perhaps the caps are an issue as well",
        "user": "U01793PULLV",
        "ts": "1655938809.064439",
        "blocks": [
            {
                "type": "rich_text",
                "block_id": "4zr2",
                "elements": [
                    {
                        "type": "rich_text_section",
                        "elements": [
                            {
                                "type": "text",
                                "text": "trying out the GRF in Ptep\n"
                            }
                        ]
                    },
                    {
                        "type": "rich_text_preformatted",
                        "elements": [
                            {
                                "type": "text",
                                "text": "[arensburger@pq ~\/Ptep3_TEstructure]$ head -n 100000 ~\/db\/Ptep3\/Ptep3.fa > test.fa\n[arensburger@pq ~\/Ptep3_TEstructure]$ grf-main -i test.fa -o . -c 1 --min_tr 10 -t 16"
                            }
                        ],
                        "border": 0
                    },
                    {
                        "type": "rich_text_section",
                        "elements": [
                            {
                                "type": "text",
                                "text": "this gives me a fault. Some sequences seem too short, but perhaps the caps are an issue as well"
                            }
                        ]
                    }
                ]
            }
        ],
        "team": "T017P3M8W7K",
        "user_team": "T017P3M8W7K",
        "source_team": "T017P3M8W7K",
        "user_profile": {
            "avatar_hash": "743a9fc0b5f6",
            "image_72": "https:\/\/avatars.slack-edge.com\/2022-06-30\/3731255580839_743a9fc0b5f63f195af3_72.jpg",
            "first_name": "parensburger",
            "real_name": "parensburger",
            "display_name": "Peter",
            "team": "T017P3M8W7K",
            "name": "parensburger",
            "is_restricted": false,
            "is_ultra_restricted": false
        }
    }
]