[
    {
        "client_msg_id": "fa4e760b-5030-4c89-a593-b86a34148f3c",
        "type": "message",
        "text": "I've got a plan for a script: get the 100+aa long orfs from the -genome_sequences.fa files, align the -genome_sequences.fa using muscle, display the ORFs as three letters on top of the alignment template. Hopefully this should help define the boundaries of a possible tanspoase.",
        "user": "U01793PULLV",
        "ts": "1664470689.672379",
        "blocks": [
            {
                "type": "rich_text",
                "block_id": "20pB",
                "elements": [
                    {
                        "type": "rich_text_section",
                        "elements": [
                            {
                                "type": "text",
                                "text": "I've got a plan for a script: get the 100+aa long orfs from the -genome_sequences.fa files, align the -genome_sequences.fa using muscle, display the ORFs as three letters on top of the alignment template. Hopefully this should help define the boundaries of a possible tanspoase."
                            }
                        ]
                    }
                ]
            }
        ],
        "team": "T017P3M8W7K",
        "user_team": "T017P3M8W7K",
        "source_team": "T017P3M8W7K",
        "user_profile": {
            "avatar_hash": "743a9fc0b5f6",
            "image_72": "https:\/\/avatars.slack-edge.com\/2022-06-30\/3731255580839_743a9fc0b5f63f195af3_72.jpg",
            "first_name": "parensburger",
            "real_name": "parensburger",
            "display_name": "Peter",
            "team": "T017P3M8W7K",
            "name": "parensburger",
            "is_restricted": false,
            "is_ultra_restricted": false
        }
    }
]