[
    {
        "client_msg_id": "85277a9d-a17e-4285-a25a-00123815794f",
        "type": "message",
        "text": "I'm getting a lot of ORFs and a bit lot in which are and are not relevant to identifying the elements. I think I need to prioritize the elements. That means I have to identify those elements that have 1) tsds, 2) intact tirs, 3) ORFs that match tranpsosases. Once I have the best of those things in order, I should be able to make a call about the identity of the element.",
        "user": "U01793PULLV",
        "ts": "1668036550.195129",
        "blocks": [
            {
                "type": "rich_text",
                "block_id": "UHU8N",
                "elements": [
                    {
                        "type": "rich_text_section",
                        "elements": [
                            {
                                "type": "text",
                                "text": "I'm getting a lot of ORFs and a bit lot in which are and are not relevant to identifying the elements. I think I need to prioritize the elements. That means I have to identify those elements that have 1) tsds, 2) intact tirs, 3) ORFs that match tranpsosases. Once I have the best of those things in order, I should be able to make a call about the identity of the element."
                            }
                        ]
                    }
                ]
            }
        ],
        "team": "T017P3M8W7K",
        "user_team": "T017P3M8W7K",
        "source_team": "T017P3M8W7K",
        "user_profile": {
            "avatar_hash": "743a9fc0b5f6",
            "image_72": "https:\/\/avatars.slack-edge.com\/2022-06-30\/3731255580839_743a9fc0b5f63f195af3_72.jpg",
            "first_name": "parensburger",
            "real_name": "parensburger",
            "display_name": "Peter",
            "team": "T017P3M8W7K",
            "name": "parensburger",
            "is_restricted": false,
            "is_ultra_restricted": false
        }
    },
    {
        "client_msg_id": "72e6fd4f-9c89-4602-af4a-3823fad7a6c4",
        "type": "message",
        "text": "modify script ..-get_real_sequences.pl to read the manual review file and output sequences with the TSDs",
        "user": "U01793PULLV",
        "ts": "1668037839.841119",
        "blocks": [
            {
                "type": "rich_text",
                "block_id": "Tamf",
                "elements": [
                    {
                        "type": "rich_text_section",
                        "elements": [
                            {
                                "type": "text",
                                "text": "modify script ..-get_real_sequences.pl to read the manual review file and output sequences with the TSDs"
                            }
                        ]
                    }
                ]
            }
        ],
        "team": "T017P3M8W7K",
        "user_team": "T017P3M8W7K",
        "source_team": "T017P3M8W7K",
        "user_profile": {
            "avatar_hash": "743a9fc0b5f6",
            "image_72": "https:\/\/avatars.slack-edge.com\/2022-06-30\/3731255580839_743a9fc0b5f63f195af3_72.jpg",
            "first_name": "parensburger",
            "real_name": "parensburger",
            "display_name": "Peter",
            "team": "T017P3M8W7K",
            "name": "parensburger",
            "is_restricted": false,
            "is_ultra_restricted": false
        }
    }
]