[
    {
        "client_msg_id": "8d6d7d1a-5715-4d1a-9b93-3ed465507ef9",
        "type": "message",
        "text": "improved the summary script some more. Still need to provide a way to record manual review",
        "user": "U01793PULLV",
        "ts": "1665102742.746139",
        "blocks": [
            {
                "type": "rich_text",
                "block_id": "jCu",
                "elements": [
                    {
                        "type": "rich_text_section",
                        "elements": [
                            {
                                "type": "text",
                                "text": "improved the summary script some more. Still need to provide a way to record manual review"
                            }
                        ]
                    }
                ]
            }
        ],
        "team": "T017P3M8W7K",
        "user_team": "T017P3M8W7K",
        "source_team": "T017P3M8W7K",
        "user_profile": {
            "avatar_hash": "743a9fc0b5f6",
            "image_72": "https:\/\/avatars.slack-edge.com\/2022-06-30\/3731255580839_743a9fc0b5f63f195af3_72.jpg",
            "first_name": "parensburger",
            "real_name": "parensburger",
            "display_name": "Peter",
            "team": "T017P3M8W7K",
            "name": "parensburger",
            "is_restricted": false,
            "is_ultra_restricted": false
        }
    }
]