[
    {
        "client_msg_id": "2cba0dc8-842d-4b35-8fe5-6892730efd05",
        "type": "message",
        "text": "I'm going to write a script to report for each folder the number of sequences from the alignment programs",
        "user": "U01793PULLV",
        "ts": "1658951475.882319",
        "blocks": [
            {
                "type": "rich_text",
                "block_id": "woYwK",
                "elements": [
                    {
                        "type": "rich_text_section",
                        "elements": [
                            {
                                "type": "text",
                                "text": "I'm going to write a script to report for each folder the number of sequences from the alignment programs"
                            }
                        ]
                    }
                ]
            }
        ],
        "team": "T017P3M8W7K",
        "user_team": "T017P3M8W7K",
        "source_team": "T017P3M8W7K",
        "user_profile": {
            "avatar_hash": "743a9fc0b5f6",
            "image_72": "https:\/\/avatars.slack-edge.com\/2022-06-30\/3731255580839_743a9fc0b5f63f195af3_72.jpg",
            "first_name": "parensburger",
            "real_name": "parensburger",
            "display_name": "Peter",
            "team": "T017P3M8W7K",
            "name": "parensburger",
            "is_restricted": false,
            "is_ultra_restricted": false
        },
        "thread_ts": "1658951475.882319",
        "reply_count": 1,
        "reply_users_count": 1,
        "latest_reply": "1658965436.585649",
        "reply_users": [
            "U01793PULLV"
        ],
        "replies": [
            {
                "user": "U01793PULLV",
                "ts": "1658965436.585649"
            }
        ],
        "is_locked": false,
        "subscribed": true,
        "last_read": "1658965436.585649"
    },
    {
        "client_msg_id": "a559d502-bd53-4b19-b85e-78bc062e686c",
        "type": "message",
        "text": "created script update_spreadsheet.pl in peter@faust:~\/Insync\/<mailto:arensburger@gmail.com|arensburger@gmail.com>\/Google Drive\/Work\/Research Analysis\/TE_discovery_Ptep3",
        "user": "U01793PULLV",
        "ts": "1658965436.585649",
        "blocks": [
            {
                "type": "rich_text",
                "block_id": "jZ+B",
                "elements": [
                    {
                        "type": "rich_text_section",
                        "elements": [
                            {
                                "type": "text",
                                "text": "created script update_spreadsheet.pl in peter@faust:~\/Insync\/"
                            },
                            {
                                "type": "link",
                                "url": "mailto:arensburger@gmail.com",
                                "text": "arensburger@gmail.com"
                            },
                            {
                                "type": "text",
                                "text": "\/Google Drive\/Work\/Research Analysis\/TE_discovery_Ptep3"
                            }
                        ]
                    }
                ]
            }
        ],
        "team": "T017P3M8W7K",
        "user_team": "T017P3M8W7K",
        "source_team": "T017P3M8W7K",
        "user_profile": {
            "avatar_hash": "743a9fc0b5f6",
            "image_72": "https:\/\/avatars.slack-edge.com\/2022-06-30\/3731255580839_743a9fc0b5f63f195af3_72.jpg",
            "first_name": "parensburger",
            "real_name": "parensburger",
            "display_name": "Peter",
            "team": "T017P3M8W7K",
            "name": "parensburger",
            "is_restricted": false,
            "is_ultra_restricted": false
        },
        "thread_ts": "1658951475.882319",
        "parent_user_id": "U01793PULLV"
    },
    {
        "client_msg_id": "800b888e-e65f-4496-b841-879fa796b94e",
        "type": "message",
        "text": "I'm finding more apparently mobile class 2 elements! What I need to is modify the \"check_tir2.pl\" script (uploaded to faust Desktop), to identify TIRs by making a consenus (level to be determined) but ignoring gaps, then compare the ends with blastn or something to find TIRs, should also incorporate reporting TSD numbers.",
        "user": "U01793PULLV",
        "ts": "1658973100.276349",
        "blocks": [
            {
                "type": "rich_text",
                "block_id": "Y1Xsp",
                "elements": [
                    {
                        "type": "rich_text_section",
                        "elements": [
                            {
                                "type": "text",
                                "text": "I'm finding more apparently mobile class 2 elements! What I need to is modify the \"check_tir2.pl\" script (uploaded to faust Desktop), to identify TIRs by making a consenus (level to be determined) but ignoring gaps, then compare the ends with blastn or something to find TIRs, should also incorporate reporting TSD numbers."
                            }
                        ]
                    }
                ]
            }
        ],
        "team": "T017P3M8W7K",
        "user_team": "T017P3M8W7K",
        "source_team": "T017P3M8W7K",
        "user_profile": {
            "avatar_hash": "743a9fc0b5f6",
            "image_72": "https:\/\/avatars.slack-edge.com\/2022-06-30\/3731255580839_743a9fc0b5f63f195af3_72.jpg",
            "first_name": "parensburger",
            "real_name": "parensburger",
            "display_name": "Peter",
            "team": "T017P3M8W7K",
            "name": "parensburger",
            "is_restricted": false,
            "is_ultra_restricted": false
        }
    }
]