[
    {
        "client_msg_id": "bbd4c0ae-f403-4d4b-b7d2-4e3e86c6df79",
        "type": "message",
        "text": "installed TRF on faust, based on <https:\/\/pubmed.ncbi.nlm.nih.gov\/27542599\/|Guizard pape>r I should get different answer from RepeatMasker",
        "user": "U01793PULLV",
        "ts": "1656526232.844219",
        "blocks": [
            {
                "type": "rich_text",
                "block_id": "tMvIu",
                "elements": [
                    {
                        "type": "rich_text_section",
                        "elements": [
                            {
                                "type": "text",
                                "text": "installed TRF on faust, based on "
                            },
                            {
                                "type": "link",
                                "url": "https:\/\/pubmed.ncbi.nlm.nih.gov\/27542599\/",
                                "text": "Guizard pape"
                            },
                            {
                                "type": "text",
                                "text": "r I should get different answer from RepeatMasker"
                            }
                        ]
                    }
                ]
            }
        ],
        "team": "T017P3M8W7K",
        "user_team": "T017P3M8W7K",
        "source_team": "T017P3M8W7K",
        "user_profile": {
            "avatar_hash": "743a9fc0b5f6",
            "image_72": "https:\/\/avatars.slack-edge.com\/2022-06-30\/3731255580839_743a9fc0b5f63f195af3_72.jpg",
            "first_name": "parensburger",
            "real_name": "parensburger",
            "display_name": "Peter",
            "team": "T017P3M8W7K",
            "name": "parensburger",
            "is_restricted": false,
            "is_ultra_restricted": false
        },
        "attachments": [
            {
                "from_url": "https:\/\/pubmed.ncbi.nlm.nih.gov\/27542599\/",
                "thumb_url": "https:\/\/cdn.ncbi.nlm.nih.gov\/pubmed\/persistent\/pubmed-meta-image.png",
                "thumb_width": 1200,
                "thumb_height": 1200,
                "service_icon": "https:\/\/cdn.ncbi.nlm.nih.gov\/coreutils\/nwds\/img\/favicons\/favicon-57.png",
                "id": 1,
                "original_url": "https:\/\/pubmed.ncbi.nlm.nih.gov\/27542599\/",
                "fallback": "PubMed: Deep landscape update of dispersed and tandem repeats in the genome model of the red jungle fowl, Gallus gallus, using a series of de novo investigating tools - PubMed",
                "text": "Our results are a proof of concept of the reliability of using de novo tools to annotate repeats in large animal genomes. They have also revealed issues that will need to be resolved in order to develop gold-standard methodologies for annotating repeats in eukaryote genomes.",
                "title": "Deep landscape update of dispersed and tandem repeats in the genome model of the red jungle fowl, Gallus gallus, using a series of de novo investigating tools - PubMed",
                "title_link": "https:\/\/pubmed.ncbi.nlm.nih.gov\/27542599\/",
                "service_name": "PubMed"
            }
        ]
    },
    {
        "type": "message",
        "text": "did a test of trf on the first 100,000 lines of Ptep3, and out of a total of 5,967,615 base pairs, 882,376 were covered by the trf program, which is quite significant amount (compare to 4.08% for Galgal4). Got these number by using a quick script in the Ptep3_trf folder. Used trf parameters from the Guizard paper\n```peter@faust:~\/Ptep3_trf$ trf test.fa 2 5 7 80  10 25 2000 -f -d -m```",
        "files": [
            {
                "id": "F03MQSEU1D1",
                "created": 1656533250,
                "timestamp": 1656533250,
                "name": "trf_count.pl",
                "title": "trf_count.pl",
                "mimetype": "text\/plain",
                "filetype": "perl",
                "pretty_type": "Perl",
                "user": "U01793PULLV",
                "user_team": "T017P3M8W7K",
                "editable": true,
                "size": 481,
                "mode": "snippet",
                "is_external": false,
                "external_type": "",
                "is_public": true,
                "public_url_shared": false,
                "display_as_bot": false,
                "username": "",
                "url_private": "https:\/\/files.slack.com\/files-pri\/T017P3M8W7K-F03MQSEU1D1\/trf_count.pl?t=xoxe-1261123302257-6395895314663-6407612319125-137f2171a6b5696e8e285d5b7bbfa693",
                "url_private_download": "https:\/\/files.slack.com\/files-pri\/T017P3M8W7K-F03MQSEU1D1\/download\/trf_count.pl?t=xoxe-1261123302257-6395895314663-6407612319125-137f2171a6b5696e8e285d5b7bbfa693",
                "permalink": "https:\/\/arensburgerla-9bj1862.slack.com\/files\/U01793PULLV\/F03MQSEU1D1\/trf_count.pl",
                "permalink_public": "https:\/\/slack-files.com\/T017P3M8W7K-F03MQSEU1D1-c19beb8cea",
                "edit_link": "https:\/\/arensburgerla-9bj1862.slack.com\/files\/U01793PULLV\/F03MQSEU1D1\/trf_count.pl\/edit",
                "is_starred": false,
                "has_rich_preview": false,
                "file_access": "visible"
            }
        ],
        "upload": false,
        "user": "U01793PULLV",
        "display_as_bot": false,
        "ts": "1656533263.226259",
        "blocks": [
            {
                "type": "rich_text",
                "block_id": "rte",
                "elements": [
                    {
                        "type": "rich_text_section",
                        "elements": [
                            {
                                "type": "text",
                                "text": "did a test of trf on the first 100,000 lines of Ptep3, and out of a total of 5,967,615 base pairs, 882,376 were covered by the trf program, which is quite significant amount (compare to 4.08% for Galgal4). Got these number by using a quick script in the Ptep3_trf folder. Used trf parameters from the Guizard paper\n"
                            }
                        ]
                    },
                    {
                        "type": "rich_text_preformatted",
                        "elements": [
                            {
                                "type": "text",
                                "text": "peter@faust:~\/Ptep3_trf$ trf test.fa 2 5 7 80  10 25 2000 -f -d -m"
                            }
                        ],
                        "border": 0
                    }
                ]
            }
        ],
        "edited": {
            "user": "U01793PULLV",
            "ts": "1656533427.000000"
        },
        "client_msg_id": "969a49fa-0f21-46ef-af8c-0bced35f81d6"
    },
    {
        "client_msg_id": "703ddcb8-dfff-4e93-b6b1-63a807793594",
        "type": "message",
        "text": "The lower case letters in the Ptep3.fa are from the NCBI WindowMasked program, it's 50.3% of the genome as reported on <https:\/\/www.ncbi.nlm.nih.gov\/genome\/annotation_euk\/Parasteatoda_tepidariorum\/102\/#MaskingPercentagesReport|NCBI>. I double checked myself that number of masked letters.",
        "user": "U01793PULLV",
        "ts": "1656535249.350849",
        "blocks": [
            {
                "type": "rich_text",
                "block_id": "gRcF4",
                "elements": [
                    {
                        "type": "rich_text_section",
                        "elements": [
                            {
                                "type": "text",
                                "text": "The lower case letters in the Ptep3.fa are from the NCBI WindowMasked program, it's 50.3% of the genome as reported on "
                            },
                            {
                                "type": "link",
                                "url": "https:\/\/www.ncbi.nlm.nih.gov\/genome\/annotation_euk\/Parasteatoda_tepidariorum\/102\/#MaskingPercentagesReport",
                                "text": "NCBI"
                            },
                            {
                                "type": "text",
                                "text": ". I double checked myself that number of masked letters."
                            }
                        ]
                    }
                ]
            }
        ],
        "team": "T017P3M8W7K",
        "user_team": "T017P3M8W7K",
        "source_team": "T017P3M8W7K",
        "user_profile": {
            "avatar_hash": "743a9fc0b5f6",
            "image_72": "https:\/\/avatars.slack-edge.com\/2022-06-30\/3731255580839_743a9fc0b5f63f195af3_72.jpg",
            "first_name": "parensburger",
            "real_name": "parensburger",
            "display_name": "Peter",
            "team": "T017P3M8W7K",
            "name": "parensburger",
            "is_restricted": false,
            "is_ultra_restricted": false
        }
    },
    {
        "client_msg_id": "1aab4379-a6bf-495e-9ce3-11a84bf53928",
        "type": "message",
        "text": "running trf on the whole genome\n```peter@faust:~\/Ptep3_trf$ nohup trf Ptep3.fa 2 5 7 80  10 25 2000 -d -m -h &amp;```",
        "user": "U01793PULLV",
        "ts": "1656535987.265679",
        "blocks": [
            {
                "type": "rich_text",
                "block_id": "9non",
                "elements": [
                    {
                        "type": "rich_text_section",
                        "elements": [
                            {
                                "type": "text",
                                "text": "running trf on the whole genome\n"
                            }
                        ]
                    },
                    {
                        "type": "rich_text_preformatted",
                        "elements": [
                            {
                                "type": "text",
                                "text": "peter@faust:~\/Ptep3_trf$ nohup trf Ptep3.fa 2 5 7 80  10 25 2000 -d -m -h &"
                            }
                        ],
                        "border": 0
                    }
                ]
            }
        ],
        "team": "T017P3M8W7K",
        "user_team": "T017P3M8W7K",
        "source_team": "T017P3M8W7K",
        "user_profile": {
            "avatar_hash": "743a9fc0b5f6",
            "image_72": "https:\/\/avatars.slack-edge.com\/2022-06-30\/3731255580839_743a9fc0b5f63f195af3_72.jpg",
            "first_name": "parensburger",
            "real_name": "parensburger",
            "display_name": "Peter",
            "team": "T017P3M8W7K",
            "name": "parensburger",
            "is_restricted": false,
            "is_ultra_restricted": false
        }
    },
    {
        "client_msg_id": "283bfc80-4086-4d95-a737-2453e643a78f",
        "type": "message",
        "text": "with REPETdenovo classification of repeats is found in file \/home\/centos\/Ptep33_TEdenovo\/Ptep33_Blaster_GrpRec_Map_TEclassif_Filtered\/Ptep33_sim_denovoLibTEs_PC_filtered.classif\n\nthe sequences are in \/home\/centos\/Ptep33_TEdenovo\/Ptep33_Blaster_GrpRec_Map_TEclassif_Filtered\/Ptep33_sim_denovoLibTEs_filtered.fa, I see 14,793 repeat sequences in current version (compare to  3,926 in Galgal).",
        "user": "U01793PULLV",
        "ts": "1656541381.666259",
        "blocks": [
            {
                "type": "rich_text",
                "block_id": "0QaW",
                "elements": [
                    {
                        "type": "rich_text_section",
                        "elements": [
                            {
                                "type": "text",
                                "text": "with REPETdenovo classification of repeats is found in file \/home\/centos\/Ptep33_TEdenovo\/Ptep33_Blaster_GrpRec_Map_TEclassif_Filtered\/Ptep33_sim_denovoLibTEs_PC_filtered.classif\n\nthe sequences are in \/home\/centos\/Ptep33_TEdenovo\/Ptep33_Blaster_GrpRec_Map_TEclassif_Filtered\/Ptep33_sim_denovoLibTEs_filtered.fa, I see 14,793 repeat sequences in current version (compare to  3,926 in Galgal)."
                            }
                        ]
                    }
                ]
            }
        ],
        "team": "T017P3M8W7K",
        "user_team": "T017P3M8W7K",
        "source_team": "T017P3M8W7K",
        "user_profile": {
            "avatar_hash": "743a9fc0b5f6",
            "image_72": "https:\/\/avatars.slack-edge.com\/2022-06-30\/3731255580839_743a9fc0b5f63f195af3_72.jpg",
            "first_name": "parensburger",
            "real_name": "parensburger",
            "display_name": "Peter",
            "team": "T017P3M8W7K",
            "name": "parensburger",
            "is_restricted": false,
            "is_ultra_restricted": false
        }
    },
    {
        "client_msg_id": "87d605d0-af76-4efc-82d8-3247b006287c",
        "type": "message",
        "text": "Reading the Guizard paper, the output of TEdenovo is filtered for those TEs that have a least one full copy in the genome, this is accomplished by using the scripts:\n```[centos@ab7cc9f050f3 DmelChr4_TEdenovo]$ PostAnalyzeTELib.py -a 3 -g 1303012 -p DmelChr4_chr_allTEs_nr_noSSR_join_path -s DmelChr4_refTEs_seq\n[centos@ab7cc9f050f3 DmelChr4_TEdenovo]$ GetSpecificTELibAccordingToAnnotation.py -i DmelChr4_chr_allTEs_nr_noSSR_join_path.annotStatsPerTE.tab -t DmelChr4_refTEs_seq```",
        "user": "U01793PULLV",
        "ts": "1656542529.155659",
        "blocks": [
            {
                "type": "rich_text",
                "block_id": "vSD",
                "elements": [
                    {
                        "type": "rich_text_section",
                        "elements": [
                            {
                                "type": "text",
                                "text": "Reading the Guizard paper, the output of TEdenovo is filtered for those TEs that have a least one full copy in the genome, this is accomplished by using the scripts:\n"
                            }
                        ]
                    },
                    {
                        "type": "rich_text_preformatted",
                        "elements": [
                            {
                                "type": "text",
                                "text": "[centos@ab7cc9f050f3 DmelChr4_TEdenovo]$ PostAnalyzeTELib.py -a 3 -g 1303012 -p DmelChr4_chr_allTEs_nr_noSSR_join_path -s DmelChr4_refTEs_seq\n[centos@ab7cc9f050f3 DmelChr4_TEdenovo]$ GetSpecificTELibAccordingToAnnotation.py -i DmelChr4_chr_allTEs_nr_noSSR_join_path.annotStatsPerTE.tab -t DmelChr4_refTEs_seq"
                            }
                        ],
                        "border": 0
                    }
                ]
            }
        ],
        "team": "T017P3M8W7K",
        "user_team": "T017P3M8W7K",
        "source_team": "T017P3M8W7K",
        "user_profile": {
            "avatar_hash": "743a9fc0b5f6",
            "image_72": "https:\/\/avatars.slack-edge.com\/2022-06-30\/3731255580839_743a9fc0b5f63f195af3_72.jpg",
            "first_name": "parensburger",
            "real_name": "parensburger",
            "display_name": "Peter",
            "team": "T017P3M8W7K",
            "name": "parensburger",
            "is_restricted": false,
            "is_ultra_restricted": false
        }
    },
    {
        "client_msg_id": "f4349dc6-bcd1-450d-b8a4-5af4c71ba1f5",
        "type": "message",
        "text": "I'll run the PostAnalyze script on Ptep33 to get those repeats that have at least one full length copy",
        "user": "U01793PULLV",
        "ts": "1656542810.900969",
        "blocks": [
            {
                "type": "rich_text",
                "block_id": "YoKn",
                "elements": [
                    {
                        "type": "rich_text_section",
                        "elements": [
                            {
                                "type": "text",
                                "text": "I'll run the PostAnalyze script on Ptep33 to get those repeats that have at least one full length copy"
                            }
                        ]
                    }
                ]
            }
        ],
        "team": "T017P3M8W7K",
        "user_team": "T017P3M8W7K",
        "source_team": "T017P3M8W7K",
        "user_profile": {
            "avatar_hash": "743a9fc0b5f6",
            "image_72": "https:\/\/avatars.slack-edge.com\/2022-06-30\/3731255580839_743a9fc0b5f63f195af3_72.jpg",
            "first_name": "parensburger",
            "real_name": "parensburger",
            "display_name": "Peter",
            "team": "T017P3M8W7K",
            "name": "parensburger",
            "is_restricted": false,
            "is_ultra_restricted": false
        }
    },
    {
        "client_msg_id": "7009ea89-f438-4594-adca-a6459466e4b0",
        "type": "message",
        "text": "Tandem Repeat Finder is done on P. tep, it annotated 162,786,082 bases total of a total genome size for Ptep3 of 1,228,972,128 (as determined by script genome_size.pl in the utilities folder), so that it 13% of the whole genome.\n\nGiven this, I should run all my analyses on this masked genome.",
        "user": "U01793PULLV",
        "ts": "1656543335.720199",
        "blocks": [
            {
                "type": "rich_text",
                "block_id": "GU8s",
                "elements": [
                    {
                        "type": "rich_text_section",
                        "elements": [
                            {
                                "type": "text",
                                "text": "Tandem Repeat Finder is done on P. tep, it annotated 162,786,082 bases total of a total genome size for Ptep3 of 1,228,972,128 (as determined by script genome_size.pl in the utilities folder), so that it 13% of the whole genome.\n\nGiven this, I should run all my analyses on this masked genome."
                            }
                        ]
                    }
                ]
            }
        ],
        "team": "T017P3M8W7K",
        "user_team": "T017P3M8W7K",
        "source_team": "T017P3M8W7K",
        "user_profile": {
            "avatar_hash": "743a9fc0b5f6",
            "image_72": "https:\/\/avatars.slack-edge.com\/2022-06-30\/3731255580839_743a9fc0b5f63f195af3_72.jpg",
            "first_name": "parensburger",
            "real_name": "parensburger",
            "display_name": "Peter",
            "team": "T017P3M8W7K",
            "name": "parensburger",
            "is_restricted": false,
            "is_ultra_restricted": false
        }
    }
]