[
    {
        "client_msg_id": "85168d1f-da00-4d0d-95a7-7897a8d75887",
        "type": "message",
        "text": "I'm going to separate the analysis into two scripts. Once script, process_folders-display_orfs2.pl, will isolate the transposase sequences based on length, and abundance of ends. Another script will run a comparison of those sequences to interpro. This is because it's a lot more efficient to do the second part with all the sequences at once.",
        "user": "U01793PULLV",
        "ts": "1666843831.619679",
        "blocks": [
            {
                "type": "rich_text",
                "block_id": "koMD",
                "elements": [
                    {
                        "type": "rich_text_section",
                        "elements": [
                            {
                                "type": "text",
                                "text": "I'm going to separate the analysis into two scripts. Once script, process_folders-display_orfs2.pl, will isolate the transposase sequences based on length, and abundance of ends. Another script will run a comparison of those sequences to interpro. This is because it's a lot more efficient to do the second part with all the sequences at once."
                            }
                        ]
                    }
                ]
            }
        ],
        "team": "T017P3M8W7K",
        "user_team": "T017P3M8W7K",
        "source_team": "T017P3M8W7K",
        "user_profile": {
            "avatar_hash": "743a9fc0b5f6",
            "image_72": "https:\/\/avatars.slack-edge.com\/2022-06-30\/3731255580839_743a9fc0b5f63f195af3_72.jpg",
            "first_name": "parensburger",
            "real_name": "parensburger",
            "display_name": "Peter",
            "team": "T017P3M8W7K",
            "name": "parensburger",
            "is_restricted": false,
            "is_ultra_restricted": false
        }
    }
]