[
    {
        "type": "message",
        "text": "Created basic database of TE families",
        "files": [
            {
                "id": "F03QPKAQD53",
                "mode": "tombstone"
            }
        ],
        "upload": false,
        "user": "U01793PULLV",
        "display_as_bot": false,
        "ts": "1658701146.425449",
        "blocks": [
            {
                "type": "rich_text",
                "block_id": "XH5k+",
                "elements": [
                    {
                        "type": "rich_text_section",
                        "elements": [
                            {
                                "type": "text",
                                "text": "Created basic database of TE families"
                            }
                        ]
                    }
                ]
            }
        ],
        "client_msg_id": "5a1aea6b-c38e-4c76-8899-78ba2a27bca1"
    }
]