[
    {
        "type": "message",
        "text": "improved the ORF script. I can now give a consensus transposase sequence for the top and bottom strand based on ORFs. The next step would be to run this script on all the sequences and do an NR Blast search for for each consensus and report the results. What I'm getting at is that I'll be able to decide on the transposase based on:\n\n1. Pfam domains derived from interpro\n2. blast nr based on consensus sequence\n3. existing Pt gene annotations inside of the TEs",
        "files": [
            {
                "id": "F045BTR7R8R",
                "created": 1664844506,
                "timestamp": 1664844506,
                "name": "process_folders-display_orfs.pl",
                "title": "process_folders-display_orfs.pl",
                "mimetype": "text\/plain",
                "filetype": "perl",
                "pretty_type": "Perl",
                "user": "U01793PULLV",
                "user_team": "T017P3M8W7K",
                "editable": true,
                "size": 13027,
                "mode": "snippet",
                "is_external": false,
                "external_type": "",
                "is_public": true,
                "public_url_shared": false,
                "display_as_bot": false,
                "username": "",
                "url_private": "https:\/\/files.slack.com\/files-pri\/T017P3M8W7K-F045BTR7R8R\/process_folders-display_orfs.pl?t=xoxe-1261123302257-6395895314663-6407612319125-137f2171a6b5696e8e285d5b7bbfa693",
                "url_private_download": "https:\/\/files.slack.com\/files-pri\/T017P3M8W7K-F045BTR7R8R\/download\/process_folders-display_orfs.pl?t=xoxe-1261123302257-6395895314663-6407612319125-137f2171a6b5696e8e285d5b7bbfa693",
                "permalink": "https:\/\/arensburgerla-9bj1862.slack.com\/files\/U01793PULLV\/F045BTR7R8R\/process_folders-display_orfs.pl",
                "permalink_public": "https:\/\/slack-files.com\/T017P3M8W7K-F045BTR7R8R-270a1d221e",
                "edit_link": "https:\/\/arensburgerla-9bj1862.slack.com\/files\/U01793PULLV\/F045BTR7R8R\/process_folders-display_orfs.pl\/edit",
                "is_starred": false,
                "has_rich_preview": false,
                "file_access": "visible"
            }
        ],
        "upload": false,
        "user": "U01793PULLV",
        "display_as_bot": false,
        "ts": "1664844527.658439",
        "blocks": [
            {
                "type": "rich_text",
                "block_id": "0jGSO",
                "elements": [
                    {
                        "type": "rich_text_section",
                        "elements": [
                            {
                                "type": "text",
                                "text": "improved the ORF script. I can now give a consensus transposase sequence for the top and bottom strand based on ORFs. The next step would be to run this script on all the sequences and do an NR Blast search for for each consensus and report the results. What I'm getting at is that I'll be able to decide on the transposase based on:\n\n"
                            }
                        ]
                    },
                    {
                        "type": "rich_text_list",
                        "elements": [
                            {
                                "type": "rich_text_section",
                                "elements": [
                                    {
                                        "type": "text",
                                        "text": "Pfam domains derived from interpro"
                                    }
                                ]
                            },
                            {
                                "type": "rich_text_section",
                                "elements": [
                                    {
                                        "type": "text",
                                        "text": "blast nr based on consensus sequence"
                                    }
                                ]
                            },
                            {
                                "type": "rich_text_section",
                                "elements": [
                                    {
                                        "type": "text",
                                        "text": "existing Pt gene annotations inside of the TEs"
                                    }
                                ]
                            }
                        ],
                        "style": "ordered",
                        "indent": 0,
                        "border": 0
                    }
                ]
            }
        ],
        "client_msg_id": "4bd0ca9c-36c7-4686-afb3-ef3e7c4b4b83"
    }
]