[
    {
        "client_msg_id": "e6690777-d99b-4fa6-af6b-a505364895e8",
        "type": "message",
        "text": "running the same TEdenovo pipeline but without the --struct parts to see if it many any difference in the end\n```[centos@ab7cc9f050f3 DmelChr42_TEdenovo]$ more run_TEannot.sh \n#!\/usr\/bin\/bash\n\nPN=\"DmelChr42\" # project name\n\n#TEdenovo.py -P $PN -C TEdenovo.cfg -S 1\nTEdenovo.py -P $PN -C TEdenovo.cfg -S 2 -s Blaster\n#TEdenovo.py -P $PN -C TEdenovo.cfg -S 2 --struct\nTEdenovo.py -P $PN -C TEdenovo.cfg -S 3 -s Blaster -c Grouper\nTEdenovo.py -P $PN -C TEdenovo.cfg -S 3 -s Blaster -c Recon\nTEdenovo.py -P $PN -C TEdenovo.cfg -S 3 -s Blaster -c Piler\n#TEdenovo.py -P $PN -C TEdenovo.cfg -S 3 --struct\nTEdenovo.py -P $PN -C TEdenovo.cfg -S 4 -s Blaster -c Grouper -m Map\nTEdenovo.py -P $PN -C TEdenovo.cfg -S 4 -s Blaster -c Recon -m Map\nTEdenovo.py -P $PN -C TEdenovo.cfg -S 4 -s Blaster -c Piler -m Map\n#TEdenovo.py -P $PN -C TEdenovo.cfg -S 4 --struct -m Map\nTEdenovo.py -P $PN -C TEdenovo.cfg -S 5 -s Blaster -c GrpRecPil -m Map\n#TEdenovo.py -P $PN -C TEdenovo.cfg -S 5 -m Map --struct\nTEdenovo.py -P $PN -C TEdenovo.cfg -S 6 -s Blaster -c GrpRecPil -m Map\n#TEdenovo.py -P $PN -C TEdenovo.cfg -S 6 -m Map --struct\nTEdenovo.py -P $PN -C TEdenovo.cfg -S 7 -s Blaster -c GrpRecPil -m Map\nTEdenovo.py -P $PN -C TEdenovo.cfg -S 8 -s Blaster -c GrpRecPil -m Map -f Blastclust\nTEdenovo.py -P $PN -C TEdenovo.cfg -S 8 -s Blaster -c GrpRecPil -m Map -f MCL```\nIt makes no difference in this case\n```[centos@ab7cc9f050f3 DmelChr42_TEdenovo]$ diff DmelChr42_Blaster_GrpRecPil_Map_TEclassif_Filtered_Blastclust\/DmelChr42_sim_denovoLibTEs_filtered.fa ..\/DmelChr4_TEdenovo\/DmelChr4_Blaster_GrpRecPil_Map_TEclassif_Filtered_Blastclust\/DmelChr4_sim_denovoLibTEs_filtered.fa```",
        "user": "U01793PULLV",
        "ts": "1655754911.898469",
        "blocks": [
            {
                "type": "rich_text",
                "block_id": "txa",
                "elements": [
                    {
                        "type": "rich_text_section",
                        "elements": [
                            {
                                "type": "text",
                                "text": "running the same TEdenovo pipeline but without the --struct parts to see if it many any difference in the end\n"
                            }
                        ]
                    },
                    {
                        "type": "rich_text_preformatted",
                        "elements": [
                            {
                                "type": "text",
                                "text": "[centos@ab7cc9f050f3 DmelChr42_TEdenovo]$ more run_TEannot.sh \n#!\/usr\/bin\/bash\n\nPN=\"DmelChr42\" # project name\n\n#TEdenovo.py -P $PN -C TEdenovo.cfg -S 1\nTEdenovo.py -P $PN -C TEdenovo.cfg -S 2 -s Blaster\n#TEdenovo.py -P $PN -C TEdenovo.cfg -S 2 --struct\nTEdenovo.py -P $PN -C TEdenovo.cfg -S 3 -s Blaster -c Grouper\nTEdenovo.py -P $PN -C TEdenovo.cfg -S 3 -s Blaster -c Recon\nTEdenovo.py -P $PN -C TEdenovo.cfg -S 3 -s Blaster -c Piler\n#TEdenovo.py -P $PN -C TEdenovo.cfg -S 3 --struct\nTEdenovo.py -P $PN -C TEdenovo.cfg -S 4 -s Blaster -c Grouper -m Map\nTEdenovo.py -P $PN -C TEdenovo.cfg -S 4 -s Blaster -c Recon -m Map\nTEdenovo.py -P $PN -C TEdenovo.cfg -S 4 -s Blaster -c Piler -m Map\n#TEdenovo.py -P $PN -C TEdenovo.cfg -S 4 --struct -m Map\nTEdenovo.py -P $PN -C TEdenovo.cfg -S 5 -s Blaster -c GrpRecPil -m Map\n#TEdenovo.py -P $PN -C TEdenovo.cfg -S 5 -m Map --struct\nTEdenovo.py -P $PN -C TEdenovo.cfg -S 6 -s Blaster -c GrpRecPil -m Map\n#TEdenovo.py -P $PN -C TEdenovo.cfg -S 6 -m Map --struct\nTEdenovo.py -P $PN -C TEdenovo.cfg -S 7 -s Blaster -c GrpRecPil -m Map\nTEdenovo.py -P $PN -C TEdenovo.cfg -S 8 -s Blaster -c GrpRecPil -m Map -f Blastclust\nTEdenovo.py -P $PN -C TEdenovo.cfg -S 8 -s Blaster -c GrpRecPil -m Map -f MCL"
                            }
                        ],
                        "border": 0
                    },
                    {
                        "type": "rich_text_section",
                        "elements": [
                            {
                                "type": "text",
                                "text": "It makes no difference in this case\n"
                            }
                        ]
                    },
                    {
                        "type": "rich_text_preformatted",
                        "elements": [
                            {
                                "type": "text",
                                "text": "[centos@ab7cc9f050f3 DmelChr42_TEdenovo]$ diff DmelChr42_Blaster_GrpRecPil_Map_TEclassif_Filtered_Blastclust\/DmelChr42_sim_denovoLibTEs_filtered.fa ..\/DmelChr4_TEdenovo\/DmelChr4_Blaster_GrpRecPil_Map_TEclassif_Filtered_Blastclust\/DmelChr4_sim_denovoLibTEs_filtered.fa"
                            }
                        ],
                        "border": 0
                    }
                ]
            }
        ],
        "team": "T017P3M8W7K",
        "user_team": "T017P3M8W7K",
        "source_team": "T017P3M8W7K",
        "user_profile": {
            "avatar_hash": "743a9fc0b5f6",
            "image_72": "https:\/\/avatars.slack-edge.com\/2022-06-30\/3731255580839_743a9fc0b5f63f195af3_72.jpg",
            "first_name": "parensburger",
            "real_name": "parensburger",
            "display_name": "Peter",
            "team": "T017P3M8W7K",
            "name": "parensburger",
            "is_restricted": false,
            "is_ultra_restricted": false
        }
    },
    {
        "client_msg_id": "78005013-ff6f-4c89-b2ad-f606c7aa307e",
        "type": "message",
        "text": "Next I'm going to see if I can run this on the spider genome in one go.\n```[centos@ab7cc9f050f3 Ptep32_TEannot]$ head -n 22000 ..\/Ptep3_TEdenovo\/Ptep3.fa &gt; Ptep32.fa\n[centos@ab7cc9f050f3 Ptep32_TEdenovo]$ sh run_TEdenovo.sh```\nthis works",
        "user": "U01793PULLV",
        "ts": "1655755689.451839",
        "blocks": [
            {
                "type": "rich_text",
                "block_id": "C1u4",
                "elements": [
                    {
                        "type": "rich_text_section",
                        "elements": [
                            {
                                "type": "text",
                                "text": "Next I'm going to see if I can run this on the spider genome in one go.\n"
                            }
                        ]
                    },
                    {
                        "type": "rich_text_preformatted",
                        "elements": [
                            {
                                "type": "text",
                                "text": "[centos@ab7cc9f050f3 Ptep32_TEannot]$ head -n 22000 ..\/Ptep3_TEdenovo\/Ptep3.fa > Ptep32.fa\n[centos@ab7cc9f050f3 Ptep32_TEdenovo]$ sh run_TEdenovo.sh"
                            }
                        ],
                        "border": 0
                    },
                    {
                        "type": "rich_text_section",
                        "elements": [
                            {
                                "type": "text",
                                "text": "this works"
                            }
                        ]
                    }
                ]
            }
        ],
        "team": "T017P3M8W7K",
        "user_team": "T017P3M8W7K",
        "source_team": "T017P3M8W7K",
        "user_profile": {
            "avatar_hash": "743a9fc0b5f6",
            "image_72": "https:\/\/avatars.slack-edge.com\/2022-06-30\/3731255580839_743a9fc0b5f63f195af3_72.jpg",
            "first_name": "parensburger",
            "real_name": "parensburger",
            "display_name": "Peter",
            "team": "T017P3M8W7K",
            "name": "parensburger",
            "is_restricted": false,
            "is_ultra_restricted": false
        }
    },
    {
        "client_msg_id": "90d896b7-00a0-4ab3-bc31-07a93c4a3508",
        "type": "message",
        "text": "Trying to get TEannot to work\n```[centos@ab7cc9f050f3 DmelChr4_TEannot]$ ln -s $REPET_PATH\/db\/DmelChr4.fa\n[centos@ab7cc9f050f3 DmelChr4_TEannot]$ ln -s ..\/DmelChr4_TEdenovo\/DmelChr4_Blaster_GrpRecPil_Map_TEclassif_Filtered\/DmelChr4_sim_denovoLibTEs_filtered.fa DmelChr4_refTEs.fa\n[centos@ab7cc9f050f3 DmelChr4_TEannot]$ cp $REPET_PATH\/config\/TEannot.cfg .\n[centos@ab7cc9f050f3 DmelChr4_TEannot]$ TEannot.py -P DmelChr4 -C TEannot.cfg -S 1\n[centos@ab7cc9f050f3 DmelChr4_TEannot]$ TEannot.py -P DmelChr4 -C TEannot.cfg -S 2 -a BLR\n[centos@ab7cc9f050f3 DmelChr4_TEannot]$ TEannot.py -P DmelChr4 -C TEannot.cfg -S 2 -a RM\n[centos@ab7cc9f050f3 DmelChr4_TEannot]$ TEannot.py -P DmelChr4 -C TEannot.cfg -S 2 -a CEN\n[centos@ab7cc9f050f3 DmelChr4_TEannot]$ TEannot.py -P DmelChr4 -C TEannot.cfg -S 2 -a BLR -r\n[centos@ab7cc9f050f3 DmelChr4_TEannot]$ TEannot.py -P DmelChr4 -C TEannot.cfg -S 2 -a RM -r\n[centos@ab7cc9f050f3 DmelChr4_TEannot]$ TEannot.py -P DmelChr4 -C TEannot.cfg -S 2 -a CEN -r\n[centos@ab7cc9f050f3 DmelChr4_TEannot]$ TEannot.py -P DmelChr4 -C TEannot.cfg -S 3 -c BLR+RM+CEN\n[centos@ab7cc9f050f3 DmelChr4_TEannot]$ TEannot.py -P DmelChr4 -C TEannot.cfg -S 4 -s TRF\n[centos@ab7cc9f050f3 DmelChr4_TEannot]$ TEannot.py -P DmelChr4 -C TEannot.cfg -S 4 -s Mreps\n[centos@ab7cc9f050f3 DmelChr4_TEannot]$ TEannot.py -P DmelChr4 -C TEannot.cfg -S 4 -s RMSSR\n[centos@ab7cc9f050f3 DmelChr4_TEannot]$ TEannot.py -P DmelChr4 -C TEannot.cfg -S 5\n[centos@ab7cc9f050f3 DmelChr4_TEannot]$ TEannot.py -P DmelChr4 -C TEannot.cfg -S 7\n[centos@ab7cc9f050f3 DmelChr4_TEannot]$ TEannot.py -P DmelChr4 -C TEannot.cfg -S 8 -o GFF3\n[centos@ab7cc9f050f3 DmelChr4_TEannot]$ TEannot.py -P DmelChr4 -C TEannot.cfg -S 8 -o gameXML```\nseems to work",
        "user": "U01793PULLV",
        "ts": "1655757890.633229",
        "blocks": [
            {
                "type": "rich_text",
                "block_id": "wPzFW",
                "elements": [
                    {
                        "type": "rich_text_section",
                        "elements": [
                            {
                                "type": "text",
                                "text": "Trying to get TEannot to work\n"
                            }
                        ]
                    },
                    {
                        "type": "rich_text_preformatted",
                        "elements": [
                            {
                                "type": "text",
                                "text": "[centos@ab7cc9f050f3 DmelChr4_TEannot]$ ln -s $REPET_PATH\/db\/DmelChr4.fa\n[centos@ab7cc9f050f3 DmelChr4_TEannot]$ ln -s ..\/DmelChr4_TEdenovo\/DmelChr4_Blaster_GrpRecPil_Map_TEclassif_Filtered\/DmelChr4_sim_denovoLibTEs_filtered.fa DmelChr4_refTEs.fa\n[centos@ab7cc9f050f3 DmelChr4_TEannot]$ cp $REPET_PATH\/config\/TEannot.cfg .\n[centos@ab7cc9f050f3 DmelChr4_TEannot]$ TEannot.py -P DmelChr4 -C TEannot.cfg -S 1\n[centos@ab7cc9f050f3 DmelChr4_TEannot]$ TEannot.py -P DmelChr4 -C TEannot.cfg -S 2 -a BLR\n[centos@ab7cc9f050f3 DmelChr4_TEannot]$ TEannot.py -P DmelChr4 -C TEannot.cfg -S 2 -a RM\n[centos@ab7cc9f050f3 DmelChr4_TEannot]$ TEannot.py -P DmelChr4 -C TEannot.cfg -S 2 -a CEN\n[centos@ab7cc9f050f3 DmelChr4_TEannot]$ TEannot.py -P DmelChr4 -C TEannot.cfg -S 2 -a BLR -r\n[centos@ab7cc9f050f3 DmelChr4_TEannot]$ TEannot.py -P DmelChr4 -C TEannot.cfg -S 2 -a RM -r\n[centos@ab7cc9f050f3 DmelChr4_TEannot]$ TEannot.py -P DmelChr4 -C TEannot.cfg -S 2 -a CEN -r\n[centos@ab7cc9f050f3 DmelChr4_TEannot]$ TEannot.py -P DmelChr4 -C TEannot.cfg -S 3 -c BLR+RM+CEN\n[centos@ab7cc9f050f3 DmelChr4_TEannot]$ TEannot.py -P DmelChr4 -C TEannot.cfg -S 4 -s TRF\n[centos@ab7cc9f050f3 DmelChr4_TEannot]$ TEannot.py -P DmelChr4 -C TEannot.cfg -S 4 -s Mreps\n[centos@ab7cc9f050f3 DmelChr4_TEannot]$ TEannot.py -P DmelChr4 -C TEannot.cfg -S 4 -s RMSSR\n[centos@ab7cc9f050f3 DmelChr4_TEannot]$ TEannot.py -P DmelChr4 -C TEannot.cfg -S 5\n[centos@ab7cc9f050f3 DmelChr4_TEannot]$ TEannot.py -P DmelChr4 -C TEannot.cfg -S 7\n[centos@ab7cc9f050f3 DmelChr4_TEannot]$ TEannot.py -P DmelChr4 -C TEannot.cfg -S 8 -o GFF3\n[centos@ab7cc9f050f3 DmelChr4_TEannot]$ TEannot.py -P DmelChr4 -C TEannot.cfg -S 8 -o gameXML"
                            }
                        ],
                        "border": 0
                    },
                    {
                        "type": "rich_text_section",
                        "elements": [
                            {
                                "type": "text",
                                "text": "seems to work"
                            }
                        ]
                    }
                ]
            }
        ],
        "team": "T017P3M8W7K",
        "user_team": "T017P3M8W7K",
        "source_team": "T017P3M8W7K",
        "user_profile": {
            "avatar_hash": "743a9fc0b5f6",
            "image_72": "https:\/\/avatars.slack-edge.com\/2022-06-30\/3731255580839_743a9fc0b5f63f195af3_72.jpg",
            "first_name": "parensburger",
            "real_name": "parensburger",
            "display_name": "Peter",
            "team": "T017P3M8W7K",
            "name": "parensburger",
            "is_restricted": false,
            "is_ultra_restricted": false
        }
    },
    {
        "client_msg_id": "87ed7102-cece-46b3-b09d-b8a9de1a3325",
        "type": "message",
        "text": "trying TEannot on Ptep sample\n```[centos@ab7cc9f050f3 Ptep32_TEannot]$ sh run_TEannot.sh ```\nworks.",
        "user": "U01793PULLV",
        "ts": "1655760973.995589",
        "blocks": [
            {
                "type": "rich_text",
                "block_id": "2Hp",
                "elements": [
                    {
                        "type": "rich_text_section",
                        "elements": [
                            {
                                "type": "text",
                                "text": "trying TEannot on Ptep sample\n"
                            }
                        ]
                    },
                    {
                        "type": "rich_text_preformatted",
                        "elements": [
                            {
                                "type": "text",
                                "text": "[centos@ab7cc9f050f3 Ptep32_TEannot]$ sh run_TEannot.sh "
                            }
                        ],
                        "border": 0
                    },
                    {
                        "type": "rich_text_section",
                        "elements": [
                            {
                                "type": "text",
                                "text": "works."
                            }
                        ]
                    }
                ]
            }
        ],
        "team": "T017P3M8W7K",
        "user_team": "T017P3M8W7K",
        "source_team": "T017P3M8W7K",
        "user_profile": {
            "avatar_hash": "743a9fc0b5f6",
            "image_72": "https:\/\/avatars.slack-edge.com\/2022-06-30\/3731255580839_743a9fc0b5f63f195af3_72.jpg",
            "first_name": "parensburger",
            "real_name": "parensburger",
            "display_name": "Peter",
            "team": "T017P3M8W7K",
            "name": "parensburger",
            "is_restricted": false,
            "is_ultra_restricted": false
        }
    },
    {
        "client_msg_id": "fbc50caa-276a-49d8-ac70-70b5107b6c3e",
        "type": "message",
        "text": "registered (again) with repbase, should run on Ptep3",
        "user": "U01793PULLV",
        "ts": "1655763546.418949",
        "blocks": [
            {
                "type": "rich_text",
                "block_id": "bHDOs",
                "elements": [
                    {
                        "type": "rich_text_section",
                        "elements": [
                            {
                                "type": "text",
                                "text": "registered (again) with repbase, should run on Ptep3"
                            }
                        ]
                    }
                ]
            }
        ],
        "team": "T017P3M8W7K",
        "user_team": "T017P3M8W7K",
        "source_team": "T017P3M8W7K",
        "user_profile": {
            "avatar_hash": "743a9fc0b5f6",
            "image_72": "https:\/\/avatars.slack-edge.com\/2022-06-30\/3731255580839_743a9fc0b5f63f195af3_72.jpg",
            "first_name": "parensburger",
            "real_name": "parensburger",
            "display_name": "Peter",
            "team": "T017P3M8W7K",
            "name": "parensburger",
            "is_restricted": false,
            "is_ultra_restricted": false
        },
        "thread_ts": "1655763546.418949",
        "reply_count": 1,
        "reply_users_count": 1,
        "latest_reply": "1655789323.543349",
        "reply_users": [
            "U01793PULLV"
        ],
        "replies": [
            {
                "user": "U01793PULLV",
                "ts": "1655789323.543349"
            }
        ],
        "is_locked": false,
        "subscribed": true,
        "last_read": "1655789323.543349"
    },
    {
        "client_msg_id": "3f02b81d-d083-4ed4-9b03-a806e72a293e",
        "type": "message",
        "text": "does not do anything, still have to pay",
        "user": "U01793PULLV",
        "ts": "1655789323.543349",
        "blocks": [
            {
                "type": "rich_text",
                "block_id": "D+lln",
                "elements": [
                    {
                        "type": "rich_text_section",
                        "elements": [
                            {
                                "type": "text",
                                "text": "does not do anything, still have to pay"
                            }
                        ]
                    }
                ]
            }
        ],
        "team": "T017P3M8W7K",
        "user_team": "T017P3M8W7K",
        "source_team": "T017P3M8W7K",
        "user_profile": {
            "avatar_hash": "743a9fc0b5f6",
            "image_72": "https:\/\/avatars.slack-edge.com\/2022-06-30\/3731255580839_743a9fc0b5f63f195af3_72.jpg",
            "first_name": "parensburger",
            "real_name": "parensburger",
            "display_name": "Peter",
            "team": "T017P3M8W7K",
            "name": "parensburger",
            "is_restricted": false,
            "is_ultra_restricted": false
        },
        "thread_ts": "1655763546.418949",
        "parent_user_id": "U01793PULLV"
    }
]