[
    {
        "type": "message",
        "text": "using the process folder script, created directory called TEs_temp that has 93 random folder with non-zero number of blast matches. Also created a file Ptep3_TE_table_temp.ods that has the spreadsheet info on these folder. Will use this to try out large scale examination of the elements.",
        "files": [
            {
                "id": "F03SMPW3TSN",
                "created": 1659812005,
                "timestamp": 1659812005,
                "name": "process_folders.pl",
                "title": "process_folders.pl",
                "mimetype": "text\/plain",
                "filetype": "perl",
                "pretty_type": "Perl",
                "user": "U01793PULLV",
                "user_team": "T017P3M8W7K",
                "editable": true,
                "size": 2205,
                "mode": "snippet",
                "is_external": false,
                "external_type": "",
                "is_public": true,
                "public_url_shared": false,
                "display_as_bot": false,
                "username": "",
                "url_private": "https:\/\/files.slack.com\/files-pri\/T017P3M8W7K-F03SMPW3TSN\/process_folders.pl?t=xoxe-1261123302257-6395895314663-6407612319125-137f2171a6b5696e8e285d5b7bbfa693",
                "url_private_download": "https:\/\/files.slack.com\/files-pri\/T017P3M8W7K-F03SMPW3TSN\/download\/process_folders.pl?t=xoxe-1261123302257-6395895314663-6407612319125-137f2171a6b5696e8e285d5b7bbfa693",
                "permalink": "https:\/\/arensburgerla-9bj1862.slack.com\/files\/U01793PULLV\/F03SMPW3TSN\/process_folders.pl",
                "permalink_public": "https:\/\/slack-files.com\/T017P3M8W7K-F03SMPW3TSN-e8f538ad15",
                "edit_link": "https:\/\/arensburgerla-9bj1862.slack.com\/files\/U01793PULLV\/F03SMPW3TSN\/process_folders.pl\/edit",
                "is_starred": false,
                "has_rich_preview": false,
                "file_access": "visible"
            },
            {
                "id": "F03SF5U9DN2",
                "created": 1659812009,
                "timestamp": 1659812009,
                "name": "Ptep3_TE_table_temp.csv",
                "title": "Ptep3_TE_table_temp.csv",
                "mimetype": "text\/csv",
                "filetype": "csv",
                "pretty_type": "CSV",
                "user": "U01793PULLV",
                "user_team": "T017P3M8W7K",
                "editable": true,
                "size": 31024,
                "mode": "snippet",
                "is_external": false,
                "external_type": "",
                "is_public": true,
                "public_url_shared": false,
                "display_as_bot": false,
                "username": "",
                "url_private": "https:\/\/files.slack.com\/files-pri\/T017P3M8W7K-F03SF5U9DN2\/ptep3_te_table_temp.csv?t=xoxe-1261123302257-6395895314663-6407612319125-137f2171a6b5696e8e285d5b7bbfa693",
                "url_private_download": "https:\/\/files.slack.com\/files-pri\/T017P3M8W7K-F03SF5U9DN2\/download\/ptep3_te_table_temp.csv?t=xoxe-1261123302257-6395895314663-6407612319125-137f2171a6b5696e8e285d5b7bbfa693",
                "permalink": "https:\/\/arensburgerla-9bj1862.slack.com\/files\/U01793PULLV\/F03SF5U9DN2\/ptep3_te_table_temp.csv",
                "permalink_public": "https:\/\/slack-files.com\/T017P3M8W7K-F03SF5U9DN2-f21be489f1",
                "edit_link": "https:\/\/arensburgerla-9bj1862.slack.com\/files\/U01793PULLV\/F03SF5U9DN2\/ptep3_te_table_temp.csv\/edit",
                "is_starred": false,
                "has_rich_preview": false,
                "file_access": "visible"
            }
        ],
        "upload": false,
        "user": "U01793PULLV",
        "ts": "1659812012.393079",
        "blocks": [
            {
                "type": "rich_text",
                "block_id": "SX7S",
                "elements": [
                    {
                        "type": "rich_text_section",
                        "elements": [
                            {
                                "type": "text",
                                "text": "using the process folder script, created directory called TEs_temp that has 93 random folder with non-zero number of blast matches. Also created a file Ptep3_TE_table_temp.ods that has the spreadsheet info on these folder. Will use this to try out large scale examination of the elements."
                            }
                        ]
                    }
                ]
            }
        ],
        "client_msg_id": "3689d689-bbed-4e6e-97af-d07f25cfe213"
    },
    {
        "client_msg_id": "6d50bc07-5366-41a4-b197-3bf8c270e514",
        "type": "message",
        "text": "working on script for processing folders, but found an earlier error. Folder rnd-1_family-721.cons is marked as having 1 blast hit, but in fact there is none. Don't know how the error got in, need to fix the spreadsheet",
        "user": "U01793PULLV",
        "ts": "1659828962.510369",
        "blocks": [
            {
                "type": "rich_text",
                "block_id": "Zu7Y",
                "elements": [
                    {
                        "type": "rich_text_section",
                        "elements": [
                            {
                                "type": "text",
                                "text": "working on script for processing folders, but found an earlier error. Folder rnd-1_family-721.cons is marked as having 1 blast hit, but in fact there is none. Don't know how the error got in, need to fix the spreadsheet"
                            }
                        ]
                    }
                ]
            }
        ],
        "team": "T017P3M8W7K",
        "user_team": "T017P3M8W7K",
        "source_team": "T017P3M8W7K",
        "user_profile": {
            "avatar_hash": "743a9fc0b5f6",
            "image_72": "https:\/\/avatars.slack-edge.com\/2022-06-30\/3731255580839_743a9fc0b5f63f195af3_72.jpg",
            "first_name": "parensburger",
            "real_name": "parensburger",
            "display_name": "Peter",
            "team": "T017P3M8W7K",
            "name": "parensburger",
            "is_restricted": false,
            "is_ultra_restricted": false
        }
    },
    {
        "type": "message",
        "text": "Fixed the issue of the number of blast matches. The spreadsheet is now called Ptep3_TE_table_v1.ods. Future versions will have subsets.",
        "files": [
            {
                "id": "F03T0LUF9T3",
                "created": 1659830401,
                "timestamp": 1659830401,
                "name": "process_folders2.pl",
                "title": "process_folders2.pl",
                "mimetype": "text\/plain",
                "filetype": "perl",
                "pretty_type": "Perl",
                "user": "U01793PULLV",
                "user_team": "T017P3M8W7K",
                "editable": true,
                "size": 2133,
                "mode": "snippet",
                "is_external": false,
                "external_type": "",
                "is_public": true,
                "public_url_shared": false,
                "display_as_bot": false,
                "username": "",
                "url_private": "https:\/\/files.slack.com\/files-pri\/T017P3M8W7K-F03T0LUF9T3\/process_folders2.pl?t=xoxe-1261123302257-6395895314663-6407612319125-137f2171a6b5696e8e285d5b7bbfa693",
                "url_private_download": "https:\/\/files.slack.com\/files-pri\/T017P3M8W7K-F03T0LUF9T3\/download\/process_folders2.pl?t=xoxe-1261123302257-6395895314663-6407612319125-137f2171a6b5696e8e285d5b7bbfa693",
                "permalink": "https:\/\/arensburgerla-9bj1862.slack.com\/files\/U01793PULLV\/F03T0LUF9T3\/process_folders2.pl",
                "permalink_public": "https:\/\/slack-files.com\/T017P3M8W7K-F03T0LUF9T3-9e855d5d3a",
                "edit_link": "https:\/\/arensburgerla-9bj1862.slack.com\/files\/U01793PULLV\/F03T0LUF9T3\/process_folders2.pl\/edit",
                "is_starred": false,
                "has_rich_preview": false,
                "file_access": "visible"
            }
        ],
        "upload": false,
        "user": "U01793PULLV",
        "display_as_bot": false,
        "ts": "1659830407.095819",
        "blocks": [
            {
                "type": "rich_text",
                "block_id": "eEDC",
                "elements": [
                    {
                        "type": "rich_text_section",
                        "elements": [
                            {
                                "type": "text",
                                "text": "Fixed the issue of the number of blast matches. The spreadsheet is now called Ptep3_TE_table_v1.ods. Future versions will have subsets."
                            }
                        ]
                    }
                ]
            }
        ],
        "client_msg_id": "21a7aeaa-81a7-4abb-8cf1-491426a9ad15"
    },
    {
        "client_msg_id": "f629b159-ce4a-48a4-a5e9-e04d10191382",
        "type": "message",
        "text": "remade the temporary folder",
        "user": "U01793PULLV",
        "ts": "1659830881.700359",
        "blocks": [
            {
                "type": "rich_text",
                "block_id": "UUT",
                "elements": [
                    {
                        "type": "rich_text_section",
                        "elements": [
                            {
                                "type": "text",
                                "text": "remade the temporary folder"
                            }
                        ]
                    }
                ]
            }
        ],
        "team": "T017P3M8W7K",
        "user_team": "T017P3M8W7K",
        "source_team": "T017P3M8W7K",
        "user_profile": {
            "avatar_hash": "743a9fc0b5f6",
            "image_72": "https:\/\/avatars.slack-edge.com\/2022-06-30\/3731255580839_743a9fc0b5f63f195af3_72.jpg",
            "first_name": "parensburger",
            "real_name": "parensburger",
            "display_name": "Peter",
            "team": "T017P3M8W7K",
            "name": "parensburger",
            "is_restricted": false,
            "is_ultra_restricted": false
        }
    },
    {
        "client_msg_id": "a4b6200f-6f25-4417-8abe-1845e55970d6",
        "type": "message",
        "text": "tried again with making consensus folder, all in folder \"temp_run\". Ran into the issue that the consensus files is not made if there's only one sequence in the .tco file. Need to fix that",
        "user": "U01793PULLV",
        "ts": "1659831676.225449",
        "blocks": [
            {
                "type": "rich_text",
                "block_id": "yuU",
                "elements": [
                    {
                        "type": "rich_text_section",
                        "elements": [
                            {
                                "type": "text",
                                "text": "tried again with making consensus folder, all in folder \"temp_run\". Ran into the issue that the consensus files is not made if there's only one sequence in the .tco file. Need to fix that"
                            }
                        ]
                    }
                ]
            }
        ],
        "team": "T017P3M8W7K",
        "user_team": "T017P3M8W7K",
        "source_team": "T017P3M8W7K",
        "user_profile": {
            "avatar_hash": "743a9fc0b5f6",
            "image_72": "https:\/\/avatars.slack-edge.com\/2022-06-30\/3731255580839_743a9fc0b5f63f195af3_72.jpg",
            "first_name": "parensburger",
            "real_name": "parensburger",
            "display_name": "Peter",
            "team": "T017P3M8W7K",
            "name": "parensburger",
            "is_restricted": false,
            "is_ultra_restricted": false
        }
    }
]