[
    {
        "client_msg_id": "34cadaa9-e7e4-496a-b475-6ea5f4365521",
        "type": "message",
        "text": "running TEdenovo again on the whole genome for Ptep\n```[centos@ab7cc9f050f3 Ptep3_TEdenovo]$ ln -s ..\/Ptep3_TEdenovo\/Ptep3.fa Ptep33.fa\n[centos@ab7cc9f050f3 Ptep33_TEdenovo]$ cp ..\/Ptep3_TEdenovo\/TEdenovo.cfg .\n[centos@ab7cc9f050f3 Ptep33_TEdenovo]$ nohup sh run_TEdenovo.sh &amp;```",
        "user": "U01793PULLV",
        "ts": "1655826810.162249",
        "blocks": [
            {
                "type": "rich_text",
                "block_id": "C+j+",
                "elements": [
                    {
                        "type": "rich_text_section",
                        "elements": [
                            {
                                "type": "text",
                                "text": "running TEdenovo again on the whole genome for Ptep\n"
                            }
                        ]
                    },
                    {
                        "type": "rich_text_preformatted",
                        "elements": [
                            {
                                "type": "text",
                                "text": "[centos@ab7cc9f050f3 Ptep3_TEdenovo]$ ln -s ..\/Ptep3_TEdenovo\/Ptep3.fa Ptep33.fa\n[centos@ab7cc9f050f3 Ptep33_TEdenovo]$ cp ..\/Ptep3_TEdenovo\/TEdenovo.cfg .\n[centos@ab7cc9f050f3 Ptep33_TEdenovo]$ nohup sh run_TEdenovo.sh &"
                            }
                        ],
                        "border": 0
                    }
                ]
            }
        ],
        "team": "T017P3M8W7K",
        "user_team": "T017P3M8W7K",
        "source_team": "T017P3M8W7K",
        "user_profile": {
            "avatar_hash": "743a9fc0b5f6",
            "image_72": "https:\/\/avatars.slack-edge.com\/2022-06-30\/3731255580839_743a9fc0b5f63f195af3_72.jpg",
            "first_name": "parensburger",
            "real_name": "parensburger",
            "display_name": "Peter",
            "team": "T017P3M8W7K",
            "name": "parensburger",
            "is_restricted": false,
            "is_ultra_restricted": false
        }
    },
    {
        "client_msg_id": "c446abd8-3fe2-4d0d-a834-b6a1ca28b2ce",
        "type": "message",
        "text": "Thoughts on how to proceede. It's not easy to get RM annotations for class II elements. So I can try:\n1. Download from NR and uniprot any annotated class 2 elements (eg. <https:\/\/www.uniprot.org\/uniprot\/A0A2L2YT29>)\n2. run the last available RM database\n3. search the de-novo outputs for class elements\n4. do searches based on structure",
        "user": "U01793PULLV",
        "ts": "1655826964.670649",
        "blocks": [
            {
                "type": "rich_text",
                "block_id": "z6SV2",
                "elements": [
                    {
                        "type": "rich_text_section",
                        "elements": [
                            {
                                "type": "text",
                                "text": "Thoughts on how to proceede. It's not easy to get RM annotations for class II elements. So I can try:\n"
                            }
                        ]
                    },
                    {
                        "type": "rich_text_list",
                        "elements": [
                            {
                                "type": "rich_text_section",
                                "elements": [
                                    {
                                        "type": "text",
                                        "text": "Download from NR and uniprot any annotated class 2 elements (eg. "
                                    },
                                    {
                                        "type": "link",
                                        "url": "https:\/\/www.uniprot.org\/uniprot\/A0A2L2YT29"
                                    },
                                    {
                                        "type": "text",
                                        "text": ")"
                                    }
                                ]
                            },
                            {
                                "type": "rich_text_section",
                                "elements": [
                                    {
                                        "type": "text",
                                        "text": "run the last available RM database"
                                    }
                                ]
                            },
                            {
                                "type": "rich_text_section",
                                "elements": [
                                    {
                                        "type": "text",
                                        "text": "search the de-novo outputs for class elements"
                                    }
                                ]
                            },
                            {
                                "type": "rich_text_section",
                                "elements": [
                                    {
                                        "type": "text",
                                        "text": "do searches based on structure"
                                    }
                                ]
                            }
                        ],
                        "style": "ordered",
                        "indent": 0,
                        "border": 0
                    }
                ]
            }
        ],
        "team": "T017P3M8W7K",
        "user_team": "T017P3M8W7K",
        "source_team": "T017P3M8W7K",
        "user_profile": {
            "avatar_hash": "743a9fc0b5f6",
            "image_72": "https:\/\/avatars.slack-edge.com\/2022-06-30\/3731255580839_743a9fc0b5f63f195af3_72.jpg",
            "first_name": "parensburger",
            "real_name": "parensburger",
            "display_name": "Peter",
            "team": "T017P3M8W7K",
            "name": "parensburger",
            "is_restricted": false,
            "is_ultra_restricted": false
        }
    },
    {
        "client_msg_id": "b7cfcdab-f687-437e-a69f-62f1818c030b",
        "type": "message",
        "text": "for part 4, generic repeat finder seems to work <https:\/\/github.com\/bioinfolabmu\/GenericRepeatFinder>",
        "user": "U01793PULLV",
        "ts": "1655861072.290329",
        "blocks": [
            {
                "type": "rich_text",
                "block_id": "CdX",
                "elements": [
                    {
                        "type": "rich_text_section",
                        "elements": [
                            {
                                "type": "text",
                                "text": "for part 4, generic repeat finder seems to work "
                            },
                            {
                                "type": "link",
                                "url": "https:\/\/github.com\/bioinfolabmu\/GenericRepeatFinder"
                            }
                        ]
                    }
                ]
            }
        ],
        "team": "T017P3M8W7K",
        "user_team": "T017P3M8W7K",
        "source_team": "T017P3M8W7K",
        "user_profile": {
            "avatar_hash": "743a9fc0b5f6",
            "image_72": "https:\/\/avatars.slack-edge.com\/2022-06-30\/3731255580839_743a9fc0b5f63f195af3_72.jpg",
            "first_name": "parensburger",
            "real_name": "parensburger",
            "display_name": "Peter",
            "team": "T017P3M8W7K",
            "name": "parensburger",
            "is_restricted": false,
            "is_ultra_restricted": false
        },
        "attachments": [
            {
                "from_url": "https:\/\/github.com\/bioinfolabmu\/GenericRepeatFinder",
                "image_url": "https:\/\/opengraph.githubassets.com\/3c53831680ad6de0450d4d7eb5e93345f5366a71c5011ab4d262cb32b36437c8\/bioinfolabmu\/GenericRepeatFinder",
                "image_width": 500,
                "image_height": 250,
                "image_bytes": 33618,
                "service_icon": "https:\/\/a.slack-edge.com\/80588\/img\/unfurl_icons\/github.png",
                "id": 1,
                "original_url": "https:\/\/github.com\/bioinfolabmu\/GenericRepeatFinder",
                "fallback": "GitHub: GitHub - bioinfolabmu\/GenericRepeatFinder",
                "text": "Contribute to bioinfolabmu\/GenericRepeatFinder development by creating an account on GitHub.",
                "title": "GitHub - bioinfolabmu\/GenericRepeatFinder",
                "title_link": "https:\/\/github.com\/bioinfolabmu\/GenericRepeatFinder",
                "service_name": "GitHub"
            }
        ]
    }
]