[
    {
        "client_msg_id": "d595dd5e-16f7-4f3f-98a7-f79f74b9e8cd",
        "type": "message",
        "text": "I am making faust the center of TEs database, backing it up to boheme weekly, without deletion",
        "user": "U01793PULLV",
        "ts": "1664231392.882889",
        "blocks": [
            {
                "type": "rich_text",
                "block_id": "ftVc",
                "elements": [
                    {
                        "type": "rich_text_section",
                        "elements": [
                            {
                                "type": "text",
                                "text": "I am making faust the center of TEs database, backing it up to boheme weekly, without deletion"
                            }
                        ]
                    }
                ]
            }
        ],
        "team": "T017P3M8W7K",
        "user_team": "T017P3M8W7K",
        "source_team": "T017P3M8W7K",
        "user_profile": {
            "avatar_hash": "743a9fc0b5f6",
            "image_72": "https:\/\/avatars.slack-edge.com\/2022-06-30\/3731255580839_743a9fc0b5f63f195af3_72.jpg",
            "first_name": "parensburger",
            "real_name": "parensburger",
            "display_name": "Peter",
            "team": "T017P3M8W7K",
            "name": "parensburger",
            "is_restricted": false,
            "is_ultra_restricted": false
        }
    },
    {
        "client_msg_id": "3cfc6a66-80cc-4acd-ab8b-a9b1dda47035",
        "type": "message",
        "text": "missing segments 7 and 8, doing them\n```peter@faust:~\/Desktop\/segments78$ nohup interproscan.sh -t n -i segment-s8.fa -appl Pfam -f GFF3 &amp;\npeter@faust:~\/Desktop\/segments78$ nohup interproscan.sh -t n -i segment-s7.fa -appl Pfam -f GFF3```",
        "user": "U01793PULLV",
        "ts": "1664232190.373589",
        "blocks": [
            {
                "type": "rich_text",
                "block_id": "536k",
                "elements": [
                    {
                        "type": "rich_text_section",
                        "elements": [
                            {
                                "type": "text",
                                "text": "missing segments 7 and 8, doing them\n"
                            }
                        ]
                    },
                    {
                        "type": "rich_text_preformatted",
                        "elements": [
                            {
                                "type": "text",
                                "text": "peter@faust:~\/Desktop\/segments78$ nohup interproscan.sh -t n -i segment-s8.fa -appl Pfam -f GFF3 &\npeter@faust:~\/Desktop\/segments78$ nohup interproscan.sh -t n -i segment-s7.fa -appl Pfam -f GFF3"
                            }
                        ],
                        "border": 0
                    }
                ]
            }
        ],
        "team": "T017P3M8W7K",
        "user_team": "T017P3M8W7K",
        "source_team": "T017P3M8W7K",
        "user_profile": {
            "avatar_hash": "743a9fc0b5f6",
            "image_72": "https:\/\/avatars.slack-edge.com\/2022-06-30\/3731255580839_743a9fc0b5f63f195af3_72.jpg",
            "first_name": "parensburger",
            "real_name": "parensburger",
            "display_name": "Peter",
            "team": "T017P3M8W7K",
            "name": "parensburger",
            "is_restricted": false,
            "is_ultra_restricted": false
        }
    }
]