[
    {
        "type": "message",
        "text": "labeled those elements where interpro identified something connected to TEs (even if distant), with the exception of retro elements, as potentially active elements (110 elements). The rest are labeled for the moment as \"u\" (unknown). Next I'll need to write a script to record this data in the files -transposase.txt .",
        "files": [
            {
                "id": "F046EK1LBJL",
                "created": 1665268008,
                "timestamp": 1665268008,
                "name": "TE_id_table.ods",
                "title": "TE_id_table.ods",
                "mimetype": "application\/vnd.oasis.opendocument.spreadsheet",
                "filetype": "ods",
                "pretty_type": "OpenDocument Spreadsheet",
                "user": "U01793PULLV",
                "user_team": "T017P3M8W7K",
                "editable": false,
                "size": 69205,
                "mode": "hosted",
                "is_external": false,
                "external_type": "",
                "is_public": true,
                "public_url_shared": false,
                "display_as_bot": false,
                "username": "",
                "url_private": "https:\/\/files.slack.com\/files-pri\/T017P3M8W7K-F046EK1LBJL\/te_id_table.ods?t=xoxe-1261123302257-6395895314663-6407612319125-137f2171a6b5696e8e285d5b7bbfa693",
                "url_private_download": "https:\/\/files.slack.com\/files-pri\/T017P3M8W7K-F046EK1LBJL\/download\/te_id_table.ods?t=xoxe-1261123302257-6395895314663-6407612319125-137f2171a6b5696e8e285d5b7bbfa693",
                "media_display_type": "unknown",
                "converted_pdf": "https:\/\/files.slack.com\/files-tmb\/T017P3M8W7K-F046EK1LBJL-945b636cb2\/te_id_table_converted.pdf?t=xoxe-1261123302257-6395895314663-6407612319125-137f2171a6b5696e8e285d5b7bbfa693",
                "thumb_pdf": "https:\/\/files.slack.com\/files-tmb\/T017P3M8W7K-F046EK1LBJL-945b636cb2\/te_id_table_thumb_pdf.png?t=xoxe-1261123302257-6395895314663-6407612319125-137f2171a6b5696e8e285d5b7bbfa693",
                "thumb_pdf_w": 909,
                "thumb_pdf_h": 1286,
                "permalink": "https:\/\/arensburgerla-9bj1862.slack.com\/files\/U01793PULLV\/F046EK1LBJL\/te_id_table.ods",
                "permalink_public": "https:\/\/slack-files.com\/T017P3M8W7K-F046EK1LBJL-e1bdbce962",
                "is_starred": false,
                "has_rich_preview": false,
                "file_access": "visible"
            }
        ],
        "upload": false,
        "user": "U01793PULLV",
        "display_as_bot": false,
        "ts": "1665268170.801699",
        "blocks": [
            {
                "type": "rich_text",
                "block_id": "uUa",
                "elements": [
                    {
                        "type": "rich_text_section",
                        "elements": [
                            {
                                "type": "text",
                                "text": "labeled those elements where interpro identified something connected to TEs (even if distant), with the exception of retro elements, as potentially active elements (110 elements). The rest are labeled for the moment as \"u\" (unknown). Next I'll need to write a script to record this data in the files -transposase.txt ."
                            }
                        ]
                    }
                ]
            }
        ],
        "client_msg_id": "8adb4cc7-06f6-4529-8e82-45ab2db90704"
    }
]