[
    {
        "client_msg_id": "db6a3469-f12f-48d7-bf10-1773f3e62796",
        "type": "message",
        "text": "The original cd-hit-est is still just getting ready, but I've been able to reduce the redundancy of both the RepeatModeler and REPET lists individually. I'll add these up together (about 11,000 elements) and see if I can further reduce this combined list.\n```[arensburger@pq:~\/Ptep3_TEs\/reduce_redundancy\/test]$ cat Ptep3_RM-cdhit.fa Ptep3_TEdenovo-cdhit.fa &gt; Ptep3_TE2.fa\n[arensburger@pq:~\/Ptep3_TEs\/reduce_redundancy\/test]$ nohup cd-hit-est -i .\/Ptep3_TE2.fa -o Ptep3_TE2-cdhit.fa -d 0 -aS 0.8 -c 0.8 -G 0 -g 1 -b 500 -T 0 -M 0 &amp;```",
        "user": "U01793PULLV",
        "ts": "1658421113.948409",
        "blocks": [
            {
                "type": "rich_text",
                "block_id": "ASHNZ",
                "elements": [
                    {
                        "type": "rich_text_section",
                        "elements": [
                            {
                                "type": "text",
                                "text": "The original cd-hit-est is still just getting ready, but I've been able to reduce the redundancy of both the RepeatModeler and REPET lists individually. I'll add these up together (about 11,000 elements) and see if I can further reduce this combined list.\n"
                            }
                        ]
                    },
                    {
                        "type": "rich_text_preformatted",
                        "elements": [
                            {
                                "type": "text",
                                "text": "[arensburger@pq:~\/Ptep3_TEs\/reduce_redundancy\/test]$ cat Ptep3_RM-cdhit.fa Ptep3_TEdenovo-cdhit.fa > Ptep3_TE2.fa\n[arensburger@pq:~\/Ptep3_TEs\/reduce_redundancy\/test]$ nohup cd-hit-est -i .\/Ptep3_TE2.fa -o Ptep3_TE2-cdhit.fa -d 0 -aS 0.8 -c 0.8 -G 0 -g 1 -b 500 -T 0 -M 0 &"
                            }
                        ],
                        "border": 0
                    }
                ]
            }
        ],
        "team": "T017P3M8W7K",
        "user_team": "T017P3M8W7K",
        "source_team": "T017P3M8W7K",
        "user_profile": {
            "avatar_hash": "743a9fc0b5f6",
            "image_72": "https:\/\/avatars.slack-edge.com\/2022-06-30\/3731255580839_743a9fc0b5f63f195af3_72.jpg",
            "first_name": "parensburger",
            "real_name": "parensburger",
            "display_name": "Peter",
            "team": "T017P3M8W7K",
            "name": "parensburger",
            "is_restricted": false,
            "is_ultra_restricted": false
        }
    },
    {
        "client_msg_id": "2a32e53d-d76d-452c-994a-e83c2a32e715",
        "type": "message",
        "text": "killed the original cd-hit-est run with all the sequences, it was taking too long",
        "user": "U01793PULLV",
        "ts": "1658432524.996359",
        "blocks": [
            {
                "type": "rich_text",
                "block_id": "37eX",
                "elements": [
                    {
                        "type": "rich_text_section",
                        "elements": [
                            {
                                "type": "text",
                                "text": "killed the original cd-hit-est run with all the sequences, it was taking too long"
                            }
                        ]
                    }
                ]
            }
        ],
        "team": "T017P3M8W7K",
        "user_team": "T017P3M8W7K",
        "source_team": "T017P3M8W7K",
        "user_profile": {
            "avatar_hash": "743a9fc0b5f6",
            "image_72": "https:\/\/avatars.slack-edge.com\/2022-06-30\/3731255580839_743a9fc0b5f63f195af3_72.jpg",
            "first_name": "parensburger",
            "real_name": "parensburger",
            "display_name": "Peter",
            "team": "T017P3M8W7K",
            "name": "parensburger",
            "is_restricted": false,
            "is_ultra_restricted": false
        }
    },
    {
        "client_msg_id": "670788c6-a3d1-4fcd-83cc-5f1f08f70272",
        "type": "message",
        "text": "While cd-hit-is running, I'm working on the next step, to BLAST the sequences to the genome. When making the database with makeblastdb I got warnings that the Ptep3m (the one with trf repeats masked) has too many N's. I wrote a small scripts to convert all the strings of N's into a single one. This should be ok just for checking that the TEs match the genome. The script also removes any sequence in the genome that ends up being shorter than 20 nucleotides after this.\n```[arensburger@pq:~\/Ptep3_TEs\/blast]$ perl reduce_genome.pl -in ~\/db\/Ptep3\/Ptep3m.fa &gt; Ptep3-reduced.fa\n[arensburger@pq:~\/Ptep3_TEs\/blast]$ makeblastdb -in Ptep3-reduced.fa -dbtype nucl\n[arensburger@pq:~\/Ptep3_TEs\/blast]$ perl ~\/utilities\/fasta\/split_fasta.pl -in ..\/reduce_redundancy\/test\/Ptep3_TE2-cdhit.fa -s 8\n[arensburger@pq:~\/Ptep3_TEs\/blast]$ cat segment-s7.fa segment-s8.fa &gt; temp\n[arensburger@pq:~\/Ptep3_TEs\/blast]$ mv temp segment-s7.fa\n[arensburger@pq:~\/Ptep3_TEs\/blast]$ rm segment-s8.fa \n[arensburger@pq:~\/Ptep3_TEs\/blast]$ sbatch runblast1-srun \n[arensburger@pq:~\/Ptep3_TEs\/blast]$ more runblast1-srun \n#!\/bin\/bash\n#SBATCH --job-name=blast1\n#SBATCH --nodes=1                    # Run all processes on a single node\t\n#SBATCH --ntasks=1                   # Run a single task\t\t\n#SBATCH --cpus-per-task=20            # Number of CPU cores per task\n\n\/home\/arensburger\/bin\/ncbi-blast-2.2.29+\/bin\/blastn -query \/home\/arensburger\/Ptep3_TEs\/blast\/segment-s2.fa -db \/home\/arensburger\/Ptep3_TEs\/blast\/Ptep3-reduced.fa -outfmt 6 -out \/home\/arensburger\/Ptep3_TE\ns\/blast\/blast2.o -num_threads 20\nexit 0 ```\nrunning the sbatch 7 times, even though in this case it does not seem necessary",
        "user": "U01793PULLV",
        "ts": "1658442430.824509",
        "blocks": [
            {
                "type": "rich_text",
                "block_id": "1+PR",
                "elements": [
                    {
                        "type": "rich_text_section",
                        "elements": [
                            {
                                "type": "text",
                                "text": "While cd-hit-is running, I'm working on the next step, to BLAST the sequences to the genome. When making the database with makeblastdb I got warnings that the Ptep3m (the one with trf repeats masked) has too many N's. I wrote a small scripts to convert all the strings of N's into a single one. This should be ok just for checking that the TEs match the genome. The script also removes any sequence in the genome that ends up being shorter than 20 nucleotides after this.\n"
                            }
                        ]
                    },
                    {
                        "type": "rich_text_preformatted",
                        "elements": [
                            {
                                "type": "text",
                                "text": "[arensburger@pq:~\/Ptep3_TEs\/blast]$ perl reduce_genome.pl -in ~\/db\/Ptep3\/Ptep3m.fa > Ptep3-reduced.fa\n[arensburger@pq:~\/Ptep3_TEs\/blast]$ makeblastdb -in Ptep3-reduced.fa -dbtype nucl\n[arensburger@pq:~\/Ptep3_TEs\/blast]$ perl ~\/utilities\/fasta\/split_fasta.pl -in ..\/reduce_redundancy\/test\/Ptep3_TE2-cdhit.fa -s 8\n[arensburger@pq:~\/Ptep3_TEs\/blast]$ cat segment-s7.fa segment-s8.fa > temp\n[arensburger@pq:~\/Ptep3_TEs\/blast]$ mv temp segment-s7.fa\n[arensburger@pq:~\/Ptep3_TEs\/blast]$ rm segment-s8.fa \n[arensburger@pq:~\/Ptep3_TEs\/blast]$ sbatch runblast1-srun \n[arensburger@pq:~\/Ptep3_TEs\/blast]$ more runblast1-srun \n#!\/bin\/bash\n#SBATCH --job-name=blast1\n#SBATCH --nodes=1                    # Run all processes on a single node\t\n#SBATCH --ntasks=1                   # Run a single task\t\t\n#SBATCH --cpus-per-task=20            # Number of CPU cores per task\n\n\/home\/arensburger\/bin\/ncbi-blast-2.2.29+\/bin\/blastn -query \/home\/arensburger\/Ptep3_TEs\/blast\/segment-s2.fa -db \/home\/arensburger\/Ptep3_TEs\/blast\/Ptep3-reduced.fa -outfmt 6 -out \/home\/arensburger\/Ptep3_TE\ns\/blast\/blast2.o -num_threads 20\nexit 0 "
                            }
                        ],
                        "border": 0
                    },
                    {
                        "type": "rich_text_section",
                        "elements": [
                            {
                                "type": "text",
                                "text": "running the sbatch 7 times, even though in this case it does not seem necessary"
                            }
                        ]
                    }
                ]
            }
        ],
        "team": "T017P3M8W7K",
        "user_team": "T017P3M8W7K",
        "source_team": "T017P3M8W7K",
        "user_profile": {
            "avatar_hash": "743a9fc0b5f6",
            "image_72": "https:\/\/avatars.slack-edge.com\/2022-06-30\/3731255580839_743a9fc0b5f63f195af3_72.jpg",
            "first_name": "parensburger",
            "real_name": "parensburger",
            "display_name": "Peter",
            "team": "T017P3M8W7K",
            "name": "parensburger",
            "is_restricted": false,
            "is_ultra_restricted": false
        }
    },
    {
        "client_msg_id": "0aa33ac0-a34c-4c4e-b8a6-ad9309bfe5b8",
        "type": "message",
        "text": "had to erase the blast above, I did not set up the blast parameters the way described by Goubert. Redoing, this time as a single run\n```[arensburger@pq:~\/Ptep3_TEs\/blast]$ more runblast1-srun \n#!\/bin\/bash\n#SBATCH --job-name=blast7\n#SBATCH --nodes=1                    # Run all processes on a single node\t\n#SBATCH --ntasks=1                   # Run a single task\t\t\n#SBATCH --cpus-per-task=20            # Number of CPU cores per task\n\n\/home\/arensburger\/bin\/ncbi-blast-2.2.29+\/bin\/blastn -query \/home\/arensburger\/Ptep3_TEs\/reduce_redundancy\/test\/Ptep3_TE2-cdhit.fa -db \/home\/arensburger\/Ptep3_TEs\/blast\/Ptep3-reduced.f\na -outfmt \"6 qseqid sseqid pident length mismatch gapopen qstart qend sstart send evalue bitscore qlen\" -out \/home\/arensburger\/Ptep3_TEs\/blast\/blast.o -num_threads 20\nexit 0 ```",
        "user": "U01793PULLV",
        "ts": "1658443808.476219",
        "blocks": [
            {
                "type": "rich_text",
                "block_id": "AO9t",
                "elements": [
                    {
                        "type": "rich_text_section",
                        "elements": [
                            {
                                "type": "text",
                                "text": "had to erase the blast above, I did not set up the blast parameters the way described by Goubert. Redoing, this time as a single run\n"
                            }
                        ]
                    },
                    {
                        "type": "rich_text_preformatted",
                        "elements": [
                            {
                                "type": "text",
                                "text": "[arensburger@pq:~\/Ptep3_TEs\/blast]$ more runblast1-srun \n#!\/bin\/bash\n#SBATCH --job-name=blast7\n#SBATCH --nodes=1                    # Run all processes on a single node\t\n#SBATCH --ntasks=1                   # Run a single task\t\t\n#SBATCH --cpus-per-task=20            # Number of CPU cores per task\n\n\/home\/arensburger\/bin\/ncbi-blast-2.2.29+\/bin\/blastn -query \/home\/arensburger\/Ptep3_TEs\/reduce_redundancy\/test\/Ptep3_TE2-cdhit.fa -db \/home\/arensburger\/Ptep3_TEs\/blast\/Ptep3-reduced.f\na -outfmt \"6 qseqid sseqid pident length mismatch gapopen qstart qend sstart send evalue bitscore qlen\" -out \/home\/arensburger\/Ptep3_TEs\/blast\/blast.o -num_threads 20\nexit 0 "
                            }
                        ],
                        "border": 0
                    }
                ]
            }
        ],
        "team": "T017P3M8W7K",
        "user_team": "T017P3M8W7K",
        "source_team": "T017P3M8W7K",
        "user_profile": {
            "avatar_hash": "743a9fc0b5f6",
            "image_72": "https:\/\/avatars.slack-edge.com\/2022-06-30\/3731255580839_743a9fc0b5f63f195af3_72.jpg",
            "first_name": "parensburger",
            "real_name": "parensburger",
            "display_name": "Peter",
            "team": "T017P3M8W7K",
            "name": "parensburger",
            "is_restricted": false,
            "is_ultra_restricted": false
        },
        "edited": {
            "user": "U01793PULLV",
            "ts": "1658444597.000000"
        }
    },
    {
        "client_msg_id": "76c93fff-dc50-41f6-a44f-da9c5a6fdf88",
        "type": "message",
        "text": "When the blast is done should do the pFam search. Might be easier to do it on faust rather than porting everything to pq",
        "user": "U01793PULLV",
        "ts": "1658445194.394919",
        "blocks": [
            {
                "type": "rich_text",
                "block_id": "5bWHc",
                "elements": [
                    {
                        "type": "rich_text_section",
                        "elements": [
                            {
                                "type": "text",
                                "text": "When the blast is done should do the pFam search. Might be easier to do it on faust rather than porting everything to pq"
                            }
                        ]
                    }
                ]
            }
        ],
        "team": "T017P3M8W7K",
        "user_team": "T017P3M8W7K",
        "source_team": "T017P3M8W7K",
        "user_profile": {
            "avatar_hash": "743a9fc0b5f6",
            "image_72": "https:\/\/avatars.slack-edge.com\/2022-06-30\/3731255580839_743a9fc0b5f63f195af3_72.jpg",
            "first_name": "parensburger",
            "real_name": "parensburger",
            "display_name": "Peter",
            "team": "T017P3M8W7K",
            "name": "parensburger",
            "is_restricted": false,
            "is_ultra_restricted": false
        }
    }
]