[
    {
        "type": "message",
        "text": "updated Pt_table_v2.ods with the TIR info (789 elements with TIRs!). Also doing the TE folder.",
        "files": [
            {
                "id": "F03U9AMNFFV",
                "created": 1660859712,
                "timestamp": 1660859712,
                "name": "Pt_table_v2.ods",
                "title": "Pt_table_v2.ods",
                "mimetype": "application\/vnd.oasis.opendocument.spreadsheet",
                "filetype": "ods",
                "pretty_type": "OpenDocument Spreadsheet",
                "user": "U01793PULLV",
                "user_team": "T017P3M8W7K",
                "editable": false,
                "size": 73292,
                "mode": "hosted",
                "is_external": false,
                "external_type": "",
                "is_public": true,
                "public_url_shared": false,
                "display_as_bot": false,
                "username": "",
                "url_private": "https:\/\/files.slack.com\/files-pri\/T017P3M8W7K-F03U9AMNFFV\/pt_table_v2.ods?t=xoxe-1261123302257-6395895314663-6407612319125-137f2171a6b5696e8e285d5b7bbfa693",
                "url_private_download": "https:\/\/files.slack.com\/files-pri\/T017P3M8W7K-F03U9AMNFFV\/download\/pt_table_v2.ods?t=xoxe-1261123302257-6395895314663-6407612319125-137f2171a6b5696e8e285d5b7bbfa693",
                "media_display_type": "unknown",
                "converted_pdf": "https:\/\/files.slack.com\/files-tmb\/T017P3M8W7K-F03U9AMNFFV-f598cbd184\/pt_table_v2_converted.pdf?t=xoxe-1261123302257-6395895314663-6407612319125-137f2171a6b5696e8e285d5b7bbfa693",
                "thumb_pdf": "https:\/\/files.slack.com\/files-tmb\/T017P3M8W7K-F03U9AMNFFV-f598cbd184\/pt_table_v2_thumb_pdf.png?t=xoxe-1261123302257-6395895314663-6407612319125-137f2171a6b5696e8e285d5b7bbfa693",
                "thumb_pdf_w": 909,
                "thumb_pdf_h": 1286,
                "permalink": "https:\/\/arensburgerla-9bj1862.slack.com\/files\/U01793PULLV\/F03U9AMNFFV\/pt_table_v2.ods",
                "permalink_public": "https:\/\/slack-files.com\/T017P3M8W7K-F03U9AMNFFV-6d49af5435",
                "is_starred": false,
                "has_rich_preview": false,
                "file_access": "visible"
            }
        ],
        "upload": false,
        "user": "U01793PULLV",
        "display_as_bot": false,
        "ts": "1660944245.313999",
        "blocks": [
            {
                "type": "rich_text",
                "block_id": "FaKbg",
                "elements": [
                    {
                        "type": "rich_text_section",
                        "elements": [
                            {
                                "type": "text",
                                "text": "updated Pt_table_v2.ods with the TIR info (789 elements with TIRs!). Also doing the TE folder."
                            }
                        ]
                    }
                ]
            }
        ],
        "client_msg_id": "88ea76ca-270e-43a9-9ded-fbbb8641c8ad"
    },
    {
        "type": "message",
        "text": "wrote a script to sort the tsds, reporting the highest number of each tsd for each category. I need to, to write a new script to speed up processing. It needs to:\n1. identify the TIRs of the TSDs I'm interested in (look out for duplicates)\n2. create a shortned version of the .tco2 file with just the TIRs and some bases on the sides, so I can make sure I agree with the boundaries for the tir\n3. run find_tir3.pl with just those bounds so I can see all the TSDs and make sure they are not just all the same\n4. pull out just the elements with perfect tirs so I can compare them and see they look real\n5. allow me to confirm or not the particular TIR and write the results of the manual review in the file .tir. Also allow for notes in there.",
        "files": [
            {
                "id": "F03U8655Z9U",
                "created": 1660945203,
                "timestamp": 1660945203,
                "name": "process_folders-sort-tsds.pl",
                "title": "process_folders-sort-tsds.pl",
                "mimetype": "text\/plain",
                "filetype": "perl",
                "pretty_type": "Perl",
                "user": "U01793PULLV",
                "user_team": "T017P3M8W7K",
                "editable": true,
                "size": 5007,
                "mode": "snippet",
                "is_external": false,
                "external_type": "",
                "is_public": true,
                "public_url_shared": false,
                "display_as_bot": false,
                "username": "",
                "url_private": "https:\/\/files.slack.com\/files-pri\/T017P3M8W7K-F03U8655Z9U\/process_folders-sort-tsds.pl?t=xoxe-1261123302257-6395895314663-6407612319125-137f2171a6b5696e8e285d5b7bbfa693",
                "url_private_download": "https:\/\/files.slack.com\/files-pri\/T017P3M8W7K-F03U8655Z9U\/download\/process_folders-sort-tsds.pl?t=xoxe-1261123302257-6395895314663-6407612319125-137f2171a6b5696e8e285d5b7bbfa693",
                "permalink": "https:\/\/arensburgerla-9bj1862.slack.com\/files\/U01793PULLV\/F03U8655Z9U\/process_folders-sort-tsds.pl",
                "permalink_public": "https:\/\/slack-files.com\/T017P3M8W7K-F03U8655Z9U-43a9d32129",
                "edit_link": "https:\/\/arensburgerla-9bj1862.slack.com\/files\/U01793PULLV\/F03U8655Z9U\/process_folders-sort-tsds.pl\/edit",
                "is_starred": false,
                "has_rich_preview": false,
                "file_access": "visible"
            }
        ],
        "upload": false,
        "user": "U01793PULLV",
        "display_as_bot": false,
        "ts": "1660945456.883749",
        "blocks": [
            {
                "type": "rich_text",
                "block_id": "LJ4",
                "elements": [
                    {
                        "type": "rich_text_section",
                        "elements": [
                            {
                                "type": "text",
                                "text": "wrote a script to sort the tsds, reporting the highest number of each tsd for each category. I need to, to write a new script to speed up processing. It needs to:\n"
                            }
                        ]
                    },
                    {
                        "type": "rich_text_list",
                        "elements": [
                            {
                                "type": "rich_text_section",
                                "elements": [
                                    {
                                        "type": "text",
                                        "text": "identify the TIRs of the TSDs I'm interested in (look out for duplicates)"
                                    }
                                ]
                            },
                            {
                                "type": "rich_text_section",
                                "elements": [
                                    {
                                        "type": "text",
                                        "text": "create a shortned version of the .tco2 file with just the TIRs and some bases on the sides, so I can make sure I agree with the boundaries for the tir"
                                    }
                                ]
                            },
                            {
                                "type": "rich_text_section",
                                "elements": [
                                    {
                                        "type": "text",
                                        "text": "run find_tir3.pl with just those bounds so I can see all the TSDs and make sure they are not just all the same"
                                    }
                                ]
                            },
                            {
                                "type": "rich_text_section",
                                "elements": [
                                    {
                                        "type": "text",
                                        "text": "pull out just the elements with perfect tirs so I can compare them and see they look real"
                                    }
                                ]
                            },
                            {
                                "type": "rich_text_section",
                                "elements": [
                                    {
                                        "type": "text",
                                        "text": "allow me to confirm or not the particular TIR and write the results of the manual review in the file .tir. Also allow for notes in there."
                                    }
                                ]
                            }
                        ],
                        "style": "ordered",
                        "indent": 0,
                        "border": 0
                    }
                ]
            }
        ],
        "edited": {
            "user": "U01793PULLV",
            "ts": "1660945562.000000"
        },
        "client_msg_id": "2cd3595b-6788-4e0b-a832-31b036fc4598"
    }
]