[
    {
        "client_msg_id": "80500e14-54ff-4906-8513-351e1e08b3e1",
        "type": "message",
        "text": "Repet worked!\n\nNext is to run repeatmasker, and EDTA. I'll have to decide how to approach this afterwards. Perhaps look for class II element motifs in the annotations separately?",
        "user": "U01793PULLV",
        "ts": "1656272011.855379",
        "blocks": [
            {
                "type": "rich_text",
                "block_id": "YOo",
                "elements": [
                    {
                        "type": "rich_text_section",
                        "elements": [
                            {
                                "type": "text",
                                "text": "Repet worked!\n\nNext is to run repeatmasker, and EDTA. I'll have to decide how to approach this afterwards. Perhaps look for class II element motifs in the annotations separately?"
                            }
                        ]
                    }
                ]
            }
        ],
        "team": "T017P3M8W7K",
        "user_team": "T017P3M8W7K",
        "source_team": "T017P3M8W7K",
        "user_profile": {
            "avatar_hash": "743a9fc0b5f6",
            "image_72": "https:\/\/avatars.slack-edge.com\/2022-06-30\/3731255580839_743a9fc0b5f63f195af3_72.jpg",
            "first_name": "parensburger",
            "real_name": "parensburger",
            "display_name": "Peter",
            "team": "T017P3M8W7K",
            "name": "parensburger",
            "is_restricted": false,
            "is_ultra_restricted": false
        }
    }
]