[
    {
        "type": "message",
        "text": "Going through the TE folder I find the following:\n8 elements have no manual review at all because process_folders-sort-tsds.pl failed to id any elements with tsds\n162 element don't have a second manual review, this is an oversight\n623 elements have had both a first and a second review\nThis adds up 793 elements, the number of elements in Pt_table_v4.ods",
        "files": [
            {
                "id": "F043FN8KTKJ",
                "created": 1663347353,
                "timestamp": 1663347353,
                "name": "summary.ods",
                "title": "summary.ods",
                "mimetype": "application\/vnd.oasis.opendocument.spreadsheet",
                "filetype": "ods",
                "pretty_type": "OpenDocument Spreadsheet",
                "user": "U01793PULLV",
                "user_team": "T017P3M8W7K",
                "editable": false,
                "size": 29480,
                "mode": "hosted",
                "is_external": false,
                "external_type": "",
                "is_public": true,
                "public_url_shared": false,
                "display_as_bot": false,
                "username": "",
                "url_private": "https:\/\/files.slack.com\/files-pri\/T017P3M8W7K-F043FN8KTKJ\/summary.ods?t=xoxe-1261123302257-6395895314663-6407612319125-137f2171a6b5696e8e285d5b7bbfa693",
                "url_private_download": "https:\/\/files.slack.com\/files-pri\/T017P3M8W7K-F043FN8KTKJ\/download\/summary.ods?t=xoxe-1261123302257-6395895314663-6407612319125-137f2171a6b5696e8e285d5b7bbfa693",
                "media_display_type": "unknown",
                "converted_pdf": "https:\/\/files.slack.com\/files-tmb\/T017P3M8W7K-F043FN8KTKJ-36d554e22f\/summary_converted.pdf?t=xoxe-1261123302257-6395895314663-6407612319125-137f2171a6b5696e8e285d5b7bbfa693",
                "thumb_pdf": "https:\/\/files.slack.com\/files-tmb\/T017P3M8W7K-F043FN8KTKJ-36d554e22f\/summary_thumb_pdf.png?t=xoxe-1261123302257-6395895314663-6407612319125-137f2171a6b5696e8e285d5b7bbfa693",
                "thumb_pdf_w": 909,
                "thumb_pdf_h": 1286,
                "permalink": "https:\/\/arensburgerla-9bj1862.slack.com\/files\/U01793PULLV\/F043FN8KTKJ\/summary.ods",
                "permalink_public": "https:\/\/slack-files.com\/T017P3M8W7K-F043FN8KTKJ-8f52a847b8",
                "is_starred": false,
                "has_rich_preview": false,
                "file_access": "visible"
            }
        ],
        "upload": false,
        "user": "U01793PULLV",
        "display_as_bot": false,
        "ts": "1663347357.418819",
        "blocks": [
            {
                "type": "rich_text",
                "block_id": "SUCM",
                "elements": [
                    {
                        "type": "rich_text_section",
                        "elements": [
                            {
                                "type": "text",
                                "text": "Going through the TE folder I find the following:\n8 elements have no manual review at all because process_folders-sort-tsds.pl failed to id any elements with tsds\n162 element don't have a second manual review, this is an oversight\n623 elements have had both a first and a second review\nThis adds up 793 elements, the number of elements in Pt_table_v4.ods"
                            }
                        ]
                    }
                ]
            }
        ],
        "client_msg_id": "96dc2435-a6fb-4175-88a0-eb6d00045415"
    },
    {
        "client_msg_id": "0505a811-f7a5-4d39-998f-031ee5964a2e",
        "type": "message",
        "text": "going through the 162 elements I have failed to do a second review for:\n```peter@carmen:~\/Desktop$ perl process_folders-sort-tsds.pl -t r1.txt &gt; r1.xls```",
        "user": "U01793PULLV",
        "ts": "1663350275.428159",
        "blocks": [
            {
                "type": "rich_text",
                "block_id": "LJG9",
                "elements": [
                    {
                        "type": "rich_text_section",
                        "elements": [
                            {
                                "type": "text",
                                "text": "going through the 162 elements I have failed to do a second review for:\n"
                            }
                        ]
                    },
                    {
                        "type": "rich_text_preformatted",
                        "elements": [
                            {
                                "type": "text",
                                "text": "peter@carmen:~\/Desktop$ perl process_folders-sort-tsds.pl -t r1.txt > r1.xls"
                            }
                        ],
                        "border": 0
                    }
                ]
            }
        ],
        "team": "T017P3M8W7K",
        "user_team": "T017P3M8W7K",
        "source_team": "T017P3M8W7K",
        "user_profile": {
            "avatar_hash": "743a9fc0b5f6",
            "image_72": "https:\/\/avatars.slack-edge.com\/2022-06-30\/3731255580839_743a9fc0b5f63f195af3_72.jpg",
            "first_name": "parensburger",
            "real_name": "parensburger",
            "display_name": "Peter",
            "team": "T017P3M8W7K",
            "name": "parensburger",
            "is_restricted": false,
            "is_ultra_restricted": false
        }
    },
    {
        "type": "message",
        "text": "finally finished manual reviews, here's the breakdown of the 793 elements in Pt_table_v4.ods:\n8 elements have no manual review (see above)\n7 elements were not deemed to be elemetents at all\n99 elements could not have their TIRs found, need a more extensive search\n2 elements have uncertain TIR sequences\n47 elements have uncertain TSD sequences\n630 elements have both TIR and TSDs established",
        "files": [
            {
                "id": "F042CSQQ1PZ",
                "created": 1663367343,
                "timestamp": 1663367343,
                "name": "sum1.ods",
                "title": "sum1.ods",
                "mimetype": "application\/vnd.oasis.opendocument.spreadsheet",
                "filetype": "ods",
                "pretty_type": "OpenDocument Spreadsheet",
                "user": "U01793PULLV",
                "user_team": "T017P3M8W7K",
                "editable": false,
                "size": 23907,
                "mode": "hosted",
                "is_external": false,
                "external_type": "",
                "is_public": true,
                "public_url_shared": false,
                "display_as_bot": false,
                "username": "",
                "url_private": "https:\/\/files.slack.com\/files-pri\/T017P3M8W7K-F042CSQQ1PZ\/sum1.ods?t=xoxe-1261123302257-6395895314663-6407612319125-137f2171a6b5696e8e285d5b7bbfa693",
                "url_private_download": "https:\/\/files.slack.com\/files-pri\/T017P3M8W7K-F042CSQQ1PZ\/download\/sum1.ods?t=xoxe-1261123302257-6395895314663-6407612319125-137f2171a6b5696e8e285d5b7bbfa693",
                "media_display_type": "unknown",
                "converted_pdf": "https:\/\/files.slack.com\/files-tmb\/T017P3M8W7K-F042CSQQ1PZ-f3e4387457\/sum1_converted.pdf?t=xoxe-1261123302257-6395895314663-6407612319125-137f2171a6b5696e8e285d5b7bbfa693",
                "thumb_pdf": "https:\/\/files.slack.com\/files-tmb\/T017P3M8W7K-F042CSQQ1PZ-f3e4387457\/sum1_thumb_pdf.png?t=xoxe-1261123302257-6395895314663-6407612319125-137f2171a6b5696e8e285d5b7bbfa693",
                "thumb_pdf_w": 909,
                "thumb_pdf_h": 1286,
                "permalink": "https:\/\/arensburgerla-9bj1862.slack.com\/files\/U01793PULLV\/F042CSQQ1PZ\/sum1.ods",
                "permalink_public": "https:\/\/slack-files.com\/T017P3M8W7K-F042CSQQ1PZ-eeac1eec5c",
                "is_starred": false,
                "has_rich_preview": false,
                "file_access": "visible"
            }
        ],
        "upload": false,
        "user": "U01793PULLV",
        "display_as_bot": false,
        "ts": "1663367358.656269",
        "blocks": [
            {
                "type": "rich_text",
                "block_id": "r++P",
                "elements": [
                    {
                        "type": "rich_text_section",
                        "elements": [
                            {
                                "type": "text",
                                "text": "finally finished manual reviews, here's the breakdown of the 793 elements in Pt_table_v4.ods:\n8 elements have no manual review (see above)\n7 elements were not deemed to be elemetents at all\n99 elements could not have their TIRs found, need a more extensive search\n2 elements have uncertain TIR sequences\n47 elements have uncertain TSD sequences\n630 elements have both TIR and TSDs established"
                            }
                        ]
                    }
                ]
            }
        ],
        "client_msg_id": "75dd7357-c863-4ab3-98b6-16a38d940fa9"
    }
]