[
    {
        "client_msg_id": "e2c9b763-bb8a-454f-b9b1-7b637bb3aa1e",
        "type": "message",
        "text": "manually annotating the elements. Rather than having one review be the final one, I think it's better to go through all the reasonable tsds and assign who could be the real one, then sort the conflicts later.\nAlso the number of TSDs report for TA is too high.",
        "user": "U01793PULLV",
        "ts": "1662685061.418219",
        "blocks": [
            {
                "type": "rich_text",
                "block_id": "5eHF",
                "elements": [
                    {
                        "type": "rich_text_section",
                        "elements": [
                            {
                                "type": "text",
                                "text": "manually annotating the elements. Rather than having one review be the final one, I think it's better to go through all the reasonable tsds and assign who could be the real one, then sort the conflicts later.\nAlso the number of TSDs report for TA is too high."
                            }
                        ]
                    }
                ]
            }
        ],
        "team": "T017P3M8W7K",
        "user_team": "T017P3M8W7K",
        "source_team": "T017P3M8W7K",
        "user_profile": {
            "avatar_hash": "743a9fc0b5f6",
            "image_72": "https:\/\/avatars.slack-edge.com\/2022-06-30\/3731255580839_743a9fc0b5f63f195af3_72.jpg",
            "first_name": "parensburger",
            "real_name": "parensburger",
            "display_name": "Peter",
            "team": "T017P3M8W7K",
            "name": "parensburger",
            "is_restricted": false,
            "is_ultra_restricted": false
        }
    }
]