[
    {
        "type": "message",
        "text": "This is a run of the pipeline so far. It appears to work for 2 elements. Now I need summarize the results.\n```peter@rigoletto:~\/Desktop$ perl TE_discovery_Ptep3\/scripts\/process_folders-get_real_sequences3.pl -t temp.txt\npeter@rigoletto:~\/Desktop$ perl TE_discovery_Ptep3\/scripts\/process_folders-display_orfs3.pl -t temp.txt &gt; orf2.txt\npeter@faust:~\/Desktop$ interproscan.sh -t p -i orf2.txt -appl Pfam,CDD,PANTHER -f tsv\npeter@rigoletto:~\/Desktop$ perl TE_discovery_Ptep3\/scripts\/run_interpro3.pl -o orf2.txt &gt; interpro.txt```",
        "files": [
            {
                "id": "F04EDS87GH3",
                "created": 1670575400,
                "timestamp": 1670575400,
                "name": "orf2.txt.tsv",
                "title": "orf2.txt.tsv",
                "mimetype": "text\/tab-separated-values",
                "filetype": "tsv",
                "pretty_type": "TSV",
                "user": "U01793PULLV",
                "user_team": "T017P3M8W7K",
                "editable": true,
                "size": 18767,
                "mode": "snippet",
                "is_external": false,
                "external_type": "",
                "is_public": true,
                "public_url_shared": false,
                "display_as_bot": false,
                "username": "",
                "url_private": "https:\/\/files.slack.com\/files-pri\/T017P3M8W7K-F04EDS87GH3\/orf2.txt.tsv?t=xoxe-1261123302257-6395895314663-6407612319125-137f2171a6b5696e8e285d5b7bbfa693",
                "url_private_download": "https:\/\/files.slack.com\/files-pri\/T017P3M8W7K-F04EDS87GH3\/download\/orf2.txt.tsv?t=xoxe-1261123302257-6395895314663-6407612319125-137f2171a6b5696e8e285d5b7bbfa693",
                "permalink": "https:\/\/arensburgerla-9bj1862.slack.com\/files\/U01793PULLV\/F04EDS87GH3\/orf2.txt.tsv",
                "permalink_public": "https:\/\/slack-files.com\/T017P3M8W7K-F04EDS87GH3-32148fd678",
                "edit_link": "https:\/\/arensburgerla-9bj1862.slack.com\/files\/U01793PULLV\/F04EDS87GH3\/orf2.txt.tsv\/edit",
                "is_starred": false,
                "has_rich_preview": false,
                "file_access": "visible"
            },
            {
                "id": "F04F6FW7SKA",
                "created": 1670575402,
                "timestamp": 1670575402,
                "name": "orf2.txt",
                "title": "orf2.txt",
                "mimetype": "text\/plain",
                "filetype": "text",
                "pretty_type": "Plain Text",
                "user": "U01793PULLV",
                "user_team": "T017P3M8W7K",
                "editable": true,
                "size": 50345,
                "mode": "snippet",
                "is_external": false,
                "external_type": "",
                "is_public": true,
                "public_url_shared": false,
                "display_as_bot": false,
                "username": "",
                "url_private": "https:\/\/files.slack.com\/files-pri\/T017P3M8W7K-F04F6FW7SKA\/orf2.txt?t=xoxe-1261123302257-6395895314663-6407612319125-137f2171a6b5696e8e285d5b7bbfa693",
                "url_private_download": "https:\/\/files.slack.com\/files-pri\/T017P3M8W7K-F04F6FW7SKA\/download\/orf2.txt?t=xoxe-1261123302257-6395895314663-6407612319125-137f2171a6b5696e8e285d5b7bbfa693",
                "permalink": "https:\/\/arensburgerla-9bj1862.slack.com\/files\/U01793PULLV\/F04F6FW7SKA\/orf2.txt",
                "permalink_public": "https:\/\/slack-files.com\/T017P3M8W7K-F04F6FW7SKA-d86c69f145",
                "edit_link": "https:\/\/arensburgerla-9bj1862.slack.com\/files\/U01793PULLV\/F04F6FW7SKA\/orf2.txt\/edit",
                "is_starred": false,
                "has_rich_preview": false,
                "file_access": "visible"
            },
            {
                "id": "F04EDS8CYE9",
                "created": 1670575403,
                "timestamp": 1670575403,
                "name": "interpro.txt",
                "title": "interpro.txt",
                "mimetype": "text\/plain",
                "filetype": "text",
                "pretty_type": "Plain Text",
                "user": "U01793PULLV",
                "user_team": "T017P3M8W7K",
                "editable": true,
                "size": 16271,
                "mode": "snippet",
                "is_external": false,
                "external_type": "",
                "is_public": true,
                "public_url_shared": false,
                "display_as_bot": false,
                "username": "",
                "url_private": "https:\/\/files.slack.com\/files-pri\/T017P3M8W7K-F04EDS8CYE9\/interpro.txt?t=xoxe-1261123302257-6395895314663-6407612319125-137f2171a6b5696e8e285d5b7bbfa693",
                "url_private_download": "https:\/\/files.slack.com\/files-pri\/T017P3M8W7K-F04EDS8CYE9\/download\/interpro.txt?t=xoxe-1261123302257-6395895314663-6407612319125-137f2171a6b5696e8e285d5b7bbfa693",
                "permalink": "https:\/\/arensburgerla-9bj1862.slack.com\/files\/U01793PULLV\/F04EDS8CYE9\/interpro.txt",
                "permalink_public": "https:\/\/slack-files.com\/T017P3M8W7K-F04EDS8CYE9-98463541ef",
                "edit_link": "https:\/\/arensburgerla-9bj1862.slack.com\/files\/U01793PULLV\/F04EDS8CYE9\/interpro.txt\/edit",
                "is_starred": false,
                "has_rich_preview": false,
                "file_access": "visible"
            },
            {
                "id": "F04EVE0G3Q9",
                "created": 1670575404,
                "timestamp": 1670575404,
                "name": "temp.txt",
                "title": "temp.txt",
                "mimetype": "text\/plain",
                "filetype": "text",
                "pretty_type": "Plain Text",
                "user": "U01793PULLV",
                "user_team": "T017P3M8W7K",
                "editable": true,
                "size": 37,
                "mode": "snippet",
                "is_external": false,
                "external_type": "",
                "is_public": true,
                "public_url_shared": false,
                "display_as_bot": false,
                "username": "",
                "url_private": "https:\/\/files.slack.com\/files-pri\/T017P3M8W7K-F04EVE0G3Q9\/temp.txt?t=xoxe-1261123302257-6395895314663-6407612319125-137f2171a6b5696e8e285d5b7bbfa693",
                "url_private_download": "https:\/\/files.slack.com\/files-pri\/T017P3M8W7K-F04EVE0G3Q9\/download\/temp.txt?t=xoxe-1261123302257-6395895314663-6407612319125-137f2171a6b5696e8e285d5b7bbfa693",
                "permalink": "https:\/\/arensburgerla-9bj1862.slack.com\/files\/U01793PULLV\/F04EVE0G3Q9\/temp.txt",
                "permalink_public": "https:\/\/slack-files.com\/T017P3M8W7K-F04EVE0G3Q9-0854139399",
                "edit_link": "https:\/\/arensburgerla-9bj1862.slack.com\/files\/U01793PULLV\/F04EVE0G3Q9\/temp.txt\/edit",
                "is_starred": false,
                "has_rich_preview": false,
                "file_access": "visible"
            }
        ],
        "upload": false,
        "user": "U01793PULLV",
        "ts": "1670575416.263729",
        "blocks": [
            {
                "type": "rich_text",
                "block_id": "curP",
                "elements": [
                    {
                        "type": "rich_text_section",
                        "elements": [
                            {
                                "type": "text",
                                "text": "This is a run of the pipeline so far. It appears to work for 2 elements. Now I need summarize the results.\n"
                            }
                        ]
                    },
                    {
                        "type": "rich_text_preformatted",
                        "elements": [
                            {
                                "type": "text",
                                "text": "peter@rigoletto:~\/Desktop$ perl TE_discovery_Ptep3\/scripts\/process_folders-get_real_sequences3.pl -t temp.txt\npeter@rigoletto:~\/Desktop$ perl TE_discovery_Ptep3\/scripts\/process_folders-display_orfs3.pl -t temp.txt > orf2.txt\npeter@faust:~\/Desktop$ interproscan.sh -t p -i orf2.txt -appl Pfam,CDD,PANTHER -f tsv\npeter@rigoletto:~\/Desktop$ perl TE_discovery_Ptep3\/scripts\/run_interpro3.pl -o orf2.txt > interpro.txt"
                            }
                        ],
                        "border": 0
                    }
                ]
            }
        ],
        "client_msg_id": "65ede3ca-9be9-4543-99e7-fba1460076f8"
    },
    {
        "type": "message",
        "text": "started working on script to summarize",
        "files": [
            {
                "id": "F04EKQ2N8EQ",
                "created": 1670582139,
                "timestamp": 1670582139,
                "name": "summarize_elements3.pl",
                "title": "summarize_elements3.pl",
                "mimetype": "text\/plain",
                "filetype": "perl",
                "pretty_type": "Perl",
                "user": "U01793PULLV",
                "user_team": "T017P3M8W7K",
                "editable": true,
                "size": 2773,
                "mode": "snippet",
                "is_external": false,
                "external_type": "",
                "is_public": true,
                "public_url_shared": false,
                "display_as_bot": false,
                "username": "",
                "url_private": "https:\/\/files.slack.com\/files-pri\/T017P3M8W7K-F04EKQ2N8EQ\/summarize_elements3.pl?t=xoxe-1261123302257-6395895314663-6407612319125-137f2171a6b5696e8e285d5b7bbfa693",
                "url_private_download": "https:\/\/files.slack.com\/files-pri\/T017P3M8W7K-F04EKQ2N8EQ\/download\/summarize_elements3.pl?t=xoxe-1261123302257-6395895314663-6407612319125-137f2171a6b5696e8e285d5b7bbfa693",
                "permalink": "https:\/\/arensburgerla-9bj1862.slack.com\/files\/U01793PULLV\/F04EKQ2N8EQ\/summarize_elements3.pl",
                "permalink_public": "https:\/\/slack-files.com\/T017P3M8W7K-F04EKQ2N8EQ-189b1d37c8",
                "edit_link": "https:\/\/arensburgerla-9bj1862.slack.com\/files\/U01793PULLV\/F04EKQ2N8EQ\/summarize_elements3.pl\/edit",
                "is_starred": false,
                "has_rich_preview": false,
                "file_access": "visible"
            }
        ],
        "upload": false,
        "user": "U01793PULLV",
        "display_as_bot": false,
        "ts": "1670582146.395789",
        "blocks": [
            {
                "type": "rich_text",
                "block_id": "BKQMv",
                "elements": [
                    {
                        "type": "rich_text_section",
                        "elements": [
                            {
                                "type": "text",
                                "text": "started working on script to summarize"
                            }
                        ]
                    }
                ]
            }
        ],
        "client_msg_id": "ba7e0a29-7a7f-49ff-a901-e1aeab1e1f51"
    }
]