[
    {
        "client_msg_id": "7e7103f8-e5bb-491e-abb3-ecae6c161dee",
        "type": "message",
        "text": "Improved the script below, now it also compares the length of the consensus to the length of the alignment and returns a list of elements that are not likely to be real. Seems to work well. In a sample of 100 element, 75 rejected. The remaining ones look good. There might be room for improvement by looking for TIRs nears the edges of the alignment, but this looking really nice. Might even consider putting the elements with fewer than 5 elements back into analysis. Still waiting for the mafft alignments to finish on pq from yesterday.",
        "user": "U01793PULLV",
        "ts": "1660241279.533939",
        "blocks": [
            {
                "type": "rich_text",
                "block_id": "U5MY",
                "elements": [
                    {
                        "type": "rich_text_section",
                        "elements": [
                            {
                                "type": "text",
                                "text": "Improved the script below, now it also compares the length of the consensus to the length of the alignment and returns a list of elements that are not likely to be real. Seems to work well. In a sample of 100 element, 75 rejected. The remaining ones look good. There might be room for improvement by looking for TIRs nears the edges of the alignment, but this looking really nice. Might even consider putting the elements with fewer than 5 elements back into analysis. Still waiting for the mafft alignments to finish on pq from yesterday."
                            }
                        ]
                    }
                ]
            }
        ],
        "team": "T017P3M8W7K",
        "user_team": "T017P3M8W7K",
        "source_team": "T017P3M8W7K",
        "user_profile": {
            "avatar_hash": "743a9fc0b5f6",
            "image_72": "https:\/\/avatars.slack-edge.com\/2022-06-30\/3731255580839_743a9fc0b5f63f195af3_72.jpg",
            "first_name": "parensburger",
            "real_name": "parensburger",
            "display_name": "Peter",
            "team": "T017P3M8W7K",
            "name": "parensburger",
            "is_restricted": false,
            "is_ultra_restricted": false
        }
    }
]