[
    {
        "client_msg_id": "a286a578-2e00-4fa0-88f0-7681d4fb263b",
        "type": "message",
        "text": "for reasons that escape me the \"make_fasta_from_blash.sh\" part of the script fails occasionally, I need to redo those parts.",
        "user": "U01793PULLV",
        "ts": "1661642581.039599",
        "blocks": [
            {
                "type": "rich_text",
                "block_id": "Zfw1",
                "elements": [
                    {
                        "type": "rich_text_section",
                        "elements": [
                            {
                                "type": "text",
                                "text": "for reasons that escape me the \"make_fasta_from_blash.sh\" part of the script fails occasionally, I need to redo those parts."
                            }
                        ]
                    }
                ]
            }
        ],
        "team": "T017P3M8W7K",
        "user_team": "T017P3M8W7K",
        "source_team": "T017P3M8W7K",
        "user_profile": {
            "avatar_hash": "743a9fc0b5f6",
            "image_72": "https:\/\/avatars.slack-edge.com\/2022-06-30\/3731255580839_743a9fc0b5f63f195af3_72.jpg",
            "first_name": "parensburger",
            "real_name": "parensburger",
            "display_name": "Peter",
            "team": "T017P3M8W7K",
            "name": "parensburger",
            "is_restricted": false,
            "is_ultra_restricted": false
        }
    },
    {
        "client_msg_id": "91b17fbd-946c-44c2-8e83-7762f83b608b",
        "type": "message",
        "text": "```arensburger@pq:~\/Ptep3_TEs\/make_consensus$ nohup perl process_folders-blast-and-cons.pl -t redo2.txt &amp;```",
        "user": "U01793PULLV",
        "ts": "1661643576.561619",
        "blocks": [
            {
                "type": "rich_text",
                "block_id": "Dq2A",
                "elements": [
                    {
                        "type": "rich_text_preformatted",
                        "elements": [
                            {
                                "type": "text",
                                "text": "arensburger@pq:~\/Ptep3_TEs\/make_consensus$ nohup perl process_folders-blast-and-cons.pl -t redo2.txt &"
                            }
                        ],
                        "border": 0
                    }
                ]
            }
        ],
        "team": "T017P3M8W7K",
        "user_team": "T017P3M8W7K",
        "source_team": "T017P3M8W7K",
        "user_profile": {
            "avatar_hash": "743a9fc0b5f6",
            "image_72": "https:\/\/avatars.slack-edge.com\/2022-06-30\/3731255580839_743a9fc0b5f63f195af3_72.jpg",
            "first_name": "parensburger",
            "real_name": "parensburger",
            "display_name": "Peter",
            "team": "T017P3M8W7K",
            "name": "parensburger",
            "is_restricted": false,
            "is_ultra_restricted": false
        }
    }
]