[
    {
        "type": "message",
        "text": "working on script to manually review the tir elements. Next thing is to get it to write out the average TIR lengths at the top of the temporary file from step 2 above",
        "files": [
            {
                "id": "F03UV7QBQV7",
                "created": 1661050516,
                "timestamp": 1661050516,
                "name": "process_clipboard-check_tir.pl",
                "title": "process_clipboard-check_tir.pl",
                "mimetype": "text\/plain",
                "filetype": "perl",
                "pretty_type": "Perl",
                "user": "U01793PULLV",
                "user_team": "T017P3M8W7K",
                "editable": true,
                "size": 7305,
                "mode": "snippet",
                "is_external": false,
                "external_type": "",
                "is_public": true,
                "public_url_shared": false,
                "display_as_bot": false,
                "username": "",
                "url_private": "https:\/\/files.slack.com\/files-pri\/T017P3M8W7K-F03UV7QBQV7\/process_clipboard-check_tir.pl?t=xoxe-1261123302257-6395895314663-6407612319125-137f2171a6b5696e8e285d5b7bbfa693",
                "url_private_download": "https:\/\/files.slack.com\/files-pri\/T017P3M8W7K-F03UV7QBQV7\/download\/process_clipboard-check_tir.pl?t=xoxe-1261123302257-6395895314663-6407612319125-137f2171a6b5696e8e285d5b7bbfa693",
                "permalink": "https:\/\/arensburgerla-9bj1862.slack.com\/files\/U01793PULLV\/F03UV7QBQV7\/process_clipboard-check_tir.pl",
                "permalink_public": "https:\/\/slack-files.com\/T017P3M8W7K-F03UV7QBQV7-b2d4cec485",
                "edit_link": "https:\/\/arensburgerla-9bj1862.slack.com\/files\/U01793PULLV\/F03UV7QBQV7\/process_clipboard-check_tir.pl\/edit",
                "is_starred": false,
                "has_rich_preview": false,
                "file_access": "visible"
            }
        ],
        "upload": false,
        "user": "U01793PULLV",
        "display_as_bot": false,
        "ts": "1661050528.745439",
        "blocks": [
            {
                "type": "rich_text",
                "block_id": "LRpo1",
                "elements": [
                    {
                        "type": "rich_text_section",
                        "elements": [
                            {
                                "type": "text",
                                "text": "working on script to manually review the tir elements. Next thing is to get it to write out the average TIR lengths at the top of the temporary file from step 2 above"
                            }
                        ]
                    }
                ]
            }
        ],
        "client_msg_id": "ed0f27ff-bf14-4d8c-8cb5-a563f17cea41"
    }
]