[
    {
        "client_msg_id": "3f531399-368f-4e6f-9885-9e94c2b07e6b",
        "type": "message",
        "text": "I've been working on the detail script. What I'll do now is to separate rather well established elements from the ambiguous ones, and work on finalizing both groups.",
        "user": "U01793PULLV",
        "ts": "1663172871.099659",
        "blocks": [
            {
                "type": "rich_text",
                "block_id": "WEMy",
                "elements": [
                    {
                        "type": "rich_text_section",
                        "elements": [
                            {
                                "type": "text",
                                "text": "I've been working on the detail script. What I'll do now is to separate rather well established elements from the ambiguous ones, and work on finalizing both groups."
                            }
                        ]
                    }
                ]
            }
        ],
        "team": "T017P3M8W7K",
        "user_team": "T017P3M8W7K",
        "source_team": "T017P3M8W7K",
        "user_profile": {
            "avatar_hash": "743a9fc0b5f6",
            "image_72": "https:\/\/avatars.slack-edge.com\/2022-06-30\/3731255580839_743a9fc0b5f63f195af3_72.jpg",
            "first_name": "parensburger",
            "real_name": "parensburger",
            "display_name": "Peter",
            "team": "T017P3M8W7K",
            "name": "parensburger",
            "is_restricted": false,
            "is_ultra_restricted": false
        },
        "thread_ts": "1663172871.099659",
        "reply_count": 2,
        "reply_users_count": 1,
        "latest_reply": "1663177942.388119",
        "reply_users": [
            "U01793PULLV"
        ],
        "replies": [
            {
                "user": "U01793PULLV",
                "ts": "1663175937.518769"
            },
            {
                "user": "U01793PULLV",
                "ts": "1663177942.388119"
            }
        ],
        "is_locked": false,
        "subscribed": true,
        "last_read": "1663177942.388119"
    },
    {
        "type": "message",
        "text": "wrote the script to summarize the results. The basic outcome at this moment is that\nElements that have only 1 TIR-TSD accepts: 560\nElements that have 2 or more TIR-TSD accepted: 62\nElements that only have TIR only: 7\nElements that have elements, and need review: 126\nElements that are not an element: 32\nElements that have no review: 9\n\nnext need to break down the accepted ones",
        "files": [
            {
                "id": "F0433JRUJ2C",
                "created": 1663175607,
                "timestamp": 1663175607,
                "name": "summarize.pl",
                "title": "summarize.pl",
                "mimetype": "text\/plain",
                "filetype": "perl",
                "pretty_type": "Perl",
                "user": "U01793PULLV",
                "user_team": "T017P3M8W7K",
                "editable": true,
                "size": 1357,
                "mode": "snippet",
                "is_external": false,
                "external_type": "",
                "is_public": true,
                "public_url_shared": false,
                "display_as_bot": false,
                "username": "",
                "url_private": "https:\/\/files.slack.com\/files-pri\/T017P3M8W7K-F0433JRUJ2C\/summarize.pl?t=xoxe-1261123302257-6395895314663-6407612319125-137f2171a6b5696e8e285d5b7bbfa693",
                "url_private_download": "https:\/\/files.slack.com\/files-pri\/T017P3M8W7K-F0433JRUJ2C\/download\/summarize.pl?t=xoxe-1261123302257-6395895314663-6407612319125-137f2171a6b5696e8e285d5b7bbfa693",
                "permalink": "https:\/\/arensburgerla-9bj1862.slack.com\/files\/U01793PULLV\/F0433JRUJ2C\/summarize.pl",
                "permalink_public": "https:\/\/slack-files.com\/T017P3M8W7K-F0433JRUJ2C-cbd4d84445",
                "edit_link": "https:\/\/arensburgerla-9bj1862.slack.com\/files\/U01793PULLV\/F0433JRUJ2C\/summarize.pl\/edit",
                "is_starred": false,
                "has_rich_preview": false,
                "file_access": "visible"
            }
        ],
        "upload": false,
        "user": "U01793PULLV",
        "display_as_bot": false,
        "ts": "1663175937.518769",
        "blocks": [
            {
                "type": "rich_text",
                "block_id": "cPb",
                "elements": [
                    {
                        "type": "rich_text_section",
                        "elements": [
                            {
                                "type": "text",
                                "text": "wrote the script to summarize the results. The basic outcome at this moment is that\nElements that have only 1 TIR-TSD accepts: 560\nElements that have 2 or more TIR-TSD accepted: 62\nElements that only have TIR only: 7\nElements that have elements, and need review: 126\nElements that are not an element: 32\nElements that have no review: 9\n\nnext need to break down the accepted ones"
                            }
                        ]
                    }
                ]
            }
        ],
        "client_msg_id": "3e1faf37-912b-4f0d-812a-f8177835c18a",
        "thread_ts": "1663172871.099659",
        "parent_user_id": "U01793PULLV"
    },
    {
        "client_msg_id": "9406371a-149c-4a61-b7c8-3683c94fa0ed",
        "type": "message",
        "text": "further breakdown, among the 560 elements with only 1 TIR-TSD:\n334 are TA elements\n175 are 8 bp. TSD element\n25 are 5 bp. TSD\n16 are 6 bp. TSD\n6 are 4 bp. TSDs\n3 are 2 bp. TSDs\n1 is 9 bp TSD\n\nNext step is go through each of these again with and confirm each one.",
        "user": "U01793PULLV",
        "ts": "1663177942.388119",
        "blocks": [
            {
                "type": "rich_text",
                "block_id": "rdRgq",
                "elements": [
                    {
                        "type": "rich_text_section",
                        "elements": [
                            {
                                "type": "text",
                                "text": "further breakdown, among the 560 elements with only 1 TIR-TSD:\n334 are TA elements\n175 are 8 bp. TSD element\n25 are 5 bp. TSD\n16 are 6 bp. TSD\n6 are 4 bp. TSDs\n3 are 2 bp. TSDs\n1 is 9 bp TSD\n\nNext step is go through each of these again with and confirm each one."
                            }
                        ]
                    }
                ]
            }
        ],
        "team": "T017P3M8W7K",
        "user_team": "T017P3M8W7K",
        "source_team": "T017P3M8W7K",
        "user_profile": {
            "avatar_hash": "743a9fc0b5f6",
            "image_72": "https:\/\/avatars.slack-edge.com\/2022-06-30\/3731255580839_743a9fc0b5f63f195af3_72.jpg",
            "first_name": "parensburger",
            "real_name": "parensburger",
            "display_name": "Peter",
            "team": "T017P3M8W7K",
            "name": "parensburger",
            "is_restricted": false,
            "is_ultra_restricted": false
        },
        "thread_ts": "1663172871.099659",
        "parent_user_id": "U01793PULLV"
    },
    {
        "client_msg_id": "2bbe5f05-29d4-43b5-adb1-bb310a306de7",
        "type": "message",
        "text": "going through second round of manual review for the elements that seem to be be real. For 8 bp. elements looking for signature 8 - 6 - 4 - 2 pattern. Elements that are accepts labeled under \"Review2\". Also look for other categories than the 8bp having significantly higher TSD numbers, this could indicate that the 8 bp is just a fluke",
        "user": "U01793PULLV",
        "ts": "1663185794.678529",
        "blocks": [
            {
                "type": "rich_text",
                "block_id": "3cM",
                "elements": [
                    {
                        "type": "rich_text_section",
                        "elements": [
                            {
                                "type": "text",
                                "text": "going through second round of manual review for the elements that seem to be be real. For 8 bp. elements looking for signature 8 - 6 - 4 - 2 pattern. Elements that are accepts labeled under \"Review2\". Also look for other categories than the 8bp having significantly higher TSD numbers, this could indicate that the 8 bp is just a fluke"
                            }
                        ]
                    }
                ]
            }
        ],
        "team": "T017P3M8W7K",
        "user_team": "T017P3M8W7K",
        "source_team": "T017P3M8W7K",
        "user_profile": {
            "avatar_hash": "743a9fc0b5f6",
            "image_72": "https:\/\/avatars.slack-edge.com\/2022-06-30\/3731255580839_743a9fc0b5f63f195af3_72.jpg",
            "first_name": "parensburger",
            "real_name": "parensburger",
            "display_name": "Peter",
            "team": "T017P3M8W7K",
            "name": "parensburger",
            "is_restricted": false,
            "is_ultra_restricted": false
        },
        "edited": {
            "user": "U01793PULLV",
            "ts": "1663190221.000000"
        }
    },
    {
        "client_msg_id": "da81c9d1-15dc-4345-8ac0-8b0d586f5924",
        "type": "message",
        "text": "reviewing the elements, with element rnd-6_family-1590 new location not added with \"a\"",
        "user": "U01793PULLV",
        "ts": "1663195582.349019",
        "blocks": [
            {
                "type": "rich_text",
                "block_id": "g5I",
                "elements": [
                    {
                        "type": "rich_text_section",
                        "elements": [
                            {
                                "type": "text",
                                "text": "reviewing the elements, with element rnd-6_family-1590 new location not added with \"a\""
                            }
                        ]
                    }
                ]
            }
        ],
        "team": "T017P3M8W7K",
        "user_team": "T017P3M8W7K",
        "source_team": "T017P3M8W7K",
        "user_profile": {
            "avatar_hash": "743a9fc0b5f6",
            "image_72": "https:\/\/avatars.slack-edge.com\/2022-06-30\/3731255580839_743a9fc0b5f63f195af3_72.jpg",
            "first_name": "parensburger",
            "real_name": "parensburger",
            "display_name": "Peter",
            "team": "T017P3M8W7K",
            "name": "parensburger",
            "is_restricted": false,
            "is_ultra_restricted": false
        }
    }
]