[
    {
        "type": "message",
        "text": "finished the improved script to get real sequences. It now reports the elements with TSDs and in the title reports on the quality of the TSD and TIR",
        "files": [
            {
                "id": "F04CH2S59PZ",
                "created": 1669735790,
                "timestamp": 1669735790,
                "name": "process_folders-get_real_sequences3.pl",
                "title": "process_folders-get_real_sequences3.pl",
                "mimetype": "text\/plain",
                "filetype": "perl",
                "pretty_type": "Perl",
                "user": "U01793PULLV",
                "user_team": "T017P3M8W7K",
                "editable": true,
                "size": 9266,
                "mode": "snippet",
                "is_external": false,
                "external_type": "",
                "is_public": true,
                "public_url_shared": false,
                "display_as_bot": false,
                "username": "",
                "url_private": "https:\/\/files.slack.com\/files-pri\/T017P3M8W7K-F04CH2S59PZ\/process_folders-get_real_sequences3.pl?t=xoxe-1261123302257-6395895314663-6407612319125-137f2171a6b5696e8e285d5b7bbfa693",
                "url_private_download": "https:\/\/files.slack.com\/files-pri\/T017P3M8W7K-F04CH2S59PZ\/download\/process_folders-get_real_sequences3.pl?t=xoxe-1261123302257-6395895314663-6407612319125-137f2171a6b5696e8e285d5b7bbfa693",
                "permalink": "https:\/\/arensburgerla-9bj1862.slack.com\/files\/U01793PULLV\/F04CH2S59PZ\/process_folders-get_real_sequences3.pl",
                "permalink_public": "https:\/\/slack-files.com\/T017P3M8W7K-F04CH2S59PZ-c119c17886",
                "edit_link": "https:\/\/arensburgerla-9bj1862.slack.com\/files\/U01793PULLV\/F04CH2S59PZ\/process_folders-get_real_sequences3.pl\/edit",
                "is_starred": false,
                "has_rich_preview": false,
                "file_access": "visible"
            }
        ],
        "upload": false,
        "user": "U01793PULLV",
        "display_as_bot": false,
        "ts": "1669735796.952189",
        "blocks": [
            {
                "type": "rich_text",
                "block_id": "d6F8",
                "elements": [
                    {
                        "type": "rich_text_section",
                        "elements": [
                            {
                                "type": "text",
                                "text": "finished the improved script to get real sequences. It now reports the elements with TSDs and in the title reports on the quality of the TSD and TIR"
                            }
                        ]
                    }
                ]
            }
        ],
        "client_msg_id": "40467a61-873f-45b0-9d4f-0406e0bee0ae"
    }
]