[
    {
        "type": "message",
        "text": "fixed the issues with the script, added a to the fasta titles if the last and first bp of the TIRs is present or not (for getting TSDs later)",
        "files": [
            {
                "id": "F0411SBABQD",
                "created": 1662430578,
                "timestamp": 1662430578,
                "name": "process_folders-get_real_sequences.pl",
                "title": "process_folders-get_real_sequences.pl",
                "mimetype": "text\/plain",
                "filetype": "perl",
                "pretty_type": "Perl",
                "user": "U01793PULLV",
                "user_team": "T017P3M8W7K",
                "editable": true,
                "size": 6572,
                "mode": "snippet",
                "is_external": false,
                "external_type": "",
                "is_public": true,
                "public_url_shared": false,
                "display_as_bot": false,
                "username": "",
                "url_private": "https:\/\/files.slack.com\/files-pri\/T017P3M8W7K-F0411SBABQD\/process_folders-get_real_sequences.pl?t=xoxe-1261123302257-6395895314663-6407612319125-137f2171a6b5696e8e285d5b7bbfa693",
                "url_private_download": "https:\/\/files.slack.com\/files-pri\/T017P3M8W7K-F0411SBABQD\/download\/process_folders-get_real_sequences.pl?t=xoxe-1261123302257-6395895314663-6407612319125-137f2171a6b5696e8e285d5b7bbfa693",
                "permalink": "https:\/\/arensburgerla-9bj1862.slack.com\/files\/U01793PULLV\/F0411SBABQD\/process_folders-get_real_sequences.pl",
                "permalink_public": "https:\/\/slack-files.com\/T017P3M8W7K-F0411SBABQD-bf79d861ff",
                "edit_link": "https:\/\/arensburgerla-9bj1862.slack.com\/files\/U01793PULLV\/F0411SBABQD\/process_folders-get_real_sequences.pl\/edit",
                "is_starred": false,
                "has_rich_preview": false,
                "file_access": "visible"
            }
        ],
        "upload": false,
        "user": "U01793PULLV",
        "display_as_bot": false,
        "ts": "1662430582.891789",
        "blocks": [
            {
                "type": "rich_text",
                "block_id": "Q\/Y",
                "elements": [
                    {
                        "type": "rich_text_section",
                        "elements": [
                            {
                                "type": "text",
                                "text": "fixed the issues with the script, added a to the fasta titles if the last and first bp of the TIRs is present or not (for getting TSDs later)"
                            }
                        ]
                    }
                ]
            }
        ],
        "client_msg_id": "0ce45f71-ce76-4041-9f04-b8d16e8b7233"
    },
    {
        "client_msg_id": "d49bab97-9bac-4933-b7ce-cd323ab8be77",
        "type": "message",
        "text": "it would be useful to add to the script above a report on the number of elements with perfect, or near perfect TSDs  and a start next o each perfect one.",
        "user": "U01793PULLV",
        "ts": "1662432168.455459",
        "blocks": [
            {
                "type": "rich_text",
                "block_id": "Erp",
                "elements": [
                    {
                        "type": "rich_text_section",
                        "elements": [
                            {
                                "type": "text",
                                "text": "it would be useful to add to the script above a report on the number of elements with perfect, or near perfect TSDs  and a start next o each perfect one."
                            }
                        ]
                    }
                ]
            }
        ],
        "team": "T017P3M8W7K",
        "user_team": "T017P3M8W7K",
        "source_team": "T017P3M8W7K",
        "user_profile": {
            "avatar_hash": "743a9fc0b5f6",
            "image_72": "https:\/\/avatars.slack-edge.com\/2022-06-30\/3731255580839_743a9fc0b5f63f195af3_72.jpg",
            "first_name": "parensburger",
            "real_name": "parensburger",
            "display_name": "Peter",
            "team": "T017P3M8W7K",
            "name": "parensburger",
            "is_restricted": false,
            "is_ultra_restricted": false
        }
    }
]