[
    {
        "client_msg_id": "b727aae6-d61f-4a52-889b-31168efb1146",
        "type": "message",
        "text": "finished running blast_align_directories.pl on all the elements. Need to write a script to make it easy to update the spreadsheet with new information",
        "user": "U01793PULLV",
        "ts": "1658853069.126719",
        "blocks": [
            {
                "type": "rich_text",
                "block_id": "sFdom",
                "elements": [
                    {
                        "type": "rich_text_section",
                        "elements": [
                            {
                                "type": "text",
                                "text": "finished running blast_align_directories.pl on all the elements. Need to write a script to make it easy to update the spreadsheet with new information"
                            }
                        ]
                    }
                ]
            }
        ],
        "team": "T017P3M8W7K",
        "user_team": "T017P3M8W7K",
        "source_team": "T017P3M8W7K",
        "user_profile": {
            "avatar_hash": "743a9fc0b5f6",
            "image_72": "https:\/\/avatars.slack-edge.com\/2022-06-30\/3731255580839_743a9fc0b5f63f195af3_72.jpg",
            "first_name": "parensburger",
            "real_name": "parensburger",
            "display_name": "Peter",
            "team": "T017P3M8W7K",
            "name": "parensburger",
            "is_restricted": false,
            "is_ultra_restricted": false
        }
    },
    {
        "client_msg_id": "94182f2d-b9db-46d5-8fc3-fe2b450b9422",
        "type": "message",
        "text": "I did not create directories for the rnd- files, need to find out why.",
        "user": "U01793PULLV",
        "ts": "1658853834.770249",
        "blocks": [
            {
                "type": "rich_text",
                "block_id": "IxHBb",
                "elements": [
                    {
                        "type": "rich_text_section",
                        "elements": [
                            {
                                "type": "text",
                                "text": "I did not create directories for the rnd- files, need to find out why."
                            }
                        ]
                    }
                ]
            }
        ],
        "team": "T017P3M8W7K",
        "user_team": "T017P3M8W7K",
        "source_team": "T017P3M8W7K",
        "user_profile": {
            "avatar_hash": "743a9fc0b5f6",
            "image_72": "https:\/\/avatars.slack-edge.com\/2022-06-30\/3731255580839_743a9fc0b5f63f195af3_72.jpg",
            "first_name": "parensburger",
            "real_name": "parensburger",
            "display_name": "Peter",
            "team": "T017P3M8W7K",
            "name": "parensburger",
            "is_restricted": false,
            "is_ultra_restricted": false
        },
        "thread_ts": "1658853834.770249",
        "reply_count": 1,
        "reply_users_count": 1,
        "latest_reply": "1658855405.101489",
        "reply_users": [
            "U01793PULLV"
        ],
        "replies": [
            {
                "user": "U01793PULLV",
                "ts": "1658855405.101489"
            }
        ],
        "is_locked": false,
        "subscribed": true,
        "last_read": "1658855405.101489"
    },
    {
        "client_msg_id": "9b2bafe5-8bb0-4dfc-9787-113f5f5f878f",
        "type": "message",
        "text": "I somehow missed one of the 4 groups yesterday, redoing it now\n```peter@faust:~\/Desktop$ nohup perl blast_align_directories.pl &amp;```",
        "user": "U01793PULLV",
        "ts": "1658855405.101489",
        "blocks": [
            {
                "type": "rich_text",
                "block_id": "Erp",
                "elements": [
                    {
                        "type": "rich_text_section",
                        "elements": [
                            {
                                "type": "text",
                                "text": "I somehow missed one of the 4 groups yesterday, redoing it now\n"
                            }
                        ]
                    },
                    {
                        "type": "rich_text_preformatted",
                        "elements": [
                            {
                                "type": "text",
                                "text": "peter@faust:~\/Desktop$ nohup perl blast_align_directories.pl &"
                            }
                        ],
                        "border": 0
                    }
                ]
            }
        ],
        "team": "T017P3M8W7K",
        "user_team": "T017P3M8W7K",
        "source_team": "T017P3M8W7K",
        "user_profile": {
            "avatar_hash": "743a9fc0b5f6",
            "image_72": "https:\/\/avatars.slack-edge.com\/2022-06-30\/3731255580839_743a9fc0b5f63f195af3_72.jpg",
            "first_name": "parensburger",
            "real_name": "parensburger",
            "display_name": "Peter",
            "team": "T017P3M8W7K",
            "name": "parensburger",
            "is_restricted": false,
            "is_ultra_restricted": false
        },
        "thread_ts": "1658853834.770249",
        "parent_user_id": "U01793PULLV"
    },
    {
        "client_msg_id": "d7667aa3-a1e0-42c1-a009-2101a5b69053",
        "type": "message",
        "text": "create a script called ods2hash that I put into <http:\/\/agutils.pm|agutils.pm> . It take a libreoffice spreadsheet and returns a hash with all the data in the sheet. I hope it will be useful for updating the TE data sheet and doing processes on certain entries only.",
        "user": "U01793PULLV",
        "ts": "1658882714.209819",
        "blocks": [
            {
                "type": "rich_text",
                "block_id": "u5\/i",
                "elements": [
                    {
                        "type": "rich_text_section",
                        "elements": [
                            {
                                "type": "text",
                                "text": "create a script called ods2hash that I put into "
                            },
                            {
                                "type": "link",
                                "url": "http:\/\/agutils.pm",
                                "text": "agutils.pm"
                            },
                            {
                                "type": "text",
                                "text": " . It take a libreoffice spreadsheet and returns a hash with all the data in the sheet. I hope it will be useful for updating the TE data sheet and doing processes on certain entries only."
                            }
                        ]
                    }
                ]
            }
        ],
        "team": "T017P3M8W7K",
        "user_team": "T017P3M8W7K",
        "source_team": "T017P3M8W7K",
        "user_profile": {
            "avatar_hash": "743a9fc0b5f6",
            "image_72": "https:\/\/avatars.slack-edge.com\/2022-06-30\/3731255580839_743a9fc0b5f63f195af3_72.jpg",
            "first_name": "parensburger",
            "real_name": "parensburger",
            "display_name": "Peter",
            "team": "T017P3M8W7K",
            "name": "parensburger",
            "is_restricted": false,
            "is_ultra_restricted": false
        }
    }
]