[
    {
        "type": "message",
        "text": "got the script working to get elements that have perfect TSDs. Now need to integrate that with the search for tranposases.",
        "files": [
            {
                "id": "F04BC13F6K0",
                "created": 1668760291,
                "timestamp": 1668760291,
                "name": "process_folders-get_real_sequences2.pl",
                "title": "process_folders-get_real_sequences2.pl",
                "mimetype": "text\/plain",
                "filetype": "perl",
                "pretty_type": "Perl",
                "user": "U01793PULLV",
                "user_team": "T017P3M8W7K",
                "editable": true,
                "size": 6481,
                "mode": "snippet",
                "is_external": false,
                "external_type": "",
                "is_public": true,
                "public_url_shared": false,
                "display_as_bot": false,
                "username": "",
                "url_private": "https:\/\/files.slack.com\/files-pri\/T017P3M8W7K-F04BC13F6K0\/process_folders-get_real_sequences2.pl?t=xoxe-1261123302257-6395895314663-6407612319125-137f2171a6b5696e8e285d5b7bbfa693",
                "url_private_download": "https:\/\/files.slack.com\/files-pri\/T017P3M8W7K-F04BC13F6K0\/download\/process_folders-get_real_sequences2.pl?t=xoxe-1261123302257-6395895314663-6407612319125-137f2171a6b5696e8e285d5b7bbfa693",
                "permalink": "https:\/\/arensburgerla-9bj1862.slack.com\/files\/U01793PULLV\/F04BC13F6K0\/process_folders-get_real_sequences2.pl",
                "permalink_public": "https:\/\/slack-files.com\/T017P3M8W7K-F04BC13F6K0-95983eebdc",
                "edit_link": "https:\/\/arensburgerla-9bj1862.slack.com\/files\/U01793PULLV\/F04BC13F6K0\/process_folders-get_real_sequences2.pl\/edit",
                "is_starred": false,
                "has_rich_preview": false,
                "file_access": "visible"
            }
        ],
        "upload": false,
        "user": "U01793PULLV",
        "display_as_bot": false,
        "ts": "1668760295.023949",
        "blocks": [
            {
                "type": "rich_text",
                "block_id": "C\/T",
                "elements": [
                    {
                        "type": "rich_text_section",
                        "elements": [
                            {
                                "type": "text",
                                "text": "got the script working to get elements that have perfect TSDs. Now need to integrate that with the search for tranposases."
                            }
                        ]
                    }
                ]
            }
        ],
        "client_msg_id": "5dc51952-d01b-4a17-ad15-c55c4966a5a1"
    }
]