[
    {
        "type": "message",
        "text": "",
        "files": [
            {
                "id": "F03TU394BD2",
                "created": 1660604651,
                "timestamp": 1660604651,
                "name": "find_tir3.pl",
                "title": "find_tir3.pl",
                "mimetype": "text\/plain",
                "filetype": "perl",
                "pretty_type": "Perl",
                "user": "U01793PULLV",
                "user_team": "T017P3M8W7K",
                "editable": true,
                "size": 7744,
                "mode": "snippet",
                "is_external": false,
                "external_type": "",
                "is_public": true,
                "public_url_shared": false,
                "display_as_bot": false,
                "username": "",
                "url_private": "https:\/\/files.slack.com\/files-pri\/T017P3M8W7K-F03TU394BD2\/find_tir3.pl?t=xoxe-1261123302257-6395895314663-6407612319125-137f2171a6b5696e8e285d5b7bbfa693",
                "url_private_download": "https:\/\/files.slack.com\/files-pri\/T017P3M8W7K-F03TU394BD2\/download\/find_tir3.pl?t=xoxe-1261123302257-6395895314663-6407612319125-137f2171a6b5696e8e285d5b7bbfa693",
                "permalink": "https:\/\/arensburgerla-9bj1862.slack.com\/files\/U01793PULLV\/F03TU394BD2\/find_tir3.pl",
                "permalink_public": "https:\/\/slack-files.com\/T017P3M8W7K-F03TU394BD2-abec8668a0",
                "edit_link": "https:\/\/arensburgerla-9bj1862.slack.com\/files\/U01793PULLV\/F03TU394BD2\/find_tir3.pl\/edit",
                "is_starred": false,
                "has_rich_preview": false,
                "file_access": "visible"
            }
        ],
        "upload": false,
        "user": "U01793PULLV",
        "display_as_bot": false,
        "ts": "1660684446.898369",
        "client_msg_id": "2adda695-d14b-4f35-8b67-4f0b4a4aabfe"
    },
    {
        "client_msg_id": "87e064e2-aed9-43af-8e72-c279198b8f53",
        "type": "message",
        "text": "I think I've perfected find_tir3.pl, it seems to work well at finding both TIRs and TSDs from a fixed location, but still needs manual review with the alignment to get the alignments right. I'll run this on all the elements that have a consensus and see how many have tirs.",
        "user": "U01793PULLV",
        "ts": "1660685031.358169",
        "blocks": [
            {
                "type": "rich_text",
                "block_id": "Jvu",
                "elements": [
                    {
                        "type": "rich_text_section",
                        "elements": [
                            {
                                "type": "text",
                                "text": "I think I've perfected find_tir3.pl, it seems to work well at finding both TIRs and TSDs from a fixed location, but still needs manual review with the alignment to get the alignments right. I'll run this on all the elements that have a consensus and see how many have tirs."
                            }
                        ]
                    }
                ]
            }
        ],
        "team": "T017P3M8W7K",
        "user_team": "T017P3M8W7K",
        "source_team": "T017P3M8W7K",
        "user_profile": {
            "avatar_hash": "743a9fc0b5f6",
            "image_72": "https:\/\/avatars.slack-edge.com\/2022-06-30\/3731255580839_743a9fc0b5f63f195af3_72.jpg",
            "first_name": "parensburger",
            "real_name": "parensburger",
            "display_name": "Peter",
            "team": "T017P3M8W7K",
            "name": "parensburger",
            "is_restricted": false,
            "is_ultra_restricted": false
        }
    }
]