[
    {
        "client_msg_id": "cb790deb-0562-487b-a3ae-7d392ac8ce7a",
        "type": "message",
        "text": "TEannot started running the random parts, this is taking forever. Stopped the run and restating at step 4\n```[centos@ab7cc9f050f3 Ptep3m_TEannot]$ more run_TEannot.sh \n#!\/usr\/bin\/bash\n\n# cp ..\/Ptep3_TEdenovo\/Ptep3.fa .\n# ln -s ..\/Ptep3_TEdenovo\/Ptep3_Blaster_GrpRec_Struct_Map_TEclassif_Filtered\/Pte\np3_denovoLibTEs.fa Ptep3_refTEs.fa\n# cp ..\/DmelChr4_TEannot\/TEannot.cfg .\nPN=\"Ptep3m\" # project name\n\n#TEannot.py -P $PN -C TEannot.cfg -S 1\n#TEannot.py -P $PN -C TEannot.cfg -S 2 -a BLR\n#TEannot.py -P $PN -C TEannot.cfg -S 2 -a RM\n#TEannot.py -P $PN -C TEannot.cfg -S 2 -a CEN\n#TEannot.py -P $PN -C TEannot.cfg -S 2 -a BLR -r\n#TEannot.py -P $PN -C TEannot.cfg -S 2 -a RM -r\n#TEannot.py -P $PN -C TEannot.cfg -S 2 -a CEN -r\nTEannot.py -P $PN -C TEannot.cfg -S 3 -c BLR+RM+CEN\nTEannot.py -P $PN -C TEannot.cfg -S 4 -s TRF\nTEannot.py -P $PN -C TEannot.cfg -S 4 -s Mreps\nTEannot.py -P $PN -C TEannot.cfg -S 4 -s RMSSR\nTEannot.py -P $PN -C TEannot.cfg -S 5\nTEannot.py -P $PN -C TEannot.cfg -S 7\nTEannot.py -P $PN -C TEannot.cfg -S 8 -o GFF3\nTEannot.py -P $PN -C TEannot.cfg -S 8 -o gameXML```",
        "user": "U01793PULLV",
        "ts": "1658294964.138889",
        "blocks": [
            {
                "type": "rich_text",
                "block_id": "4+1ZS",
                "elements": [
                    {
                        "type": "rich_text_section",
                        "elements": [
                            {
                                "type": "text",
                                "text": "TEannot started running the random parts, this is taking forever. Stopped the run and restating at step 4\n"
                            }
                        ]
                    },
                    {
                        "type": "rich_text_preformatted",
                        "elements": [
                            {
                                "type": "text",
                                "text": "[centos@ab7cc9f050f3 Ptep3m_TEannot]$ more run_TEannot.sh \n#!\/usr\/bin\/bash\n\n# cp ..\/Ptep3_TEdenovo\/Ptep3.fa .\n# ln -s ..\/Ptep3_TEdenovo\/Ptep3_Blaster_GrpRec_Struct_Map_TEclassif_Filtered\/Pte\np3_denovoLibTEs.fa Ptep3_refTEs.fa\n# cp ..\/DmelChr4_TEannot\/TEannot.cfg .\nPN=\"Ptep3m\" # project name\n\n#TEannot.py -P $PN -C TEannot.cfg -S 1\n#TEannot.py -P $PN -C TEannot.cfg -S 2 -a BLR\n#TEannot.py -P $PN -C TEannot.cfg -S 2 -a RM\n#TEannot.py -P $PN -C TEannot.cfg -S 2 -a CEN\n#TEannot.py -P $PN -C TEannot.cfg -S 2 -a BLR -r\n#TEannot.py -P $PN -C TEannot.cfg -S 2 -a RM -r\n#TEannot.py -P $PN -C TEannot.cfg -S 2 -a CEN -r\nTEannot.py -P $PN -C TEannot.cfg -S 3 -c BLR+RM+CEN\nTEannot.py -P $PN -C TEannot.cfg -S 4 -s TRF\nTEannot.py -P $PN -C TEannot.cfg -S 4 -s Mreps\nTEannot.py -P $PN -C TEannot.cfg -S 4 -s RMSSR\nTEannot.py -P $PN -C TEannot.cfg -S 5\nTEannot.py -P $PN -C TEannot.cfg -S 7\nTEannot.py -P $PN -C TEannot.cfg -S 8 -o GFF3\nTEannot.py -P $PN -C TEannot.cfg -S 8 -o gameXML"
                            }
                        ],
                        "border": 0
                    }
                ]
            }
        ],
        "team": "T017P3M8W7K",
        "user_team": "T017P3M8W7K",
        "source_team": "T017P3M8W7K",
        "user_profile": {
            "avatar_hash": "743a9fc0b5f6",
            "image_72": "https:\/\/avatars.slack-edge.com\/2022-06-30\/3731255580839_743a9fc0b5f63f195af3_72.jpg",
            "first_name": "parensburger",
            "real_name": "parensburger",
            "display_name": "Peter",
            "team": "T017P3M8W7K",
            "name": "parensburger",
            "is_restricted": false,
            "is_ultra_restricted": false
        }
    }
]