[
    {
        "type": "message",
        "text": "Started working on the ORF script. So far it loads the protein sequences into separate hashes for each reading frame. Next I need to have it do an alignment of the nucleotides and aligned the ORFs based on that.",
        "files": [
            {
                "id": "F045E0DVC3S",
                "created": 1664579388,
                "timestamp": 1664579388,
                "name": "process_folders-display_orfs.pl",
                "title": "process_folders-display_orfs.pl",
                "mimetype": "text\/plain",
                "filetype": "perl",
                "pretty_type": "Perl",
                "user": "U01793PULLV",
                "user_team": "T017P3M8W7K",
                "editable": true,
                "size": 5602,
                "mode": "snippet",
                "is_external": false,
                "external_type": "",
                "is_public": true,
                "public_url_shared": false,
                "display_as_bot": false,
                "username": "",
                "url_private": "https:\/\/files.slack.com\/files-pri\/T017P3M8W7K-F045E0DVC3S\/process_folders-display_orfs.pl?t=xoxe-1261123302257-6395895314663-6407612319125-137f2171a6b5696e8e285d5b7bbfa693",
                "url_private_download": "https:\/\/files.slack.com\/files-pri\/T017P3M8W7K-F045E0DVC3S\/download\/process_folders-display_orfs.pl?t=xoxe-1261123302257-6395895314663-6407612319125-137f2171a6b5696e8e285d5b7bbfa693",
                "permalink": "https:\/\/arensburgerla-9bj1862.slack.com\/files\/U01793PULLV\/F045E0DVC3S\/process_folders-display_orfs.pl",
                "permalink_public": "https:\/\/slack-files.com\/T017P3M8W7K-F045E0DVC3S-9b846af5ac",
                "edit_link": "https:\/\/arensburgerla-9bj1862.slack.com\/files\/U01793PULLV\/F045E0DVC3S\/process_folders-display_orfs.pl\/edit",
                "is_starred": false,
                "has_rich_preview": false,
                "file_access": "visible"
            }
        ],
        "upload": false,
        "user": "U01793PULLV",
        "display_as_bot": false,
        "ts": "1664579473.829739",
        "blocks": [
            {
                "type": "rich_text",
                "block_id": "UWVJ",
                "elements": [
                    {
                        "type": "rich_text_section",
                        "elements": [
                            {
                                "type": "text",
                                "text": "Started working on the ORF script. So far it loads the protein sequences into separate hashes for each reading frame. Next I need to have it do an alignment of the nucleotides and aligned the ORFs based on that."
                            }
                        ]
                    }
                ]
            }
        ],
        "client_msg_id": "2c3239bd-0ce0-48bb-911d-569d01ad7d5e"
    }
]