[
    {
        "client_msg_id": "00077830-537c-4b86-a9ff-94d92e7b3611",
        "type": "message",
        "text": "running on faust is too slow. I divided up the 5884 element families in file Pt_table_v2.ods into 10 groups and running each group on pq. Such as:\n```arensburger@pq:~\/Ptep3_TEs\/make_consensus$ nohup perl process_folders-blast-and-cons.pl -in list10.txt &amp;```\nI'll have to do t_coffee and next after, because t_coffee is not working on pq",
        "user": "U01793PULLV",
        "ts": "1660162262.072079",
        "blocks": [
            {
                "type": "rich_text",
                "block_id": "5ef",
                "elements": [
                    {
                        "type": "rich_text_section",
                        "elements": [
                            {
                                "type": "text",
                                "text": "running on faust is too slow. I divided up the 5884 element families in file Pt_table_v2.ods into 10 groups and running each group on pq. Such as:\n"
                            }
                        ]
                    },
                    {
                        "type": "rich_text_preformatted",
                        "elements": [
                            {
                                "type": "text",
                                "text": "arensburger@pq:~\/Ptep3_TEs\/make_consensus$ nohup perl process_folders-blast-and-cons.pl -in list10.txt &"
                            }
                        ],
                        "border": 0
                    },
                    {
                        "type": "rich_text_section",
                        "elements": [
                            {
                                "type": "text",
                                "text": "I'll have to do t_coffee and next after, because t_coffee is not working on pq"
                            }
                        ]
                    }
                ]
            }
        ],
        "team": "T017P3M8W7K",
        "user_team": "T017P3M8W7K",
        "source_team": "T017P3M8W7K",
        "user_profile": {
            "avatar_hash": "743a9fc0b5f6",
            "image_72": "https:\/\/avatars.slack-edge.com\/2022-06-30\/3731255580839_743a9fc0b5f63f195af3_72.jpg",
            "first_name": "parensburger",
            "real_name": "parensburger",
            "display_name": "Peter",
            "team": "T017P3M8W7K",
            "name": "parensburger",
            "is_restricted": false,
            "is_ultra_restricted": false
        }
    },
    {
        "client_msg_id": "eabc1c68-362a-4770-8613-39b68ebea631",
        "type": "message",
        "text": "for future, a good way to sort out good from bad elements seem to reject any elements where the consensus extends from one end of the alignment to the other (probably also just to one edge).",
        "user": "U01793PULLV",
        "ts": "1660162323.764739",
        "blocks": [
            {
                "type": "rich_text",
                "block_id": "v8Q",
                "elements": [
                    {
                        "type": "rich_text_section",
                        "elements": [
                            {
                                "type": "text",
                                "text": "for future, a good way to sort out good from bad elements seem to reject any elements where the consensus extends from one end of the alignment to the other (probably also just to one edge)."
                            }
                        ]
                    }
                ]
            }
        ],
        "team": "T017P3M8W7K",
        "user_team": "T017P3M8W7K",
        "source_team": "T017P3M8W7K",
        "user_profile": {
            "avatar_hash": "743a9fc0b5f6",
            "image_72": "https:\/\/avatars.slack-edge.com\/2022-06-30\/3731255580839_743a9fc0b5f63f195af3_72.jpg",
            "first_name": "parensburger",
            "real_name": "parensburger",
            "display_name": "Peter",
            "team": "T017P3M8W7K",
            "name": "parensburger",
            "is_restricted": false,
            "is_ultra_restricted": false
        }
    }
]