[
    {
        "type": "message",
        "text": "polished off a few more things with the script, it now displays TSD info and manipulates windows automatically",
        "files": [
            {
                "id": "F041YQ4HZ96",
                "created": 1662486681,
                "timestamp": 1662486681,
                "name": "process_clipboard-check_tir.pl",
                "title": "process_clipboard-check_tir.pl",
                "mimetype": "text\/plain",
                "filetype": "perl",
                "pretty_type": "Perl",
                "user": "U01793PULLV",
                "user_team": "T017P3M8W7K",
                "editable": true,
                "size": 14351,
                "mode": "snippet",
                "is_external": false,
                "external_type": "",
                "is_public": true,
                "public_url_shared": false,
                "display_as_bot": false,
                "username": "",
                "url_private": "https:\/\/files.slack.com\/files-pri\/T017P3M8W7K-F041YQ4HZ96\/process_clipboard-check_tir.pl?t=xoxe-1261123302257-6395895314663-6407612319125-137f2171a6b5696e8e285d5b7bbfa693",
                "url_private_download": "https:\/\/files.slack.com\/files-pri\/T017P3M8W7K-F041YQ4HZ96\/download\/process_clipboard-check_tir.pl?t=xoxe-1261123302257-6395895314663-6407612319125-137f2171a6b5696e8e285d5b7bbfa693",
                "permalink": "https:\/\/arensburgerla-9bj1862.slack.com\/files\/U01793PULLV\/F041YQ4HZ96\/process_clipboard-check_tir.pl",
                "permalink_public": "https:\/\/slack-files.com\/T017P3M8W7K-F041YQ4HZ96-df11ed0ad3",
                "edit_link": "https:\/\/arensburgerla-9bj1862.slack.com\/files\/U01793PULLV\/F041YQ4HZ96\/process_clipboard-check_tir.pl\/edit",
                "is_starred": false,
                "has_rich_preview": false,
                "file_access": "visible"
            }
        ],
        "upload": false,
        "user": "U01793PULLV",
        "display_as_bot": false,
        "ts": "1662486685.480369",
        "blocks": [
            {
                "type": "rich_text",
                "block_id": "99\/",
                "elements": [
                    {
                        "type": "rich_text_section",
                        "elements": [
                            {
                                "type": "text",
                                "text": "polished off a few more things with the script, it now displays TSD info and manipulates windows automatically"
                            }
                        ]
                    }
                ]
            }
        ],
        "client_msg_id": "635c7e09-71f4-4c69-8383-b5c08706325c"
    }
]