[
    {
        "type": "message",
        "text": "working on the script above. It now records the amino acid, the orientation, and the full or not for all the individual ORFs. Now need to work on interpro.",
        "files": [
            {
                "id": "F049MRCV2U9",
                "created": 1667435382,
                "timestamp": 1667435382,
                "name": "run_and_summarize_interpro.pl",
                "title": "run_and_summarize_interpro.pl",
                "mimetype": "text\/plain",
                "filetype": "perl",
                "pretty_type": "Perl",
                "user": "U01793PULLV",
                "user_team": "T017P3M8W7K",
                "editable": true,
                "size": 3380,
                "mode": "snippet",
                "is_external": false,
                "external_type": "",
                "is_public": true,
                "public_url_shared": false,
                "display_as_bot": false,
                "username": "",
                "url_private": "https:\/\/files.slack.com\/files-pri\/T017P3M8W7K-F049MRCV2U9\/run_and_summarize_interpro.pl?t=xoxe-1261123302257-6395895314663-6407612319125-137f2171a6b5696e8e285d5b7bbfa693",
                "url_private_download": "https:\/\/files.slack.com\/files-pri\/T017P3M8W7K-F049MRCV2U9\/download\/run_and_summarize_interpro.pl?t=xoxe-1261123302257-6395895314663-6407612319125-137f2171a6b5696e8e285d5b7bbfa693",
                "permalink": "https:\/\/arensburgerla-9bj1862.slack.com\/files\/U01793PULLV\/F049MRCV2U9\/run_and_summarize_interpro.pl",
                "permalink_public": "https:\/\/slack-files.com\/T017P3M8W7K-F049MRCV2U9-49cc901c8d",
                "edit_link": "https:\/\/arensburgerla-9bj1862.slack.com\/files\/U01793PULLV\/F049MRCV2U9\/run_and_summarize_interpro.pl\/edit",
                "is_starred": false,
                "has_rich_preview": false,
                "file_access": "visible"
            }
        ],
        "upload": false,
        "user": "U01793PULLV",
        "display_as_bot": false,
        "ts": "1667435388.108599",
        "blocks": [
            {
                "type": "rich_text",
                "block_id": "L+O",
                "elements": [
                    {
                        "type": "rich_text_section",
                        "elements": [
                            {
                                "type": "text",
                                "text": "working on the script above. It now records the amino acid, the orientation, and the full or not for all the individual ORFs. Now need to work on interpro."
                            }
                        ]
                    }
                ]
            }
        ],
        "client_msg_id": "f6d7281d-db6b-41e0-a8f9-d9527d276516"
    }
]