[
    {
        "client_msg_id": "5496f691-03ec-4856-911a-9229ff1af0d0",
        "type": "message",
        "text": "At this point there are still 671 elements with no mafft alignment. Working on that currently.",
        "user": "U01793PULLV",
        "ts": "1661795180.357499",
        "blocks": [
            {
                "type": "rich_text",
                "block_id": "0mqiy",
                "elements": [
                    {
                        "type": "rich_text_section",
                        "elements": [
                            {
                                "type": "text",
                                "text": "At this point there are still 671 elements with no mafft alignment. Working on that currently."
                            }
                        ]
                    }
                ]
            }
        ],
        "team": "T017P3M8W7K",
        "user_team": "T017P3M8W7K",
        "source_team": "T017P3M8W7K",
        "user_profile": {
            "avatar_hash": "743a9fc0b5f6",
            "image_72": "https:\/\/avatars.slack-edge.com\/2022-06-30\/3731255580839_743a9fc0b5f63f195af3_72.jpg",
            "first_name": "parensburger",
            "real_name": "parensburger",
            "display_name": "Peter",
            "team": "T017P3M8W7K",
            "name": "parensburger",
            "is_restricted": false,
            "is_ultra_restricted": false
        }
    },
    {
        "client_msg_id": "c6400796-58df-4a6f-91e7-97b9c8b151bd",
        "type": "message",
        "text": "updated the Description file and updated the scripts to all work together. One change is that the script just get the minimal input and output, it's up to me to put these into spreadsheets correctly. Also, removed intact TIR part of the manual review, I do that at a later point. I now need a new script that will report the real sequences of selected elements from the genome.",
        "user": "U01793PULLV",
        "ts": "1661808309.190119",
        "blocks": [
            {
                "type": "rich_text",
                "block_id": "Gdm",
                "elements": [
                    {
                        "type": "rich_text_section",
                        "elements": [
                            {
                                "type": "text",
                                "text": "updated the Description file and updated the scripts to all work together. One change is that the script just get the minimal input and output, it's up to me to put these into spreadsheets correctly. Also, removed intact TIR part of the manual review, I do that at a later point. I now need a new script that will report the real sequences of selected elements from the genome."
                            }
                        ]
                    }
                ]
            }
        ],
        "team": "T017P3M8W7K",
        "user_team": "T017P3M8W7K",
        "source_team": "T017P3M8W7K",
        "user_profile": {
            "avatar_hash": "743a9fc0b5f6",
            "image_72": "https:\/\/avatars.slack-edge.com\/2022-06-30\/3731255580839_743a9fc0b5f63f195af3_72.jpg",
            "first_name": "parensburger",
            "real_name": "parensburger",
            "display_name": "Peter",
            "team": "T017P3M8W7K",
            "name": "parensburger",
            "is_restricted": false,
            "is_ultra_restricted": false
        }
    },
    {
        "type": "message",
        "text": "working on script to get the real sequences out. I'm running into an issue that elements have duplicate names, figure where this is coming from. Also, aligning the sequences is not looking very pretty, maybe restrict to elements with the same TSDs?",
        "files": [
            {
                "id": "F0407HSSAN6",
                "created": 1661814276,
                "timestamp": 1661814276,
                "name": "process_folders-get_real_sequences.pl",
                "title": "process_folders-get_real_sequences.pl",
                "mimetype": "text\/plain",
                "filetype": "perl",
                "pretty_type": "Perl",
                "user": "U01793PULLV",
                "user_team": "T017P3M8W7K",
                "editable": true,
                "size": 5365,
                "mode": "snippet",
                "is_external": false,
                "external_type": "",
                "is_public": true,
                "public_url_shared": false,
                "display_as_bot": false,
                "username": "",
                "url_private": "https:\/\/files.slack.com\/files-pri\/T017P3M8W7K-F0407HSSAN6\/process_folders-get_real_sequences.pl?t=xoxe-1261123302257-6395895314663-6407612319125-137f2171a6b5696e8e285d5b7bbfa693",
                "url_private_download": "https:\/\/files.slack.com\/files-pri\/T017P3M8W7K-F0407HSSAN6\/download\/process_folders-get_real_sequences.pl?t=xoxe-1261123302257-6395895314663-6407612319125-137f2171a6b5696e8e285d5b7bbfa693",
                "permalink": "https:\/\/arensburgerla-9bj1862.slack.com\/files\/U01793PULLV\/F0407HSSAN6\/process_folders-get_real_sequences.pl",
                "permalink_public": "https:\/\/slack-files.com\/T017P3M8W7K-F0407HSSAN6-9e6a688de6",
                "edit_link": "https:\/\/arensburgerla-9bj1862.slack.com\/files\/U01793PULLV\/F0407HSSAN6\/process_folders-get_real_sequences.pl\/edit",
                "is_starred": false,
                "has_rich_preview": false,
                "file_access": "visible"
            }
        ],
        "upload": false,
        "user": "U01793PULLV",
        "display_as_bot": false,
        "ts": "1661814300.412869",
        "blocks": [
            {
                "type": "rich_text",
                "block_id": "C+pJ",
                "elements": [
                    {
                        "type": "rich_text_section",
                        "elements": [
                            {
                                "type": "text",
                                "text": "working on script to get the real sequences out. I'm running into an issue that elements have duplicate names, figure where this is coming from. Also, aligning the sequences is not looking very pretty, maybe restrict to elements with the same TSDs?"
                            }
                        ]
                    }
                ]
            }
        ],
        "client_msg_id": "5becf5f8-b931-4502-8a7a-68fe62bf7140"
    },
    {
        "type": "message",
        "text": "working on script to get the real sequences out. I'm running into an issue that elements have duplicate names, figure where this is coming from. Also, aligning the sequences is not looking very pretty, maybe restrict to elements with the same TSDs?",
        "files": [
            {
                "id": "F0407HSSAN6",
                "created": 1661814276,
                "timestamp": 1661814276,
                "name": "process_folders-get_real_sequences.pl",
                "title": "process_folders-get_real_sequences.pl",
                "mimetype": "text\/plain",
                "filetype": "perl",
                "pretty_type": "Perl",
                "user": "U01793PULLV",
                "user_team": "T017P3M8W7K",
                "editable": true,
                "size": 5365,
                "mode": "snippet",
                "is_external": false,
                "external_type": "",
                "is_public": true,
                "public_url_shared": false,
                "display_as_bot": false,
                "username": "",
                "url_private": "https:\/\/files.slack.com\/files-pri\/T017P3M8W7K-F0407HSSAN6\/process_folders-get_real_sequences.pl?t=xoxe-1261123302257-6395895314663-6407612319125-137f2171a6b5696e8e285d5b7bbfa693",
                "url_private_download": "https:\/\/files.slack.com\/files-pri\/T017P3M8W7K-F0407HSSAN6\/download\/process_folders-get_real_sequences.pl?t=xoxe-1261123302257-6395895314663-6407612319125-137f2171a6b5696e8e285d5b7bbfa693",
                "permalink": "https:\/\/arensburgerla-9bj1862.slack.com\/files\/U01793PULLV\/F0407HSSAN6\/process_folders-get_real_sequences.pl",
                "permalink_public": "https:\/\/slack-files.com\/T017P3M8W7K-F0407HSSAN6-9e6a688de6",
                "edit_link": "https:\/\/arensburgerla-9bj1862.slack.com\/files\/U01793PULLV\/F0407HSSAN6\/process_folders-get_real_sequences.pl\/edit",
                "is_starred": false,
                "has_rich_preview": false,
                "file_access": "visible"
            }
        ],
        "upload": false,
        "user": "U01793PULLV",
        "display_as_bot": false,
        "ts": "1661814302.165259",
        "blocks": [
            {
                "type": "rich_text",
                "block_id": "d23B7",
                "elements": [
                    {
                        "type": "rich_text_section",
                        "elements": [
                            {
                                "type": "text",
                                "text": "working on script to get the real sequences out. I'm running into an issue that elements have duplicate names, figure where this is coming from. Also, aligning the sequences is not looking very pretty, maybe restrict to elements with the same TSDs?"
                            }
                        ]
                    }
                ]
            }
        ],
        "client_msg_id": "5becf5f8-b931-4502-8a7a-68fe62bf7140"
    },
    {
        "client_msg_id": "1c98ebf5-c981-4446-be73-490572b51be6",
        "type": "message",
        "text": "Found another issue that needs to be dealt with. I sometimes get overlapping sequences in the .maf files, for example in Ptep3m-B-R73-Map20.maf sequences NW_024970555.1:480390-483861(+) and NW_024970555.1:481660-485458(+) . Such sequences need to be concatenated into a single sequence. I'll do this in the script process_folders-remove_gaps.pl (don't want to have to redo all the .maf files again).",
        "user": "U01793PULLV",
        "ts": "1661830939.341059",
        "blocks": [
            {
                "type": "rich_text",
                "block_id": "Qf+j",
                "elements": [
                    {
                        "type": "rich_text_section",
                        "elements": [
                            {
                                "type": "text",
                                "text": "Found another issue that needs to be dealt with. I sometimes get overlapping sequences in the .maf files, for example in Ptep3m-B-R73-Map20.maf sequences NW_024970555.1:480390-483861(+) and NW_024970555.1:481660-485458(+) . Such sequences need to be concatenated into a single sequence. I'll do this in the script process_folders-remove_gaps.pl (don't want to have to redo all the .maf files again)."
                            }
                        ]
                    }
                ]
            }
        ],
        "team": "T017P3M8W7K",
        "user_team": "T017P3M8W7K",
        "source_team": "T017P3M8W7K",
        "user_profile": {
            "avatar_hash": "743a9fc0b5f6",
            "image_72": "https:\/\/avatars.slack-edge.com\/2022-06-30\/3731255580839_743a9fc0b5f63f195af3_72.jpg",
            "first_name": "parensburger",
            "real_name": "parensburger",
            "display_name": "Peter",
            "team": "T017P3M8W7K",
            "name": "parensburger",
            "is_restricted": false,
            "is_ultra_restricted": false
        }
    }
]