[
    {
        "client_msg_id": "55f97615-8d57-424a-8ff0-500dc31af7d9",
        "type": "message",
        "text": "Program find_tir.pl is now working, based on a consensus sequence and alignment it reports 1) presence of TIRs near the ends, 2) presence of TSDs near these TIRs",
        "user": "U01793PULLV",
        "ts": "1659737088.099699",
        "blocks": [
            {
                "type": "rich_text",
                "block_id": "arAy",
                "elements": [
                    {
                        "type": "rich_text_section",
                        "elements": [
                            {
                                "type": "text",
                                "text": "Program find_tir.pl is now working, based on a consensus sequence and alignment it reports 1) presence of TIRs near the ends, 2) presence of TSDs near these TIRs"
                            }
                        ]
                    }
                ]
            }
        ],
        "team": "T017P3M8W7K",
        "user_team": "T017P3M8W7K",
        "source_team": "T017P3M8W7K",
        "user_profile": {
            "avatar_hash": "743a9fc0b5f6",
            "image_72": "https:\/\/avatars.slack-edge.com\/2022-06-30\/3731255580839_743a9fc0b5f63f195af3_72.jpg",
            "first_name": "parensburger",
            "real_name": "parensburger",
            "display_name": "Peter",
            "team": "T017P3M8W7K",
            "name": "parensburger",
            "is_restricted": false,
            "is_ultra_restricted": false
        }
    },
    {
        "client_msg_id": "e89a0a5d-c983-42ce-a0e2-2089294409b4",
        "type": "message",
        "text": "Elements that are likely real elements Ptep3m-B-R557-Map3 and Ptep3m-B-R636-Map20",
        "user": "U01793PULLV",
        "ts": "1659737165.642369",
        "blocks": [
            {
                "type": "rich_text",
                "block_id": "q1qk",
                "elements": [
                    {
                        "type": "rich_text_section",
                        "elements": [
                            {
                                "type": "text",
                                "text": "Elements that are likely real elements Ptep3m-B-R557-Map3 and Ptep3m-B-R636-Map20"
                            }
                        ]
                    }
                ]
            }
        ],
        "team": "T017P3M8W7K",
        "user_team": "T017P3M8W7K",
        "source_team": "T017P3M8W7K",
        "user_profile": {
            "avatar_hash": "743a9fc0b5f6",
            "image_72": "https:\/\/avatars.slack-edge.com\/2022-06-30\/3731255580839_743a9fc0b5f63f195af3_72.jpg",
            "first_name": "parensburger",
            "real_name": "parensburger",
            "display_name": "Peter",
            "team": "T017P3M8W7K",
            "name": "parensburger",
            "is_restricted": false,
            "is_ultra_restricted": false
        }
    },
    {
        "client_msg_id": "c7db08d9-98ac-4b8d-87b4-48742bec0896",
        "type": "message",
        "text": "working on script process_folder.pl on faust Desktop. I run this identify those folders that have nothing in .tco and update the main .ods file with that info",
        "user": "U01793PULLV",
        "ts": "1659740705.251509",
        "blocks": [
            {
                "type": "rich_text",
                "block_id": "atGf",
                "elements": [
                    {
                        "type": "rich_text_section",
                        "elements": [
                            {
                                "type": "text",
                                "text": "working on script process_folder.pl on faust Desktop. I run this identify those folders that have nothing in .tco and update the main .ods file with that info"
                            }
                        ]
                    }
                ]
            }
        ],
        "team": "T017P3M8W7K",
        "user_team": "T017P3M8W7K",
        "source_team": "T017P3M8W7K",
        "user_profile": {
            "avatar_hash": "743a9fc0b5f6",
            "image_72": "https:\/\/avatars.slack-edge.com\/2022-06-30\/3731255580839_743a9fc0b5f63f195af3_72.jpg",
            "first_name": "parensburger",
            "real_name": "parensburger",
            "display_name": "Peter",
            "team": "T017P3M8W7K",
            "name": "parensburger",
            "is_restricted": false,
            "is_ultra_restricted": false
        }
    }
]