[
    {
        "client_msg_id": "7f721dc0-0430-4640-b480-8694fc2b7ba8",
        "type": "message",
        "text": "working on find_tir.pl, fixed the issue from yesterday. The main problem was that at position 0 substr was acting up.\nThe next problem is that a lot of TSDs reported overlap on the same sequence. Perhaps I can filter out TSDs from the same position from the final count to report significant hits.",
        "user": "U01793PULLV",
        "ts": "1659666860.380069",
        "blocks": [
            {
                "type": "rich_text",
                "block_id": "cJ5VV",
                "elements": [
                    {
                        "type": "rich_text_section",
                        "elements": [
                            {
                                "type": "text",
                                "text": "working on find_tir.pl, fixed the issue from yesterday. The main problem was that at position 0 substr was acting up.\nThe next problem is that a lot of TSDs reported overlap on the same sequence. Perhaps I can filter out TSDs from the same position from the final count to report significant hits."
                            }
                        ]
                    }
                ]
            }
        ],
        "team": "T017P3M8W7K",
        "user_team": "T017P3M8W7K",
        "source_team": "T017P3M8W7K",
        "user_profile": {
            "avatar_hash": "743a9fc0b5f6",
            "image_72": "https:\/\/avatars.slack-edge.com\/2022-06-30\/3731255580839_743a9fc0b5f63f195af3_72.jpg",
            "first_name": "parensburger",
            "real_name": "parensburger",
            "display_name": "Peter",
            "team": "T017P3M8W7K",
            "name": "parensburger",
            "is_restricted": false,
            "is_ultra_restricted": false
        }
    }
]