[
    {
        "type": "message",
        "text": "updated the next script to get the ORF sequences, it now reports the ORF with info on the original sequence and if the start and stop are found. Next need to run interpro.",
        "files": [
            {
                "id": "F04D6MP0Z6K",
                "created": 1670087482,
                "timestamp": 1670087482,
                "name": "process_folders-display_orfs3.pl",
                "title": "process_folders-display_orfs3.pl",
                "mimetype": "text\/plain",
                "filetype": "perl",
                "pretty_type": "Perl",
                "user": "U01793PULLV",
                "user_team": "T017P3M8W7K",
                "editable": true,
                "size": 7227,
                "mode": "snippet",
                "is_external": false,
                "external_type": "",
                "is_public": true,
                "public_url_shared": false,
                "display_as_bot": false,
                "username": "",
                "url_private": "https:\/\/files.slack.com\/files-pri\/T017P3M8W7K-F04D6MP0Z6K\/process_folders-display_orfs3.pl?t=xoxe-1261123302257-6395895314663-6407612319125-137f2171a6b5696e8e285d5b7bbfa693",
                "url_private_download": "https:\/\/files.slack.com\/files-pri\/T017P3M8W7K-F04D6MP0Z6K\/download\/process_folders-display_orfs3.pl?t=xoxe-1261123302257-6395895314663-6407612319125-137f2171a6b5696e8e285d5b7bbfa693",
                "permalink": "https:\/\/arensburgerla-9bj1862.slack.com\/files\/U01793PULLV\/F04D6MP0Z6K\/process_folders-display_orfs3.pl",
                "permalink_public": "https:\/\/slack-files.com\/T017P3M8W7K-F04D6MP0Z6K-34be4f2f7f",
                "edit_link": "https:\/\/arensburgerla-9bj1862.slack.com\/files\/U01793PULLV\/F04D6MP0Z6K\/process_folders-display_orfs3.pl\/edit",
                "is_starred": false,
                "has_rich_preview": false,
                "file_access": "visible"
            }
        ],
        "upload": false,
        "user": "U01793PULLV",
        "display_as_bot": false,
        "ts": "1670087489.764949",
        "blocks": [
            {
                "type": "rich_text",
                "block_id": "0n\/",
                "elements": [
                    {
                        "type": "rich_text_section",
                        "elements": [
                            {
                                "type": "text",
                                "text": "updated the next script to get the ORF sequences, it now reports the ORF with info on the original sequence and if the start and stop are found. Next need to run interpro."
                            }
                        ]
                    }
                ]
            }
        ],
        "client_msg_id": "7985d859-0e3f-4702-bbdd-87a04e8552a6"
    }
]