[
    {
        "client_msg_id": "45118b38-2c7d-4e93-a858-84e5dbf39b83",
        "type": "message",
        "text": "still working on the script, working on ability to deal with other TSD",
        "user": "U01793PULLV",
        "ts": "1661213458.719989",
        "blocks": [
            {
                "type": "rich_text",
                "block_id": "CSL4N",
                "elements": [
                    {
                        "type": "rich_text_section",
                        "elements": [
                            {
                                "type": "text",
                                "text": "still working on the script, working on ability to deal with other TSD"
                            }
                        ]
                    }
                ]
            }
        ],
        "team": "T017P3M8W7K",
        "user_team": "T017P3M8W7K",
        "source_team": "T017P3M8W7K",
        "user_profile": {
            "avatar_hash": "743a9fc0b5f6",
            "image_72": "https:\/\/avatars.slack-edge.com\/2022-06-30\/3731255580839_743a9fc0b5f63f195af3_72.jpg",
            "first_name": "parensburger",
            "real_name": "parensburger",
            "display_name": "Peter",
            "team": "T017P3M8W7K",
            "name": "parensburger",
            "is_restricted": false,
            "is_ultra_restricted": false
        }
    }
]