[
    {
        "client_msg_id": "026590f1-4f4e-4e50-adcf-9befe6c12418",
        "type": "message",
        "text": "To try to deal with the tcoffee problem, I'm going to try to re-run the analysis but with just +rm_gap (not rm_gap 80) see if that gives me a data I can work with",
        "user": "U01793PULLV",
        "ts": "1661448580.419359",
        "blocks": [
            {
                "type": "rich_text",
                "block_id": "J8gTr",
                "elements": [
                    {
                        "type": "rich_text_section",
                        "elements": [
                            {
                                "type": "text",
                                "text": "To try to deal with the tcoffee problem, I'm going to try to re-run the analysis but with just +rm_gap (not rm_gap 80) see if that gives me a data I can work with"
                            }
                        ]
                    }
                ]
            }
        ],
        "team": "T017P3M8W7K",
        "user_team": "T017P3M8W7K",
        "source_team": "T017P3M8W7K",
        "user_profile": {
            "avatar_hash": "743a9fc0b5f6",
            "image_72": "https:\/\/avatars.slack-edge.com\/2022-06-30\/3731255580839_743a9fc0b5f63f195af3_72.jpg",
            "first_name": "parensburger",
            "real_name": "parensburger",
            "display_name": "Peter",
            "team": "T017P3M8W7K",
            "name": "parensburger",
            "is_restricted": false,
            "is_ultra_restricted": false
        }
    },
    {
        "type": "message",
        "text": "wrote script that converts .maf file to .tco3, it's the same as .tco but made by my program that also creates the file .alipos that has the original genome position of every nucleotide so later the original sequences can be reconstructed.",
        "files": [
            {
                "id": "F04071T5T7B",
                "created": 1661475238,
                "timestamp": 1661475238,
                "name": "process_folders-remove_gaps.pl",
                "title": "process_folders-remove_gaps.pl",
                "mimetype": "text\/plain",
                "filetype": "perl",
                "pretty_type": "Perl",
                "user": "U01793PULLV",
                "user_team": "T017P3M8W7K",
                "editable": true,
                "size": 6467,
                "mode": "snippet",
                "is_external": false,
                "external_type": "",
                "is_public": true,
                "public_url_shared": false,
                "display_as_bot": false,
                "username": "",
                "url_private": "https:\/\/files.slack.com\/files-pri\/T017P3M8W7K-F04071T5T7B\/process_folders-remove_gaps.pl?t=xoxe-1261123302257-6395895314663-6407612319125-137f2171a6b5696e8e285d5b7bbfa693",
                "url_private_download": "https:\/\/files.slack.com\/files-pri\/T017P3M8W7K-F04071T5T7B\/download\/process_folders-remove_gaps.pl?t=xoxe-1261123302257-6395895314663-6407612319125-137f2171a6b5696e8e285d5b7bbfa693",
                "permalink": "https:\/\/arensburgerla-9bj1862.slack.com\/files\/U01793PULLV\/F04071T5T7B\/process_folders-remove_gaps.pl",
                "permalink_public": "https:\/\/slack-files.com\/T017P3M8W7K-F04071T5T7B-98cc288deb",
                "edit_link": "https:\/\/arensburgerla-9bj1862.slack.com\/files\/U01793PULLV\/F04071T5T7B\/process_folders-remove_gaps.pl\/edit",
                "is_starred": false,
                "has_rich_preview": false,
                "file_access": "visible"
            }
        ],
        "upload": false,
        "user": "U01793PULLV",
        "display_as_bot": false,
        "ts": "1661475241.808839",
        "blocks": [
            {
                "type": "rich_text",
                "block_id": "=7J",
                "elements": [
                    {
                        "type": "rich_text_section",
                        "elements": [
                            {
                                "type": "text",
                                "text": "wrote script that converts .maf file to .tco3, it's the same as .tco but made by my program that also creates the file .alipos that has the original genome position of every nucleotide so later the original sequences can be reconstructed."
                            }
                        ]
                    }
                ]
            }
        ],
        "client_msg_id": "30a07f83-74e8-4b41-84ab-f2f038cea302"
    }
]