[
    {
        "type": "message",
        "text": "I'm going to run the script on all 630 elements, it will be the results into the folders under &lt;element name&gt;-transposase.txt. Doing a backup of the TEs folder first.",
        "files": [
            {
                "id": "F045355CM1C",
                "created": 1664991868,
                "timestamp": 1664991868,
                "name": "list.txt",
                "title": "list.txt",
                "mimetype": "text\/plain",
                "filetype": "text",
                "pretty_type": "Plain Text",
                "user": "U01793PULLV",
                "user_team": "T017P3M8W7K",
                "editable": true,
                "size": 12591,
                "mode": "snippet",
                "is_external": false,
                "external_type": "",
                "is_public": true,
                "public_url_shared": false,
                "display_as_bot": false,
                "username": "",
                "url_private": "https:\/\/files.slack.com\/files-pri\/T017P3M8W7K-F045355CM1C\/list.txt?t=xoxe-1261123302257-6395895314663-6407612319125-137f2171a6b5696e8e285d5b7bbfa693",
                "url_private_download": "https:\/\/files.slack.com\/files-pri\/T017P3M8W7K-F045355CM1C\/download\/list.txt?t=xoxe-1261123302257-6395895314663-6407612319125-137f2171a6b5696e8e285d5b7bbfa693",
                "permalink": "https:\/\/arensburgerla-9bj1862.slack.com\/files\/U01793PULLV\/F045355CM1C\/list.txt",
                "permalink_public": "https:\/\/slack-files.com\/T017P3M8W7K-F045355CM1C-d2856c20a0",
                "edit_link": "https:\/\/arensburgerla-9bj1862.slack.com\/files\/U01793PULLV\/F045355CM1C\/list.txt\/edit",
                "is_starred": false,
                "has_rich_preview": false,
                "file_access": "visible"
            }
        ],
        "upload": false,
        "user": "U01793PULLV",
        "display_as_bot": false,
        "ts": "1664992409.374719",
        "blocks": [
            {
                "type": "rich_text",
                "block_id": "ff9g",
                "elements": [
                    {
                        "type": "rich_text_section",
                        "elements": [
                            {
                                "type": "text",
                                "text": "I'm going to run the script on all 630 elements, it will be the results into the folders under <element name>-transposase.txt. Doing a backup of the TEs folder first."
                            }
                        ]
                    }
                ]
            }
        ],
        "client_msg_id": "7f0b755c-673f-4cd7-8572-2824488b9ea8"
    },
    {
        "client_msg_id": "c3797363-db07-42cc-a4f6-665967b34120",
        "type": "message",
        "text": "the script is running (quickly now that I've replaced muscle with mafft), should be done in a couple of hours total or so. Next I need to look for TE signatures in the transposases and decide 1) does the element appear to have a transposase or not 2) if it does, what direction, 3) what type of element it likely to be based on the transposase.",
        "user": "U01793PULLV",
        "ts": "1664997939.918719",
        "blocks": [
            {
                "type": "rich_text",
                "block_id": "mNGN",
                "elements": [
                    {
                        "type": "rich_text_section",
                        "elements": [
                            {
                                "type": "text",
                                "text": "the script is running (quickly now that I've replaced muscle with mafft), should be done in a couple of hours total or so. Next I need to look for TE signatures in the transposases and decide 1) does the element appear to have a transposase or not 2) if it does, what direction, 3) what type of element it likely to be based on the transposase."
                            }
                        ]
                    }
                ]
            }
        ],
        "team": "T017P3M8W7K",
        "user_team": "T017P3M8W7K",
        "source_team": "T017P3M8W7K",
        "user_profile": {
            "avatar_hash": "743a9fc0b5f6",
            "image_72": "https:\/\/avatars.slack-edge.com\/2022-06-30\/3731255580839_743a9fc0b5f63f195af3_72.jpg",
            "first_name": "parensburger",
            "real_name": "parensburger",
            "display_name": "Peter",
            "team": "T017P3M8W7K",
            "name": "parensburger",
            "is_restricted": false,
            "is_ultra_restricted": false
        }
    },
    {
        "client_msg_id": "478699c4-cd16-44c0-91bf-c595cd2cee79",
        "type": "message",
        "text": "I'm going to concatenate all the -transposase.txt into a single file and run the intertrpo on that file.\n```peter@faust:~\/Desktop$ find ~\/db\/TEs\/ -name \"*transposase.txt\" | xargs cat &gt; all-transposase.fa\npeter@faust:~\/Desktop$ nohup interproscan.sh -t p -i all-transposase.fa -appl Pfam,CDD,PANTHER -f tsv &amp;```\nI am estimating that it will take about 6 hours to complete this.",
        "user": "U01793PULLV",
        "ts": "1665001670.107109",
        "blocks": [
            {
                "type": "rich_text",
                "block_id": "owsaV",
                "elements": [
                    {
                        "type": "rich_text_section",
                        "elements": [
                            {
                                "type": "text",
                                "text": "I'm going to concatenate all the -transposase.txt into a single file and run the intertrpo on that file.\n"
                            }
                        ]
                    },
                    {
                        "type": "rich_text_preformatted",
                        "elements": [
                            {
                                "type": "text",
                                "text": "peter@faust:~\/Desktop$ find ~\/db\/TEs\/ -name \"*transposase.txt\" | xargs cat > all-transposase.fa\npeter@faust:~\/Desktop$ nohup interproscan.sh -t p -i all-transposase.fa -appl Pfam,CDD,PANTHER -f tsv &"
                            }
                        ],
                        "border": 0
                    },
                    {
                        "type": "rich_text_section",
                        "elements": [
                            {
                                "type": "text",
                                "text": "I am estimating that it will take about 6 hours to complete this."
                            }
                        ]
                    }
                ]
            }
        ],
        "team": "T017P3M8W7K",
        "user_team": "T017P3M8W7K",
        "source_team": "T017P3M8W7K",
        "user_profile": {
            "avatar_hash": "743a9fc0b5f6",
            "image_72": "https:\/\/avatars.slack-edge.com\/2022-06-30\/3731255580839_743a9fc0b5f63f195af3_72.jpg",
            "first_name": "parensburger",
            "real_name": "parensburger",
            "display_name": "Peter",
            "team": "T017P3M8W7K",
            "name": "parensburger",
            "is_restricted": false,
            "is_ultra_restricted": false
        }
    },
    {
        "client_msg_id": "f4c01866-9001-49ff-9052-e52ccdd267cc",
        "type": "message",
        "text": "Once this is done, the next thing will be summarize all the data to one line on spreadsheet so a decision can be made about what the elements are",
        "user": "U01793PULLV",
        "ts": "1665001821.323909",
        "blocks": [
            {
                "type": "rich_text",
                "block_id": "Kvf",
                "elements": [
                    {
                        "type": "rich_text_section",
                        "elements": [
                            {
                                "type": "text",
                                "text": "Once this is done, the next thing will be summarize all the data to one line on spreadsheet so a decision can be made about what the elements are"
                            }
                        ]
                    }
                ]
            }
        ],
        "team": "T017P3M8W7K",
        "user_team": "T017P3M8W7K",
        "source_team": "T017P3M8W7K",
        "user_profile": {
            "avatar_hash": "743a9fc0b5f6",
            "image_72": "https:\/\/avatars.slack-edge.com\/2022-06-30\/3731255580839_743a9fc0b5f63f195af3_72.jpg",
            "first_name": "parensburger",
            "real_name": "parensburger",
            "display_name": "Peter",
            "team": "T017P3M8W7K",
            "name": "parensburger",
            "is_restricted": false,
            "is_ultra_restricted": false
        }
    },
    {
        "client_msg_id": "18792ffc-7e48-412f-9d80-dac7d7065c2b",
        "type": "message",
        "text": "all done, wow! it's fast",
        "user": "U01793PULLV",
        "ts": "1665002179.329589",
        "blocks": [
            {
                "type": "rich_text",
                "block_id": "fjKc=",
                "elements": [
                    {
                        "type": "rich_text_section",
                        "elements": [
                            {
                                "type": "text",
                                "text": "all done, wow! it's fast"
                            }
                        ]
                    }
                ]
            }
        ],
        "team": "T017P3M8W7K",
        "user_team": "T017P3M8W7K",
        "source_team": "T017P3M8W7K",
        "user_profile": {
            "avatar_hash": "743a9fc0b5f6",
            "image_72": "https:\/\/avatars.slack-edge.com\/2022-06-30\/3731255580839_743a9fc0b5f63f195af3_72.jpg",
            "first_name": "parensburger",
            "real_name": "parensburger",
            "display_name": "Peter",
            "team": "T017P3M8W7K",
            "name": "parensburger",
            "is_restricted": false,
            "is_ultra_restricted": false
        }
    },
    {
        "type": "message",
        "text": "working on script for summary so I can categorize the elements. So far it parses interpro, and transposase sizes but it's not displaying them right.",
        "files": [
            {
                "id": "F04610VMASU",
                "created": 1665011613,
                "timestamp": 1665011613,
                "name": "summarize_tnp_tir_tsd.pl",
                "title": "summarize_tnp_tir_tsd.pl",
                "mimetype": "text\/plain",
                "filetype": "perl",
                "pretty_type": "Perl",
                "user": "U01793PULLV",
                "user_team": "T017P3M8W7K",
                "editable": true,
                "size": 3748,
                "mode": "snippet",
                "is_external": false,
                "external_type": "",
                "is_public": true,
                "public_url_shared": false,
                "display_as_bot": false,
                "username": "",
                "url_private": "https:\/\/files.slack.com\/files-pri\/T017P3M8W7K-F04610VMASU\/summarize_tnp_tir_tsd.pl?t=xoxe-1261123302257-6395895314663-6407612319125-137f2171a6b5696e8e285d5b7bbfa693",
                "url_private_download": "https:\/\/files.slack.com\/files-pri\/T017P3M8W7K-F04610VMASU\/download\/summarize_tnp_tir_tsd.pl?t=xoxe-1261123302257-6395895314663-6407612319125-137f2171a6b5696e8e285d5b7bbfa693",
                "permalink": "https:\/\/arensburgerla-9bj1862.slack.com\/files\/U01793PULLV\/F04610VMASU\/summarize_tnp_tir_tsd.pl",
                "permalink_public": "https:\/\/slack-files.com\/T017P3M8W7K-F04610VMASU-5945c79d5a",
                "edit_link": "https:\/\/arensburgerla-9bj1862.slack.com\/files\/U01793PULLV\/F04610VMASU\/summarize_tnp_tir_tsd.pl\/edit",
                "is_starred": false,
                "has_rich_preview": false,
                "file_access": "visible"
            }
        ],
        "upload": false,
        "user": "U01793PULLV",
        "display_as_bot": false,
        "ts": "1665011616.555609",
        "blocks": [
            {
                "type": "rich_text",
                "block_id": "CwQ3",
                "elements": [
                    {
                        "type": "rich_text_section",
                        "elements": [
                            {
                                "type": "text",
                                "text": "working on script for summary so I can categorize the elements. So far it parses interpro, and transposase sizes but it's not displaying them right."
                            }
                        ]
                    }
                ]
            }
        ],
        "client_msg_id": "074c8ae0-fc26-4f89-b09c-c4666c23f017"
    }
]