[
    {
        "client_msg_id": "cb19fd96-bd57-486c-8721-7323261038ed",
        "type": "message",
        "text": "finished review the manual elements, now summarizing the data and need to update the description",
        "user": "U01793PULLV",
        "ts": "1663289779.572219",
        "blocks": [
            {
                "type": "rich_text",
                "block_id": "z7r",
                "elements": [
                    {
                        "type": "rich_text_section",
                        "elements": [
                            {
                                "type": "text",
                                "text": "finished review the manual elements, now summarizing the data and need to update the description"
                            }
                        ]
                    }
                ]
            }
        ],
        "team": "T017P3M8W7K",
        "user_team": "T017P3M8W7K",
        "source_team": "T017P3M8W7K",
        "user_profile": {
            "avatar_hash": "743a9fc0b5f6",
            "image_72": "https:\/\/avatars.slack-edge.com\/2022-06-30\/3731255580839_743a9fc0b5f63f195af3_72.jpg",
            "first_name": "parensburger",
            "real_name": "parensburger",
            "display_name": "Peter",
            "team": "T017P3M8W7K",
            "name": "parensburger",
            "is_restricted": false,
            "is_ultra_restricted": false
        }
    }
]