[
    {
        "client_msg_id": "636ad2e9-c6c6-4e11-9004-325dca3a89af",
        "type": "message",
        "text": "working on the process_folders_blast-and-cons2.pl, in the script \"make_consensus.pl\" I changed the variable below from 0.1 to 0.05. Could try to see how much of a difference it makes for other elements than XP_042907796\nmy $MAX_WIN_N = 0.05; # maximum propotion of N's in the first window where the transition from N to non-N is",
        "user": "U01793PULLV",
        "ts": "1676502965.500629",
        "blocks": [
            {
                "type": "rich_text",
                "block_id": "Zim",
                "elements": [
                    {
                        "type": "rich_text_section",
                        "elements": [
                            {
                                "type": "text",
                                "text": "working on the process_folders_blast-and-cons2.pl, in the script \"make_consensus.pl\" I changed the variable below from 0.1 to 0.05. Could try to see how much of a difference it makes for other elements than XP_042907796\nmy $MAX_WIN_N = 0.05; # maximum propotion of N's in the first window where the transition from N to non-N is"
                            }
                        ]
                    }
                ]
            }
        ],
        "team": "T017P3M8W7K",
        "user_team": "T017P3M8W7K",
        "source_team": "T017P3M8W7K",
        "user_profile": {
            "avatar_hash": "743a9fc0b5f6",
            "image_72": "https:\/\/avatars.slack-edge.com\/2022-06-30\/3731255580839_743a9fc0b5f63f195af3_72.jpg",
            "first_name": "parensburger",
            "real_name": "parensburger",
            "display_name": "Peter",
            "team": "T017P3M8W7K",
            "name": "parensburger",
            "is_restricted": false,
            "is_ultra_restricted": false
        }
    },
    {
        "client_msg_id": "40e9647c-fed8-4cca-9033-1f09203e7674",
        "type": "message",
        "text": "Working on automating the whole process from the blast onward with the script \"process_folders-blast-and-cons2.pl\", however, I see a problem with the script \"make_consensus.pl\", it seems to make a consensus even when too few sequences available, for example XP_042912340.1",
        "user": "U01793PULLV",
        "ts": "1676527230.552209",
        "blocks": [
            {
                "type": "rich_text",
                "block_id": "ugN4",
                "elements": [
                    {
                        "type": "rich_text_section",
                        "elements": [
                            {
                                "type": "text",
                                "text": "Working on automating the whole process from the blast onward with the script \"process_folders-blast-and-cons2.pl\", however, I see a problem with the script \"make_consensus.pl\", it seems to make a consensus even when too few sequences available, for example XP_042912340.1"
                            }
                        ]
                    }
                ]
            }
        ],
        "team": "T017P3M8W7K",
        "user_team": "T017P3M8W7K",
        "source_team": "T017P3M8W7K",
        "user_profile": {
            "avatar_hash": "743a9fc0b5f6",
            "image_72": "https:\/\/avatars.slack-edge.com\/2022-06-30\/3731255580839_743a9fc0b5f63f195af3_72.jpg",
            "first_name": "parensburger",
            "real_name": "parensburger",
            "display_name": "Peter",
            "team": "T017P3M8W7K",
            "name": "parensburger",
            "is_restricted": false,
            "is_ultra_restricted": false
        }
    }
]