[
    {
        "client_msg_id": "ab46bb75-8f78-43cf-84e7-9b70c0d603c7",
        "type": "message",
        "text": "finished running process_clipboard-check_tir2.pl on the elements with TSDs. Thought of modifying the script to see elements without TSDs (just TIRs) but decided it was not worth the payoff for the work.",
        "user": "U01793PULLV",
        "ts": "1677348571.423069",
        "blocks": [
            {
                "type": "rich_text",
                "block_id": "eQT",
                "elements": [
                    {
                        "type": "rich_text_section",
                        "elements": [
                            {
                                "type": "text",
                                "text": "finished running process_clipboard-check_tir2.pl on the elements with TSDs. Thought of modifying the script to see elements without TSDs (just TIRs) but decided it was not worth the payoff for the work."
                            }
                        ]
                    }
                ]
            }
        ],
        "team": "T017P3M8W7K",
        "user_team": "T017P3M8W7K",
        "source_team": "T017P3M8W7K",
        "user_profile": {
            "avatar_hash": "743a9fc0b5f6",
            "image_72": "https:\/\/avatars.slack-edge.com\/2022-06-30\/3731255580839_743a9fc0b5f63f195af3_72.jpg",
            "first_name": "parensburger",
            "real_name": "parensburger",
            "display_name": "Peter",
            "team": "T017P3M8W7K",
            "name": "parensburger",
            "is_restricted": false,
            "is_ultra_restricted": false
        }
    }
]