[
    {
        "client_msg_id": "b47b6d32-4bfc-4bb4-8cdd-657e32916555",
        "type": "message",
        "text": "moving the original elements folder\n```peter@carmen:~\/Desktop\/TE_discovery_Ptep3$ mv ~\/db\/protein_TEs\/original_merged_elements\/ .\/protein\/```",
        "user": "U01793PULLV",
        "ts": "1682459035.624219",
        "blocks": [
            {
                "type": "rich_text",
                "block_id": "gw1V",
                "elements": [
                    {
                        "type": "rich_text_section",
                        "elements": [
                            {
                                "type": "text",
                                "text": "moving the original elements folder\n"
                            }
                        ]
                    },
                    {
                        "type": "rich_text_preformatted",
                        "elements": [
                            {
                                "type": "text",
                                "text": "peter@carmen:~\/Desktop\/TE_discovery_Ptep3$ mv ~\/db\/protein_TEs\/original_merged_elements\/ .\/protein\/"
                            }
                        ],
                        "border": 0
                    }
                ]
            }
        ],
        "team": "T017P3M8W7K",
        "user_team": "T017P3M8W7K",
        "source_team": "T017P3M8W7K",
        "user_profile": {
            "avatar_hash": "743a9fc0b5f6",
            "image_72": "https:\/\/avatars.slack-edge.com\/2022-06-30\/3731255580839_743a9fc0b5f63f195af3_72.jpg",
            "first_name": "parensburger",
            "real_name": "parensburger",
            "display_name": "Peter",
            "team": "T017P3M8W7K",
            "name": "parensburger",
            "is_restricted": false,
            "is_ultra_restricted": false
        }
    },
    {
        "type": "message",
        "text": "ran a program to remove duplicate lines from the README.txt files, this was from testing the \"get_real_sequences\" script",
        "files": [
            {
                "id": "F055M7Z3388",
                "created": 1682459559,
                "timestamp": 1682459559,
                "name": "remove_duplicate_README_lines.pl",
                "title": "remove_duplicate_README_lines.pl",
                "mimetype": "text\/plain",
                "filetype": "perl",
                "pretty_type": "Perl",
                "user": "U01793PULLV",
                "user_team": "T017P3M8W7K",
                "editable": true,
                "size": 768,
                "mode": "snippet",
                "is_external": false,
                "external_type": "",
                "is_public": true,
                "public_url_shared": false,
                "display_as_bot": false,
                "username": "",
                "url_private": "https:\/\/files.slack.com\/files-pri\/T017P3M8W7K-F055M7Z3388\/remove_duplicate_readme_lines.pl?t=xoxe-1261123302257-6395895314663-6407612319125-137f2171a6b5696e8e285d5b7bbfa693",
                "url_private_download": "https:\/\/files.slack.com\/files-pri\/T017P3M8W7K-F055M7Z3388\/download\/remove_duplicate_readme_lines.pl?t=xoxe-1261123302257-6395895314663-6407612319125-137f2171a6b5696e8e285d5b7bbfa693",
                "permalink": "https:\/\/arensburgerla-9bj1862.slack.com\/files\/U01793PULLV\/F055M7Z3388\/remove_duplicate_readme_lines.pl",
                "permalink_public": "https:\/\/slack-files.com\/T017P3M8W7K-F055M7Z3388-6705ea4ccb",
                "edit_link": "https:\/\/arensburgerla-9bj1862.slack.com\/files\/U01793PULLV\/F055M7Z3388\/remove_duplicate_readme_lines.pl\/edit",
                "is_starred": false,
                "has_rich_preview": false,
                "file_access": "visible"
            }
        ],
        "upload": false,
        "user": "U01793PULLV",
        "display_as_bot": false,
        "ts": "1682460415.481679",
        "blocks": [
            {
                "type": "rich_text",
                "block_id": "dzNo",
                "elements": [
                    {
                        "type": "rich_text_section",
                        "elements": [
                            {
                                "type": "text",
                                "text": "ran a program to remove duplicate lines from the README.txt files, this was from testing the \"get_real_sequences\" script"
                            }
                        ]
                    }
                ]
            }
        ],
        "client_msg_id": "93352ee7-4e8e-49c8-8c81-c977bbbd7dc1"
    },
    {
        "client_msg_id": "46fedace-e8d3-4b24-a1fb-4e90f0dde7ee",
        "type": "message",
        "text": "backing up databases",
        "user": "U01793PULLV",
        "ts": "1682462008.606229",
        "blocks": [
            {
                "type": "rich_text",
                "block_id": "VSK",
                "elements": [
                    {
                        "type": "rich_text_section",
                        "elements": [
                            {
                                "type": "text",
                                "text": "backing up databases"
                            }
                        ]
                    }
                ]
            }
        ],
        "team": "T017P3M8W7K",
        "user_team": "T017P3M8W7K",
        "source_team": "T017P3M8W7K",
        "user_profile": {
            "avatar_hash": "743a9fc0b5f6",
            "image_72": "https:\/\/avatars.slack-edge.com\/2022-06-30\/3731255580839_743a9fc0b5f63f195af3_72.jpg",
            "first_name": "parensburger",
            "real_name": "parensburger",
            "display_name": "Peter",
            "team": "T017P3M8W7K",
            "name": "parensburger",
            "is_restricted": false,
            "is_ultra_restricted": false
        }
    }
]