[
    {
        "client_msg_id": "5ade8fa5-bdfa-477d-a5f7-ee928e5e983f",
        "type": "message",
        "text": "I'm now thinking the report needs to be redone. List only the elements, the tirs, the tsds and the protein annotations. But also include an alignment of all the nucleotide sequences, as well a consensus sequence. Still want to rank elements.",
        "user": "U01793PULLV",
        "ts": "1689385824.444029",
        "blocks": [
            {
                "type": "rich_text",
                "block_id": "7UgW",
                "elements": [
                    {
                        "type": "rich_text_section",
                        "elements": [
                            {
                                "type": "text",
                                "text": "I'm now thinking the report needs to be redone. List only the elements, the tirs, the tsds and the protein annotations. But also include an alignment of all the nucleotide sequences, as well a consensus sequence. Still want to rank elements."
                            }
                        ]
                    }
                ]
            }
        ],
        "team": "T017P3M8W7K",
        "user_team": "T017P3M8W7K",
        "source_team": "T017P3M8W7K",
        "user_profile": {
            "avatar_hash": "743a9fc0b5f6",
            "image_72": "https:\/\/avatars.slack-edge.com\/2022-06-30\/3731255580839_743a9fc0b5f63f195af3_72.jpg",
            "first_name": "parensburger",
            "real_name": "parensburger",
            "display_name": "Peter",
            "team": "T017P3M8W7K",
            "name": "parensburger",
            "is_restricted": false,
            "is_ultra_restricted": false
        }
    }
]