[
    {
        "type": "message",
        "text": "In think I have finished with the summarize_DNA_ORF.pl script. Renamed it Review3_summary_of_information.pl and put in with the regular scripts.",
        "files": [
            {
                "id": "F05K1EG6X1N",
                "created": 1690138195,
                "timestamp": 1690138195,
                "name": "Review3_summary_of_information.pl",
                "title": "Review3_summary_of_information.pl",
                "mimetype": "text\/plain",
                "filetype": "perl",
                "pretty_type": "Perl",
                "user": "U01793PULLV",
                "user_team": "T017P3M8W7K",
                "editable": true,
                "size": 20702,
                "mode": "snippet",
                "is_external": false,
                "external_type": "",
                "is_public": true,
                "public_url_shared": false,
                "display_as_bot": false,
                "username": "",
                "url_private": "https:\/\/files.slack.com\/files-pri\/T017P3M8W7K-F05K1EG6X1N\/review3_summary_of_information.pl?t=xoxe-1261123302257-6395895314663-6407612319125-137f2171a6b5696e8e285d5b7bbfa693",
                "url_private_download": "https:\/\/files.slack.com\/files-pri\/T017P3M8W7K-F05K1EG6X1N\/download\/review3_summary_of_information.pl?t=xoxe-1261123302257-6395895314663-6407612319125-137f2171a6b5696e8e285d5b7bbfa693",
                "permalink": "https:\/\/arensburgerla-9bj1862.slack.com\/files\/U01793PULLV\/F05K1EG6X1N\/review3_summary_of_information.pl",
                "permalink_public": "https:\/\/slack-files.com\/T017P3M8W7K-F05K1EG6X1N-28090e3fea",
                "edit_link": "https:\/\/arensburgerla-9bj1862.slack.com\/files\/U01793PULLV\/F05K1EG6X1N\/review3_summary_of_information.pl\/edit",
                "is_starred": false,
                "has_rich_preview": false,
                "file_access": "visible"
            }
        ],
        "upload": false,
        "user": "U01793PULLV",
        "display_as_bot": false,
        "ts": "1690138318.199189",
        "blocks": [
            {
                "type": "rich_text",
                "block_id": "=LFg",
                "elements": [
                    {
                        "type": "rich_text_section",
                        "elements": [
                            {
                                "type": "text",
                                "text": "In think I have finished with the summarize_DNA_ORF.pl script. Renamed it Review3_summary_of_information.pl and put in with the regular scripts."
                            }
                        ]
                    }
                ]
            }
        ],
        "client_msg_id": "def881a1-4179-43bc-8a83-1012fa291dbe"
    }
]