[
    {
        "client_msg_id": "6a59f645-a84b-423d-ae2b-a954f6af30a8",
        "type": "message",
        "text": "```peter@Carmen:~\/Desktop\/TE_discovery_Ptep3\/protein$ perl ..\/scripts\/process_folders-remove_elements2.pl -t edgetest-failed.xls -f ~\/db\/protein_TEs\/\npeter@Carmen:~\/Desktop\/TE_discovery_Ptep3\/protein$ mv excluded_elements.tar.gz edgetest-failed-excluded-elements.tar.gz```",
        "user": "U01793PULLV",
        "ts": "1677174732.042699",
        "blocks": [
            {
                "type": "rich_text",
                "block_id": "vv5",
                "elements": [
                    {
                        "type": "rich_text_preformatted",
                        "elements": [
                            {
                                "type": "text",
                                "text": "peter@Carmen:~\/Desktop\/TE_discovery_Ptep3\/protein$ perl ..\/scripts\/process_folders-remove_elements2.pl -t edgetest-failed.xls -f ~\/db\/protein_TEs\/\npeter@Carmen:~\/Desktop\/TE_discovery_Ptep3\/protein$ mv excluded_elements.tar.gz edgetest-failed-excluded-elements.tar.gz"
                            }
                        ],
                        "border": 0
                    }
                ]
            }
        ],
        "team": "T017P3M8W7K",
        "user_team": "T017P3M8W7K",
        "source_team": "T017P3M8W7K",
        "user_profile": {
            "avatar_hash": "743a9fc0b5f6",
            "image_72": "https:\/\/avatars.slack-edge.com\/2022-06-30\/3731255580839_743a9fc0b5f63f195af3_72.jpg",
            "first_name": "parensburger",
            "real_name": "parensburger",
            "display_name": "Peter",
            "team": "T017P3M8W7K",
            "name": "parensburger",
            "is_restricted": false,
            "is_ultra_restricted": false
        }
    },
    {
        "type": "message",
        "text": "worked on script process_clipboard-check_tir2.pl, improved it to put data into the README file and work with current version of xdotools",
        "files": [
            {
                "id": "F04R216KL66",
                "created": 1677192054,
                "timestamp": 1677192054,
                "name": "process_clipboard-check_tir2.pl",
                "title": "process_clipboard-check_tir2.pl",
                "mimetype": "text\/plain",
                "filetype": "perl",
                "pretty_type": "Perl",
                "user": "U01793PULLV",
                "user_team": "T017P3M8W7K",
                "editable": true,
                "size": 12564,
                "mode": "snippet",
                "is_external": false,
                "external_type": "",
                "is_public": true,
                "public_url_shared": false,
                "display_as_bot": false,
                "username": "",
                "url_private": "https:\/\/files.slack.com\/files-pri\/T017P3M8W7K-F04R216KL66\/process_clipboard-check_tir2.pl?t=xoxe-1261123302257-6395895314663-6407612319125-137f2171a6b5696e8e285d5b7bbfa693",
                "url_private_download": "https:\/\/files.slack.com\/files-pri\/T017P3M8W7K-F04R216KL66\/download\/process_clipboard-check_tir2.pl?t=xoxe-1261123302257-6395895314663-6407612319125-137f2171a6b5696e8e285d5b7bbfa693",
                "permalink": "https:\/\/arensburgerla-9bj1862.slack.com\/files\/U01793PULLV\/F04R216KL66\/process_clipboard-check_tir2.pl",
                "permalink_public": "https:\/\/slack-files.com\/T017P3M8W7K-F04R216KL66-b82d0bb940",
                "edit_link": "https:\/\/arensburgerla-9bj1862.slack.com\/files\/U01793PULLV\/F04R216KL66\/process_clipboard-check_tir2.pl\/edit",
                "is_starred": false,
                "has_rich_preview": false,
                "file_access": "visible"
            }
        ],
        "upload": false,
        "user": "U01793PULLV",
        "display_as_bot": false,
        "ts": "1677192061.631719",
        "blocks": [
            {
                "type": "rich_text",
                "block_id": "5jB3R",
                "elements": [
                    {
                        "type": "rich_text_section",
                        "elements": [
                            {
                                "type": "text",
                                "text": "worked on script process_clipboard-check_tir2.pl, improved it to put data into the README file and work with current version of xdotools"
                            }
                        ]
                    }
                ]
            }
        ],
        "client_msg_id": "ee1505a4-3537-45e9-afff-5d3422b57423"
    },
    {
        "client_msg_id": "d229c984-ba14-4a5c-9ea4-2724f5d21065",
        "type": "message",
        "text": "looking at the first two 8 bp hits XP_042907472.1 and XP_042902025.1. These are annotated as two proteins on different scaffolds, but the the TEs overlap a lot. These point to the same element even if the two initial sequence differ. Will need to address this after I'm done with the manual review.",
        "user": "U01793PULLV",
        "ts": "1677200588.461129",
        "blocks": [
            {
                "type": "rich_text",
                "block_id": "B4Nd3",
                "elements": [
                    {
                        "type": "rich_text_section",
                        "elements": [
                            {
                                "type": "text",
                                "text": "looking at the first two 8 bp hits XP_042907472.1 and XP_042902025.1. These are annotated as two proteins on different scaffolds, but the the TEs overlap a lot. These point to the same element even if the two initial sequence differ. Will need to address this after I'm done with the manual review."
                            }
                        ]
                    }
                ]
            }
        ],
        "team": "T017P3M8W7K",
        "user_team": "T017P3M8W7K",
        "source_team": "T017P3M8W7K",
        "user_profile": {
            "avatar_hash": "743a9fc0b5f6",
            "image_72": "https:\/\/avatars.slack-edge.com\/2022-06-30\/3731255580839_743a9fc0b5f63f195af3_72.jpg",
            "first_name": "parensburger",
            "real_name": "parensburger",
            "display_name": "Peter",
            "team": "T017P3M8W7K",
            "name": "parensburger",
            "is_restricted": false,
            "is_ultra_restricted": false
        }
    }
]