[
    {
        "client_msg_id": "d01fb63b-10b2-4890-a4af-baeb53bff428",
        "type": "message",
        "text": "```parensburger@hpc:~$ more repeatmodeler_submit.sh \n#!\/bin\/bash\n#SBATCH --job-name=PA_RepeatModeler\n#SBATCH --partition=compute\n#SBATCH --mail-type=ALL\n#SBATCH --mail-user=parensburger@cpp.edu\n#SBATCH --ntasks=64\n#SBATCH --output=RepeatModeler.%j.out\n#SBATCH --error=RepeatModeler.%j.err\ncd $SLURM_SUBMIT_DIR\n\/data03\/home\/parensburger\/bin\/RepeatModeler\/RepeatModeler -threads 64 -database \/data03\/home\/parensburger\/db\/Dmel\/dmel_r6\nparensburger@hpc:~$ sbatch repeatmodeler_submit.sh ```",
        "user": "U01793PULLV",
        "ts": "1694094460.435259",
        "blocks": [
            {
                "type": "rich_text",
                "block_id": "E53yd",
                "elements": [
                    {
                        "type": "rich_text_preformatted",
                        "elements": [
                            {
                                "type": "text",
                                "text": "parensburger@hpc:~$ more repeatmodeler_submit.sh \n#!\/bin\/bash\n#SBATCH --job-name=PA_RepeatModeler\n#SBATCH --partition=compute\n#SBATCH --mail-type=ALL\n#SBATCH --mail-user=parensburger@cpp.edu\n#SBATCH --ntasks=64\n#SBATCH --output=RepeatModeler.%j.out\n#SBATCH --error=RepeatModeler.%j.err\ncd $SLURM_SUBMIT_DIR\n\/data03\/home\/parensburger\/bin\/RepeatModeler\/RepeatModeler -threads 64 -database \/data03\/home\/parensburger\/db\/Dmel\/dmel_r6\nparensburger@hpc:~$ sbatch repeatmodeler_submit.sh "
                            }
                        ],
                        "border": 0
                    }
                ]
            }
        ],
        "team": "T017P3M8W7K",
        "user_team": "T017P3M8W7K",
        "source_team": "T017P3M8W7K",
        "user_profile": {
            "avatar_hash": "743a9fc0b5f6",
            "image_72": "https:\/\/avatars.slack-edge.com\/2022-06-30\/3731255580839_743a9fc0b5f63f195af3_72.jpg",
            "first_name": "parensburger",
            "real_name": "parensburger",
            "display_name": "Peter",
            "team": "T017P3M8W7K",
            "name": "parensburger",
            "is_restricted": false,
            "is_ultra_restricted": false
        }
    },
    {
        "client_msg_id": "047745c9-1db2-40f4-ab0d-18b8628cbc99",
        "type": "message",
        "text": "RepeatModeler took about 3 days to run, renaming the output and starting the other one\n```parensburger@hpc:~$ mv RM_5809.MonSep41714572023\/ RModeler_dmel_r5.out\nparensburger@hpc:~$ sbatch repeatmodeler_submit.sh \nSubmitted batch job 15107\nparensburger@hpc:~$ more repeatmodeler_submit.sh \n#!\/bin\/bash\n#SBATCH --job-name=PA_RepeatModeler\n#SBATCH --partition=compute\n#SBATCH --mail-type=ALL\n#SBATCH --mail-user=parensburger@cpp.edu\n#SBATCH --ntasks=64\n#SBATCH --output=RepeatModeler.%j.out\n#SBATCH --error=RepeatModeler.%j.err\ncd $SLURM_SUBMIT_DIR\n\/data03\/home\/parensburger\/bin\/RepeatModeler\/RepeatModeler -threads 64 -database \/data03\/home\/parensburger\/db\/Dmel\/dmel_asm```",
        "user": "U01793PULLV",
        "ts": "1694094653.353879",
        "blocks": [
            {
                "type": "rich_text",
                "block_id": "29WR",
                "elements": [
                    {
                        "type": "rich_text_section",
                        "elements": [
                            {
                                "type": "text",
                                "text": "RepeatModeler took about 3 days to run, renaming the output and starting the other one\n"
                            }
                        ]
                    },
                    {
                        "type": "rich_text_preformatted",
                        "elements": [
                            {
                                "type": "text",
                                "text": "parensburger@hpc:~$ mv RM_5809.MonSep41714572023\/ RModeler_dmel_r5.out\nparensburger@hpc:~$ sbatch repeatmodeler_submit.sh \nSubmitted batch job 15107\nparensburger@hpc:~$ more repeatmodeler_submit.sh \n#!\/bin\/bash\n#SBATCH --job-name=PA_RepeatModeler\n#SBATCH --partition=compute\n#SBATCH --mail-type=ALL\n#SBATCH --mail-user=parensburger@cpp.edu\n#SBATCH --ntasks=64\n#SBATCH --output=RepeatModeler.%j.out\n#SBATCH --error=RepeatModeler.%j.err\ncd $SLURM_SUBMIT_DIR\n\/data03\/home\/parensburger\/bin\/RepeatModeler\/RepeatModeler -threads 64 -database \/data03\/home\/parensburger\/db\/Dmel\/dmel_asm"
                            }
                        ],
                        "border": 0
                    }
                ]
            }
        ],
        "team": "T017P3M8W7K",
        "user_team": "T017P3M8W7K",
        "source_team": "T017P3M8W7K",
        "user_profile": {
            "avatar_hash": "743a9fc0b5f6",
            "image_72": "https:\/\/avatars.slack-edge.com\/2022-06-30\/3731255580839_743a9fc0b5f63f195af3_72.jpg",
            "first_name": "parensburger",
            "real_name": "parensburger",
            "display_name": "Peter",
            "team": "T017P3M8W7K",
            "name": "parensburger",
            "is_restricted": false,
            "is_ultra_restricted": false
        }
    }
]