[
    {
        "client_msg_id": "2f630a80-b9ef-4cfb-8664-12ddd7d0fc1f",
        "type": "message",
        "text": "Again restarting, having fixed the make_consensus2.pl file again\n```peter@faust:~\/Ptep3_TE_protein$ perl ~\/Desktop\/TE_discovery_Ptep3\/scripts\/create_directories2.pl -in protein_s1.txt \npeter@faust:~\/Ptep3_TE_protein$ nohup perl ~\/Desktop\/TE_discovery_Ptep3\/scripts\/process_folders-blast-and-cons2.pl -t protein_s1.txt -b good_blast.o &amp;```",
        "user": "U01793PULLV",
        "ts": "1676820628.717409",
        "blocks": [
            {
                "type": "rich_text",
                "block_id": "T7b",
                "elements": [
                    {
                        "type": "rich_text_section",
                        "elements": [
                            {
                                "type": "text",
                                "text": "Again restarting, having fixed the make_consensus2.pl file again\n"
                            }
                        ]
                    },
                    {
                        "type": "rich_text_preformatted",
                        "elements": [
                            {
                                "type": "text",
                                "text": "peter@faust:~\/Ptep3_TE_protein$ perl ~\/Desktop\/TE_discovery_Ptep3\/scripts\/create_directories2.pl -in protein_s1.txt \npeter@faust:~\/Ptep3_TE_protein$ nohup perl ~\/Desktop\/TE_discovery_Ptep3\/scripts\/process_folders-blast-and-cons2.pl -t protein_s1.txt -b good_blast.o &"
                            }
                        ],
                        "border": 0
                    }
                ]
            }
        ],
        "team": "T017P3M8W7K",
        "user_team": "T017P3M8W7K",
        "source_team": "T017P3M8W7K",
        "user_profile": {
            "avatar_hash": "743a9fc0b5f6",
            "image_72": "https:\/\/avatars.slack-edge.com\/2022-06-30\/3731255580839_743a9fc0b5f63f195af3_72.jpg",
            "first_name": "parensburger",
            "real_name": "parensburger",
            "display_name": "Peter",
            "team": "T017P3M8W7K",
            "name": "parensburger",
            "is_restricted": false,
            "is_ultra_restricted": false
        }
    },
    {
        "client_msg_id": "06d80b58-b011-4389-abe7-a4b9ee6f0389",
        "type": "message",
        "text": "looks like it finally worked!",
        "user": "U01793PULLV",
        "ts": "1676867210.618979",
        "blocks": [
            {
                "type": "rich_text",
                "block_id": "stJc1",
                "elements": [
                    {
                        "type": "rich_text_section",
                        "elements": [
                            {
                                "type": "text",
                                "text": "looks like it finally worked!"
                            }
                        ]
                    }
                ]
            }
        ],
        "team": "T017P3M8W7K",
        "user_team": "T017P3M8W7K",
        "source_team": "T017P3M8W7K",
        "user_profile": {
            "avatar_hash": "743a9fc0b5f6",
            "image_72": "https:\/\/avatars.slack-edge.com\/2022-06-30\/3731255580839_743a9fc0b5f63f195af3_72.jpg",
            "first_name": "parensburger",
            "real_name": "parensburger",
            "display_name": "Peter",
            "team": "T017P3M8W7K",
            "name": "parensburger",
            "is_restricted": false,
            "is_ultra_restricted": false
        }
    }
]