[
    {
        "type": "message",
        "text": "finished the process_folders-get_real_sequences3.pl script",
        "files": [
            {
                "id": "F04M32FK6SC",
                "created": 1674603304,
                "timestamp": 1674603304,
                "name": "process_folders-get_real_sequences3.pl",
                "title": "process_folders-get_real_sequences3.pl",
                "mimetype": "text\/plain",
                "filetype": "perl",
                "pretty_type": "Perl",
                "user": "U01793PULLV",
                "user_team": "T017P3M8W7K",
                "editable": true,
                "size": 13069,
                "mode": "snippet",
                "is_external": false,
                "external_type": "",
                "is_public": true,
                "public_url_shared": false,
                "display_as_bot": false,
                "username": "",
                "url_private": "https:\/\/files.slack.com\/files-pri\/T017P3M8W7K-F04M32FK6SC\/process_folders-get_real_sequences3.pl?t=xoxe-1261123302257-6395895314663-6407612319125-137f2171a6b5696e8e285d5b7bbfa693",
                "url_private_download": "https:\/\/files.slack.com\/files-pri\/T017P3M8W7K-F04M32FK6SC\/download\/process_folders-get_real_sequences3.pl?t=xoxe-1261123302257-6395895314663-6407612319125-137f2171a6b5696e8e285d5b7bbfa693",
                "permalink": "https:\/\/arensburgerla-9bj1862.slack.com\/files\/U01793PULLV\/F04M32FK6SC\/process_folders-get_real_sequences3.pl",
                "permalink_public": "https:\/\/slack-files.com\/T017P3M8W7K-F04M32FK6SC-e8128e9cc9",
                "edit_link": "https:\/\/arensburgerla-9bj1862.slack.com\/files\/U01793PULLV\/F04M32FK6SC\/process_folders-get_real_sequences3.pl\/edit",
                "is_starred": false,
                "has_rich_preview": false,
                "file_access": "visible"
            }
        ],
        "upload": false,
        "user": "U01793PULLV",
        "display_as_bot": false,
        "ts": "1674603306.410069",
        "blocks": [
            {
                "type": "rich_text",
                "block_id": "D5C",
                "elements": [
                    {
                        "type": "rich_text_section",
                        "elements": [
                            {
                                "type": "text",
                                "text": "finished the process_folders-get_real_sequences3.pl script"
                            }
                        ]
                    }
                ]
            }
        ],
        "client_msg_id": "eaa09ecc-ec71-4e03-aab9-90557d46a580"
    },
    {
        "client_msg_id": "984e4c53-ef27-4134-a9aa-f5b176df1399",
        "type": "message",
        "text": "problem now is that run_interpro3.pl does not integrate the title of the consensus sequences correctly, need to fix this.",
        "user": "U01793PULLV",
        "ts": "1674605059.624669",
        "blocks": [
            {
                "type": "rich_text",
                "block_id": "zdKTV",
                "elements": [
                    {
                        "type": "rich_text_section",
                        "elements": [
                            {
                                "type": "text",
                                "text": "problem now is that run_interpro3.pl does not integrate the title of the consensus sequences correctly, need to fix this."
                            }
                        ]
                    }
                ]
            }
        ],
        "team": "T017P3M8W7K",
        "user_team": "T017P3M8W7K",
        "source_team": "T017P3M8W7K",
        "user_profile": {
            "avatar_hash": "743a9fc0b5f6",
            "image_72": "https:\/\/avatars.slack-edge.com\/2022-06-30\/3731255580839_743a9fc0b5f63f195af3_72.jpg",
            "first_name": "parensburger",
            "real_name": "parensburger",
            "display_name": "Peter",
            "team": "T017P3M8W7K",
            "name": "parensburger",
            "is_restricted": false,
            "is_ultra_restricted": false
        }
    }
]