[
    {
        "client_msg_id": "0932c601-5b0a-4f09-ac68-9551647203f6",
        "type": "message",
        "text": "updated the script process_folders_merge-element.pl to remove reference to how complete the TSD and TIR are, because merged elements for the same location can differ on that.",
        "user": "U01793PULLV",
        "ts": "1682725933.081259",
        "blocks": [
            {
                "type": "rich_text",
                "block_id": "D5TuE",
                "elements": [
                    {
                        "type": "rich_text_section",
                        "elements": [
                            {
                                "type": "text",
                                "text": "updated the script process_folders_merge-element.pl to remove reference to how complete the TSD and TIR are, because merged elements for the same location can differ on that."
                            }
                        ]
                    }
                ]
            }
        ],
        "team": "T017P3M8W7K",
        "user_team": "T017P3M8W7K",
        "source_team": "T017P3M8W7K",
        "user_profile": {
            "avatar_hash": "743a9fc0b5f6",
            "image_72": "https:\/\/avatars.slack-edge.com\/2022-06-30\/3731255580839_743a9fc0b5f63f195af3_72.jpg",
            "first_name": "parensburger",
            "real_name": "parensburger",
            "display_name": "Peter",
            "team": "T017P3M8W7K",
            "name": "parensburger",
            "is_restricted": false,
            "is_ultra_restricted": false
        }
    },
    {
        "type": "message",
        "text": "restoring all 137 folders prior to merging and merging again\n```peter@carmen:~\/Insync\/arensburger@gmail.com\/Google Drive\/Work\/Research Analysis\/TE_discovery_Ptep3\/protein$ ls ~\/db\/protein_TEs\/ &gt; temp.txt\npeter@carmen:~\/Insync\/arensburger@gmail.com\/Google Drive\/Work\/Research Analysis\/TE_discovery_Ptep3\/protein$ perl ..\/scripts\/process_folders-merge_elements.pl -t temp.txt ```\na potential future issue is that the merged and non-merged elements have slightly different titles now, might need to fix that\nupdating the the ~\/db\/protein_TEs folder",
        "files": [
            {
                "id": "F055BR3GTPG",
                "created": 1682726370,
                "timestamp": 1682726370,
                "name": "temp.txt",
                "title": "temp.txt",
                "mimetype": "text\/plain",
                "filetype": "text",
                "pretty_type": "Plain Text",
                "user": "U01793PULLV",
                "user_team": "T017P3M8W7K",
                "editable": true,
                "size": 2055,
                "mode": "snippet",
                "is_external": false,
                "external_type": "",
                "is_public": true,
                "public_url_shared": false,
                "display_as_bot": false,
                "username": "",
                "url_private": "https:\/\/files.slack.com\/files-pri\/T017P3M8W7K-F055BR3GTPG\/temp.txt?t=xoxe-1261123302257-6395895314663-6407612319125-137f2171a6b5696e8e285d5b7bbfa693",
                "url_private_download": "https:\/\/files.slack.com\/files-pri\/T017P3M8W7K-F055BR3GTPG\/download\/temp.txt?t=xoxe-1261123302257-6395895314663-6407612319125-137f2171a6b5696e8e285d5b7bbfa693",
                "permalink": "https:\/\/arensburgerla-9bj1862.slack.com\/files\/U01793PULLV\/F055BR3GTPG\/temp.txt",
                "permalink_public": "https:\/\/slack-files.com\/T017P3M8W7K-F055BR3GTPG-86c253dfbb",
                "edit_link": "https:\/\/arensburgerla-9bj1862.slack.com\/files\/U01793PULLV\/F055BR3GTPG\/temp.txt\/edit",
                "is_starred": false,
                "has_rich_preview": false,
                "file_access": "visible"
            }
        ],
        "upload": false,
        "user": "U01793PULLV",
        "display_as_bot": false,
        "ts": "1682726963.531159",
        "blocks": [
            {
                "type": "rich_text",
                "block_id": "5P9P",
                "elements": [
                    {
                        "type": "rich_text_section",
                        "elements": [
                            {
                                "type": "text",
                                "text": "restoring all 137 folders prior to merging and merging again\n"
                            }
                        ]
                    },
                    {
                        "type": "rich_text_preformatted",
                        "elements": [
                            {
                                "type": "text",
                                "text": "peter@carmen:~\/Insync\/arensburger@gmail.com\/Google Drive\/Work\/Research Analysis\/TE_discovery_Ptep3\/protein$ ls ~\/db\/protein_TEs\/ > temp.txt\npeter@carmen:~\/Insync\/arensburger@gmail.com\/Google Drive\/Work\/Research Analysis\/TE_discovery_Ptep3\/protein$ perl ..\/scripts\/process_folders-merge_elements.pl -t temp.txt "
                            }
                        ],
                        "border": 0
                    },
                    {
                        "type": "rich_text_section",
                        "elements": [
                            {
                                "type": "text",
                                "text": "a potential future issue is that the merged and non-merged elements have slightly different titles now, might need to fix that\nupdating the the ~\/db\/protein_TEs folder"
                            }
                        ]
                    }
                ]
            }
        ],
        "client_msg_id": "01d9e29b-626d-46eb-8f3c-e2d8ca778935"
    }
]