[
    {
        "client_msg_id": "2c1b1632-7b9a-44ff-baeb-9f4a4a66cebd",
        "type": "message",
        "text": "When comparing my hAT elements, use these files:\nfor RepeatMasker: parensburger@hpc:~\/data\/Ptep3_TEs\/family_list\/Ptep3-families.fa\nfor REPETdenovo: er@hpc:~\/data\/Ptep3_TEs\/family_list\/Ptep3_TEdenovo.fa",
        "user": "U01793PULLV",
        "ts": "1693428312.221159",
        "blocks": [
            {
                "type": "rich_text",
                "block_id": "WxYHy",
                "elements": [
                    {
                        "type": "rich_text_section",
                        "elements": [
                            {
                                "type": "text",
                                "text": "When comparing my hAT elements, use these files:\nfor RepeatMasker: parensburger@hpc:~\/data\/Ptep3_TEs\/family_list\/Ptep3-families.fa\nfor REPETdenovo: er@hpc:~\/data\/Ptep3_TEs\/family_list\/Ptep3_TEdenovo.fa"
                            }
                        ]
                    }
                ]
            }
        ],
        "team": "T017P3M8W7K",
        "user_team": "T017P3M8W7K",
        "source_team": "T017P3M8W7K",
        "user_profile": {
            "avatar_hash": "743a9fc0b5f6",
            "image_72": "https:\/\/avatars.slack-edge.com\/2022-06-30\/3731255580839_743a9fc0b5f63f195af3_72.jpg",
            "first_name": "parensburger",
            "real_name": "parensburger",
            "display_name": "Peter",
            "team": "T017P3M8W7K",
            "name": "parensburger",
            "is_restricted": false,
            "is_ultra_restricted": false
        }
    }
]