[
    {
        "client_msg_id": "5f7f931b-0394-4955-bb39-68741eb4e233",
        "type": "message",
        "text": "looks like the folder peter@carmen:~\/db\/protein_TEs\/ has elements that have been excluded in it, as well as folders missing. I'm restoring the database from March 13 back in there",
        "user": "U01793PULLV",
        "ts": "1682204103.009919",
        "blocks": [
            {
                "type": "rich_text",
                "block_id": "Oy8",
                "elements": [
                    {
                        "type": "rich_text_section",
                        "elements": [
                            {
                                "type": "text",
                                "text": "looks like the folder peter@carmen:~\/db\/protein_TEs\/ has elements that have been excluded in it, as well as folders missing. I'm restoring the database from March 13 back in there"
                            }
                        ]
                    }
                ]
            }
        ],
        "team": "T017P3M8W7K",
        "user_team": "T017P3M8W7K",
        "source_team": "T017P3M8W7K",
        "user_profile": {
            "avatar_hash": "743a9fc0b5f6",
            "image_72": "https:\/\/avatars.slack-edge.com\/2022-06-30\/3731255580839_743a9fc0b5f63f195af3_72.jpg",
            "first_name": "parensburger",
            "real_name": "parensburger",
            "display_name": "Peter",
            "team": "T017P3M8W7K",
            "name": "parensburger",
            "is_restricted": false,
            "is_ultra_restricted": false
        }
    },
    {
        "type": "message",
        "text": "",
        "files": [
            {
                "id": "F054H0HBEKV",
                "created": 1682206526,
                "timestamp": 1682206526,
                "name": "identify_elements.pl",
                "title": "identify_elements.pl",
                "mimetype": "text\/plain",
                "filetype": "perl",
                "pretty_type": "Perl",
                "user": "U01793PULLV",
                "user_team": "T017P3M8W7K",
                "editable": true,
                "size": 574,
                "mode": "snippet",
                "is_external": false,
                "external_type": "",
                "is_public": true,
                "public_url_shared": false,
                "display_as_bot": false,
                "username": "",
                "url_private": "https:\/\/files.slack.com\/files-pri\/T017P3M8W7K-F054H0HBEKV\/identify_elements.pl?t=xoxe-1261123302257-6395895314663-6407612319125-137f2171a6b5696e8e285d5b7bbfa693",
                "url_private_download": "https:\/\/files.slack.com\/files-pri\/T017P3M8W7K-F054H0HBEKV\/download\/identify_elements.pl?t=xoxe-1261123302257-6395895314663-6407612319125-137f2171a6b5696e8e285d5b7bbfa693",
                "permalink": "https:\/\/arensburgerla-9bj1862.slack.com\/files\/U01793PULLV\/F054H0HBEKV\/identify_elements.pl",
                "permalink_public": "https:\/\/slack-files.com\/T017P3M8W7K-F054H0HBEKV-daad89e791",
                "edit_link": "https:\/\/arensburgerla-9bj1862.slack.com\/files\/U01793PULLV\/F054H0HBEKV\/identify_elements.pl\/edit",
                "is_starred": false,
                "has_rich_preview": false,
                "file_access": "visible"
            }
        ],
        "upload": false,
        "user": "U01793PULLV",
        "display_as_bot": false,
        "ts": "1682207303.574269",
        "client_msg_id": "b678d879-501a-4572-8b35-bf13288c019f"
    },
    {
        "type": "message",
        "text": "cleaning up the database, I had a lot of crap in there. Wrote the script below to identify all the folders that do not have a Review2 with an accepted element, then using that list to remove the folders\n```peter@carmen:~\/Desktop\/TE_discovery_Ptep3\/protein$ perl ..\/scripts\/identify_elements.pl &gt; temp2.txt\npeter@carmen:~\/Desktop\/TE_discovery_Ptep3\/protein$ perl ..\/scripts\/process_folders-remove_elements2.pl -t temp2.txt\npeter@carmen:~\/Desktop\/TE_discovery_Ptep3\/protein$ mv excluded_elements.tar.gz review2-excluded-elements.tar.gz```\nleaves me with 136 elements, backing up the database",
        "files": [
            {
                "id": "F054H0HBEKV",
                "created": 1682206526,
                "timestamp": 1682206526,
                "name": "identify_elements.pl",
                "title": "identify_elements.pl",
                "mimetype": "text\/plain",
                "filetype": "perl",
                "pretty_type": "Perl",
                "user": "U01793PULLV",
                "user_team": "T017P3M8W7K",
                "editable": true,
                "size": 574,
                "mode": "snippet",
                "is_external": false,
                "external_type": "",
                "is_public": true,
                "public_url_shared": false,
                "display_as_bot": false,
                "username": "",
                "url_private": "https:\/\/files.slack.com\/files-pri\/T017P3M8W7K-F054H0HBEKV\/identify_elements.pl?t=xoxe-1261123302257-6395895314663-6407612319125-137f2171a6b5696e8e285d5b7bbfa693",
                "url_private_download": "https:\/\/files.slack.com\/files-pri\/T017P3M8W7K-F054H0HBEKV\/download\/identify_elements.pl?t=xoxe-1261123302257-6395895314663-6407612319125-137f2171a6b5696e8e285d5b7bbfa693",
                "permalink": "https:\/\/arensburgerla-9bj1862.slack.com\/files\/U01793PULLV\/F054H0HBEKV\/identify_elements.pl",
                "permalink_public": "https:\/\/slack-files.com\/T017P3M8W7K-F054H0HBEKV-daad89e791",
                "edit_link": "https:\/\/arensburgerla-9bj1862.slack.com\/files\/U01793PULLV\/F054H0HBEKV\/identify_elements.pl\/edit",
                "is_starred": false,
                "has_rich_preview": false,
                "file_access": "visible"
            }
        ],
        "upload": false,
        "user": "U01793PULLV",
        "display_as_bot": false,
        "ts": "1682207303.578559",
        "blocks": [
            {
                "type": "rich_text",
                "block_id": "uIR",
                "elements": [
                    {
                        "type": "rich_text_section",
                        "elements": [
                            {
                                "type": "text",
                                "text": "cleaning up the database, I had a lot of crap in there. Wrote the script below to identify all the folders that do not have a Review2 with an accepted element, then using that list to remove the folders\n"
                            }
                        ]
                    },
                    {
                        "type": "rich_text_preformatted",
                        "elements": [
                            {
                                "type": "text",
                                "text": "peter@carmen:~\/Desktop\/TE_discovery_Ptep3\/protein$ perl ..\/scripts\/identify_elements.pl > temp2.txt\npeter@carmen:~\/Desktop\/TE_discovery_Ptep3\/protein$ perl ..\/scripts\/process_folders-remove_elements2.pl -t temp2.txt\npeter@carmen:~\/Desktop\/TE_discovery_Ptep3\/protein$ mv excluded_elements.tar.gz review2-excluded-elements.tar.gz"
                            }
                        ],
                        "border": 0
                    },
                    {
                        "type": "rich_text_section",
                        "elements": [
                            {
                                "type": "text",
                                "text": "leaves me with 136 elements, backing up the database"
                            }
                        ]
                    }
                ]
            }
        ],
        "client_msg_id": "360a7be7-f8b1-4764-ad9a-6c55c27c2c13"
    }
]