[
    {
        "type": "message",
        "text": "Trying now to run all the elements in db\/protein.",
        "files": [
            {
                "id": "F05KQ9EUTKN",
                "created": 1690850173,
                "timestamp": 1690850173,
                "name": "temp.txt",
                "title": "temp.txt",
                "mimetype": "text\/plain",
                "filetype": "text",
                "pretty_type": "Plain Text",
                "user": "U01793PULLV",
                "user_team": "T017P3M8W7K",
                "editable": true,
                "size": 836,
                "mode": "snippet",
                "is_external": false,
                "external_type": "",
                "is_public": true,
                "public_url_shared": false,
                "display_as_bot": false,
                "username": "",
                "url_private": "https:\/\/files.slack.com\/files-pri\/T017P3M8W7K-F05KQ9EUTKN\/temp.txt?t=xoxe-1261123302257-6395895314663-6407612319125-137f2171a6b5696e8e285d5b7bbfa693",
                "url_private_download": "https:\/\/files.slack.com\/files-pri\/T017P3M8W7K-F05KQ9EUTKN\/download\/temp.txt?t=xoxe-1261123302257-6395895314663-6407612319125-137f2171a6b5696e8e285d5b7bbfa693",
                "permalink": "https:\/\/arensburgerla-9bj1862.slack.com\/files\/U01793PULLV\/F05KQ9EUTKN\/temp.txt",
                "permalink_public": "https:\/\/slack-files.com\/T017P3M8W7K-F05KQ9EUTKN-7898ed27cf",
                "edit_link": "https:\/\/arensburgerla-9bj1862.slack.com\/files\/U01793PULLV\/F05KQ9EUTKN\/temp.txt\/edit",
                "is_starred": false,
                "has_rich_preview": false,
                "file_access": "visible"
            }
        ],
        "upload": false,
        "user": "U01793PULLV",
        "display_as_bot": false,
        "ts": "1690850184.784359",
        "blocks": [
            {
                "type": "rich_text",
                "block_id": "A7De",
                "elements": [
                    {
                        "type": "rich_text_section",
                        "elements": [
                            {
                                "type": "text",
                                "text": "Trying now to run all the elements in db\/protein."
                            }
                        ]
                    }
                ]
            }
        ],
        "client_msg_id": "adb8b823-8f23-47d5-a243-3c2bb9f31686"
    },
    {
        "client_msg_id": "e461723e-8030-4d65-8e8a-9e05edacacc4",
        "type": "message",
        "text": "```peter@carmen:~\/Desktop\/TE_discovery_Ptep3\/protein$ perl ..\/scripts\/Review3_summary_of_information.pl -t temp.txt -p orf052223.txt -a orf052223.txt.tsv -g .\/GCF_000365465.3_Ptep_3.0_genomic.gff ```",
        "user": "U01793PULLV",
        "ts": "1690851094.115279",
        "blocks": [
            {
                "type": "rich_text",
                "block_id": "rFBd",
                "elements": [
                    {
                        "type": "rich_text_preformatted",
                        "elements": [
                            {
                                "type": "text",
                                "text": "peter@carmen:~\/Desktop\/TE_discovery_Ptep3\/protein$ perl ..\/scripts\/Review3_summary_of_information.pl -t temp.txt -p orf052223.txt -a orf052223.txt.tsv -g .\/GCF_000365465.3_Ptep_3.0_genomic.gff "
                            }
                        ],
                        "border": 0
                    }
                ]
            }
        ],
        "team": "T017P3M8W7K",
        "user_team": "T017P3M8W7K",
        "source_team": "T017P3M8W7K",
        "user_profile": {
            "avatar_hash": "743a9fc0b5f6",
            "image_72": "https:\/\/avatars.slack-edge.com\/2022-06-30\/3731255580839_743a9fc0b5f63f195af3_72.jpg",
            "first_name": "parensburger",
            "real_name": "parensburger",
            "display_name": "Peter",
            "team": "T017P3M8W7K",
            "name": "parensburger",
            "is_restricted": false,
            "is_ultra_restricted": false
        }
    },
    {
        "client_msg_id": "e1d6b4a2-7a26-40f3-8d6c-92150485fce0",
        "type": "message",
        "text": "Looks like the review should be divided into 1) TSDs, 2) TIRs, 3) Transposases. For this it would seem that one of the most effective ways of finding the transposase would be to blast it to nr. I'm going to install the nr database on the pq computer.\n```arensburger@pq:~\/db\/nr$ wget <https:\/\/ftp.ncbi.nlm.nih.gov\/blast\/db\/nr.00.tar.gz> &amp;```",
        "user": "U01793PULLV",
        "ts": "1690862130.893619",
        "blocks": [
            {
                "type": "rich_text",
                "block_id": "yo1",
                "elements": [
                    {
                        "type": "rich_text_section",
                        "elements": [
                            {
                                "type": "text",
                                "text": "Looks like the review should be divided into 1) TSDs, 2) TIRs, 3) Transposases. For this it would seem that one of the most effective ways of finding the transposase would be to blast it to nr. I'm going to install the nr database on the pq computer.\n"
                            }
                        ]
                    },
                    {
                        "type": "rich_text_preformatted",
                        "elements": [
                            {
                                "type": "text",
                                "text": "arensburger@pq:~\/db\/nr$ wget "
                            },
                            {
                                "type": "link",
                                "url": "https:\/\/ftp.ncbi.nlm.nih.gov\/blast\/db\/nr.00.tar.gz"
                            },
                            {
                                "type": "text",
                                "text": " &"
                            }
                        ],
                        "border": 0
                    }
                ]
            }
        ],
        "team": "T017P3M8W7K",
        "user_team": "T017P3M8W7K",
        "source_team": "T017P3M8W7K",
        "user_profile": {
            "avatar_hash": "743a9fc0b5f6",
            "image_72": "https:\/\/avatars.slack-edge.com\/2022-06-30\/3731255580839_743a9fc0b5f63f195af3_72.jpg",
            "first_name": "parensburger",
            "real_name": "parensburger",
            "display_name": "Peter",
            "team": "T017P3M8W7K",
            "name": "parensburger",
            "is_restricted": false,
            "is_ultra_restricted": false
        }
    }
]