[
    {
        "client_msg_id": "5e53727b-bfe1-457f-85ed-252c777da328",
        "type": "message",
        "text": "Seem to have worked (did not use nohup, so did not see the warning outputs). Backing up the databases.",
        "user": "U01793PULLV",
        "ts": "1680790684.096389",
        "blocks": [
            {
                "type": "rich_text",
                "block_id": "COze",
                "elements": [
                    {
                        "type": "rich_text_section",
                        "elements": [
                            {
                                "type": "text",
                                "text": "Seem to have worked (did not use nohup, so did not see the warning outputs). Backing up the databases."
                            }
                        ]
                    }
                ]
            }
        ],
        "team": "T017P3M8W7K",
        "user_team": "T017P3M8W7K",
        "source_team": "T017P3M8W7K",
        "user_profile": {
            "avatar_hash": "743a9fc0b5f6",
            "image_72": "https:\/\/avatars.slack-edge.com\/2022-06-30\/3731255580839_743a9fc0b5f63f195af3_72.jpg",
            "first_name": "parensburger",
            "real_name": "parensburger",
            "display_name": "Peter",
            "team": "T017P3M8W7K",
            "name": "parensburger",
            "is_restricted": false,
            "is_ultra_restricted": false
        },
        "thread_ts": "1680307234.177389",
        "parent_user_id": "U01793PULLV"
    }
]