[
    {
        "client_msg_id": "239bee12-69a0-415e-a1fe-7ea3c1c9783b",
        "type": "message",
        "text": "Keep in mind that this update takes several hours to download. Once untarred it's installed, just need to change the $PATH in the .bashrc file. It will take a while to run the first time as it seems to update databases.",
        "user": "U01793PULLV",
        "ts": "1674751310.351599",
        "blocks": [
            {
                "type": "rich_text",
                "block_id": "sYl",
                "elements": [
                    {
                        "type": "rich_text_section",
                        "elements": [
                            {
                                "type": "text",
                                "text": "Keep in mind that this update takes several hours to download. Once untarred it's installed, just need to change the $PATH in the .bashrc file. It will take a while to run the first time as it seems to update databases."
                            }
                        ]
                    }
                ]
            }
        ],
        "team": "T017P3M8W7K",
        "user_team": "T017P3M8W7K",
        "source_team": "T017P3M8W7K",
        "user_profile": {
            "avatar_hash": "743a9fc0b5f6",
            "image_72": "https:\/\/avatars.slack-edge.com\/2022-06-30\/3731255580839_743a9fc0b5f63f195af3_72.jpg",
            "first_name": "parensburger",
            "real_name": "parensburger",
            "display_name": "Peter",
            "team": "T017P3M8W7K",
            "name": "parensburger",
            "is_restricted": false,
            "is_ultra_restricted": false
        },
        "thread_ts": "1674694007.812359",
        "parent_user_id": "U01793PULLV"
    }
]