[
    {
        "type": "message",
        "text": "started working on script summarize the elements. So far  have it get the TSD size and the size of TIRs for each element",
        "files": [
            {
                "id": "F057PGM37TR",
                "created": 1684284184,
                "timestamp": 1684284184,
                "name": "summarize_DNA_ORF.pl",
                "title": "summarize_DNA_ORF.pl",
                "mimetype": "text\/plain",
                "filetype": "perl",
                "pretty_type": "Perl",
                "user": "U01793PULLV",
                "user_team": "T017P3M8W7K",
                "editable": true,
                "size": 3167,
                "mode": "snippet",
                "is_external": false,
                "external_type": "",
                "is_public": true,
                "public_url_shared": false,
                "display_as_bot": false,
                "username": "",
                "url_private": "https:\/\/files.slack.com\/files-pri\/T017P3M8W7K-F057PGM37TR\/summarize_dna_orf.pl?t=xoxe-1261123302257-6395895314663-6407612319125-137f2171a6b5696e8e285d5b7bbfa693",
                "url_private_download": "https:\/\/files.slack.com\/files-pri\/T017P3M8W7K-F057PGM37TR\/download\/summarize_dna_orf.pl?t=xoxe-1261123302257-6395895314663-6407612319125-137f2171a6b5696e8e285d5b7bbfa693",
                "permalink": "https:\/\/arensburgerla-9bj1862.slack.com\/files\/U01793PULLV\/F057PGM37TR\/summarize_dna_orf.pl",
                "permalink_public": "https:\/\/slack-files.com\/T017P3M8W7K-F057PGM37TR-8c4bef9980",
                "edit_link": "https:\/\/arensburgerla-9bj1862.slack.com\/files\/U01793PULLV\/F057PGM37TR\/summarize_dna_orf.pl\/edit",
                "is_starred": false,
                "has_rich_preview": false,
                "file_access": "visible"
            }
        ],
        "upload": false,
        "user": "U01793PULLV",
        "display_as_bot": false,
        "ts": "1684284186.571059",
        "blocks": [
            {
                "type": "rich_text",
                "block_id": "4FFmz",
                "elements": [
                    {
                        "type": "rich_text_section",
                        "elements": [
                            {
                                "type": "text",
                                "text": "started working on script summarize the elements. So far  have it get the TSD size and the size of TIRs for each element"
                            }
                        ]
                    }
                ]
            }
        ],
        "client_msg_id": "05572901-ba60-4c98-90aa-0cd0dbfc594b"
    }
]