[
    {
        "type": "message",
        "text": "working on script below to cluster elements that share a lot of the same elements",
        "files": [
            {
                "id": "F04TPP9SL95",
                "created": 1678900668,
                "timestamp": 1678900668,
                "name": "process_folders-cluster.pl",
                "title": "process_folders-cluster.pl",
                "mimetype": "text\/plain",
                "filetype": "perl",
                "pretty_type": "Perl",
                "user": "U01793PULLV",
                "user_team": "T017P3M8W7K",
                "editable": true,
                "size": 2225,
                "mode": "snippet",
                "is_external": false,
                "external_type": "",
                "is_public": true,
                "public_url_shared": false,
                "display_as_bot": false,
                "username": "",
                "url_private": "https:\/\/files.slack.com\/files-pri\/T017P3M8W7K-F04TPP9SL95\/process_folders-cluster.pl?t=xoxe-1261123302257-6395895314663-6407612319125-137f2171a6b5696e8e285d5b7bbfa693",
                "url_private_download": "https:\/\/files.slack.com\/files-pri\/T017P3M8W7K-F04TPP9SL95\/download\/process_folders-cluster.pl?t=xoxe-1261123302257-6395895314663-6407612319125-137f2171a6b5696e8e285d5b7bbfa693",
                "permalink": "https:\/\/arensburgerla-9bj1862.slack.com\/files\/U01793PULLV\/F04TPP9SL95\/process_folders-cluster.pl",
                "permalink_public": "https:\/\/slack-files.com\/T017P3M8W7K-F04TPP9SL95-676bf1507d",
                "edit_link": "https:\/\/arensburgerla-9bj1862.slack.com\/files\/U01793PULLV\/F04TPP9SL95\/process_folders-cluster.pl\/edit",
                "is_starred": false,
                "has_rich_preview": false,
                "file_access": "visible"
            }
        ],
        "upload": false,
        "user": "U01793PULLV",
        "display_as_bot": false,
        "ts": "1678900671.154989",
        "blocks": [
            {
                "type": "rich_text",
                "block_id": "i7\/",
                "elements": [
                    {
                        "type": "rich_text_section",
                        "elements": [
                            {
                                "type": "text",
                                "text": "working on script below to cluster elements that share a lot of the same elements"
                            }
                        ]
                    }
                ]
            }
        ],
        "client_msg_id": "bfba9b08-d5c3-4ed2-b846-7f2e8f04b2c7"
    },
    {
        "client_msg_id": "6e0bc787-13d0-48f5-b079-526865bdb157",
        "type": "message",
        "text": "Rethinking the consensus script above. Turns out that many elements are shared, just not the exact same 2000 bp up and downstream. Thinking that I need to first run a script to isolate just the Review2 sequences first.",
        "user": "U01793PULLV",
        "ts": "1678924784.218439",
        "blocks": [
            {
                "type": "rich_text",
                "block_id": "zcB++",
                "elements": [
                    {
                        "type": "rich_text_section",
                        "elements": [
                            {
                                "type": "text",
                                "text": "Rethinking the consensus script above. Turns out that many elements are shared, just not the exact same 2000 bp up and downstream. Thinking that I need to first run a script to isolate just the Review2 sequences first."
                            }
                        ]
                    }
                ]
            }
        ],
        "team": "T017P3M8W7K",
        "user_team": "T017P3M8W7K",
        "source_team": "T017P3M8W7K",
        "user_profile": {
            "avatar_hash": "743a9fc0b5f6",
            "image_72": "https:\/\/avatars.slack-edge.com\/2022-06-30\/3731255580839_743a9fc0b5f63f195af3_72.jpg",
            "first_name": "parensburger",
            "real_name": "parensburger",
            "display_name": "Peter",
            "team": "T017P3M8W7K",
            "name": "parensburger",
            "is_restricted": false,
            "is_ultra_restricted": false
        }
    }
]