[
    {
        "client_msg_id": "44431627-8e77-48dc-9046-a7ef8ae7654b",
        "type": "message",
        "text": "Running the Review3 script on proteins, see how I can make it work in practice\n```peter@falstaff:~\/Desktop\/TE_disovery_Ptep3\/protein$ ls ~\/db\/protein_TEs\/ &gt; temp.txt```",
        "user": "U01793PULLV",
        "ts": "1690224358.410569",
        "blocks": [
            {
                "type": "rich_text",
                "block_id": "TSz",
                "elements": [
                    {
                        "type": "rich_text_section",
                        "elements": [
                            {
                                "type": "text",
                                "text": "Running the Review3 script on proteins, see how I can make it work in practice\n"
                            }
                        ]
                    },
                    {
                        "type": "rich_text_preformatted",
                        "elements": [
                            {
                                "type": "text",
                                "text": "peter@falstaff:~\/Desktop\/TE_disovery_Ptep3\/protein$ ls ~\/db\/protein_TEs\/ > temp.txt"
                            }
                        ],
                        "border": 0
                    }
                ]
            }
        ],
        "team": "T017P3M8W7K",
        "user_team": "T017P3M8W7K",
        "source_team": "T017P3M8W7K",
        "user_profile": {
            "avatar_hash": "743a9fc0b5f6",
            "image_72": "https:\/\/avatars.slack-edge.com\/2022-06-30\/3731255580839_743a9fc0b5f63f195af3_72.jpg",
            "first_name": "parensburger",
            "real_name": "parensburger",
            "display_name": "Peter",
            "team": "T017P3M8W7K",
            "name": "parensburger",
            "is_restricted": false,
            "is_ultra_restricted": false
        }
    },
    {
        "client_msg_id": "822d3a0d-18d8-4d33-9122-09a7a5bce702",
        "type": "message",
        "text": "```peter@falstaff:~\/Desktop\/TE_disovery_Ptep3\/protein$ perl ..\/scripts\/Review3_summary_of_information.pl -t temp.txt -p orf052223.txt -a orf052223.txt.tsv -g GCF_000365465.3_Ptep_3.0_genomic.gff```",
        "user": "U01793PULLV",
        "ts": "1690228535.889809",
        "blocks": [
            {
                "type": "rich_text",
                "block_id": "\/upu3",
                "elements": [
                    {
                        "type": "rich_text_preformatted",
                        "elements": [
                            {
                                "type": "text",
                                "text": "peter@falstaff:~\/Desktop\/TE_disovery_Ptep3\/protein$ perl ..\/scripts\/Review3_summary_of_information.pl -t temp.txt -p orf052223.txt -a orf052223.txt.tsv -g GCF_000365465.3_Ptep_3.0_genomic.gff"
                            }
                        ],
                        "border": 0
                    }
                ]
            }
        ],
        "team": "T017P3M8W7K",
        "user_team": "T017P3M8W7K",
        "source_team": "T017P3M8W7K",
        "user_profile": {
            "avatar_hash": "743a9fc0b5f6",
            "image_72": "https:\/\/avatars.slack-edge.com\/2022-06-30\/3731255580839_743a9fc0b5f63f195af3_72.jpg",
            "first_name": "parensburger",
            "real_name": "parensburger",
            "display_name": "Peter",
            "team": "T017P3M8W7K",
            "name": "parensburger",
            "is_restricted": false,
            "is_ultra_restricted": false
        }
    },
    {
        "client_msg_id": "d3e257ca-48e2-497b-a54c-131135d6ecb8",
        "type": "message",
        "text": "there seems to be an issue with merged10\n```Illegal division by zero at \/home\/peter\/utilities\/PARutils.pm line 126.```",
        "user": "U01793PULLV",
        "ts": "1690228760.963379",
        "blocks": [
            {
                "type": "rich_text",
                "block_id": "gXG",
                "elements": [
                    {
                        "type": "rich_text_section",
                        "elements": [
                            {
                                "type": "text",
                                "text": "there seems to be an issue with merged10\n"
                            }
                        ]
                    },
                    {
                        "type": "rich_text_preformatted",
                        "elements": [
                            {
                                "type": "text",
                                "text": "Illegal division by zero at \/home\/peter\/utilities\/PARutils.pm line 126."
                            }
                        ],
                        "border": 0
                    }
                ]
            }
        ],
        "team": "T017P3M8W7K",
        "user_team": "T017P3M8W7K",
        "source_team": "T017P3M8W7K",
        "user_profile": {
            "avatar_hash": "743a9fc0b5f6",
            "image_72": "https:\/\/avatars.slack-edge.com\/2022-06-30\/3731255580839_743a9fc0b5f63f195af3_72.jpg",
            "first_name": "parensburger",
            "real_name": "parensburger",
            "display_name": "Peter",
            "team": "T017P3M8W7K",
            "name": "parensburger",
            "is_restricted": false,
            "is_ultra_restricted": false
        }
    }
]