[
    {
        "client_msg_id": "7832ff6b-5f88-43d1-8318-c876eed32bed",
        "type": "message",
        "text": "Elements that have 5% or more similarity should be merged. Concatenate all the .fa files for manual review of merging.",
        "user": "U01793PULLV",
        "ts": "1681057373.636249",
        "blocks": [
            {
                "type": "rich_text",
                "block_id": "IE=\/",
                "elements": [
                    {
                        "type": "rich_text_section",
                        "elements": [
                            {
                                "type": "text",
                                "text": "Elements that have 5% or more similarity should be merged. Concatenate all the .fa files for manual review of merging."
                            }
                        ]
                    }
                ]
            }
        ],
        "team": "T017P3M8W7K",
        "user_team": "T017P3M8W7K",
        "source_team": "T017P3M8W7K",
        "user_profile": {
            "avatar_hash": "743a9fc0b5f6",
            "image_72": "https:\/\/avatars.slack-edge.com\/2022-06-30\/3731255580839_743a9fc0b5f63f195af3_72.jpg",
            "first_name": "parensburger",
            "real_name": "parensburger",
            "display_name": "Peter",
            "team": "T017P3M8W7K",
            "name": "parensburger",
            "is_restricted": false,
            "is_ultra_restricted": false
        }
    }
]