[
    {
        "client_msg_id": "d17b8b06-f5b2-4646-9e8e-aee0cd11aa4c",
        "type": "message",
        "text": "```peter@Carmen:~\/Desktop\/TE_discovery_Ptep3\/protein$ scp peter@faust:\/home\/peter\/Ptep3_TE_protein\/edgetest-failed.xls .\nedgetest-failed.xls                           100% 5235   380.6KB\/s   00:00    \npeter@Carmen:~\/Desktop\/TE_discovery_Ptep3\/protein$ scp peter@faust:\/home\/peter\/Ptep3_TE_protein\/protein_s2.xls .\nprotein_s2.xls    ```\nalso downloaded the ~\/db\/protein_TEs",
        "user": "U01793PULLV",
        "ts": "1677121442.293019",
        "blocks": [
            {
                "type": "rich_text",
                "block_id": "1I8",
                "elements": [
                    {
                        "type": "rich_text_preformatted",
                        "elements": [
                            {
                                "type": "text",
                                "text": "peter@Carmen:~\/Desktop\/TE_discovery_Ptep3\/protein$ scp peter@faust:\/home\/peter\/Ptep3_TE_protein\/edgetest-failed.xls .\nedgetest-failed.xls                           100% 5235   380.6KB\/s   00:00    \npeter@Carmen:~\/Desktop\/TE_discovery_Ptep3\/protein$ scp peter@faust:\/home\/peter\/Ptep3_TE_protein\/protein_s2.xls .\nprotein_s2.xls    "
                            }
                        ],
                        "border": 0
                    },
                    {
                        "type": "rich_text_section",
                        "elements": [
                            {
                                "type": "text",
                                "text": "also downloaded the ~\/db\/protein_TEs"
                            }
                        ]
                    }
                ]
            }
        ],
        "team": "T017P3M8W7K",
        "user_team": "T017P3M8W7K",
        "source_team": "T017P3M8W7K",
        "user_profile": {
            "avatar_hash": "743a9fc0b5f6",
            "image_72": "https:\/\/avatars.slack-edge.com\/2022-06-30\/3731255580839_743a9fc0b5f63f195af3_72.jpg",
            "first_name": "parensburger",
            "real_name": "parensburger",
            "display_name": "Peter",
            "team": "T017P3M8W7K",
            "name": "parensburger",
            "is_restricted": false,
            "is_ultra_restricted": false
        }
    }
]