[
    {
        "client_msg_id": "24760635-8782-44d1-8ca1-fff1863b4d24",
        "type": "message",
        "text": "working on the summary script above. Now using the emboss \"palindrome\" program to evaluate TIRs",
        "user": "U01793PULLV",
        "ts": "1686009356.500039",
        "blocks": [
            {
                "type": "rich_text",
                "block_id": "vcnvP",
                "elements": [
                    {
                        "type": "rich_text_section",
                        "elements": [
                            {
                                "type": "text",
                                "text": "working on the summary script above. Now using the emboss \"palindrome\" program to evaluate TIRs"
                            }
                        ]
                    }
                ]
            }
        ],
        "team": "T017P3M8W7K",
        "user_team": "T017P3M8W7K",
        "source_team": "T017P3M8W7K",
        "user_profile": {
            "avatar_hash": "743a9fc0b5f6",
            "image_72": "https:\/\/avatars.slack-edge.com\/2022-06-30\/3731255580839_743a9fc0b5f63f195af3_72.jpg",
            "first_name": "parensburger",
            "real_name": "parensburger",
            "display_name": "Peter",
            "team": "T017P3M8W7K",
            "name": "parensburger",
            "is_restricted": false,
            "is_ultra_restricted": false
        }
    }
]