[
    {
        "client_msg_id": "17becbb9-d0ba-4b4e-af6d-0f3ea1247367",
        "type": "message",
        "text": "Found that there was a problem with how merged vs non-merged elements were processed, redoing the ORF discovery and annotation\n```peter@carmen:~\/Insync\/arensburger@gmail.com\/Google Drive\/Work\/Research Analysis\/TE_discovery_Ptep3\/protein$ ls ~\/db\/protein_TEs\/ &gt; temp.txt\npeter@carmen:~\/Insync\/arensburger@gmail.com\/Google Drive\/Work\/Research Analysis\/TE_discovery_Ptep3\/protein$ perl ..\/scripts\/process_folders-display_orfs4.pl -t temp.txt &gt; orf051823.txt\npeter@faust:~\/Desktop$ nohup interproscan.sh -t p -i orf051823.txt -appl Pfam,CDD,PANTHER -f tsv &amp;```",
        "user": "U01793PULLV",
        "ts": "1684450130.048059",
        "blocks": [
            {
                "type": "rich_text",
                "block_id": "QJq",
                "elements": [
                    {
                        "type": "rich_text_section",
                        "elements": [
                            {
                                "type": "text",
                                "text": "Found that there was a problem with how merged vs non-merged elements were processed, redoing the ORF discovery and annotation\n"
                            }
                        ]
                    },
                    {
                        "type": "rich_text_preformatted",
                        "elements": [
                            {
                                "type": "text",
                                "text": "peter@carmen:~\/Insync\/arensburger@gmail.com\/Google Drive\/Work\/Research Analysis\/TE_discovery_Ptep3\/protein$ ls ~\/db\/protein_TEs\/ > temp.txt\npeter@carmen:~\/Insync\/arensburger@gmail.com\/Google Drive\/Work\/Research Analysis\/TE_discovery_Ptep3\/protein$ perl ..\/scripts\/process_folders-display_orfs4.pl -t temp.txt > orf051823.txt\npeter@faust:~\/Desktop$ nohup interproscan.sh -t p -i orf051823.txt -appl Pfam,CDD,PANTHER -f tsv &"
                            }
                        ],
                        "border": 0
                    }
                ]
            }
        ],
        "team": "T017P3M8W7K",
        "user_team": "T017P3M8W7K",
        "source_team": "T017P3M8W7K",
        "user_profile": {
            "avatar_hash": "743a9fc0b5f6",
            "image_72": "https:\/\/avatars.slack-edge.com\/2022-06-30\/3731255580839_743a9fc0b5f63f195af3_72.jpg",
            "first_name": "parensburger",
            "real_name": "parensburger",
            "display_name": "Peter",
            "team": "T017P3M8W7K",
            "name": "parensburger",
            "is_restricted": false,
            "is_ultra_restricted": false
        }
    }
]