[
    {
        "client_msg_id": "0daf520a-9492-46fb-960b-b7ebd0b628dd",
        "type": "message",
        "text": "I'm going to incorporate the \"make_consensus.pl\" script into \"process_folders-get_real_sequences3.pl\" and treat the two consensus sequences (50% an 80%) as another sequence, highlight it in the \"summarize_elements3.pl\" script",
        "user": "U01793PULLV",
        "ts": "1674003385.510329",
        "blocks": [
            {
                "type": "rich_text",
                "block_id": "cHkW",
                "elements": [
                    {
                        "type": "rich_text_section",
                        "elements": [
                            {
                                "type": "text",
                                "text": "I'm going to incorporate the \"make_consensus.pl\" script into \"process_folders-get_real_sequences3.pl\" and treat the two consensus sequences (50% an 80%) as another sequence, highlight it in the \"summarize_elements3.pl\" script"
                            }
                        ]
                    }
                ]
            }
        ],
        "team": "T017P3M8W7K",
        "user_team": "T017P3M8W7K",
        "source_team": "T017P3M8W7K",
        "user_profile": {
            "avatar_hash": "743a9fc0b5f6",
            "image_72": "https:\/\/avatars.slack-edge.com\/2022-06-30\/3731255580839_743a9fc0b5f63f195af3_72.jpg",
            "first_name": "parensburger",
            "real_name": "parensburger",
            "display_name": "Peter",
            "team": "T017P3M8W7K",
            "name": "parensburger",
            "is_restricted": false,
            "is_ultra_restricted": false
        }
    },
    {
        "client_msg_id": "4e44b0d9-ad3e-445e-9d13-a12b50f79834",
        "type": "message",
        "text": "The files that end in .tco4 have consensus sequence in them, but it won't be necessary anymore. Eventually should eliminate that part.",
        "user": "U01793PULLV",
        "ts": "1674005763.097269",
        "blocks": [
            {
                "type": "rich_text",
                "block_id": "oP5",
                "elements": [
                    {
                        "type": "rich_text_section",
                        "elements": [
                            {
                                "type": "text",
                                "text": "The files that end in .tco4 have consensus sequence in them, but it won't be necessary anymore. Eventually should eliminate that part."
                            }
                        ]
                    }
                ]
            }
        ],
        "team": "T017P3M8W7K",
        "user_team": "T017P3M8W7K",
        "source_team": "T017P3M8W7K",
        "user_profile": {
            "avatar_hash": "743a9fc0b5f6",
            "image_72": "https:\/\/avatars.slack-edge.com\/2022-06-30\/3731255580839_743a9fc0b5f63f195af3_72.jpg",
            "first_name": "parensburger",
            "real_name": "parensburger",
            "display_name": "Peter",
            "team": "T017P3M8W7K",
            "name": "parensburger",
            "is_restricted": false,
            "is_ultra_restricted": false
        }
    }
]