[
    {
        "client_msg_id": "26d81861-8fd5-43ce-acae-e89406421508",
        "type": "message",
        "text": "Working on making the consensus sequence. The issue at the moment is to exclude overlapping sequences so I don't bias the final alignment.",
        "user": "U01793PULLV",
        "ts": "1689812153.122429",
        "blocks": [
            {
                "type": "rich_text",
                "block_id": "MU7ux",
                "elements": [
                    {
                        "type": "rich_text_section",
                        "elements": [
                            {
                                "type": "text",
                                "text": "Working on making the consensus sequence. The issue at the moment is to exclude overlapping sequences so I don't bias the final alignment."
                            }
                        ]
                    }
                ]
            }
        ],
        "team": "T017P3M8W7K",
        "user_team": "T017P3M8W7K",
        "source_team": "T017P3M8W7K",
        "user_profile": {
            "avatar_hash": "743a9fc0b5f6",
            "image_72": "https:\/\/avatars.slack-edge.com\/2022-06-30\/3731255580839_743a9fc0b5f63f195af3_72.jpg",
            "first_name": "parensburger",
            "real_name": "parensburger",
            "display_name": "Peter",
            "team": "T017P3M8W7K",
            "name": "parensburger",
            "is_restricted": false,
            "is_ultra_restricted": false
        }
    }
]