[
    {
        "client_msg_id": "6e0f45f6-4124-4ce7-a024-0629bd0bdb69",
        "type": "message",
        "text": "My thoughts now are that the way I've been searching for TE elements is appropriate for dead elements but not for active ones. I could try to use the location of all the annotated exons as a starting point and search for TE ends around them, rather than using the output of RM and REPET. I'll try it first with just the element above and see if it works.",
        "user": "U01793PULLV",
        "ts": "1675525168.847779",
        "blocks": [
            {
                "type": "rich_text",
                "block_id": "w2V",
                "elements": [
                    {
                        "type": "rich_text_section",
                        "elements": [
                            {
                                "type": "text",
                                "text": "My thoughts now are that the way I've been searching for TE elements is appropriate for dead elements but not for active ones. I could try to use the location of all the annotated exons as a starting point and search for TE ends around them, rather than using the output of RM and REPET. I'll try it first with just the element above and see if it works."
                            }
                        ]
                    }
                ]
            }
        ],
        "team": "T017P3M8W7K",
        "user_team": "T017P3M8W7K",
        "source_team": "T017P3M8W7K",
        "user_profile": {
            "avatar_hash": "743a9fc0b5f6",
            "image_72": "https:\/\/avatars.slack-edge.com\/2022-06-30\/3731255580839_743a9fc0b5f63f195af3_72.jpg",
            "first_name": "parensburger",
            "real_name": "parensburger",
            "display_name": "Peter",
            "team": "T017P3M8W7K",
            "name": "parensburger",
            "is_restricted": false,
            "is_ultra_restricted": false
        }
    },
    {
        "client_msg_id": "6e200d63-4c2c-496d-91e6-1485bf5a4b38",
        "type": "message",
        "text": "I'm going to call the element Ele_XP_042907796 for the protein that made me find it. This protein is not part of the genome annotation of the genome. Suggesting that I'll have search outside of the standard annotations for such elements.",
        "user": "U01793PULLV",
        "ts": "1675527275.851109",
        "blocks": [
            {
                "type": "rich_text",
                "block_id": "nWhH",
                "elements": [
                    {
                        "type": "rich_text_section",
                        "elements": [
                            {
                                "type": "text",
                                "text": "I'm going to call the element Ele_XP_042907796 for the protein that made me find it. This protein is not part of the genome annotation of the genome. Suggesting that I'll have search outside of the standard annotations for such elements."
                            }
                        ]
                    }
                ]
            }
        ],
        "team": "T017P3M8W7K",
        "user_team": "T017P3M8W7K",
        "source_team": "T017P3M8W7K",
        "user_profile": {
            "avatar_hash": "743a9fc0b5f6",
            "image_72": "https:\/\/avatars.slack-edge.com\/2022-06-30\/3731255580839_743a9fc0b5f63f195af3_72.jpg",
            "first_name": "parensburger",
            "real_name": "parensburger",
            "display_name": "Peter",
            "team": "T017P3M8W7K",
            "name": "parensburger",
            "is_restricted": false,
            "is_ultra_restricted": false
        }
    },
    {
        "client_msg_id": "f483acfe-e3da-4893-8ca9-e76aeae01297",
        "type": "message",
        "text": "Searching the annotation file GCF_000365465.3_Ptep_3.0_translated_cds.faa I did find the transposase sequence, but it's mapped to gene LOC122271248 on scaffold NW_024970667 (not  NW_024969635 as the original above). The gene (LOC122271248) includes the 5' but not the 3' end of the gene. This copy of the element had nearly perfect TSDs, just 1 bp off.  This is the location of the protein XP_042907796. But this not where I originally found this, blasting the protein sequence to NW_024969635 I find a perfect match using BLASTX. This might suggest a way to find these elements, proteins that have at least two locations in the genome, wether those are annotated or not.",
        "user": "U01793PULLV",
        "ts": "1675530462.021829",
        "blocks": [
            {
                "type": "rich_text",
                "block_id": "YqR",
                "elements": [
                    {
                        "type": "rich_text_section",
                        "elements": [
                            {
                                "type": "text",
                                "text": "Searching the annotation file GCF_000365465.3_Ptep_3.0_translated_cds.faa I did find the transposase sequence, but it's mapped to gene LOC122271248 on scaffold NW_024970667 (not  NW_024969635 as the original above). The gene (LOC122271248) includes the 5' but not the 3' end of the gene. This copy of the element had nearly perfect TSDs, just 1 bp off.  This is the location of the protein XP_042907796. But this not where I originally found this, blasting the protein sequence to NW_024969635 I find a perfect match using BLASTX. This might suggest a way to find these elements, proteins that have at least two locations in the genome, wether those are annotated or not."
                            }
                        ]
                    }
                ]
            }
        ],
        "team": "T017P3M8W7K",
        "user_team": "T017P3M8W7K",
        "source_team": "T017P3M8W7K",
        "user_profile": {
            "avatar_hash": "743a9fc0b5f6",
            "image_72": "https:\/\/avatars.slack-edge.com\/2022-06-30\/3731255580839_743a9fc0b5f63f195af3_72.jpg",
            "first_name": "parensburger",
            "real_name": "parensburger",
            "display_name": "Peter",
            "team": "T017P3M8W7K",
            "name": "parensburger",
            "is_restricted": false,
            "is_ultra_restricted": false
        }
    },
    {
        "client_msg_id": "579285ff-c0b8-4ff4-ba1e-c679d78e6697",
        "type": "message",
        "text": "On second thought maybe the duplication strategy is not the best, as I'll miss elements that only have one viable copy. I'll try with the original plan to use the same strategy as with the non-mobile element but using protein locations.",
        "user": "U01793PULLV",
        "ts": "1675530899.220709",
        "blocks": [
            {
                "type": "rich_text",
                "block_id": "ZaPYd",
                "elements": [
                    {
                        "type": "rich_text_section",
                        "elements": [
                            {
                                "type": "text",
                                "text": "On second thought maybe the duplication strategy is not the best, as I'll miss elements that only have one viable copy. I'll try with the original plan to use the same strategy as with the non-mobile element but using protein locations."
                            }
                        ]
                    }
                ]
            }
        ],
        "team": "T017P3M8W7K",
        "user_team": "T017P3M8W7K",
        "source_team": "T017P3M8W7K",
        "user_profile": {
            "avatar_hash": "743a9fc0b5f6",
            "image_72": "https:\/\/avatars.slack-edge.com\/2022-06-30\/3731255580839_743a9fc0b5f63f195af3_72.jpg",
            "first_name": "parensburger",
            "real_name": "parensburger",
            "display_name": "Peter",
            "team": "T017P3M8W7K",
            "name": "parensburger",
            "is_restricted": false,
            "is_ultra_restricted": false
        }
    },
    {
        "client_msg_id": "8885af4a-8dea-4fbe-9d27-4c7917d0d013",
        "type": "message",
        "text": "```Trying out finding the element using the protein sequences as seed\narensburger@pq:~\/Ptep3_TEs\/protein_blast$ tblastn -query XP_042907796.fa -db ..\/blast\/Ptep3-reduced.fa -outfmt \"6 qseqid sseqid pident length mismatch gapopen qstart qend sstart send evalue bitscore qlen\" -out blast.o\narensburger@pq:~\/Ptep3_TEs\/protein_blast$ awk '{OFS=\"\\t\"; if ($3 &gt;= 80 &amp;&amp; (($4\/$13) &gt; 0.5 )) {print $0,$4\/$13}}' blast.o &gt; good_blast.o\narensburger@pq:~\/Ptep3_TEs\/protein_blast$ sed 's\/\\#\/ \/g' XP_042907796.fa | awk -v OFS='\\t' '{print $1}' &gt; TE2_short_header.fa\narensburger@pq:~\/Ptep3_TEs\/protein_blast$ perl ~\/utilities\/old\/cleanfile.pl -in TE2_short_header.fa -t fasta -o TE2_cleaned.fa\narensburger@pq:~\/Ptep3_TEs\/protein_blast$ ..\/blast\/get_fasta_length.sh TE2_cleaned.fa \narensburger@pq:~\/Ptep3_TEs\/protein_blast$ cat TE2_cleaned.fa.len good_blast.o | sed 's\/\\#\/ \/g' | awk '{print $1}' | sort | uniq -c | awk '{print $2,$1-1}' | sort &gt; good_blast.count```\nUp to this point all I've done is to identify proteins that have more than one copy in the genome. I should create individual directories at this point for each protein that has at least two copies in the genome\n\nNext I modified the Goubert program make_fasta_from_blast_PARmod.sh to accommodate having a protein sequence as input (perhaps increase to 2000 from 1500?)\n```arensburger@pq:~\/Ptep3_TEs\/protein_blast$ bash .\/make_fasta_from_blast_PARmod.sh ~\/db\/Ptep3\/Ptep3m.fa XP_042907796.fa 0 1500```\nModified program process_folders-merge_overlaps.pl to work with files before the maff alignment (will also need to automate all this)\n```peter@Carmen:~\/Desktop$ perl process_folders-merge_overlaps2.pl -t temp.txt\npeter@Carmen:~\/Desktop$ mafft --thread 4 XP_042907796\/XP_042907796.blast2.fa &gt; XP_042907796\/XP_042907796.maf```\nThe next step is to build that consensus, but I'm not sure it's relevant here\n```peter@Carmen:~\/Desktop\/XP_042907796$ perl process_folders-blast-and-cons2.pl -t temp.txt```\nLooking at the results, I think the mistake is the second blast, just need to extend the results of the first blast and then manually examine the results.",
        "user": "U01793PULLV",
        "ts": "1675544580.921379",
        "blocks": [
            {
                "type": "rich_text",
                "block_id": "rraT2",
                "elements": [
                    {
                        "type": "rich_text_preformatted",
                        "elements": [
                            {
                                "type": "text",
                                "text": "Trying out finding the element using the protein sequences as seed\narensburger@pq:~\/Ptep3_TEs\/protein_blast$ tblastn -query XP_042907796.fa -db ..\/blast\/Ptep3-reduced.fa -outfmt \"6 qseqid sseqid pident length mismatch gapopen qstart qend sstart send evalue bitscore qlen\" -out blast.o\narensburger@pq:~\/Ptep3_TEs\/protein_blast$ awk '{OFS=\"\\t\"; if ($3 >= 80 && (($4\/$13) > 0.5 )) {print $0,$4\/$13}}' blast.o > good_blast.o\narensburger@pq:~\/Ptep3_TEs\/protein_blast$ sed 's\/\\#\/ \/g' XP_042907796.fa | awk -v OFS='\\t' '{print $1}' > TE2_short_header.fa\narensburger@pq:~\/Ptep3_TEs\/protein_blast$ perl ~\/utilities\/old\/cleanfile.pl -in TE2_short_header.fa -t fasta -o TE2_cleaned.fa\narensburger@pq:~\/Ptep3_TEs\/protein_blast$ ..\/blast\/get_fasta_length.sh TE2_cleaned.fa \narensburger@pq:~\/Ptep3_TEs\/protein_blast$ cat TE2_cleaned.fa.len good_blast.o | sed 's\/\\#\/ \/g' | awk '{print $1}' | sort | uniq -c | awk '{print $2,$1-1}' | sort > good_blast.count"
                            }
                        ],
                        "border": 0
                    },
                    {
                        "type": "rich_text_section",
                        "elements": [
                            {
                                "type": "text",
                                "text": "Up to this point all I've done is to identify proteins that have more than one copy in the genome. I should create individual directories at this point for each protein that has at least two copies in the genome\n\nNext I modified the Goubert program make_fasta_from_blast_PARmod.sh to accommodate having a protein sequence as input (perhaps increase to 2000 from 1500?)\n"
                            }
                        ]
                    },
                    {
                        "type": "rich_text_preformatted",
                        "elements": [
                            {
                                "type": "text",
                                "text": "arensburger@pq:~\/Ptep3_TEs\/protein_blast$ bash .\/make_fasta_from_blast_PARmod.sh ~\/db\/Ptep3\/Ptep3m.fa XP_042907796.fa 0 1500"
                            }
                        ],
                        "border": 0
                    },
                    {
                        "type": "rich_text_section",
                        "elements": [
                            {
                                "type": "text",
                                "text": "Modified program process_folders-merge_overlaps.pl to work with files before the maff alignment (will also need to automate all this)\n"
                            }
                        ]
                    },
                    {
                        "type": "rich_text_preformatted",
                        "elements": [
                            {
                                "type": "text",
                                "text": "peter@Carmen:~\/Desktop$ perl process_folders-merge_overlaps2.pl -t temp.txt\npeter@Carmen:~\/Desktop$ mafft --thread 4 XP_042907796\/XP_042907796.blast2.fa > XP_042907796\/XP_042907796.maf"
                            }
                        ],
                        "border": 0
                    },
                    {
                        "type": "rich_text_section",
                        "elements": [
                            {
                                "type": "text",
                                "text": "The next step is to build that consensus, but I'm not sure it's relevant here\n"
                            }
                        ]
                    },
                    {
                        "type": "rich_text_preformatted",
                        "elements": [
                            {
                                "type": "text",
                                "text": "peter@Carmen:~\/Desktop\/XP_042907796$ perl process_folders-blast-and-cons2.pl -t temp.txt"
                            }
                        ],
                        "border": 0
                    },
                    {
                        "type": "rich_text_section",
                        "elements": [
                            {
                                "type": "text",
                                "text": "Looking at the results, I think the mistake is the second blast, just need to extend the results of the first blast and then manually examine the results."
                            }
                        ]
                    }
                ]
            }
        ],
        "team": "T017P3M8W7K",
        "user_team": "T017P3M8W7K",
        "source_team": "T017P3M8W7K",
        "user_profile": {
            "avatar_hash": "743a9fc0b5f6",
            "image_72": "https:\/\/avatars.slack-edge.com\/2022-06-30\/3731255580839_743a9fc0b5f63f195af3_72.jpg",
            "first_name": "parensburger",
            "real_name": "parensburger",
            "display_name": "Peter",
            "team": "T017P3M8W7K",
            "name": "parensburger",
            "is_restricted": false,
            "is_ultra_restricted": false
        }
    },
    {
        "type": "message",
        "text": "I've written a script to extend the blasts. At this point the procedure from scratch is:\n1. run the Goubert protocol up to getting the files good_blast.o and good_blast.count\n2. based on good.blast.count identify elements that have at least two hits in the genome, put those names into a file like temp.txt\n3. using good.blast.o and temp.txt as input, extract and extend the blast hits using the extend_blast.pl script as in\n```peter@Carmen:~\/Desktop$ perl extend_blast.pl -t temp.txt```\nI should try running this on all the elements to see if I have so many I need to automate the discovery of boundaries or not after this.",
        "files": [
            {
                "id": "F04N3KAFNR1",
                "created": 1675569337,
                "timestamp": 1675569337,
                "name": "extend_blast.pl",
                "title": "extend_blast.pl",
                "mimetype": "text\/plain",
                "filetype": "perl",
                "pretty_type": "Perl",
                "user": "U01793PULLV",
                "user_team": "T017P3M8W7K",
                "editable": true,
                "size": 2673,
                "mode": "snippet",
                "is_external": false,
                "external_type": "",
                "is_public": true,
                "public_url_shared": false,
                "display_as_bot": false,
                "username": "",
                "url_private": "https:\/\/files.slack.com\/files-pri\/T017P3M8W7K-F04N3KAFNR1\/extend_blast.pl?t=xoxe-1261123302257-6395895314663-6407612319125-137f2171a6b5696e8e285d5b7bbfa693",
                "url_private_download": "https:\/\/files.slack.com\/files-pri\/T017P3M8W7K-F04N3KAFNR1\/download\/extend_blast.pl?t=xoxe-1261123302257-6395895314663-6407612319125-137f2171a6b5696e8e285d5b7bbfa693",
                "permalink": "https:\/\/arensburgerla-9bj1862.slack.com\/files\/U01793PULLV\/F04N3KAFNR1\/extend_blast.pl",
                "permalink_public": "https:\/\/slack-files.com\/T017P3M8W7K-F04N3KAFNR1-dfb135010c",
                "edit_link": "https:\/\/arensburgerla-9bj1862.slack.com\/files\/U01793PULLV\/F04N3KAFNR1\/extend_blast.pl\/edit",
                "is_starred": false,
                "has_rich_preview": false,
                "file_access": "visible"
            }
        ],
        "upload": false,
        "user": "U01793PULLV",
        "display_as_bot": false,
        "ts": "1675569342.159119",
        "blocks": [
            {
                "type": "rich_text",
                "block_id": "LCNm",
                "elements": [
                    {
                        "type": "rich_text_section",
                        "elements": [
                            {
                                "type": "text",
                                "text": "I've written a script to extend the blasts. At this point the procedure from scratch is:\n"
                            }
                        ]
                    },
                    {
                        "type": "rich_text_list",
                        "elements": [
                            {
                                "type": "rich_text_section",
                                "elements": [
                                    {
                                        "type": "text",
                                        "text": "run the Goubert protocol up to getting the files good_blast.o and good_blast.count"
                                    }
                                ]
                            },
                            {
                                "type": "rich_text_section",
                                "elements": [
                                    {
                                        "type": "text",
                                        "text": "based on good.blast.count identify elements that have at least two hits in the genome, put those names into a file like temp.txt"
                                    }
                                ]
                            },
                            {
                                "type": "rich_text_section",
                                "elements": [
                                    {
                                        "type": "text",
                                        "text": "using good.blast.o and temp.txt as input, extract and extend the blast hits using the extend_blast.pl script as in"
                                    }
                                ]
                            }
                        ],
                        "style": "ordered",
                        "indent": 0,
                        "border": 0
                    },
                    {
                        "type": "rich_text_preformatted",
                        "elements": [
                            {
                                "type": "text",
                                "text": "peter@Carmen:~\/Desktop$ perl extend_blast.pl -t temp.txt"
                            }
                        ],
                        "border": 0
                    },
                    {
                        "type": "rich_text_section",
                        "elements": [
                            {
                                "type": "text",
                                "text": "I should try running this on all the elements to see if I have so many I need to automate the discovery of boundaries or not after this."
                            }
                        ]
                    }
                ]
            }
        ],
        "client_msg_id": "211066c0-8ccb-44b6-84a3-21d40362634c"
    }
]