[
    {
        "type": "message",
        "text": "updated process_clipboard-detail_tirtsd2.pl to new version",
        "files": [
            {
                "id": "F04RC16V5ML",
                "created": 1677546824,
                "timestamp": 1677546824,
                "name": "process_clipboard-detail_tirtsd2.pl",
                "title": "process_clipboard-detail_tirtsd2.pl",
                "mimetype": "text\/plain",
                "filetype": "perl",
                "pretty_type": "Perl",
                "user": "U01793PULLV",
                "user_team": "T017P3M8W7K",
                "editable": true,
                "size": 21970,
                "mode": "snippet",
                "is_external": false,
                "external_type": "",
                "is_public": true,
                "public_url_shared": false,
                "display_as_bot": false,
                "username": "",
                "url_private": "https:\/\/files.slack.com\/files-pri\/T017P3M8W7K-F04RC16V5ML\/process_clipboard-detail_tirtsd2.pl?t=xoxe-1261123302257-6395895314663-6407612319125-137f2171a6b5696e8e285d5b7bbfa693",
                "url_private_download": "https:\/\/files.slack.com\/files-pri\/T017P3M8W7K-F04RC16V5ML\/download\/process_clipboard-detail_tirtsd2.pl?t=xoxe-1261123302257-6395895314663-6407612319125-137f2171a6b5696e8e285d5b7bbfa693",
                "permalink": "https:\/\/arensburgerla-9bj1862.slack.com\/files\/U01793PULLV\/F04RC16V5ML\/process_clipboard-detail_tirtsd2.pl",
                "permalink_public": "https:\/\/slack-files.com\/T017P3M8W7K-F04RC16V5ML-b0bba55d4b",
                "edit_link": "https:\/\/arensburgerla-9bj1862.slack.com\/files\/U01793PULLV\/F04RC16V5ML\/process_clipboard-detail_tirtsd2.pl\/edit",
                "is_starred": false,
                "has_rich_preview": false,
                "file_access": "visible"
            }
        ],
        "upload": false,
        "user": "U01793PULLV",
        "display_as_bot": false,
        "ts": "1677890064.426019",
        "blocks": [
            {
                "type": "rich_text",
                "block_id": "89Sq",
                "elements": [
                    {
                        "type": "rich_text_section",
                        "elements": [
                            {
                                "type": "text",
                                "text": "updated process_clipboard-detail_tirtsd2.pl to new version"
                            }
                        ]
                    }
                ]
            }
        ],
        "client_msg_id": "91477ea5-181c-4301-9a80-69d32843e7bd"
    }
]