[
    {
        "type": "message",
        "text": "still working on the summary script. At this point I've recorded the basic data, evaluated the TSDs, and TIRs. Now I need to come up with a weight function to figure out which sequence is most likely to be a full length element and display the sequences in that order",
        "files": [
            {
                "id": "F05DGCCTAQ6",
                "created": 1687402134,
                "timestamp": 1687402134,
                "name": "summarize_DNA_ORF.pl",
                "title": "summarize_DNA_ORF.pl",
                "mimetype": "text\/plain",
                "filetype": "perl",
                "pretty_type": "Perl",
                "user": "U01793PULLV",
                "user_team": "T017P3M8W7K",
                "editable": true,
                "size": 12227,
                "mode": "snippet",
                "is_external": false,
                "external_type": "",
                "is_public": true,
                "public_url_shared": false,
                "display_as_bot": false,
                "username": "",
                "url_private": "https:\/\/files.slack.com\/files-pri\/T017P3M8W7K-F05DGCCTAQ6\/summarize_dna_orf.pl?t=xoxe-1261123302257-6395895314663-6407612319125-137f2171a6b5696e8e285d5b7bbfa693",
                "url_private_download": "https:\/\/files.slack.com\/files-pri\/T017P3M8W7K-F05DGCCTAQ6\/download\/summarize_dna_orf.pl?t=xoxe-1261123302257-6395895314663-6407612319125-137f2171a6b5696e8e285d5b7bbfa693",
                "permalink": "https:\/\/arensburgerla-9bj1862.slack.com\/files\/U01793PULLV\/F05DGCCTAQ6\/summarize_dna_orf.pl",
                "permalink_public": "https:\/\/slack-files.com\/T017P3M8W7K-F05DGCCTAQ6-5ff7c11d36",
                "edit_link": "https:\/\/arensburgerla-9bj1862.slack.com\/files\/U01793PULLV\/F05DGCCTAQ6\/summarize_dna_orf.pl\/edit",
                "is_starred": false,
                "has_rich_preview": false,
                "file_access": "visible"
            }
        ],
        "upload": false,
        "user": "U01793PULLV",
        "display_as_bot": false,
        "ts": "1687402135.860119",
        "blocks": [
            {
                "type": "rich_text",
                "block_id": "C9AT",
                "elements": [
                    {
                        "type": "rich_text_section",
                        "elements": [
                            {
                                "type": "text",
                                "text": "still working on the summary script. At this point I've recorded the basic data, evaluated the TSDs, and TIRs. Now I need to come up with a weight function to figure out which sequence is most likely to be a full length element and display the sequences in that order"
                            }
                        ]
                    }
                ]
            }
        ],
        "client_msg_id": "29e964cd-d0a3-4e86-8b88-01a80a2d2dc3"
    }
]