[
    {
        "client_msg_id": "7ad8f3e6-4d8d-47b5-86f6-6b8401983df1",
        "type": "message",
        "text": "Continuing the analysis from before:\n```arensburger@pq:~$ awk '{OFS=\"\\t\"; if ($3 &gt;= 80 &amp;&amp; (($4\/$13) &gt; 0.5 )) {print $0,$4\/$13}}' blast.o &gt; good_blast.o\narensburger@pq:~$ sed 's\/\\#\/ \/g' GCF_000365465.3_Ptep_3.0_protein.faa | awk -v OFS='\\t' '{print $1}' &gt; TE2_short_header.fa\narensburger@pq:~$ perl ~\/utilities\/old\/cleanfile.pl -in TE2_short_header.fa -t fasta -o TE2_cleaned.fa\narensburger@pq:~$ ..\/blast\/get_fasta_length.sh TE2_cleaned.fa\narensburger@pq:~$ cat TE2_cleaned.fa.len good_blast.o | sed 's\/\\#\/ \/g' | awk '{print $1}' | sort | uniq -c | awk '{print $2,$1-1}' | sort &gt; good_blast.count\npeter@Carmen:~\/Desktop\/TE_discovery_Ptep3\/protein$ scp arensburger@pq:\/home\/arensburger\/Ptep3_TEs\/protein_blast\/good_blast.o .\npeter@Carmen:~\/Desktop\/TE_discovery_Ptep3\/protein$ scp arensburger@pq:\/home\/arensburger\/Ptep3_TEs\/protein_blast\/good_blast.count .```\nusing Libreoffice to get only the elements with more than two hit, putting result into good_blast.ods and good_blast.txt\n```peter@Carmen:~\/Desktop\/TE_discovery_Ptep3\/protein$ perl ..\/scripts\/create_directories2.pl -in good_blast.txt ```\nHaving done all this, I realize that a lot of the proteins are in fact nearly identical, just found at different loci. I need to find a way to reduce this.",
        "user": "U01793PULLV",
        "ts": "1675987650.830899",
        "blocks": [
            {
                "type": "rich_text",
                "block_id": "cluaI",
                "elements": [
                    {
                        "type": "rich_text_section",
                        "elements": [
                            {
                                "type": "text",
                                "text": "Continuing the analysis from before:\n"
                            }
                        ]
                    },
                    {
                        "type": "rich_text_preformatted",
                        "elements": [
                            {
                                "type": "text",
                                "text": "arensburger@pq:~$ awk '{OFS=\"\\t\"; if ($3 >= 80 && (($4\/$13) > 0.5 )) {print $0,$4\/$13}}' blast.o > good_blast.o\narensburger@pq:~$ sed 's\/\\#\/ \/g' GCF_000365465.3_Ptep_3.0_protein.faa | awk -v OFS='\\t' '{print $1}' > TE2_short_header.fa\narensburger@pq:~$ perl ~\/utilities\/old\/cleanfile.pl -in TE2_short_header.fa -t fasta -o TE2_cleaned.fa\narensburger@pq:~$ ..\/blast\/get_fasta_length.sh TE2_cleaned.fa\narensburger@pq:~$ cat TE2_cleaned.fa.len good_blast.o | sed 's\/\\#\/ \/g' | awk '{print $1}' | sort | uniq -c | awk '{print $2,$1-1}' | sort > good_blast.count\npeter@Carmen:~\/Desktop\/TE_discovery_Ptep3\/protein$ scp arensburger@pq:\/home\/arensburger\/Ptep3_TEs\/protein_blast\/good_blast.o .\npeter@Carmen:~\/Desktop\/TE_discovery_Ptep3\/protein$ scp arensburger@pq:\/home\/arensburger\/Ptep3_TEs\/protein_blast\/good_blast.count ."
                            }
                        ],
                        "border": 0
                    },
                    {
                        "type": "rich_text_section",
                        "elements": [
                            {
                                "type": "text",
                                "text": "using Libreoffice to get only the elements with more than two hit, putting result into good_blast.ods and good_blast.txt\n"
                            }
                        ]
                    },
                    {
                        "type": "rich_text_preformatted",
                        "elements": [
                            {
                                "type": "text",
                                "text": "peter@Carmen:~\/Desktop\/TE_discovery_Ptep3\/protein$ perl ..\/scripts\/create_directories2.pl -in good_blast.txt "
                            }
                        ],
                        "border": 0
                    },
                    {
                        "type": "rich_text_section",
                        "elements": [
                            {
                                "type": "text",
                                "text": "\nHaving done all this, I realize that a lot of the proteins are in fact nearly identical, just found at different loci. I need to find a way to reduce this."
                            }
                        ]
                    }
                ]
            }
        ],
        "team": "T017P3M8W7K",
        "user_team": "T017P3M8W7K",
        "source_team": "T017P3M8W7K",
        "user_profile": {
            "avatar_hash": "743a9fc0b5f6",
            "image_72": "https:\/\/avatars.slack-edge.com\/2022-06-30\/3731255580839_743a9fc0b5f63f195af3_72.jpg",
            "first_name": "parensburger",
            "real_name": "parensburger",
            "display_name": "Peter",
            "team": "T017P3M8W7K",
            "name": "parensburger",
            "is_restricted": false,
            "is_ultra_restricted": false
        }
    },
    {
        "client_msg_id": "24f4dd23-b364-44f4-895a-ce9b2e3bab78",
        "type": "message",
        "text": "Removing duplicates from list off all proteins\n```arensburger@pq:~\/Ptep3_TEs\/protein_blast\/remove_redudant_proteins$ nohup cd-hit -i ..\/GCF_000365465.3_Ptep_3.0_protein.faa -o Ptep-prot.out -T 0 &amp;\n(this is actually very fast)```\nturns out that this removes a lot proteins\n```arensburger@pq:~\/Ptep3_TEs\/protein_blast\/remove_redudant_proteins$ grep -c \"&gt;\" ..\/GCF_000365465.3_Ptep_3.0_protein.faa \n33089\narensburger@pq:~\/Ptep3_TEs\/protein_blast\/remove_redudant_proteins$ grep -c \"&gt;\" Ptep-prot.out\n19681\narensburger@pq:~\/Ptep3_TEs\/protein_blast\/remove_redudant_proteins$ grep \"&gt;\" Ptep-prot2.out -c\n18138```\nThe last line above is setting the similarity threshold to 0.8, rather than the default 0.9. This removes either 41% (0.9 threshold) or 45% (0.8 threshold) of proteins.\n\nI'm going to rerun everything with non-redundant proteins. First, cleaning up\n```arensburger@pq:~\/Ptep3_TEs\/protein_blast$ mkdir non_redundant_run\narensburger@pq:~\/Ptep3_TEs\/protein_blast$ mv blast.o non_redundant_run\/\narensburger@pq:~\/Ptep3_TEs\/protein_blast$ mv good_blast.* non_redundant_run\/\narensburger@pq:~\/Ptep3_TEs\/protein_blast$ mv runblast* non_redundant_run\/\narensburger@pq:~\/Ptep3_TEs\/protein_blast$ mv slurm-1378.out non_redundant_run\/\narensburger@pq:~\/Ptep3_TEs\/protein_blast$ mv TE2_* non_redundant_run\/\narensburger@pq:~\/Ptep3_TEs\/protein_blast$ mv non_redundant_run\/ old```\nNext, running the blast again\n```arensburger@pq:~\/Ptep3_TEs\/protein_blast$ more runblast1-srun \n#!\/bin\/bash\n#SBATCH --job-name=blast10\n#SBATCH --nodes=1                    # Run all processes on a single node\t\n#SBATCH --ntasks=1                   # Run a single task\t\t\n#SBATCH --cpus-per-task=20            # Number of CPU cores per task\n\n\/home\/arensburger\/bin\/ncbi-blast-2.2.29+\/bin\/tblastn -query \/home\/arensburger\/Ptep3_TEs\/protein_blast\/remove_redudant_proteins\/Ptep-prot.out -db \/home\/arensburger\/db\/Ptep3\/Ptep3m.fa\n -outfmt \"6 qseqid sseqid pident length mismatch gapopen qstart qend sstart send evalue bitscore qlen\" -out \/home\/arensburger\/Ptep3_TEs\/protein_blast\/blast.o -num_threads 20\nexit 0 \narensburger@pq:~\/Ptep3_TEs\/protein_blast$ sbatch runblast1-srun ```\n",
        "user": "U01793PULLV",
        "ts": "1675989257.674199",
        "blocks": [
            {
                "type": "rich_text",
                "block_id": "SRtP",
                "elements": [
                    {
                        "type": "rich_text_section",
                        "elements": [
                            {
                                "type": "text",
                                "text": "Removing duplicates from list off all proteins\n"
                            }
                        ]
                    },
                    {
                        "type": "rich_text_preformatted",
                        "elements": [
                            {
                                "type": "text",
                                "text": "arensburger@pq:~\/Ptep3_TEs\/protein_blast\/remove_redudant_proteins$ nohup cd-hit -i ..\/GCF_000365465.3_Ptep_3.0_protein.faa -o Ptep-prot.out -T 0 &\n(this is actually very fast)"
                            }
                        ],
                        "border": 0
                    },
                    {
                        "type": "rich_text_section",
                        "elements": [
                            {
                                "type": "text",
                                "text": "turns out that this removes a lot proteins\n"
                            }
                        ]
                    },
                    {
                        "type": "rich_text_preformatted",
                        "elements": [
                            {
                                "type": "text",
                                "text": "arensburger@pq:~\/Ptep3_TEs\/protein_blast\/remove_redudant_proteins$ grep -c \">\" ..\/GCF_000365465.3_Ptep_3.0_protein.faa \n33089\narensburger@pq:~\/Ptep3_TEs\/protein_blast\/remove_redudant_proteins$ grep -c \">\" Ptep-prot.out\n19681\narensburger@pq:~\/Ptep3_TEs\/protein_blast\/remove_redudant_proteins$ grep \">\" Ptep-prot2.out -c\n18138"
                            }
                        ],
                        "border": 0
                    },
                    {
                        "type": "rich_text_section",
                        "elements": [
                            {
                                "type": "text",
                                "text": "The last line above is setting the similarity threshold to 0.8, rather than the default 0.9. This removes either 41% (0.9 threshold) or 45% (0.8 threshold) of proteins.\n\nI'm going to rerun everything with non-redundant proteins. First, cleaning up\n"
                            }
                        ]
                    },
                    {
                        "type": "rich_text_preformatted",
                        "elements": [
                            {
                                "type": "text",
                                "text": "arensburger@pq:~\/Ptep3_TEs\/protein_blast$ mkdir non_redundant_run\narensburger@pq:~\/Ptep3_TEs\/protein_blast$ mv blast.o non_redundant_run\/\narensburger@pq:~\/Ptep3_TEs\/protein_blast$ mv good_blast.* non_redundant_run\/\narensburger@pq:~\/Ptep3_TEs\/protein_blast$ mv runblast* non_redundant_run\/\narensburger@pq:~\/Ptep3_TEs\/protein_blast$ mv slurm-1378.out non_redundant_run\/\narensburger@pq:~\/Ptep3_TEs\/protein_blast$ mv TE2_* non_redundant_run\/\narensburger@pq:~\/Ptep3_TEs\/protein_blast$ mv non_redundant_run\/ old"
                            }
                        ],
                        "border": 0
                    },
                    {
                        "type": "rich_text_section",
                        "elements": [
                            {
                                "type": "text",
                                "text": "Next, running the blast again\n"
                            }
                        ]
                    },
                    {
                        "type": "rich_text_preformatted",
                        "elements": [
                            {
                                "type": "text",
                                "text": "arensburger@pq:~\/Ptep3_TEs\/protein_blast$ more runblast1-srun \n#!\/bin\/bash\n#SBATCH --job-name=blast10\n#SBATCH --nodes=1                    # Run all processes on a single node\t\n#SBATCH --ntasks=1                   # Run a single task\t\t\n#SBATCH --cpus-per-task=20            # Number of CPU cores per task\n\n\/home\/arensburger\/bin\/ncbi-blast-2.2.29+\/bin\/tblastn -query \/home\/arensburger\/Ptep3_TEs\/protein_blast\/remove_redudant_proteins\/Ptep-prot.out -db \/home\/arensburger\/db\/Ptep3\/Ptep3m.fa\n -outfmt \"6 qseqid sseqid pident length mismatch gapopen qstart qend sstart send evalue bitscore qlen\" -out \/home\/arensburger\/Ptep3_TEs\/protein_blast\/blast.o -num_threads 20\nexit 0 \narensburger@pq:~\/Ptep3_TEs\/protein_blast$ sbatch runblast1-srun "
                            }
                        ],
                        "border": 0
                    },
                    {
                        "type": "rich_text_section",
                        "elements": []
                    }
                ]
            }
        ],
        "team": "T017P3M8W7K",
        "user_team": "T017P3M8W7K",
        "source_team": "T017P3M8W7K",
        "user_profile": {
            "avatar_hash": "743a9fc0b5f6",
            "image_72": "https:\/\/avatars.slack-edge.com\/2022-06-30\/3731255580839_743a9fc0b5f63f195af3_72.jpg",
            "first_name": "parensburger",
            "real_name": "parensburger",
            "display_name": "Peter",
            "team": "T017P3M8W7K",
            "name": "parensburger",
            "is_restricted": false,
            "is_ultra_restricted": false
        }
    }
]