[
    {
        "client_msg_id": "ae222b4c-e374-47a9-ac92-ec9a8ce15d83",
        "type": "message",
        "text": "The script now finds any known genes in the sequences",
        "user": "U01793PULLV",
        "ts": "1689641883.955589",
        "blocks": [
            {
                "type": "rich_text",
                "block_id": "\/UR",
                "elements": [
                    {
                        "type": "rich_text_section",
                        "elements": [
                            {
                                "type": "text",
                                "text": "The script now finds any known genes in the sequences"
                            }
                        ]
                    }
                ]
            }
        ],
        "team": "T017P3M8W7K",
        "user_team": "T017P3M8W7K",
        "source_team": "T017P3M8W7K",
        "user_profile": {
            "avatar_hash": "743a9fc0b5f6",
            "image_72": "https:\/\/avatars.slack-edge.com\/2022-06-30\/3731255580839_743a9fc0b5f63f195af3_72.jpg",
            "first_name": "parensburger",
            "real_name": "parensburger",
            "display_name": "Peter",
            "team": "T017P3M8W7K",
            "name": "parensburger",
            "is_restricted": false,
            "is_ultra_restricted": false
        }
    }
]