[
    {
        "client_msg_id": "00048e55-3b21-40d9-a0c5-738f2f61dffe",
        "type": "message",
        "text": "done, upgraded to interproscan-5.63-95.0",
        "user": "U01793PULLV",
        "ts": "1691709817.718209",
        "blocks": [
            {
                "type": "rich_text",
                "block_id": "6GtCU",
                "elements": [
                    {
                        "type": "rich_text_section",
                        "elements": [
                            {
                                "type": "text",
                                "text": "done, upgraded to interproscan-5.63-95.0"
                            }
                        ]
                    }
                ]
            }
        ],
        "team": "T017P3M8W7K",
        "user_team": "T017P3M8W7K",
        "source_team": "T017P3M8W7K",
        "user_profile": {
            "avatar_hash": "743a9fc0b5f6",
            "image_72": "https:\/\/avatars.slack-edge.com\/2022-06-30\/3731255580839_743a9fc0b5f63f195af3_72.jpg",
            "first_name": "parensburger",
            "real_name": "parensburger",
            "display_name": "Peter",
            "team": "T017P3M8W7K",
            "name": "parensburger",
            "is_restricted": false,
            "is_ultra_restricted": false
        },
        "thread_ts": "1691630431.097719",
        "parent_user_id": "U01793PULLV"
    },
    {
        "type": "message",
        "text": "wrote a new script to prepare the input file for interproscan.sh, I need this because interproscan.sh cannot deal with the * stop codon, but I need that symbol in my review.",
        "files": [
            {
                "id": "F05M5CE0N6S",
                "created": 1691713878,
                "timestamp": 1691713878,
                "name": "Review3_run-interpro.pl",
                "title": "Review3_run-interpro.pl",
                "mimetype": "text\/plain",
                "filetype": "perl",
                "pretty_type": "Perl",
                "user": "U01793PULLV",
                "user_team": "T017P3M8W7K",
                "editable": true,
                "size": 1393,
                "mode": "snippet",
                "is_external": false,
                "external_type": "",
                "is_public": true,
                "public_url_shared": false,
                "display_as_bot": false,
                "username": "",
                "url_private": "https:\/\/files.slack.com\/files-pri\/T017P3M8W7K-F05M5CE0N6S\/review3_run-interpro.pl?t=xoxe-1261123302257-6395895314663-6407612319125-137f2171a6b5696e8e285d5b7bbfa693",
                "url_private_download": "https:\/\/files.slack.com\/files-pri\/T017P3M8W7K-F05M5CE0N6S\/download\/review3_run-interpro.pl?t=xoxe-1261123302257-6395895314663-6407612319125-137f2171a6b5696e8e285d5b7bbfa693",
                "permalink": "https:\/\/arensburgerla-9bj1862.slack.com\/files\/U01793PULLV\/F05M5CE0N6S\/review3_run-interpro.pl",
                "permalink_public": "https:\/\/slack-files.com\/T017P3M8W7K-F05M5CE0N6S-051cb1f892",
                "edit_link": "https:\/\/arensburgerla-9bj1862.slack.com\/files\/U01793PULLV\/F05M5CE0N6S\/review3_run-interpro.pl\/edit",
                "is_starred": false,
                "has_rich_preview": false,
                "file_access": "visible"
            }
        ],
        "upload": false,
        "user": "U01793PULLV",
        "display_as_bot": false,
        "ts": "1691713881.135659",
        "blocks": [
            {
                "type": "rich_text",
                "block_id": "4CgU",
                "elements": [
                    {
                        "type": "rich_text_section",
                        "elements": [
                            {
                                "type": "text",
                                "text": "wrote a new script to prepare the input file for interproscan.sh, I need this because interproscan.sh cannot deal with the * stop codon, but I need that symbol in my review."
                            }
                        ]
                    }
                ]
            }
        ],
        "client_msg_id": "19981359-eb66-4af0-8826-23907bd5b4ef"
    },
    {
        "client_msg_id": "f6b6ddc8-371e-4bd2-a065-0effa9188c41",
        "type": "message",
        "text": "The whole Review3 is getting to be rather complex, so here's a summary:\n1. Review3_consensus_sequences.pl --&gt; takes a list of elements as input and creates the Report files in individual directories with consensus sequence, TSD, and TIR information, also make a file the DNA sequences of all the consensus sequences (Review3_element_consensus.fa)\n2. Take the file Review3_element_consensus.fa and run blastx with Ptep and nr using commands\n    a. arensburger@pq:~\/Ptep3_TEs\/blastx$ blastx -db ~\/db\/Ptep3_protein\/Ptep3_prot -query .\/Review3_element_consensus.fa -out .\/Review3_Ptep3_blastx.out -num_threads 16 -evalue 1e-6 -outfmt \"6 qseqid sacc slen sstart send qstart qend evalue stitle\"\n    b. arensburger@pq:~\/Ptep3_TEs\/blastx$ blastx -db ~\/db\/nr\/nr.00 -query .\/Review3_element_consensus.fa -out .\/Review3_nr_blastx.out -num_threads 16 -outfmt \"6 qseqid sacc slen sstart send qstart qend evalue stitle\" \n3. Review3_transposase.pl --&gt; take the blast output and updates the element directories with information about the transposase, the elements that have a transposae to review are outputted to a spreadsheet protein_s3.xls (later will become .ods)\n4. Manually review each element in protein_s3.xls and decide where the transpoase starts and ends, record blast matches that justify the positions, rename the spreadsheet to protein_s3.ods\n5. Review3_prep-interpro.pl --&gt; takes protein_s3.ods as input and outputs to the file Review3_interpro_input.fa\n6. Review3_run-interpro.pl --&gt; take Review3_interpro_input.fa as input and runs interpro (on faust)\nAfter all this the next step will be to incorporate the interpro results into one last script  Review3_classification.pl",
        "user": "U01793PULLV",
        "ts": "1691715497.235399",
        "blocks": [
            {
                "type": "rich_text",
                "block_id": "zEjb",
                "elements": [
                    {
                        "type": "rich_text_section",
                        "elements": [
                            {
                                "type": "text",
                                "text": "The whole Review3 is getting to be rather complex, so here's a summary:\n"
                            }
                        ]
                    },
                    {
                        "type": "rich_text_list",
                        "elements": [
                            {
                                "type": "rich_text_section",
                                "elements": [
                                    {
                                        "type": "text",
                                        "text": "Review3_consensus_sequences.pl --> takes a list of elements as input and creates the Report files in individual directories with consensus sequence, TSD, and TIR information, also make a file the DNA sequences of all the consensus sequences (Review3_element_consensus.fa)"
                                    }
                                ]
                            },
                            {
                                "type": "rich_text_section",
                                "elements": [
                                    {
                                        "type": "text",
                                        "text": "Take the file Review3_element_consensus.fa and run blastx with Ptep and nr using commands"
                                    }
                                ]
                            }
                        ],
                        "style": "ordered",
                        "indent": 0,
                        "border": 0
                    },
                    {
                        "type": "rich_text_list",
                        "elements": [
                            {
                                "type": "rich_text_section",
                                "elements": [
                                    {
                                        "type": "text",
                                        "text": "arensburger@pq:~\/Ptep3_TEs\/blastx$ blastx -db ~\/db\/Ptep3_protein\/Ptep3_prot -query .\/Review3_element_consensus.fa -out .\/Review3_Ptep3_blastx.out -num_threads 16 -evalue 1e-6 -outfmt \"6 qseqid sacc slen sstart send qstart qend evalue stitle\""
                                    }
                                ]
                            },
                            {
                                "type": "rich_text_section",
                                "elements": [
                                    {
                                        "type": "text",
                                        "text": "arensburger@pq:~\/Ptep3_TEs\/blastx$ blastx -db ~\/db\/nr\/nr.00 -query .\/Review3_element_consensus.fa -out .\/Review3_nr_blastx.out -num_threads 16 -outfmt \"6 qseqid sacc slen sstart send qstart qend evalue stitle\" "
                                    }
                                ]
                            }
                        ],
                        "style": "ordered",
                        "indent": 1,
                        "border": 0
                    },
                    {
                        "type": "rich_text_list",
                        "elements": [
                            {
                                "type": "rich_text_section",
                                "elements": [
                                    {
                                        "type": "text",
                                        "text": "Review3_transposase.pl --> take the blast output and updates the element directories with information about the transposase, the elements that have a transposae to review are outputted to a spreadsheet protein_s3.xls (later will become .ods)"
                                    }
                                ]
                            },
                            {
                                "type": "rich_text_section",
                                "elements": [
                                    {
                                        "type": "text",
                                        "text": "Manually review each element in protein_s3.xls and decide where the transpoase starts and ends, record blast matches that justify the positions, rename the spreadsheet to protein_s3.ods"
                                    }
                                ]
                            },
                            {
                                "type": "rich_text_section",
                                "elements": [
                                    {
                                        "type": "text",
                                        "text": "Review3_prep-interpro.pl --> takes protein_s3.ods as input and outputs to the file Review3_interpro_input.fa"
                                    }
                                ]
                            },
                            {
                                "type": "rich_text_section",
                                "elements": [
                                    {
                                        "type": "text",
                                        "text": "Review3_run-interpro.pl --> take Review3_interpro_input.fa as input and runs interpro (on faust)"
                                    }
                                ]
                            }
                        ],
                        "style": "ordered",
                        "indent": 0,
                        "offset": 2,
                        "border": 0
                    },
                    {
                        "type": "rich_text_section",
                        "elements": [
                            {
                                "type": "text",
                                "text": "\nAfter all this the next step will be to incorporate the interpro results into one last script  Review3_classification.pl"
                            }
                        ]
                    }
                ]
            }
        ],
        "team": "T017P3M8W7K",
        "user_team": "T017P3M8W7K",
        "source_team": "T017P3M8W7K",
        "user_profile": {
            "avatar_hash": "743a9fc0b5f6",
            "image_72": "https:\/\/avatars.slack-edge.com\/2022-06-30\/3731255580839_743a9fc0b5f63f195af3_72.jpg",
            "first_name": "parensburger",
            "real_name": "parensburger",
            "display_name": "Peter",
            "team": "T017P3M8W7K",
            "name": "parensburger",
            "is_restricted": false,
            "is_ultra_restricted": false
        }
    }
]