[
    {
        "client_msg_id": "39a1d1f8-ebe0-4ce7-9f53-bb7c2ec4e63d",
        "type": "message",
        "text": "working on tnps, done 25 of 66",
        "user": "U01793PULLV",
        "ts": "1691432569.335819",
        "blocks": [
            {
                "type": "rich_text",
                "block_id": "aOEiN",
                "elements": [
                    {
                        "type": "rich_text_section",
                        "elements": [
                            {
                                "type": "text",
                                "text": "working on tnps, done 25 of 66"
                            }
                        ]
                    }
                ]
            }
        ],
        "team": "T017P3M8W7K",
        "user_team": "T017P3M8W7K",
        "source_team": "T017P3M8W7K",
        "user_profile": {
            "avatar_hash": "743a9fc0b5f6",
            "image_72": "https:\/\/avatars.slack-edge.com\/2022-06-30\/3731255580839_743a9fc0b5f63f195af3_72.jpg",
            "first_name": "parensburger",
            "real_name": "parensburger",
            "display_name": "Peter",
            "team": "T017P3M8W7K",
            "name": "parensburger",
            "is_restricted": false,
            "is_ultra_restricted": false
        }
    },
    {
        "client_msg_id": "8f60c40f-ecb8-4b32-807b-3a4991991f51",
        "type": "message",
        "text": "finished the transposase annotation. I adopted a new convention to record the blast match that justifies the N and C terminus for the transposase.\nThe next step would be classify each element based on the tsds, the tirs, and the transposase.",
        "user": "U01793PULLV",
        "ts": "1691453930.162259",
        "blocks": [
            {
                "type": "rich_text",
                "block_id": "nMGm",
                "elements": [
                    {
                        "type": "rich_text_section",
                        "elements": [
                            {
                                "type": "text",
                                "text": "finished the transposase annotation. I adopted a new convention to record the blast match that justifies the N and C terminus for the transposase.\nThe next step would be classify each element based on the tsds, the tirs, and the transposase."
                            }
                        ]
                    }
                ]
            }
        ],
        "team": "T017P3M8W7K",
        "user_team": "T017P3M8W7K",
        "source_team": "T017P3M8W7K",
        "user_profile": {
            "avatar_hash": "743a9fc0b5f6",
            "image_72": "https:\/\/avatars.slack-edge.com\/2022-06-30\/3731255580839_743a9fc0b5f63f195af3_72.jpg",
            "first_name": "parensburger",
            "real_name": "parensburger",
            "display_name": "Peter",
            "team": "T017P3M8W7K",
            "name": "parensburger",
            "is_restricted": false,
            "is_ultra_restricted": false
        }
    }
]