[
    {
        "client_msg_id": "39a87222-ddf4-4e82-8be6-589c9c47e998",
        "type": "message",
        "text": "added the %CLUSTER_LOCI, need to work on %CLUSTER_ANNOTATION",
        "user": "U01793PULLV",
        "ts": "1686611617.121279",
        "blocks": [
            {
                "type": "rich_text",
                "block_id": "ddp",
                "elements": [
                    {
                        "type": "rich_text_section",
                        "elements": [
                            {
                                "type": "text",
                                "text": "added the %CLUSTER_LOCI, need to work on %CLUSTER_ANNOTATION"
                            }
                        ]
                    }
                ]
            }
        ],
        "team": "T017P3M8W7K",
        "user_team": "T017P3M8W7K",
        "source_team": "T017P3M8W7K",
        "user_profile": {
            "avatar_hash": "743a9fc0b5f6",
            "image_72": "https:\/\/avatars.slack-edge.com\/2022-06-30\/3731255580839_743a9fc0b5f63f195af3_72.jpg",
            "first_name": "parensburger",
            "real_name": "parensburger",
            "display_name": "Peter",
            "team": "T017P3M8W7K",
            "name": "parensburger",
            "is_restricted": false,
            "is_ultra_restricted": false
        }
    }
]