[
    {
        "client_msg_id": "eb5c300f-7265-45a8-9ee0-b29b03701d56",
        "type": "message",
        "text": "Nam ran this again, using the slurm script:\n```arensburger@pq:~\/Ptep3_TEs\/protein_blast$ more runblast1-srun \n#!\/bin\/bash\n#SBATCH --job-name=blast10\n#SBATCH --nodes=1                    # Run all processes on a single node\t\n#SBATCH --ntasks=1                   # Run a single task\t\t\n#SBATCH --cpus-per-task=20            # Number of CPU cores per task\n\n\/home\/arensburger\/bin\/ncbi-blast-2.2.29+\/bin\/tblastn -query \/home\/arensburger\/Ptep3_TEs\/protein_blast\/GCF_000365465.3_Ptep\n_3.0_protein.faa -db \/home\/arensburger\/Ptep3_TEs\/blast\/Ptep3-reduced.fa -outfmt \"6 qseqid sseqid pident length mismatch ga\npopen qstart qend sstart send evalue bitscore qlen\" -out \/home\/arensburger\/Ptep3_TEs\/protein_blast\/blast.o -num_threads 20\nexit 0 ```",
        "user": "U01793PULLV",
        "ts": "1675792093.740309",
        "blocks": [
            {
                "type": "rich_text",
                "block_id": "5KRGR",
                "elements": [
                    {
                        "type": "rich_text_section",
                        "elements": [
                            {
                                "type": "text",
                                "text": "Nam ran this again, using the slurm script:\n"
                            }
                        ]
                    },
                    {
                        "type": "rich_text_preformatted",
                        "elements": [
                            {
                                "type": "text",
                                "text": "arensburger@pq:~\/Ptep3_TEs\/protein_blast$ more runblast1-srun \n#!\/bin\/bash\n#SBATCH --job-name=blast10\n#SBATCH --nodes=1                    # Run all processes on a single node\t\n#SBATCH --ntasks=1                   # Run a single task\t\t\n#SBATCH --cpus-per-task=20            # Number of CPU cores per task\n\n\/home\/arensburger\/bin\/ncbi-blast-2.2.29+\/bin\/tblastn -query \/home\/arensburger\/Ptep3_TEs\/protein_blast\/GCF_000365465.3_Ptep\n_3.0_protein.faa -db \/home\/arensburger\/Ptep3_TEs\/blast\/Ptep3-reduced.fa -outfmt \"6 qseqid sseqid pident length mismatch ga\npopen qstart qend sstart send evalue bitscore qlen\" -out \/home\/arensburger\/Ptep3_TEs\/protein_blast\/blast.o -num_threads 20\nexit 0 "
                            }
                        ],
                        "border": 0
                    }
                ]
            }
        ],
        "team": "T017P3M8W7K",
        "user_team": "T017P3M8W7K",
        "source_team": "T017P3M8W7K",
        "user_profile": {
            "avatar_hash": "743a9fc0b5f6",
            "image_72": "https:\/\/avatars.slack-edge.com\/2022-06-30\/3731255580839_743a9fc0b5f63f195af3_72.jpg",
            "first_name": "parensburger",
            "real_name": "parensburger",
            "display_name": "Peter",
            "team": "T017P3M8W7K",
            "name": "parensburger",
            "is_restricted": false,
            "is_ultra_restricted": false
        },
        "thread_ts": "1675625711.713419",
        "parent_user_id": "U01793PULLV"
    },
    {
        "client_msg_id": "72fccec0-ca1b-49ca-8331-40456af87fbf",
        "type": "message",
        "text": "Continuing looking for proteins with more than one hit to the genome\n```arensburger@pq:~\/Ptep3_TEs\/protein_blast$ awk '{OFS=\"\\t\"; if ($3 &gt;= 80 &amp;&amp; (($4\/$13) &gt; 0.5 )) {print $0,$4\/$13}}' blast.o &gt; good_blast.o\narensburger@pq:~\/Ptep3_TEs\/protein_blast$ sed 's\/\\#\/ \/g' GCF_000365465.3_Ptep_3.0_protein.faa | awk -v OFS='\\t' '{print $1}' &gt; TE2_short_header.fa\narensburger@pq:~\/Ptep3_TEs\/protein_blast$ perl ~\/utilities\/old\/cleanfile.pl -in TE2_short_header.fa -t fasta -o TE2_cleaned.fa\narensburger@pq:~\/Ptep3_TEs\/protein_blast$ ..\/blast\/get_fasta_length.sh TE2_cleaned.fa \narensburger@pq:~\/Ptep3_TEs\/protein_blast$ cat TE2_cleaned.fa.len good_blast.o | sed 's\/\\#\/ \/g' | awk '{print $1}' | sort | uniq -c | awk '{print $2,$1-1}' | sort &gt; good_blast.count```\nNext setting up the new searches with those proteins that have two or more hits to the genome\n```peter@faust:~\/Insync\/arensburger@gmail.com\/Google Drive\/Work\/Research Analysis\/TE_discovery_Ptep3\/protein$ scp arensburger@pq:~\/Ptep3_TEs\/protein_blast\/good_blast.count .```\nPut all the data into file \"good_blast.ods\" found over 3000 proteins with more than one hit",
        "user": "U01793PULLV",
        "ts": "1675792832.039449",
        "blocks": [
            {
                "type": "rich_text",
                "block_id": "8myv",
                "elements": [
                    {
                        "type": "rich_text_section",
                        "elements": [
                            {
                                "type": "text",
                                "text": "Continuing looking for proteins with more than one hit to the genome\n"
                            }
                        ]
                    },
                    {
                        "type": "rich_text_preformatted",
                        "elements": [
                            {
                                "type": "text",
                                "text": "arensburger@pq:~\/Ptep3_TEs\/protein_blast$ awk '{OFS=\"\\t\"; if ($3 >= 80 && (($4\/$13) > 0.5 )) {print $0,$4\/$13}}' blast.o > good_blast.o\narensburger@pq:~\/Ptep3_TEs\/protein_blast$ sed 's\/\\#\/ \/g' GCF_000365465.3_Ptep_3.0_protein.faa | awk -v OFS='\\t' '{print $1}' > TE2_short_header.fa\narensburger@pq:~\/Ptep3_TEs\/protein_blast$ perl ~\/utilities\/old\/cleanfile.pl -in TE2_short_header.fa -t fasta -o TE2_cleaned.fa\narensburger@pq:~\/Ptep3_TEs\/protein_blast$ ..\/blast\/get_fasta_length.sh TE2_cleaned.fa \narensburger@pq:~\/Ptep3_TEs\/protein_blast$ cat TE2_cleaned.fa.len good_blast.o | sed 's\/\\#\/ \/g' | awk '{print $1}' | sort | uniq -c | awk '{print $2,$1-1}' | sort > good_blast.count"
                            }
                        ],
                        "border": 0
                    },
                    {
                        "type": "rich_text_section",
                        "elements": [
                            {
                                "type": "text",
                                "text": "Next setting up the new searches with those proteins that have two or more hits to the genome\n"
                            }
                        ]
                    },
                    {
                        "type": "rich_text_preformatted",
                        "elements": [
                            {
                                "type": "text",
                                "text": "peter@faust:~\/Insync\/arensburger@gmail.com\/Google Drive\/Work\/Research Analysis\/TE_discovery_Ptep3\/protein$ scp arensburger@pq:~\/Ptep3_TEs\/protein_blast\/good_blast.count ."
                            }
                        ],
                        "border": 0
                    },
                    {
                        "type": "rich_text_section",
                        "elements": [
                            {
                                "type": "text",
                                "text": "Put all the data into file \"good_blast.ods\" found over 3000 proteins with more than one hit"
                            }
                        ]
                    }
                ]
            }
        ],
        "team": "T017P3M8W7K",
        "user_team": "T017P3M8W7K",
        "source_team": "T017P3M8W7K",
        "user_profile": {
            "avatar_hash": "743a9fc0b5f6",
            "image_72": "https:\/\/avatars.slack-edge.com\/2022-06-30\/3731255580839_743a9fc0b5f63f195af3_72.jpg",
            "first_name": "parensburger",
            "real_name": "parensburger",
            "display_name": "Peter",
            "team": "T017P3M8W7K",
            "name": "parensburger",
            "is_restricted": false,
            "is_ultra_restricted": false
        }
    },
    {
        "client_msg_id": "5dbd6d72-3acf-4ec1-9cdb-df0f9460eb7e",
        "type": "message",
        "text": "Creating the directories, simplified the \"create_directories.pl\" script and running the extend_blast.pl script\n```peter@faust:~\/Desktop\/TE_discovery_Ptep3\/protein$ perl create_directories2.pl -in protein_list.txt \npeter@faust:~\/Desktop\/TE_discovery_Ptep3\/protein$ scp arensburger@pq:~\/Ptep3_TEs\/protein_blast\/good_blast.o .\npeter@faust:~\/Desktop\/TE_discovery_Ptep3\/protein$ perl ..\/scripts\/extend_blast.pl -t protein_list.txt ```\nWhile this worked, it produced extented fasta sequences that don't overlap the previous ones, is this because I used the Ptep3m genome?",
        "user": "U01793PULLV",
        "ts": "1675801172.171219",
        "blocks": [
            {
                "type": "rich_text",
                "block_id": "ra3",
                "elements": [
                    {
                        "type": "rich_text_section",
                        "elements": [
                            {
                                "type": "text",
                                "text": "Creating the directories, simplified the \"create_directories.pl\" script and running the extend_blast.pl script\n"
                            }
                        ]
                    },
                    {
                        "type": "rich_text_preformatted",
                        "elements": [
                            {
                                "type": "text",
                                "text": "peter@faust:~\/Desktop\/TE_discovery_Ptep3\/protein$ perl create_directories2.pl -in protein_list.txt \npeter@faust:~\/Desktop\/TE_discovery_Ptep3\/protein$ scp arensburger@pq:~\/Ptep3_TEs\/protein_blast\/good_blast.o .\npeter@faust:~\/Desktop\/TE_discovery_Ptep3\/protein$ perl ..\/scripts\/extend_blast.pl -t protein_list.txt "
                            }
                        ],
                        "border": 0
                    },
                    {
                        "type": "rich_text_section",
                        "elements": [
                            {
                                "type": "text",
                                "text": "While this worked, it produced extented fasta sequences that don't overlap the previous ones, is this because I used the Ptep3m genome?"
                            }
                        ]
                    }
                ]
            }
        ],
        "team": "T017P3M8W7K",
        "user_team": "T017P3M8W7K",
        "source_team": "T017P3M8W7K",
        "user_profile": {
            "avatar_hash": "743a9fc0b5f6",
            "image_72": "https:\/\/avatars.slack-edge.com\/2022-06-30\/3731255580839_743a9fc0b5f63f195af3_72.jpg",
            "first_name": "parensburger",
            "real_name": "parensburger",
            "display_name": "Peter",
            "team": "T017P3M8W7K",
            "name": "parensburger",
            "is_restricted": false,
            "is_ultra_restricted": false
        }
    },
    {
        "client_msg_id": "f6aa9fc4-96fe-43b9-9097-08c24ae6039d",
        "type": "message",
        "text": "The issue does seem to be that I used the -reduced genome for the blast but the Ptep3m for the extended.pl script. Probably would be good not use the reduced genome so that the coordinates mach reality. Trying out running the pipeline with just the one sequence I know should be positive\n```arensburger@pq:~\/Ptep3_TEs\/protein_blast$ grep XP_042907796 GCF_000365465.3_Ptep_3.0_protein.faa -A 8 &gt; test\/input.txt\narensburger@pq:~\/Ptep3_TEs\/protein_blast\/test$ tblastn -query input.txt -db ~\/db\/Ptep3\/Ptep3m.fa -outfmt \"6 qseqid sseqid pident length mismatch gapopen qstart qend sstart send evalue bitscore qlen\" -out blast.o\narensburger@pq:~\/Ptep3_TEs\/protein_blast\/test$ awk '{OFS=\"\\t\"; if ($3 &gt;= 80 &amp;&amp; (($4\/$13) &gt; 0.5 )) {print $0,$4\/$13}}' blast.o &gt; good_blast.o\narensburger@pq:~\/Ptep3_TEs\/protein_blast\/test$ sed 's\/\\#\/ \/g' input.txt | awk -v OFS='\\t' '{print $1}' &gt; TE2_short_header.fa\narensburger@pq:~\/Ptep3_TEs\/protein_blast\/test$ perl ~\/utilities\/old\/cleanfile.pl -in TE2_short_header.fa -t fasta -o TE2_cleaned.fa\narensburger@pq:~\/Ptep3_TEs\/protein_blast\/test$ ..\/..\/blast\/get_fasta_length.sh TE2_cleaned.fa\narensburger@pq:~\/Ptep3_TEs\/protein_blast\/test$ cat TE2_cleaned.fa.len good_blast.o | sed 's\/\\#\/ \/g' | awk '{print $1}' | sort | uniq -c | awk '{print $2,$1-1}' | sort &gt; good_blast.count\npeter@Carmen:~\/Desktop\/TE_discovery_Ptep3\/protein$ scp arensburger@pq:\/home\/arensburger\/Ptep3_TEs\/protein_blast\/test\/good_blast.o .\npeter@Carmen:~\/Desktop\/TE_discovery_Ptep3\/protein$ grep XP_042907796 protein_list.txt &gt; temp.txt\npeter@Carmen:~\/Desktop\/TE_discovery_Ptep3\/protein$ perl ..\/scripts\/extend_blast.pl -t temp.txt ```\nThis works and the coordinates match the standard genome. Redoing the analysis this way\n```arensburger@pq:~\/Ptep3_TEs\/protein_blast$ more runblast1-srun \n#!\/bin\/bash\n#SBATCH --job-name=blast10\n#SBATCH --nodes=1                    # Run all processes on a single node\t\n#SBATCH --ntasks=1                   # Run a single task\t\t\n#SBATCH --cpus-per-task=20            # Number of CPU cores per task\n\n\/home\/arensburger\/bin\/ncbi-blast-2.2.29+\/bin\/tblastn -query \/home\/arensburger\/Ptep3_TEs\/protein_blast\/GCF_000365465.3_Ptep_3.0_protein.faa -db \/home\/arensburger\/db\/Ptep3\/Ptep3m.f\na -outfmt \"6 qseqid sseqid pident length mismatch gapopen qstart qend sstart send evalue bitscore qlen\" -out \/home\/arensburger\/Ptep3_TEs\/protein_blast\/blast.o -num_threads 20\nexit 0 \narensburger@pq:~\/Ptep3_TEs\/protein_blast$ sbatch runblast1-srun ```",
        "user": "U01793PULLV",
        "ts": "1675818026.365759",
        "blocks": [
            {
                "type": "rich_text",
                "block_id": "Va\/",
                "elements": [
                    {
                        "type": "rich_text_section",
                        "elements": [
                            {
                                "type": "text",
                                "text": "The issue does seem to be that I used the -reduced genome for the blast but the Ptep3m for the extended.pl script. Probably would be good not use the reduced genome so that the coordinates mach reality. Trying out running the pipeline with just the one sequence I know should be positive\n"
                            }
                        ]
                    },
                    {
                        "type": "rich_text_preformatted",
                        "elements": [
                            {
                                "type": "text",
                                "text": "arensburger@pq:~\/Ptep3_TEs\/protein_blast$ grep XP_042907796 GCF_000365465.3_Ptep_3.0_protein.faa -A 8 > test\/input.txt\narensburger@pq:~\/Ptep3_TEs\/protein_blast\/test$ tblastn -query input.txt -db ~\/db\/Ptep3\/Ptep3m.fa -outfmt \"6 qseqid sseqid pident length mismatch gapopen qstart qend sstart send evalue bitscore qlen\" -out blast.o\narensburger@pq:~\/Ptep3_TEs\/protein_blast\/test$ awk '{OFS=\"\\t\"; if ($3 >= 80 && (($4\/$13) > 0.5 )) {print $0,$4\/$13}}' blast.o > good_blast.o\narensburger@pq:~\/Ptep3_TEs\/protein_blast\/test$ sed 's\/\\#\/ \/g' input.txt | awk -v OFS='\\t' '{print $1}' > TE2_short_header.fa\narensburger@pq:~\/Ptep3_TEs\/protein_blast\/test$ perl ~\/utilities\/old\/cleanfile.pl -in TE2_short_header.fa -t fasta -o TE2_cleaned.fa\narensburger@pq:~\/Ptep3_TEs\/protein_blast\/test$ ..\/..\/blast\/get_fasta_length.sh TE2_cleaned.fa\narensburger@pq:~\/Ptep3_TEs\/protein_blast\/test$ cat TE2_cleaned.fa.len good_blast.o | sed 's\/\\#\/ \/g' | awk '{print $1}' | sort | uniq -c | awk '{print $2,$1-1}' | sort > good_blast.count\npeter@Carmen:~\/Desktop\/TE_discovery_Ptep3\/protein$ scp arensburger@pq:\/home\/arensburger\/Ptep3_TEs\/protein_blast\/test\/good_blast.o .\npeter@Carmen:~\/Desktop\/TE_discovery_Ptep3\/protein$ grep XP_042907796 protein_list.txt > temp.txt\npeter@Carmen:~\/Desktop\/TE_discovery_Ptep3\/protein$ perl ..\/scripts\/extend_blast.pl -t temp.txt "
                            }
                        ],
                        "border": 0
                    },
                    {
                        "type": "rich_text_section",
                        "elements": [
                            {
                                "type": "text",
                                "text": "This works and the coordinates match the standard genome. Redoing the analysis this way\n"
                            }
                        ]
                    },
                    {
                        "type": "rich_text_preformatted",
                        "elements": [
                            {
                                "type": "text",
                                "text": "arensburger@pq:~\/Ptep3_TEs\/protein_blast$ more runblast1-srun \n#!\/bin\/bash\n#SBATCH --job-name=blast10\n#SBATCH --nodes=1                    # Run all processes on a single node\t\n#SBATCH --ntasks=1                   # Run a single task\t\t\n#SBATCH --cpus-per-task=20            # Number of CPU cores per task\n\n\/home\/arensburger\/bin\/ncbi-blast-2.2.29+\/bin\/tblastn -query \/home\/arensburger\/Ptep3_TEs\/protein_blast\/GCF_000365465.3_Ptep_3.0_protein.faa -db \/home\/arensburger\/db\/Ptep3\/Ptep3m.f\na -outfmt \"6 qseqid sseqid pident length mismatch gapopen qstart qend sstart send evalue bitscore qlen\" -out \/home\/arensburger\/Ptep3_TEs\/protein_blast\/blast.o -num_threads 20\nexit 0 \narensburger@pq:~\/Ptep3_TEs\/protein_blast$ sbatch runblast1-srun "
                            }
                        ],
                        "border": 0
                    }
                ]
            }
        ],
        "team": "T017P3M8W7K",
        "user_team": "T017P3M8W7K",
        "source_team": "T017P3M8W7K",
        "user_profile": {
            "avatar_hash": "743a9fc0b5f6",
            "image_72": "https:\/\/avatars.slack-edge.com\/2022-06-30\/3731255580839_743a9fc0b5f63f195af3_72.jpg",
            "first_name": "parensburger",
            "real_name": "parensburger",
            "display_name": "Peter",
            "team": "T017P3M8W7K",
            "name": "parensburger",
            "is_restricted": false,
            "is_ultra_restricted": false
        }
    }
]