[
    {
        "client_msg_id": "707deed9-da03-4556-bd8a-a0ccc92a803f",
        "type": "message",
        "text": "did review2 of the relevant elements from \"protein_s2.ods\". Next is to find elements that are identical.",
        "user": "U01793PULLV",
        "ts": "1678728174.291039",
        "blocks": [
            {
                "type": "rich_text",
                "block_id": "e0RU",
                "elements": [
                    {
                        "type": "rich_text_section",
                        "elements": [
                            {
                                "type": "text",
                                "text": "did review2 of the relevant elements from \"protein_s2.ods\". Next is to find elements that are identical."
                            }
                        ]
                    }
                ]
            }
        ],
        "team": "T017P3M8W7K",
        "user_team": "T017P3M8W7K",
        "source_team": "T017P3M8W7K",
        "user_profile": {
            "avatar_hash": "743a9fc0b5f6",
            "image_72": "https:\/\/avatars.slack-edge.com\/2022-06-30\/3731255580839_743a9fc0b5f63f195af3_72.jpg",
            "first_name": "parensburger",
            "real_name": "parensburger",
            "display_name": "Peter",
            "team": "T017P3M8W7K",
            "name": "parensburger",
            "is_restricted": false,
            "is_ultra_restricted": false
        }
    },
    {
        "client_msg_id": "e91baa27-d3aa-4022-8eb3-e79b5e59b1a8",
        "type": "message",
        "text": "modified script \"process_clipboard-check_tir2.pl\" to not create a file with the output of the best element after the first review. This is unnecessary since everything goes through a second round of review. Going back to fix this in the folders.",
        "user": "U01793PULLV",
        "ts": "1678729441.404999",
        "blocks": [
            {
                "type": "rich_text",
                "block_id": "ybo",
                "elements": [
                    {
                        "type": "rich_text_section",
                        "elements": [
                            {
                                "type": "text",
                                "text": "modified script \"process_clipboard-check_tir2.pl\" to not create a file with the output of the best element after the first review. This is unnecessary since everything goes through a second round of review. Going back to fix this in the folders."
                            }
                        ]
                    }
                ]
            }
        ],
        "team": "T017P3M8W7K",
        "user_team": "T017P3M8W7K",
        "source_team": "T017P3M8W7K",
        "user_profile": {
            "avatar_hash": "743a9fc0b5f6",
            "image_72": "https:\/\/avatars.slack-edge.com\/2022-06-30\/3731255580839_743a9fc0b5f63f195af3_72.jpg",
            "first_name": "parensburger",
            "real_name": "parensburger",
            "display_name": "Peter",
            "team": "T017P3M8W7K",
            "name": "parensburger",
            "is_restricted": false,
            "is_ultra_restricted": false
        }
    },
    {
        "type": "message",
        "text": "peter@carmen:~\/Desktop$ find ~\/db\/protein_TEs -type f -name \"*-sequences.maf\" &gt; input.txt\nthen cleaned up old files with the script attached.",
        "files": [
            {
                "id": "F04TRKC487L",
                "created": 1678743861,
                "timestamp": 1678743861,
                "name": "edit_readme.pl",
                "title": "edit_readme.pl",
                "mimetype": "text\/plain",
                "filetype": "perl",
                "pretty_type": "Perl",
                "user": "U01793PULLV",
                "user_team": "T017P3M8W7K",
                "editable": true,
                "size": 688,
                "mode": "snippet",
                "is_external": false,
                "external_type": "",
                "is_public": true,
                "public_url_shared": false,
                "display_as_bot": false,
                "username": "",
                "url_private": "https:\/\/files.slack.com\/files-pri\/T017P3M8W7K-F04TRKC487L\/edit_readme.pl?t=xoxe-1261123302257-6395895314663-6407612319125-137f2171a6b5696e8e285d5b7bbfa693",
                "url_private_download": "https:\/\/files.slack.com\/files-pri\/T017P3M8W7K-F04TRKC487L\/download\/edit_readme.pl?t=xoxe-1261123302257-6395895314663-6407612319125-137f2171a6b5696e8e285d5b7bbfa693",
                "permalink": "https:\/\/arensburgerla-9bj1862.slack.com\/files\/U01793PULLV\/F04TRKC487L\/edit_readme.pl",
                "permalink_public": "https:\/\/slack-files.com\/T017P3M8W7K-F04TRKC487L-b5827341ef",
                "edit_link": "https:\/\/arensburgerla-9bj1862.slack.com\/files\/U01793PULLV\/F04TRKC487L\/edit_readme.pl\/edit",
                "is_starred": false,
                "has_rich_preview": false,
                "file_access": "visible"
            }
        ],
        "upload": false,
        "user": "U01793PULLV",
        "display_as_bot": false,
        "ts": "1678743864.873089",
        "blocks": [
            {
                "type": "rich_text",
                "block_id": "c7SZF",
                "elements": [
                    {
                        "type": "rich_text_section",
                        "elements": [
                            {
                                "type": "text",
                                "text": "peter@carmen:~\/Desktop$ find ~\/db\/protein_TEs -type f -name \"*-sequences.maf\" > input.txt\nthen cleaned up old files with the script attached."
                            }
                        ]
                    }
                ]
            }
        ],
        "client_msg_id": "0a6a4593-a5ab-444c-af62-01803e9c7304"
    }
]