[
    {
        "client_msg_id": "3e019966-cdeb-4a7d-af9b-032d3089beb8",
        "type": "message",
        "text": "Running the second step of TE analysis on faust\n```peter@Carmen:~\/Desktop\/TE_discovery_Ptep3\/protein$ scp protein_s1.txt peter@faust:\/home\/peter\/Ptep3_TE_protein\/\nprotein_s1.txt                                100%   19KB 420.1KB\/s   00:00\npeter@Carmen:~\/Desktop\/TE_discovery_Ptep3\/protein$ scp good_blast.o peter@faust:\/home\/peter\/Ptep3_TE_protein\/\ngood_blast.o\npeter@faust:~\/Ptep3_TE_protein$ perl ~\/Desktop\/TE_discovery_Ptep3\/scripts\/create_directories2.pl -in protein_s1.txt \npeter@faust:~\/Ptep3_TE_protein$ nohup perl ~\/Desktop\/TE_discovery_Ptep3\/scripts\/process_folders-blast-and-cons2.pl -t protein_s1.txt -b good_blast.o &amp;```",
        "user": "U01793PULLV",
        "ts": "1676684730.439619",
        "blocks": [
            {
                "type": "rich_text",
                "block_id": "FKf8P",
                "elements": [
                    {
                        "type": "rich_text_section",
                        "elements": [
                            {
                                "type": "text",
                                "text": "Running the second step of TE analysis on faust\n"
                            }
                        ]
                    },
                    {
                        "type": "rich_text_preformatted",
                        "elements": [
                            {
                                "type": "text",
                                "text": "peter@Carmen:~\/Desktop\/TE_discovery_Ptep3\/protein$ scp protein_s1.txt peter@faust:\/home\/peter\/Ptep3_TE_protein\/\nprotein_s1.txt                                100%   19KB 420.1KB\/s   00:00\npeter@Carmen:~\/Desktop\/TE_discovery_Ptep3\/protein$ scp good_blast.o peter@faust:\/home\/peter\/Ptep3_TE_protein\/\ngood_blast.o\npeter@faust:~\/Ptep3_TE_protein$ perl ~\/Desktop\/TE_discovery_Ptep3\/scripts\/create_directories2.pl -in protein_s1.txt \npeter@faust:~\/Ptep3_TE_protein$ nohup perl ~\/Desktop\/TE_discovery_Ptep3\/scripts\/process_folders-blast-and-cons2.pl -t protein_s1.txt -b good_blast.o &"
                            }
                        ],
                        "border": 0
                    }
                ]
            }
        ],
        "team": "T017P3M8W7K",
        "user_team": "T017P3M8W7K",
        "source_team": "T017P3M8W7K",
        "user_profile": {
            "avatar_hash": "743a9fc0b5f6",
            "image_72": "https:\/\/avatars.slack-edge.com\/2022-06-30\/3731255580839_743a9fc0b5f63f195af3_72.jpg",
            "first_name": "parensburger",
            "real_name": "parensburger",
            "display_name": "Peter",
            "team": "T017P3M8W7K",
            "name": "parensburger",
            "is_restricted": false,
            "is_ultra_restricted": false
        }
    }
]