[
    {
        "type": "message",
        "text": "Wrote script help with the classification. It takes as input one or several lines from protein_s3.ods and opens the review page",
        "files": [
            {
                "id": "F05LXTJVB5H",
                "created": 1691538441,
                "timestamp": 1691538441,
                "name": "Review3_classification.pl",
                "title": "Review3_classification.pl",
                "mimetype": "text\/plain",
                "filetype": "perl",
                "pretty_type": "Perl",
                "user": "U01793PULLV",
                "user_team": "T017P3M8W7K",
                "editable": true,
                "size": 4568,
                "mode": "snippet",
                "is_external": false,
                "external_type": "",
                "is_public": true,
                "public_url_shared": false,
                "display_as_bot": false,
                "username": "",
                "url_private": "https:\/\/files.slack.com\/files-pri\/T017P3M8W7K-F05LXTJVB5H\/review3_classification.pl?t=xoxe-1261123302257-6395895314663-6407612319125-137f2171a6b5696e8e285d5b7bbfa693",
                "url_private_download": "https:\/\/files.slack.com\/files-pri\/T017P3M8W7K-F05LXTJVB5H\/download\/review3_classification.pl?t=xoxe-1261123302257-6395895314663-6407612319125-137f2171a6b5696e8e285d5b7bbfa693",
                "permalink": "https:\/\/arensburgerla-9bj1862.slack.com\/files\/U01793PULLV\/F05LXTJVB5H\/review3_classification.pl",
                "permalink_public": "https:\/\/slack-files.com\/T017P3M8W7K-F05LXTJVB5H-1f296b6540",
                "edit_link": "https:\/\/arensburgerla-9bj1862.slack.com\/files\/U01793PULLV\/F05LXTJVB5H\/review3_classification.pl\/edit",
                "is_starred": false,
                "has_rich_preview": false,
                "file_access": "visible"
            }
        ],
        "upload": false,
        "user": "U01793PULLV",
        "display_as_bot": false,
        "ts": "1691623533.302349",
        "blocks": [
            {
                "type": "rich_text",
                "block_id": "QX=vg",
                "elements": [
                    {
                        "type": "rich_text_section",
                        "elements": [
                            {
                                "type": "text",
                                "text": "Wrote script help with the classification. It takes as input one or several lines from protein_s3.ods and opens the review page"
                            }
                        ]
                    }
                ]
            }
        ],
        "client_msg_id": "6fd38a05-9754-4b6b-9853-13d65fb38793"
    },
    {
        "client_msg_id": "50cd4d6e-d20d-4b9f-91a4-72ef47f753cf",
        "type": "message",
        "text": "I find that it would help the classification a lot if I had the interpro annotations for the transposases. Add a step after Review3_transposase.pl to download all the transposases and run them on interpro, then incorporate those results into Review3_classification.pl.\nAlso to do:\n1. update interpro on faust\n2. remove the * at the end of the transposase prior to running it\n3. put X not ? for unknown amino acids",
        "user": "U01793PULLV",
        "ts": "1691625386.120909",
        "blocks": [
            {
                "type": "rich_text",
                "block_id": "hmcRM",
                "elements": [
                    {
                        "type": "rich_text_section",
                        "elements": [
                            {
                                "type": "text",
                                "text": "I find that it would help the classification a lot if I had the interpro annotations for the transposases. Add a step after Review3_transposase.pl to download all the transposases and run them on interpro, then incorporate those results into Review3_classification.pl.\nAlso to do:\n"
                            }
                        ]
                    },
                    {
                        "type": "rich_text_list",
                        "elements": [
                            {
                                "type": "rich_text_section",
                                "elements": [
                                    {
                                        "type": "text",
                                        "text": "update interpro on faust"
                                    }
                                ]
                            },
                            {
                                "type": "rich_text_section",
                                "elements": [
                                    {
                                        "type": "text",
                                        "text": "remove the * at the end of the transposase prior to running it"
                                    }
                                ]
                            },
                            {
                                "type": "rich_text_section",
                                "elements": [
                                    {
                                        "type": "text",
                                        "text": "put X not ? for unknown amino acids"
                                    }
                                ]
                            }
                        ],
                        "style": "ordered",
                        "indent": 0,
                        "border": 0
                    }
                ]
            }
        ],
        "team": "T017P3M8W7K",
        "user_team": "T017P3M8W7K",
        "source_team": "T017P3M8W7K",
        "user_profile": {
            "avatar_hash": "743a9fc0b5f6",
            "image_72": "https:\/\/avatars.slack-edge.com\/2022-06-30\/3731255580839_743a9fc0b5f63f195af3_72.jpg",
            "first_name": "parensburger",
            "real_name": "parensburger",
            "display_name": "Peter",
            "team": "T017P3M8W7K",
            "name": "parensburger",
            "is_restricted": false,
            "is_ultra_restricted": false
        }
    },
    {
        "type": "message",
        "text": "Wrote script for preparing interpro\n```peter@carmen:~\/Desktop\/TE_discovery_Ptep3\/protein$ perl Review3_interpro.pl -t protein_s3.ods &gt; Review3_interpro_input.fa```",
        "files": [
            {
                "id": "F05LQMJSCSK",
                "created": 1691630265,
                "timestamp": 1691630265,
                "name": "Review3_interpro.pl",
                "title": "Review3_interpro.pl",
                "mimetype": "text\/plain",
                "filetype": "perl",
                "pretty_type": "Perl",
                "user": "U01793PULLV",
                "user_team": "T017P3M8W7K",
                "editable": true,
                "size": 5055,
                "mode": "snippet",
                "is_external": false,
                "external_type": "",
                "is_public": true,
                "public_url_shared": false,
                "display_as_bot": false,
                "username": "",
                "url_private": "https:\/\/files.slack.com\/files-pri\/T017P3M8W7K-F05LQMJSCSK\/review3_interpro.pl?t=xoxe-1261123302257-6395895314663-6407612319125-137f2171a6b5696e8e285d5b7bbfa693",
                "url_private_download": "https:\/\/files.slack.com\/files-pri\/T017P3M8W7K-F05LQMJSCSK\/download\/review3_interpro.pl?t=xoxe-1261123302257-6395895314663-6407612319125-137f2171a6b5696e8e285d5b7bbfa693",
                "permalink": "https:\/\/arensburgerla-9bj1862.slack.com\/files\/U01793PULLV\/F05LQMJSCSK\/review3_interpro.pl",
                "permalink_public": "https:\/\/slack-files.com\/T017P3M8W7K-F05LQMJSCSK-b8ec12b413",
                "edit_link": "https:\/\/arensburgerla-9bj1862.slack.com\/files\/U01793PULLV\/F05LQMJSCSK\/review3_interpro.pl\/edit",
                "is_starred": false,
                "has_rich_preview": false,
                "file_access": "visible"
            }
        ],
        "upload": false,
        "user": "U01793PULLV",
        "display_as_bot": false,
        "ts": "1691630271.214959",
        "blocks": [
            {
                "type": "rich_text",
                "block_id": "znLqZ",
                "elements": [
                    {
                        "type": "rich_text_section",
                        "elements": [
                            {
                                "type": "text",
                                "text": "Wrote script for preparing interpro\n"
                            }
                        ]
                    },
                    {
                        "type": "rich_text_preformatted",
                        "elements": [
                            {
                                "type": "text",
                                "text": "peter@carmen:~\/Desktop\/TE_discovery_Ptep3\/protein$ perl Review3_interpro.pl -t protein_s3.ods > Review3_interpro_input.fa"
                            }
                        ],
                        "border": 0
                    }
                ]
            }
        ],
        "client_msg_id": "b0c6691a-ff5b-413d-af39-74d61d2775fb"
    },
    {
        "client_msg_id": "fce8be1c-435c-4f5b-bcac-a391c8a4bfdb",
        "type": "message",
        "text": "updating interpo scan on faust",
        "user": "U01793PULLV",
        "ts": "1691630431.097719",
        "blocks": [
            {
                "type": "rich_text",
                "block_id": "cMq",
                "elements": [
                    {
                        "type": "rich_text_section",
                        "elements": [
                            {
                                "type": "text",
                                "text": "updating interpo scan on faust"
                            }
                        ]
                    }
                ]
            }
        ],
        "team": "T017P3M8W7K",
        "user_team": "T017P3M8W7K",
        "source_team": "T017P3M8W7K",
        "user_profile": {
            "avatar_hash": "743a9fc0b5f6",
            "image_72": "https:\/\/avatars.slack-edge.com\/2022-06-30\/3731255580839_743a9fc0b5f63f195af3_72.jpg",
            "first_name": "parensburger",
            "real_name": "parensburger",
            "display_name": "Peter",
            "team": "T017P3M8W7K",
            "name": "parensburger",
            "is_restricted": false,
            "is_ultra_restricted": false
        },
        "thread_ts": "1691630431.097719",
        "reply_count": 1,
        "reply_users_count": 1,
        "latest_reply": "1691709817.718209",
        "reply_users": [
            "U01793PULLV"
        ],
        "replies": [
            {
                "user": "U01793PULLV",
                "ts": "1691709817.718209"
            }
        ],
        "is_locked": false,
        "subscribed": true,
        "last_read": "1691709817.718209"
    }
]