[
    {
        "client_msg_id": "cb0aec33-6970-4087-b637-127889e1a852",
        "type": "message",
        "text": "Rewriting the summary script in a v2. Now the script makes a consensus sequence, and makes consensus sequence of the TIRs and TSDs, saving these in separate files. I'm thinking I will eventually ditch the whole ORF groups",
        "user": "U01793PULLV",
        "ts": "1690933042.059199",
        "blocks": [
            {
                "type": "rich_text",
                "block_id": "Mzu",
                "elements": [
                    {
                        "type": "rich_text_section",
                        "elements": [
                            {
                                "type": "text",
                                "text": "Rewriting the summary script in a v2. Now the script makes a consensus sequence, and makes consensus sequence of the TIRs and TSDs, saving these in separate files. I'm thinking I will eventually ditch the whole ORF groups"
                            }
                        ]
                    }
                ]
            }
        ],
        "team": "T017P3M8W7K",
        "user_team": "T017P3M8W7K",
        "source_team": "T017P3M8W7K",
        "user_profile": {
            "avatar_hash": "743a9fc0b5f6",
            "image_72": "https:\/\/avatars.slack-edge.com\/2022-06-30\/3731255580839_743a9fc0b5f63f195af3_72.jpg",
            "first_name": "parensburger",
            "real_name": "parensburger",
            "display_name": "Peter",
            "team": "T017P3M8W7K",
            "name": "parensburger",
            "is_restricted": false,
            "is_ultra_restricted": false
        }
    },
    {
        "client_msg_id": "b47b25a2-66a3-4564-a5ec-5573abae7416",
        "type": "message",
        "text": "radically changing the script, removed all the ORF stuff. The idea now is that this script will analyze the ends and generate a file with the consensus sequences. That file will then be used with blastx and nr, and then reanalyzed for transposases.",
        "user": "U01793PULLV",
        "ts": "1690947599.941219",
        "blocks": [
            {
                "type": "rich_text",
                "block_id": "Txd",
                "elements": [
                    {
                        "type": "rich_text_section",
                        "elements": [
                            {
                                "type": "text",
                                "text": "radically changing the script, removed all the ORF stuff. The idea now is that this script will analyze the ends and generate a file with the consensus sequences. That file will then be used with blastx and nr, and then reanalyzed for transposases."
                            }
                        ]
                    }
                ]
            }
        ],
        "team": "T017P3M8W7K",
        "user_team": "T017P3M8W7K",
        "source_team": "T017P3M8W7K",
        "user_profile": {
            "avatar_hash": "743a9fc0b5f6",
            "image_72": "https:\/\/avatars.slack-edge.com\/2022-06-30\/3731255580839_743a9fc0b5f63f195af3_72.jpg",
            "first_name": "parensburger",
            "real_name": "parensburger",
            "display_name": "Peter",
            "team": "T017P3M8W7K",
            "name": "parensburger",
            "is_restricted": false,
            "is_ultra_restricted": false
        }
    }
]