[
    {
        "client_msg_id": "1bdb2323-fa2e-4f81-9dee-a1c6a173933e",
        "type": "message",
        "text": "```arensburger@pq:~\/Ptep3_TEs\/blastx$ blastx -db ~\/db\/Ptep3_protein\/Ptep3_prot -query .\/Review3_element_consensus.fa -out .\/Review3_Ptep3_blastx.out -num_threads 16 -evalue 1e-6 -outfmt \"6 qseqid sacc slen sstart send qstart qend evalue stitle\"```",
        "user": "U01793PULLV",
        "ts": "1691274459.552049",
        "blocks": [
            {
                "type": "rich_text",
                "block_id": "Skn",
                "elements": [
                    {
                        "type": "rich_text_preformatted",
                        "elements": [
                            {
                                "type": "text",
                                "text": "arensburger@pq:~\/Ptep3_TEs\/blastx$ blastx -db ~\/db\/Ptep3_protein\/Ptep3_prot -query .\/Review3_element_consensus.fa -out .\/Review3_Ptep3_blastx.out -num_threads 16 -evalue 1e-6 -outfmt \"6 qseqid sacc slen sstart send qstart qend evalue stitle\""
                            }
                        ],
                        "border": 0
                    }
                ]
            }
        ],
        "team": "T017P3M8W7K",
        "user_team": "T017P3M8W7K",
        "source_team": "T017P3M8W7K",
        "user_profile": {
            "avatar_hash": "743a9fc0b5f6",
            "image_72": "https:\/\/avatars.slack-edge.com\/2022-06-30\/3731255580839_743a9fc0b5f63f195af3_72.jpg",
            "first_name": "parensburger",
            "real_name": "parensburger",
            "display_name": "Peter",
            "team": "T017P3M8W7K",
            "name": "parensburger",
            "is_restricted": false,
            "is_ultra_restricted": false
        }
    },
    {
        "client_msg_id": "3fbccf27-dbcb-4a0b-b852-1437f14d3aaa",
        "type": "message",
        "text": "Getting the pipeline in order\n```peter@carmen:~\/Desktop\/TE_discovery_Ptep3\/protein$ perl Review3_consensus_sequences.pl -t temp2.txt\npeter@carmen:~\/Desktop\/TE_discovery_Ptep3\/protein$ perl Review3_transposase.pl -p temp_Ptep_blast.out -n temp_nr_blast.out &gt; protein_s3.xls```\nthis works and I can use the output file protein_s3.xls to record where the transposase boundaries are and what type of element this appears to be",
        "user": "U01793PULLV",
        "ts": "1691280002.609919",
        "blocks": [
            {
                "type": "rich_text",
                "block_id": "Q64",
                "elements": [
                    {
                        "type": "rich_text_section",
                        "elements": [
                            {
                                "type": "text",
                                "text": "Getting the pipeline in order\n"
                            }
                        ]
                    },
                    {
                        "type": "rich_text_preformatted",
                        "elements": [
                            {
                                "type": "text",
                                "text": "peter@carmen:~\/Desktop\/TE_discovery_Ptep3\/protein$ perl Review3_consensus_sequences.pl -t temp2.txt\npeter@carmen:~\/Desktop\/TE_discovery_Ptep3\/protein$ perl Review3_transposase.pl -p temp_Ptep_blast.out -n temp_nr_blast.out > protein_s3.xls"
                            }
                        ],
                        "border": 0
                    },
                    {
                        "type": "rich_text_section",
                        "elements": [
                            {
                                "type": "text",
                                "text": "this works and I can use the output file protein_s3.xls to record where the transposase boundaries are and what type of element this appears to be"
                            }
                        ]
                    }
                ]
            }
        ],
        "team": "T017P3M8W7K",
        "user_team": "T017P3M8W7K",
        "source_team": "T017P3M8W7K",
        "user_profile": {
            "avatar_hash": "743a9fc0b5f6",
            "image_72": "https:\/\/avatars.slack-edge.com\/2022-06-30\/3731255580839_743a9fc0b5f63f195af3_72.jpg",
            "first_name": "parensburger",
            "real_name": "parensburger",
            "display_name": "Peter",
            "team": "T017P3M8W7K",
            "name": "parensburger",
            "is_restricted": false,
            "is_ultra_restricted": false
        }
    }
]