[
    {
        "client_msg_id": "52010bfc-52da-49e3-b1c0-2d0890385d81",
        "type": "message",
        "text": "downloaded all the P. tep proteins from here ncbi, here <https:\/\/ftp.ncbi.nlm.nih.gov\/genomes\/all\/GCF\/000\/365\/465\/GCF_000365465.3_Ptep_3.0\/GCF_000365465.3_Ptep_3.0_protein.faa.gz>\nrunning blast\n```arensburger@pq:~\/Ptep3_TEs\/protein_blast$ more runblast.sh \n#!\/bin\/bash\n\/home\/arensburger\/bin\/ncbi-blast-2.2.29+\/bin\/tblastn -query \/home\/arensburger\/Ptep3_TEs\/protein_blast\/GCF_000365465.3_Ptep_3.0_protein.faa -db \/home\/arensburger\/Ptep3_TEs\/blast\/Ptep3-reduced.fa -outfmt \"6 qseqid sseqid piden\nt length mismatch gapopen qstart qend sstart send evalue bitscore qlen\" -out \/home\/arensburger\/Ptep3_TEs\/protein_blast\/blast.o -num_threads 20```",
        "user": "U01793PULLV",
        "ts": "1675625711.713419",
        "blocks": [
            {
                "type": "rich_text",
                "block_id": "dLG68",
                "elements": [
                    {
                        "type": "rich_text_section",
                        "elements": [
                            {
                                "type": "text",
                                "text": "downloaded all the P. tep proteins from here ncbi, here "
                            },
                            {
                                "type": "link",
                                "url": "https:\/\/ftp.ncbi.nlm.nih.gov\/genomes\/all\/GCF\/000\/365\/465\/GCF_000365465.3_Ptep_3.0\/GCF_000365465.3_Ptep_3.0_protein.faa.gz"
                            },
                            {
                                "type": "text",
                                "text": "\nrunning blast\n"
                            }
                        ]
                    },
                    {
                        "type": "rich_text_preformatted",
                        "elements": [
                            {
                                "type": "text",
                                "text": "arensburger@pq:~\/Ptep3_TEs\/protein_blast$ more runblast.sh \n#!\/bin\/bash\n\/home\/arensburger\/bin\/ncbi-blast-2.2.29+\/bin\/tblastn -query \/home\/arensburger\/Ptep3_TEs\/protein_blast\/GCF_000365465.3_Ptep_3.0_protein.faa -db \/home\/arensburger\/Ptep3_TEs\/blast\/Ptep3-reduced.fa -outfmt \"6 qseqid sseqid piden\nt length mismatch gapopen qstart qend sstart send evalue bitscore qlen\" -out \/home\/arensburger\/Ptep3_TEs\/protein_blast\/blast.o -num_threads 20"
                            }
                        ],
                        "border": 0
                    }
                ]
            }
        ],
        "team": "T017P3M8W7K",
        "user_team": "T017P3M8W7K",
        "source_team": "T017P3M8W7K",
        "user_profile": {
            "avatar_hash": "743a9fc0b5f6",
            "image_72": "https:\/\/avatars.slack-edge.com\/2022-06-30\/3731255580839_743a9fc0b5f63f195af3_72.jpg",
            "first_name": "parensburger",
            "real_name": "parensburger",
            "display_name": "Peter",
            "team": "T017P3M8W7K",
            "name": "parensburger",
            "is_restricted": false,
            "is_ultra_restricted": false
        },
        "thread_ts": "1675625711.713419",
        "reply_count": 2,
        "reply_users_count": 1,
        "latest_reply": "1675792093.740309",
        "reply_users": [
            "U01793PULLV"
        ],
        "replies": [
            {
                "user": "U01793PULLV",
                "ts": "1675697206.864539"
            },
            {
                "user": "U01793PULLV",
                "ts": "1675792093.740309"
            }
        ],
        "is_locked": false,
        "subscribed": true,
        "last_read": "1675792093.740309"
    }
]