[
    {
        "client_msg_id": "14d3e3cc-f3ea-4c92-a6fd-42339774180c",
        "type": "message",
        "text": "Two tasks: 1) update the get-real-sequences3.pl script to make consensus files optional, 2) update the summarize_elements3.pl script to run interpro on any consensus sequences and report the results in the summary file.\nFor the interpro file, I should run as this (could reduce the number of analyses if necessary)\n``` peter@Carmen:~\/Desktop$ interproscan.sh -t n -i cons.fa -appl CDD,COILS,Gene3D,HAMAP,MobiDBLite,Pfam,PANTHER,PIRSF,PRINTS,SFLD,SMART,SUPERFAMILY,TIGRFAM```",
        "user": "U01793PULLV",
        "ts": "1675306124.464889",
        "blocks": [
            {
                "type": "rich_text",
                "block_id": "O6yq",
                "elements": [
                    {
                        "type": "rich_text_section",
                        "elements": [
                            {
                                "type": "text",
                                "text": "Two tasks: 1) update the get-real-sequences3.pl script to make consensus files optional, 2) update the summarize_elements3.pl script to run interpro on any consensus sequences and report the results in the summary file.\nFor the interpro file, I should run as this (could reduce the number of analyses if necessary)\n"
                            }
                        ]
                    },
                    {
                        "type": "rich_text_preformatted",
                        "elements": [
                            {
                                "type": "text",
                                "text": " peter@Carmen:~\/Desktop$ interproscan.sh -t n -i cons.fa -appl CDD,COILS,Gene3D,HAMAP,MobiDBLite,Pfam,PANTHER,PIRSF,PRINTS,SFLD,SMART,SUPERFAMILY,TIGRFAM"
                            }
                        ],
                        "border": 0
                    }
                ]
            }
        ],
        "team": "T017P3M8W7K",
        "user_team": "T017P3M8W7K",
        "source_team": "T017P3M8W7K",
        "user_profile": {
            "avatar_hash": "743a9fc0b5f6",
            "image_72": "https:\/\/avatars.slack-edge.com\/2022-06-30\/3731255580839_743a9fc0b5f63f195af3_72.jpg",
            "first_name": "parensburger",
            "real_name": "parensburger",
            "display_name": "Peter",
            "team": "T017P3M8W7K",
            "name": "parensburger",
            "is_restricted": false,
            "is_ultra_restricted": false
        }
    },
    {
        "client_msg_id": "f7979730-22f0-451a-b3b9-b5c265c59f16",
        "type": "message",
        "text": "Task 1 is done",
        "user": "U01793PULLV",
        "ts": "1675307506.164799",
        "blocks": [
            {
                "type": "rich_text",
                "block_id": "jkt",
                "elements": [
                    {
                        "type": "rich_text_section",
                        "elements": [
                            {
                                "type": "text",
                                "text": "Task 1 is done"
                            }
                        ]
                    }
                ]
            }
        ],
        "team": "T017P3M8W7K",
        "user_team": "T017P3M8W7K",
        "source_team": "T017P3M8W7K",
        "user_profile": {
            "avatar_hash": "743a9fc0b5f6",
            "image_72": "https:\/\/avatars.slack-edge.com\/2022-06-30\/3731255580839_743a9fc0b5f63f195af3_72.jpg",
            "first_name": "parensburger",
            "real_name": "parensburger",
            "display_name": "Peter",
            "team": "T017P3M8W7K",
            "name": "parensburger",
            "is_restricted": false,
            "is_ultra_restricted": false
        }
    }
]