[
    {
        "client_msg_id": "ce71f16e-b053-44de-b717-914a3adae87e",
        "type": "message",
        "text": "realized that the script that merges elements will print two incomplete end elements that are nested. Fixing that and made it that all the merged and non-merged sequences are reported as having either full or incomplete ends",
        "user": "U01793PULLV",
        "ts": "1684716711.404679",
        "blocks": [
            {
                "type": "rich_text",
                "block_id": "8Y9K",
                "elements": [
                    {
                        "type": "rich_text_section",
                        "elements": [
                            {
                                "type": "text",
                                "text": "realized that the script that merges elements will print two incomplete end elements that are nested. Fixing that and made it that all the merged and non-merged sequences are reported as having either full or incomplete ends"
                            }
                        ]
                    }
                ]
            }
        ],
        "team": "T017P3M8W7K",
        "user_team": "T017P3M8W7K",
        "source_team": "T017P3M8W7K",
        "user_profile": {
            "avatar_hash": "743a9fc0b5f6",
            "image_72": "https:\/\/avatars.slack-edge.com\/2022-06-30\/3731255580839_743a9fc0b5f63f195af3_72.jpg",
            "first_name": "parensburger",
            "real_name": "parensburger",
            "display_name": "Peter",
            "team": "T017P3M8W7K",
            "name": "parensburger",
            "is_restricted": false,
            "is_ultra_restricted": false
        }
    }
]