[
    {
        "client_msg_id": "ed63ad58-2ba5-4cc0-9645-2659c938bf0b",
        "type": "message",
        "text": "because I restored the old database, need to run the script to get real sequences again\n```peter@carmen:~\/Desktop\/TE_discovery_Ptep3\/protein$ ls ~\/db\/protein_TEs\/ &gt; temp.txt\npeter@carmen:~\/Desktop\/TE_discovery_Ptep3\/protein$ perl ..\/scripts\/process_folders-get_real_sequences3.pl -t temp.txt```",
        "user": "U01793PULLV",
        "ts": "1682292573.475509",
        "blocks": [
            {
                "type": "rich_text",
                "block_id": "bcx",
                "elements": [
                    {
                        "type": "rich_text_section",
                        "elements": [
                            {
                                "type": "text",
                                "text": "because I restored the old database, need to run the script to get real sequences again\n"
                            }
                        ]
                    },
                    {
                        "type": "rich_text_preformatted",
                        "elements": [
                            {
                                "type": "text",
                                "text": "peter@carmen:~\/Desktop\/TE_discovery_Ptep3\/protein$ ls ~\/db\/protein_TEs\/ > temp.txt\npeter@carmen:~\/Desktop\/TE_discovery_Ptep3\/protein$ perl ..\/scripts\/process_folders-get_real_sequences3.pl -t temp.txt"
                            }
                        ],
                        "border": 0
                    }
                ]
            }
        ],
        "team": "T017P3M8W7K",
        "user_team": "T017P3M8W7K",
        "source_team": "T017P3M8W7K",
        "user_profile": {
            "avatar_hash": "743a9fc0b5f6",
            "image_72": "https:\/\/avatars.slack-edge.com\/2022-06-30\/3731255580839_743a9fc0b5f63f195af3_72.jpg",
            "first_name": "parensburger",
            "real_name": "parensburger",
            "display_name": "Peter",
            "team": "T017P3M8W7K",
            "name": "parensburger",
            "is_restricted": false,
            "is_ultra_restricted": false
        }
    },
    {
        "client_msg_id": "5ea7af95-5ce3-42eb-af51-170a52a9e817",
        "type": "message",
        "text": "The more I think of it, I think it was a mistake yesterday to exclude elements that have a Review2 but were did not have an element identified, because these elements could be merged with other. I am restoring the March 13 database and re-running the identify_elements.pl script, but this time keeping any element that had a review2 and was identified as an element (even if it's unknown).",
        "user": "U01793PULLV",
        "ts": "1682293339.402779",
        "blocks": [
            {
                "type": "rich_text",
                "block_id": "v90ae",
                "elements": [
                    {
                        "type": "rich_text_section",
                        "elements": [
                            {
                                "type": "text",
                                "text": "The more I think of it, I think it was a mistake yesterday to exclude elements that have a Review2 but were did not have an element identified, because these elements could be merged with other. I am restoring the March 13 database and re-running the identify_elements.pl script, but this time keeping any element that had a review2 and was identified as an element (even if it's unknown)."
                            }
                        ]
                    }
                ]
            }
        ],
        "team": "T017P3M8W7K",
        "user_team": "T017P3M8W7K",
        "source_team": "T017P3M8W7K",
        "user_profile": {
            "avatar_hash": "743a9fc0b5f6",
            "image_72": "https:\/\/avatars.slack-edge.com\/2022-06-30\/3731255580839_743a9fc0b5f63f195af3_72.jpg",
            "first_name": "parensburger",
            "real_name": "parensburger",
            "display_name": "Peter",
            "team": "T017P3M8W7K",
            "name": "parensburger",
            "is_restricted": false,
            "is_ultra_restricted": false
        }
    }
]