[
    {
        "client_msg_id": "58626e95-009b-4207-822a-53438b6a8ea5",
        "type": "message",
        "text": "This does not seem like it's adding much, ignoring",
        "user": "U01793PULLV",
        "ts": "1689295097.615339",
        "blocks": [
            {
                "type": "rich_text",
                "block_id": "c01G",
                "elements": [
                    {
                        "type": "rich_text_section",
                        "elements": [
                            {
                                "type": "text",
                                "text": "This does not seem like it's adding much, ignoring"
                            }
                        ]
                    }
                ]
            }
        ],
        "team": "T017P3M8W7K",
        "user_team": "T017P3M8W7K",
        "source_team": "T017P3M8W7K",
        "user_profile": {
            "avatar_hash": "743a9fc0b5f6",
            "image_72": "https:\/\/avatars.slack-edge.com\/2022-06-30\/3731255580839_743a9fc0b5f63f195af3_72.jpg",
            "first_name": "parensburger",
            "real_name": "parensburger",
            "display_name": "Peter",
            "team": "T017P3M8W7K",
            "name": "parensburger",
            "is_restricted": false,
            "is_ultra_restricted": false
        },
        "thread_ts": "1689214976.350119",
        "parent_user_id": "U01793PULLV"
    },
    {
        "client_msg_id": "4ead820a-4cee-4537-88aa-5216bc4bbb8b",
        "type": "message",
        "text": "Now the sequences are written to the directory and the README is updated. It looks like the most interesting way of reviewing these is to align sequences with similar TIRs. Append to the end of the report all the nucleotide sequences with identical or similar TIRs, so that they can easily be aligned later and a consensus made.",
        "user": "U01793PULLV",
        "ts": "1689295224.945709",
        "blocks": [
            {
                "type": "rich_text",
                "block_id": "+jYb",
                "elements": [
                    {
                        "type": "rich_text_section",
                        "elements": [
                            {
                                "type": "text",
                                "text": "Now the sequences are written to the directory and the README is updated. It looks like the most interesting way of reviewing these is to align sequences with similar TIRs. Append to the end of the report all the nucleotide sequences with identical or similar TIRs, so that they can easily be aligned later and a consensus made."
                            }
                        ]
                    }
                ]
            }
        ],
        "team": "T017P3M8W7K",
        "user_team": "T017P3M8W7K",
        "source_team": "T017P3M8W7K",
        "user_profile": {
            "avatar_hash": "743a9fc0b5f6",
            "image_72": "https:\/\/avatars.slack-edge.com\/2022-06-30\/3731255580839_743a9fc0b5f63f195af3_72.jpg",
            "first_name": "parensburger",
            "real_name": "parensburger",
            "display_name": "Peter",
            "team": "T017P3M8W7K",
            "name": "parensburger",
            "is_restricted": false,
            "is_ultra_restricted": false
        }
    }
]