[
    {
        "type": "message",
        "text": "working on the summarize script. Got it to print all the elements, the DNA sequences, the ORFs sorted by size and orientation. Need to add TSD-TIR information, as well as annotation and cluster information",
        "files": [
            {
                "id": "F05969LE9MG",
                "created": 1684887713,
                "timestamp": 1684887713,
                "name": "summarize_DNA_ORF.pl",
                "title": "summarize_DNA_ORF.pl",
                "mimetype": "text\/plain",
                "filetype": "perl",
                "pretty_type": "Perl",
                "user": "U01793PULLV",
                "user_team": "T017P3M8W7K",
                "editable": true,
                "size": 5600,
                "mode": "snippet",
                "is_external": false,
                "external_type": "",
                "is_public": true,
                "public_url_shared": false,
                "display_as_bot": false,
                "username": "",
                "url_private": "https:\/\/files.slack.com\/files-pri\/T017P3M8W7K-F05969LE9MG\/summarize_dna_orf.pl?t=xoxe-1261123302257-6395895314663-6407612319125-137f2171a6b5696e8e285d5b7bbfa693",
                "url_private_download": "https:\/\/files.slack.com\/files-pri\/T017P3M8W7K-F05969LE9MG\/download\/summarize_dna_orf.pl?t=xoxe-1261123302257-6395895314663-6407612319125-137f2171a6b5696e8e285d5b7bbfa693",
                "permalink": "https:\/\/arensburgerla-9bj1862.slack.com\/files\/U01793PULLV\/F05969LE9MG\/summarize_dna_orf.pl",
                "permalink_public": "https:\/\/slack-files.com\/T017P3M8W7K-F05969LE9MG-aabf5faeb7",
                "edit_link": "https:\/\/arensburgerla-9bj1862.slack.com\/files\/U01793PULLV\/F05969LE9MG\/summarize_dna_orf.pl\/edit",
                "is_starred": false,
                "has_rich_preview": false,
                "file_access": "visible"
            }
        ],
        "upload": false,
        "user": "U01793PULLV",
        "display_as_bot": false,
        "ts": "1684946767.265619",
        "blocks": [
            {
                "type": "rich_text",
                "block_id": "JHWa",
                "elements": [
                    {
                        "type": "rich_text_section",
                        "elements": [
                            {
                                "type": "text",
                                "text": "working on the summarize script. Got it to print all the elements, the DNA sequences, the ORFs sorted by size and orientation. Need to add TSD-TIR information, as well as annotation and cluster information"
                            }
                        ]
                    }
                ]
            }
        ],
        "client_msg_id": "f98fd766-414c-473b-90c9-7b7e919d6a93"
    }
]