[
    {
        "client_msg_id": "7943855d-6ccc-4731-ad69-78c2a9320de3",
        "type": "message",
        "text": "working on the \"get real sequences\" script to output fasta file with boundaries adjusted for each element",
        "user": "U01793PULLV",
        "ts": "1679014828.823279",
        "blocks": [
            {
                "type": "rich_text",
                "block_id": "B0csW",
                "elements": [
                    {
                        "type": "rich_text_section",
                        "elements": [
                            {
                                "type": "text",
                                "text": "working on the \"get real sequences\" script to output fasta file with boundaries adjusted for each element"
                            }
                        ]
                    }
                ]
            }
        ],
        "team": "T017P3M8W7K",
        "user_team": "T017P3M8W7K",
        "source_team": "T017P3M8W7K",
        "user_profile": {
            "avatar_hash": "743a9fc0b5f6",
            "image_72": "https:\/\/avatars.slack-edge.com\/2022-06-30\/3731255580839_743a9fc0b5f63f195af3_72.jpg",
            "first_name": "parensburger",
            "real_name": "parensburger",
            "display_name": "Peter",
            "team": "T017P3M8W7K",
            "name": "parensburger",
            "is_restricted": false,
            "is_ultra_restricted": false
        }
    }
]