[
    {
        "type": "message",
        "text": "fixed the \"make_consensus.pl\" issue, made a v2 of the script, this time taking both N and - symbols into account.",
        "files": [
            {
                "id": "F04QEGD4JL9",
                "created": 1676594819,
                "timestamp": 1676594819,
                "name": "make_consensus2.pl",
                "title": "make_consensus2.pl",
                "mimetype": "text\/plain",
                "filetype": "perl",
                "pretty_type": "Perl",
                "user": "U01793PULLV",
                "user_team": "T017P3M8W7K",
                "editable": true,
                "size": 7231,
                "mode": "snippet",
                "is_external": false,
                "external_type": "",
                "is_public": true,
                "public_url_shared": false,
                "display_as_bot": false,
                "username": "",
                "url_private": "https:\/\/files.slack.com\/files-pri\/T017P3M8W7K-F04QEGD4JL9\/make_consensus2.pl?t=xoxe-1261123302257-6395895314663-6407612319125-137f2171a6b5696e8e285d5b7bbfa693",
                "url_private_download": "https:\/\/files.slack.com\/files-pri\/T017P3M8W7K-F04QEGD4JL9\/download\/make_consensus2.pl?t=xoxe-1261123302257-6395895314663-6407612319125-137f2171a6b5696e8e285d5b7bbfa693",
                "permalink": "https:\/\/arensburgerla-9bj1862.slack.com\/files\/U01793PULLV\/F04QEGD4JL9\/make_consensus2.pl",
                "permalink_public": "https:\/\/slack-files.com\/T017P3M8W7K-F04QEGD4JL9-0915c7b034",
                "edit_link": "https:\/\/arensburgerla-9bj1862.slack.com\/files\/U01793PULLV\/F04QEGD4JL9\/make_consensus2.pl\/edit",
                "is_starred": false,
                "has_rich_preview": false,
                "file_access": "visible"
            }
        ],
        "upload": false,
        "user": "U01793PULLV",
        "display_as_bot": false,
        "ts": "1676594824.120649",
        "blocks": [
            {
                "type": "rich_text",
                "block_id": "uDhLu",
                "elements": [
                    {
                        "type": "rich_text_section",
                        "elements": [
                            {
                                "type": "text",
                                "text": "fixed the \"make_consensus.pl\" issue, made a v2 of the script, this time taking both N and - symbols into account."
                            }
                        ]
                    }
                ]
            }
        ],
        "client_msg_id": "f86ffb36-1fe9-4fe3-b10b-decb9ef0f66b"
    },
    {
        "client_msg_id": "857ef956-a299-4878-898b-c2619e7c17f9",
        "type": "message",
        "text": "renamed file to keep in line with new protocol description\n```peter@Carmen:~\/Desktop\/TE_discovery_Ptep3\/protein$ mv good_blast.txt protein_v1.txt```",
        "user": "U01793PULLV",
        "ts": "1676603320.603369",
        "blocks": [
            {
                "type": "rich_text",
                "block_id": "+EBkF",
                "elements": [
                    {
                        "type": "rich_text_section",
                        "elements": [
                            {
                                "type": "text",
                                "text": "renamed file to keep in line with new protocol description\n"
                            }
                        ]
                    },
                    {
                        "type": "rich_text_preformatted",
                        "elements": [
                            {
                                "type": "text",
                                "text": "peter@Carmen:~\/Desktop\/TE_discovery_Ptep3\/protein$ mv good_blast.txt protein_v1.txt"
                            }
                        ],
                        "border": 0
                    }
                ]
            }
        ],
        "team": "T017P3M8W7K",
        "user_team": "T017P3M8W7K",
        "source_team": "T017P3M8W7K",
        "user_profile": {
            "avatar_hash": "743a9fc0b5f6",
            "image_72": "https:\/\/avatars.slack-edge.com\/2022-06-30\/3731255580839_743a9fc0b5f63f195af3_72.jpg",
            "first_name": "parensburger",
            "real_name": "parensburger",
            "display_name": "Peter",
            "team": "T017P3M8W7K",
            "name": "parensburger",
            "is_restricted": false,
            "is_ultra_restricted": false
        }
    },
    {
        "type": "message",
        "text": "Adding the TIR and TSD finding scripts into process_folders_blast-and-cons2.pl,\nAlso started a document with the methods for protein analysis",
        "files": [
            {
                "id": "F04PVMZ1ZPY",
                "created": 1676603400,
                "timestamp": 1676603400,
                "name": "Protein Protocol Description.odt",
                "title": "Protein Protocol Description.odt",
                "mimetype": "application\/vnd.oasis.opendocument.text",
                "filetype": "odt",
                "pretty_type": "OpenDocument Text",
                "user": "U01793PULLV",
                "user_team": "T017P3M8W7K",
                "editable": false,
                "size": 44728,
                "mode": "hosted",
                "is_external": false,
                "external_type": "",
                "is_public": true,
                "public_url_shared": false,
                "display_as_bot": false,
                "username": "",
                "url_private": "https:\/\/files.slack.com\/files-pri\/T017P3M8W7K-F04PVMZ1ZPY\/protein_protocol_description.odt?t=xoxe-1261123302257-6395895314663-6407612319125-137f2171a6b5696e8e285d5b7bbfa693",
                "url_private_download": "https:\/\/files.slack.com\/files-pri\/T017P3M8W7K-F04PVMZ1ZPY\/download\/protein_protocol_description.odt?t=xoxe-1261123302257-6395895314663-6407612319125-137f2171a6b5696e8e285d5b7bbfa693",
                "media_display_type": "unknown",
                "converted_pdf": "https:\/\/files.slack.com\/files-tmb\/T017P3M8W7K-F04PVMZ1ZPY-7d842179ec\/protein_protocol_description_converted.pdf?t=xoxe-1261123302257-6395895314663-6407612319125-137f2171a6b5696e8e285d5b7bbfa693",
                "thumb_pdf": "https:\/\/files.slack.com\/files-tmb\/T017P3M8W7K-F04PVMZ1ZPY-7d842179ec\/protein_protocol_description_thumb_pdf.png?t=xoxe-1261123302257-6395895314663-6407612319125-137f2171a6b5696e8e285d5b7bbfa693",
                "thumb_pdf_w": 935,
                "thumb_pdf_h": 1210,
                "permalink": "https:\/\/arensburgerla-9bj1862.slack.com\/files\/U01793PULLV\/F04PVMZ1ZPY\/protein_protocol_description.odt",
                "permalink_public": "https:\/\/slack-files.com\/T017P3M8W7K-F04PVMZ1ZPY-19371c3570",
                "is_starred": false,
                "has_rich_preview": false,
                "file_access": "visible"
            }
        ],
        "upload": false,
        "user": "U01793PULLV",
        "display_as_bot": false,
        "ts": "1676603405.733029",
        "blocks": [
            {
                "type": "rich_text",
                "block_id": "RuBg",
                "elements": [
                    {
                        "type": "rich_text_section",
                        "elements": [
                            {
                                "type": "text",
                                "text": "Adding the TIR and TSD finding scripts into process_folders_blast-and-cons2.pl,\nAlso started a document with the methods for protein analysis"
                            }
                        ]
                    }
                ]
            }
        ],
        "client_msg_id": "1c8ea626-1e7d-40f1-817c-f1d97bbba559"
    }
]