[
    {
        "client_msg_id": "12a62d67-3892-4c3b-adcc-fe3c05e37f55",
        "type": "message",
        "text": "From the reports looking at elements that are complete with no question:\n15 Tc1\n1 Tc3\n4 tigger\n5 hAT",
        "user": "U01793PULLV",
        "ts": "1693082291.635529",
        "blocks": [
            {
                "type": "rich_text",
                "block_id": "KUcY",
                "elements": [
                    {
                        "type": "rich_text_section",
                        "elements": [
                            {
                                "type": "text",
                                "text": "From the reports looking at elements that are complete with no question:\n15 Tc1\n1 Tc3\n4 tigger\n5 hAT"
                            }
                        ]
                    }
                ]
            }
        ],
        "team": "T017P3M8W7K",
        "user_team": "T017P3M8W7K",
        "source_team": "T017P3M8W7K",
        "user_profile": {
            "avatar_hash": "743a9fc0b5f6",
            "image_72": "https:\/\/avatars.slack-edge.com\/2022-06-30\/3731255580839_743a9fc0b5f63f195af3_72.jpg",
            "first_name": "parensburger",
            "real_name": "parensburger",
            "display_name": "Peter",
            "team": "T017P3M8W7K",
            "name": "parensburger",
            "is_restricted": false,
            "is_ultra_restricted": false
        }
    },
    {
        "client_msg_id": "1393051b-96df-43d4-87aa-47172479fe93",
        "type": "message",
        "text": "Next thing to do is to map these \"good\" elements to genome using RepeatMasker see how much they cover and where",
        "user": "U01793PULLV",
        "ts": "1693083275.006819",
        "blocks": [
            {
                "type": "rich_text",
                "block_id": "Qlj",
                "elements": [
                    {
                        "type": "rich_text_section",
                        "elements": [
                            {
                                "type": "text",
                                "text": "Next thing to do is to map these \"good\" elements to genome using RepeatMasker see how much they cover and where"
                            }
                        ]
                    }
                ]
            }
        ],
        "team": "T017P3M8W7K",
        "user_team": "T017P3M8W7K",
        "source_team": "T017P3M8W7K",
        "user_profile": {
            "avatar_hash": "743a9fc0b5f6",
            "image_72": "https:\/\/avatars.slack-edge.com\/2022-06-30\/3731255580839_743a9fc0b5f63f195af3_72.jpg",
            "first_name": "parensburger",
            "real_name": "parensburger",
            "display_name": "Peter",
            "team": "T017P3M8W7K",
            "name": "parensburger",
            "is_restricted": false,
            "is_ultra_restricted": false
        }
    },
    {
        "client_msg_id": "add26bd0-05f2-48e1-80c1-90abd79b16de",
        "type": "message",
        "text": "One thing to think about, would be to concentrate on a methods paper, showing how much better this is than RepeatMasker. Should map out what parts of the RM and Repet methods cover these full elements. See how that matches up with running RM and Repet.",
        "user": "U01793PULLV",
        "ts": "1693092181.085729",
        "blocks": [
            {
                "type": "rich_text",
                "block_id": "raYSP",
                "elements": [
                    {
                        "type": "rich_text_section",
                        "elements": [
                            {
                                "type": "text",
                                "text": "One thing to think about, would be to concentrate on a methods paper, showing how much better this is than RepeatMasker. Should map out what parts of the RM and Repet methods cover these full elements. See how that matches up with running RM and Repet."
                            }
                        ]
                    }
                ]
            }
        ],
        "team": "T017P3M8W7K",
        "user_team": "T017P3M8W7K",
        "source_team": "T017P3M8W7K",
        "user_profile": {
            "avatar_hash": "743a9fc0b5f6",
            "image_72": "https:\/\/avatars.slack-edge.com\/2022-06-30\/3731255580839_743a9fc0b5f63f195af3_72.jpg",
            "first_name": "parensburger",
            "real_name": "parensburger",
            "display_name": "Peter",
            "team": "T017P3M8W7K",
            "name": "parensburger",
            "is_restricted": false,
            "is_ultra_restricted": false
        }
    }
]