[
    {
        "client_msg_id": "50a09161-dfda-4d8d-a06a-95f68c443596",
        "type": "message",
        "text": "```peter@faust:~\/Desktop$ nohup interproscan.sh -t p -i orfs042623.txt -appl Pfam,CDD,PANTHER -f tsv &amp;```",
        "user": "U01793PULLV",
        "ts": "1682607959.088749",
        "blocks": [
            {
                "type": "rich_text",
                "block_id": "AKL",
                "elements": [
                    {
                        "type": "rich_text_preformatted",
                        "elements": [
                            {
                                "type": "text",
                                "text": "peter@faust:~\/Desktop$ nohup interproscan.sh -t p -i orfs042623.txt -appl Pfam,CDD,PANTHER -f tsv &"
                            }
                        ],
                        "border": 0
                    }
                ]
            }
        ],
        "team": "T017P3M8W7K",
        "user_team": "T017P3M8W7K",
        "source_team": "T017P3M8W7K",
        "user_profile": {
            "avatar_hash": "743a9fc0b5f6",
            "image_72": "https:\/\/avatars.slack-edge.com\/2022-06-30\/3731255580839_743a9fc0b5f63f195af3_72.jpg",
            "first_name": "parensburger",
            "real_name": "parensburger",
            "display_name": "Peter",
            "team": "T017P3M8W7K",
            "name": "parensburger",
            "is_restricted": false,
            "is_ultra_restricted": false
        }
    },
    {
        "client_msg_id": "173d4121-31cb-4d7a-9ba4-8994a0178fcd",
        "type": "message",
        "text": "updating interproscan, which is out of date",
        "user": "U01793PULLV",
        "ts": "1682615849.237149",
        "blocks": [
            {
                "type": "rich_text",
                "block_id": "dqFX=",
                "elements": [
                    {
                        "type": "rich_text_section",
                        "elements": [
                            {
                                "type": "text",
                                "text": "updating interproscan, which is out of date"
                            }
                        ]
                    }
                ]
            }
        ],
        "team": "T017P3M8W7K",
        "user_team": "T017P3M8W7K",
        "source_team": "T017P3M8W7K",
        "user_profile": {
            "avatar_hash": "743a9fc0b5f6",
            "image_72": "https:\/\/avatars.slack-edge.com\/2022-06-30\/3731255580839_743a9fc0b5f63f195af3_72.jpg",
            "first_name": "parensburger",
            "real_name": "parensburger",
            "display_name": "Peter",
            "team": "T017P3M8W7K",
            "name": "parensburger",
            "is_restricted": false,
            "is_ultra_restricted": false
        }
    },
    {
        "client_msg_id": "40fb0178-5bb4-4f18-b416-f46e5cd91279",
        "type": "message",
        "text": "running interpro again\n```peter@faust:~\/Desktop$ nohup interproscan.sh -t p -i orfs042623.txt -appl Pfam,CDD,PANTHER -f tsv &amp;```",
        "user": "U01793PULLV",
        "ts": "1682639598.787029",
        "blocks": [
            {
                "type": "rich_text",
                "block_id": "6brB0",
                "elements": [
                    {
                        "type": "rich_text_section",
                        "elements": [
                            {
                                "type": "text",
                                "text": "running interpro again\n"
                            }
                        ]
                    },
                    {
                        "type": "rich_text_preformatted",
                        "elements": [
                            {
                                "type": "text",
                                "text": "peter@faust:~\/Desktop$ nohup interproscan.sh -t p -i orfs042623.txt -appl Pfam,CDD,PANTHER -f tsv &"
                            }
                        ],
                        "border": 0
                    }
                ]
            }
        ],
        "team": "T017P3M8W7K",
        "user_team": "T017P3M8W7K",
        "source_team": "T017P3M8W7K",
        "user_profile": {
            "avatar_hash": "743a9fc0b5f6",
            "image_72": "https:\/\/avatars.slack-edge.com\/2022-06-30\/3731255580839_743a9fc0b5f63f195af3_72.jpg",
            "first_name": "parensburger",
            "real_name": "parensburger",
            "display_name": "Peter",
            "team": "T017P3M8W7K",
            "name": "parensburger",
            "is_restricted": false,
            "is_ultra_restricted": false
        }
    },
    {
        "client_msg_id": "fc15955a-e687-4087-839e-1c18bb8523fb",
        "type": "message",
        "text": "next task is to adapt the \"run_interpro3.pl\" and \"summarize_elements3.pl\" to produce a something that can be used for manual review.",
        "user": "U01793PULLV",
        "ts": "1682641274.757899",
        "blocks": [
            {
                "type": "rich_text",
                "block_id": "idi",
                "elements": [
                    {
                        "type": "rich_text_section",
                        "elements": [
                            {
                                "type": "text",
                                "text": "next task is to adapt the \"run_interpro3.pl\" and \"summarize_elements3.pl\" to produce a something that can be used for manual review."
                            }
                        ]
                    }
                ]
            }
        ],
        "team": "T017P3M8W7K",
        "user_team": "T017P3M8W7K",
        "source_team": "T017P3M8W7K",
        "user_profile": {
            "avatar_hash": "743a9fc0b5f6",
            "image_72": "https:\/\/avatars.slack-edge.com\/2022-06-30\/3731255580839_743a9fc0b5f63f195af3_72.jpg",
            "first_name": "parensburger",
            "real_name": "parensburger",
            "display_name": "Peter",
            "team": "T017P3M8W7K",
            "name": "parensburger",
            "is_restricted": false,
            "is_ultra_restricted": false
        }
    }
]