[
    {
        "client_msg_id": "c6afea53-36b8-4e9e-912e-1632e50f1865",
        "type": "message",
        "text": "```arensburger@pq:~\/Ptep3_TEs\/protein_blast$ awk '{OFS=\"\\t\"; if ($3 &gt;= 80 &amp;&amp; (($4\/$13) &gt; 0.5 )) {print $0,$4\/$13}}' blast.o &gt; good_blast.o\narensburger@pq:~\/Ptep3_TEs\/protein_blast$ cat TE2_cleaned.fa.len good_blast.o | sed 's\/\\#\/ \/g' | awk '{print $1}' | sort | uniq -c | awk '{print $2,$1-1}' | sort &gt; good_blast.count\npeter@Carmen:~\/Desktop\/TE_discovery_Ptep3\/protein$ scp arensburger@pq:\/home\/arensburger\/Ptep3_TEs\/protein_blast\/good_blast.* .```\nusing Libreoffice to get only the elements with more than two hit, putting result into good_blast.ods and good_blast.txt\n```peter@Carmen:~\/Desktop\/TE_discovery_Ptep3\/protein$ perl ..\/scripts\/create_directories2.pl -in good_blast.txt```",
        "user": "U01793PULLV",
        "ts": "1676077902.764699",
        "blocks": [
            {
                "type": "rich_text",
                "block_id": "u82",
                "elements": [
                    {
                        "type": "rich_text_preformatted",
                        "elements": [
                            {
                                "type": "text",
                                "text": "arensburger@pq:~\/Ptep3_TEs\/protein_blast$ awk '{OFS=\"\\t\"; if ($3 >= 80 && (($4\/$13) > 0.5 )) {print $0,$4\/$13}}' blast.o > good_blast.o\narensburger@pq:~\/Ptep3_TEs\/protein_blast$ cat TE2_cleaned.fa.len good_blast.o | sed 's\/\\#\/ \/g' | awk '{print $1}' | sort | uniq -c | awk '{print $2,$1-1}' | sort > good_blast.count\npeter@Carmen:~\/Desktop\/TE_discovery_Ptep3\/protein$ scp arensburger@pq:\/home\/arensburger\/Ptep3_TEs\/protein_blast\/good_blast.* ."
                            }
                        ],
                        "border": 0
                    },
                    {
                        "type": "rich_text_section",
                        "elements": [
                            {
                                "type": "text",
                                "text": "using Libreoffice to get only the elements with more than two hit, putting result into good_blast.ods and good_blast.txt\n"
                            }
                        ]
                    },
                    {
                        "type": "rich_text_preformatted",
                        "elements": [
                            {
                                "type": "text",
                                "text": "peter@Carmen:~\/Desktop\/TE_discovery_Ptep3\/protein$ perl ..\/scripts\/create_directories2.pl -in good_blast.txt"
                            }
                        ],
                        "border": 0
                    }
                ]
            }
        ],
        "team": "T017P3M8W7K",
        "user_team": "T017P3M8W7K",
        "source_team": "T017P3M8W7K",
        "user_profile": {
            "avatar_hash": "743a9fc0b5f6",
            "image_72": "https:\/\/avatars.slack-edge.com\/2022-06-30\/3731255580839_743a9fc0b5f63f195af3_72.jpg",
            "first_name": "parensburger",
            "real_name": "parensburger",
            "display_name": "Peter",
            "team": "T017P3M8W7K",
            "name": "parensburger",
            "is_restricted": false,
            "is_ultra_restricted": false
        }
    },
    {
        "client_msg_id": "fc03edc4-8dfd-4acd-9f62-a990bda8a785",
        "type": "message",
        "text": "continuing the standard analysis of TE elements:\n```peter@Carmen:~\/Desktop\/TE_discovery_Ptep3\/protein$ more temp.txt \nXP_042907796.1\nXP_042907956.1\nXP_042907957.1\nXP_042913971.1\npeter@Carmen:~\/Desktop\/TE_discovery_Ptep3\/protein$ perl ..\/scripts\/process_folders-merge_overlaps2.pl -t temp.txt \npeter@Carmen:~\/db\/protein_TEs\/XP_042907796.1$ mafft XP_042907796.1-merged.fa &gt; XP_042907796.1.maf\npeter@Carmen:~\/Desktop\/TE_discovery_Ptep3\/protein$ more temp.txt \nXP_042907796.1\npeter@Carmen:~\/Desktop\/TE_discovery_Ptep3\/protein$ perl ..\/scripts\/process_folders-remove_gaps2.pl -t temp.txt\npeter@Carmen:~\/db\/protein_TEs\/XP_042907796.1$ perl ~\/Desktop\/TE_discovery_Ptep3\/scripts\/make_consensus.pl -in XP_042907796.1.maf2 &gt; XP_042907796.1.cons\npeter@Carmen:~\/db\/protein_TEs\/XP_042907796.1$ cat XP_042907796.1.cons XP_042907796.1.maf2 &gt; XP_042907796.1.maf3```",
        "user": "U01793PULLV",
        "ts": "1676079471.248789",
        "blocks": [
            {
                "type": "rich_text",
                "block_id": "VNew",
                "elements": [
                    {
                        "type": "rich_text_section",
                        "elements": [
                            {
                                "type": "text",
                                "text": "continuing the standard analysis of TE elements:\n"
                            }
                        ]
                    },
                    {
                        "type": "rich_text_preformatted",
                        "elements": [
                            {
                                "type": "text",
                                "text": "peter@Carmen:~\/Desktop\/TE_discovery_Ptep3\/protein$ more temp.txt \nXP_042907796.1\nXP_042907956.1\nXP_042907957.1\nXP_042913971.1\npeter@Carmen:~\/Desktop\/TE_discovery_Ptep3\/protein$ perl ..\/scripts\/process_folders-merge_overlaps2.pl -t temp.txt \npeter@Carmen:~\/db\/protein_TEs\/XP_042907796.1$ mafft XP_042907796.1-merged.fa > XP_042907796.1.maf\npeter@Carmen:~\/Desktop\/TE_discovery_Ptep3\/protein$ more temp.txt \nXP_042907796.1\npeter@Carmen:~\/Desktop\/TE_discovery_Ptep3\/protein$ perl ..\/scripts\/process_folders-remove_gaps2.pl -t temp.txt\npeter@Carmen:~\/db\/protein_TEs\/XP_042907796.1$ perl ~\/Desktop\/TE_discovery_Ptep3\/scripts\/make_consensus.pl -in XP_042907796.1.maf2 > XP_042907796.1.cons\npeter@Carmen:~\/db\/protein_TEs\/XP_042907796.1$ cat XP_042907796.1.cons XP_042907796.1.maf2 > XP_042907796.1.maf3"
                            }
                        ],
                        "border": 0
                    }
                ]
            }
        ],
        "team": "T017P3M8W7K",
        "user_team": "T017P3M8W7K",
        "source_team": "T017P3M8W7K",
        "user_profile": {
            "avatar_hash": "743a9fc0b5f6",
            "image_72": "https:\/\/avatars.slack-edge.com\/2022-06-30\/3731255580839_743a9fc0b5f63f195af3_72.jpg",
            "first_name": "parensburger",
            "real_name": "parensburger",
            "display_name": "Peter",
            "team": "T017P3M8W7K",
            "name": "parensburger",
            "is_restricted": false,
            "is_ultra_restricted": false
        }
    },
    {
        "client_msg_id": "ab64bb46-a582-414d-a26c-be6c3144e3fd",
        "type": "message",
        "text": "Next is to integrate the blast-and-cons determining if the consensus goes to the edge",
        "user": "U01793PULLV",
        "ts": "1676079500.236439",
        "blocks": [
            {
                "type": "rich_text",
                "block_id": "4wK",
                "elements": [
                    {
                        "type": "rich_text_section",
                        "elements": [
                            {
                                "type": "text",
                                "text": "Next is to integrate the blast-and-cons determining if the consensus goes to the edge"
                            }
                        ]
                    }
                ]
            }
        ],
        "team": "T017P3M8W7K",
        "user_team": "T017P3M8W7K",
        "source_team": "T017P3M8W7K",
        "user_profile": {
            "avatar_hash": "743a9fc0b5f6",
            "image_72": "https:\/\/avatars.slack-edge.com\/2022-06-30\/3731255580839_743a9fc0b5f63f195af3_72.jpg",
            "first_name": "parensburger",
            "real_name": "parensburger",
            "display_name": "Peter",
            "team": "T017P3M8W7K",
            "name": "parensburger",
            "is_restricted": false,
            "is_ultra_restricted": false
        }
    }
]