[
    {
        "client_msg_id": "8cac3157-8f5a-4afb-9069-2a26c9cf2de6",
        "type": "message",
        "text": "thinking about how to implement the cluster program. The output of program should be to cluster the elements and produce a new database of clustered elements, along with summary stats and list of merged .fa files to manually review. Might need to run this multiple times.",
        "user": "U01793PULLV",
        "ts": "1681144338.756519",
        "blocks": [
            {
                "type": "rich_text",
                "block_id": "blkce",
                "elements": [
                    {
                        "type": "rich_text_section",
                        "elements": [
                            {
                                "type": "text",
                                "text": "thinking about how to implement the cluster program. The output of program should be to cluster the elements and produce a new database of clustered elements, along with summary stats and list of merged .fa files to manually review. Might need to run this multiple times."
                            }
                        ]
                    }
                ]
            }
        ],
        "team": "T017P3M8W7K",
        "user_team": "T017P3M8W7K",
        "source_team": "T017P3M8W7K",
        "user_profile": {
            "avatar_hash": "743a9fc0b5f6",
            "image_72": "https:\/\/avatars.slack-edge.com\/2022-06-30\/3731255580839_743a9fc0b5f63f195af3_72.jpg",
            "first_name": "parensburger",
            "real_name": "parensburger",
            "display_name": "Peter",
            "team": "T017P3M8W7K",
            "name": "parensburger",
            "is_restricted": false,
            "is_ultra_restricted": false
        }
    },
    {
        "type": "message",
        "text": "working on the cluster program. Got it to cluster the elements, write the .fa file to an output folder if there's a cluster. Need to clean up, copying the rest of the data.",
        "files": [
            {
                "id": "F0539CELXMW",
                "created": 1681163769,
                "timestamp": 1681163769,
                "name": "process_folders-cluster.pl",
                "title": "process_folders-cluster.pl",
                "mimetype": "text\/plain",
                "filetype": "perl",
                "pretty_type": "Perl",
                "user": "U01793PULLV",
                "user_team": "T017P3M8W7K",
                "editable": true,
                "size": 6709,
                "mode": "snippet",
                "is_external": false,
                "external_type": "",
                "is_public": true,
                "public_url_shared": false,
                "display_as_bot": false,
                "username": "",
                "url_private": "https:\/\/files.slack.com\/files-pri\/T017P3M8W7K-F0539CELXMW\/process_folders-cluster.pl?t=xoxe-1261123302257-6395895314663-6407612319125-137f2171a6b5696e8e285d5b7bbfa693",
                "url_private_download": "https:\/\/files.slack.com\/files-pri\/T017P3M8W7K-F0539CELXMW\/download\/process_folders-cluster.pl?t=xoxe-1261123302257-6395895314663-6407612319125-137f2171a6b5696e8e285d5b7bbfa693",
                "permalink": "https:\/\/arensburgerla-9bj1862.slack.com\/files\/U01793PULLV\/F0539CELXMW\/process_folders-cluster.pl",
                "permalink_public": "https:\/\/slack-files.com\/T017P3M8W7K-F0539CELXMW-38d3bec54d",
                "edit_link": "https:\/\/arensburgerla-9bj1862.slack.com\/files\/U01793PULLV\/F0539CELXMW\/process_folders-cluster.pl\/edit",
                "is_starred": false,
                "has_rich_preview": false,
                "file_access": "visible"
            }
        ],
        "upload": false,
        "user": "U01793PULLV",
        "display_as_bot": false,
        "ts": "1681163779.671239",
        "blocks": [
            {
                "type": "rich_text",
                "block_id": "EQz5",
                "elements": [
                    {
                        "type": "rich_text_section",
                        "elements": [
                            {
                                "type": "text",
                                "text": "working on the cluster program. Got it to cluster the elements, write the .fa file to an output folder if there's a cluster. Need to clean up, copying the rest of the data."
                            }
                        ]
                    }
                ]
            }
        ],
        "client_msg_id": "48e5956d-2f8a-45ce-a25b-387bb7c4711b"
    }
]