[
    {
        "client_msg_id": "9f66eee8-bd65-443f-a709-5dc845c1ac47",
        "type": "message",
        "text": "fixed the merge program, to reset the database I put together the folders from \/home\/peter\/Desktop\/TE_discovery_Ptep3\/protein\/original_merged_elements and the non-merged elements from \/home\/peter\/db\/protein_TEs . These appear to be the same 137 elements that were merged on April 28th .\n```peter@carmen:~\/Desktop$ ls newdb\/ &gt; temp.txt\npeter@carmen:~\/Desktop$ perl ~\/Desktop\/TE_discovery_Ptep3\/scripts\/process_folders-merge_elements.pl -t temp.txt -f \/home\/peter\/Desktop\/newdb```\nbacking up the database\n```peter@carmen:~\/Desktop$ rm -rf ~\/db\/protein_TEs\/\npeter@carmen:~\/Desktop$ cp -r new_protein_TEs ~\/db\/protein_TEs\npeter@carmen:~\/Desktop$ rm -rf .\/TE_discovery_Ptep3\/protein\/original_merged_elements\npeter@carmen:~\/Desktop$ mv ~\/db\/protein_TEs\/original_merged_elements\/ TE_discovery_Ptep3\/protein\/```",
        "user": "U01793PULLV",
        "ts": "1684801399.904599",
        "blocks": [
            {
                "type": "rich_text",
                "block_id": "wso",
                "elements": [
                    {
                        "type": "rich_text_section",
                        "elements": [
                            {
                                "type": "text",
                                "text": "fixed the merge program, to reset the database I put together the folders from \/home\/peter\/Desktop\/TE_discovery_Ptep3\/protein\/original_merged_elements and the non-merged elements from \/home\/peter\/db\/protein_TEs . These appear to be the same 137 elements that were merged on April 28th .\n"
                            }
                        ]
                    },
                    {
                        "type": "rich_text_preformatted",
                        "elements": [
                            {
                                "type": "text",
                                "text": "peter@carmen:~\/Desktop$ ls newdb\/ > temp.txt\npeter@carmen:~\/Desktop$ perl ~\/Desktop\/TE_discovery_Ptep3\/scripts\/process_folders-merge_elements.pl -t temp.txt -f \/home\/peter\/Desktop\/newdb"
                            }
                        ],
                        "border": 0
                    },
                    {
                        "type": "rich_text_section",
                        "elements": [
                            {
                                "type": "text",
                                "text": "backing up the database\n"
                            }
                        ]
                    },
                    {
                        "type": "rich_text_preformatted",
                        "elements": [
                            {
                                "type": "text",
                                "text": "peter@carmen:~\/Desktop$ rm -rf ~\/db\/protein_TEs\/\npeter@carmen:~\/Desktop$ cp -r new_protein_TEs ~\/db\/protein_TEs\npeter@carmen:~\/Desktop$ rm -rf .\/TE_discovery_Ptep3\/protein\/original_merged_elements\npeter@carmen:~\/Desktop$ mv ~\/db\/protein_TEs\/original_merged_elements\/ TE_discovery_Ptep3\/protein\/"
                            }
                        ],
                        "border": 0
                    }
                ]
            }
        ],
        "team": "T017P3M8W7K",
        "user_team": "T017P3M8W7K",
        "source_team": "T017P3M8W7K",
        "user_profile": {
            "avatar_hash": "743a9fc0b5f6",
            "image_72": "https:\/\/avatars.slack-edge.com\/2022-06-30\/3731255580839_743a9fc0b5f63f195af3_72.jpg",
            "first_name": "parensburger",
            "real_name": "parensburger",
            "display_name": "Peter",
            "team": "T017P3M8W7K",
            "name": "parensburger",
            "is_restricted": false,
            "is_ultra_restricted": false
        }
    },
    {
        "client_msg_id": "e05fd89b-ad5a-4ef2-8a2e-8f4c17514344",
        "type": "message",
        "text": "```peter@carmen:~\/Desktop\/TE_discovery_Ptep3\/protein$ ls ~\/db\/protein_TEs\/ &gt; temp.txt\npeter@carmen:~\/Desktop\/TE_discovery_Ptep3\/protein$ perl ..\/scripts\/process_folders-display_orfs4.pl -t temp.txt &gt; orf052223.txt\npeter@faust:~\/Desktop$ nohup interproscan.sh -t p -i orf052223.txt -appl Pfam,CDD,PANTHER -f tsv &amp;```",
        "user": "U01793PULLV",
        "ts": "1684803187.224069",
        "blocks": [
            {
                "type": "rich_text",
                "block_id": "GQE40",
                "elements": [
                    {
                        "type": "rich_text_preformatted",
                        "elements": [
                            {
                                "type": "text",
                                "text": "peter@carmen:~\/Desktop\/TE_discovery_Ptep3\/protein$ ls ~\/db\/protein_TEs\/ > temp.txt\npeter@carmen:~\/Desktop\/TE_discovery_Ptep3\/protein$ perl ..\/scripts\/process_folders-display_orfs4.pl -t temp.txt > orf052223.txt\npeter@faust:~\/Desktop$ nohup interproscan.sh -t p -i orf052223.txt -appl Pfam,CDD,PANTHER -f tsv &"
                            }
                        ],
                        "border": 0
                    }
                ]
            }
        ],
        "team": "T017P3M8W7K",
        "user_team": "T017P3M8W7K",
        "source_team": "T017P3M8W7K",
        "user_profile": {
            "avatar_hash": "743a9fc0b5f6",
            "image_72": "https:\/\/avatars.slack-edge.com\/2022-06-30\/3731255580839_743a9fc0b5f63f195af3_72.jpg",
            "first_name": "parensburger",
            "real_name": "parensburger",
            "display_name": "Peter",
            "team": "T017P3M8W7K",
            "name": "parensburger",
            "is_restricted": false,
            "is_ultra_restricted": false
        }
    }
]