[
    {
        "client_msg_id": "19e39c77-ffc3-437d-a620-6503def93e06",
        "type": "message",
        "text": "job finished, renaming it\n```parensburger@hpc:~$ mv RM_26634.ThuSep70652122023\/ RModeler_dmel_asm.out```",
        "user": "U01793PULLV",
        "ts": "1694217071.441219",
        "blocks": [
            {
                "type": "rich_text",
                "block_id": "7Mbqb",
                "elements": [
                    {
                        "type": "rich_text_section",
                        "elements": [
                            {
                                "type": "text",
                                "text": "job finished, renaming it\n"
                            }
                        ]
                    },
                    {
                        "type": "rich_text_preformatted",
                        "elements": [
                            {
                                "type": "text",
                                "text": "parensburger@hpc:~$ mv RM_26634.ThuSep70652122023\/ RModeler_dmel_asm.out"
                            }
                        ],
                        "border": 0
                    }
                ]
            }
        ],
        "team": "T017P3M8W7K",
        "user_team": "T017P3M8W7K",
        "source_team": "T017P3M8W7K",
        "user_profile": {
            "avatar_hash": "743a9fc0b5f6",
            "image_72": "https:\/\/avatars.slack-edge.com\/2022-06-30\/3731255580839_743a9fc0b5f63f195af3_72.jpg",
            "first_name": "parensburger",
            "real_name": "parensburger",
            "display_name": "Peter",
            "team": "T017P3M8W7K",
            "name": "parensburger",
            "is_restricted": false,
            "is_ultra_restricted": false
        }
    },
    {
        "client_msg_id": "2255be57-0ea2-427e-bde4-4806c4dc361e",
        "type": "message",
        "text": "Running RepeatMasker using the elements on to original genomes\n```parensburger@hpc:~$ more repeatmasker_submit.sh \n#!\/bin\/bash\n#SBATCH --job-name=PA_RepeatMasker\n#SBATCH --partition=compute\n#SBATCH --mail-type=ALL\n#SBATCH --mail-user=parensburger@cpp.edu\n#SBATCH --ntasks=64\n#SBATCH --output=RepeatMasker.%j.out\n#SBATCH --error=RepeatMasker.%j.err\ncd $SLURM_SUBMIT_DIR\nRepeatMasker -e rmblast -dir . -lib \/home\/parensburger\/RModeler_dmel_r5.out\/consensi.fa.classified -pa 64 \/data03\/home\/parensburger\/db\/Dmel\/GCA_0000012\n15.4_Release_6_plus_ISO1_MT_genomic.fna\nparensburger@hpc:~$ sbatch repeatmasker_submit.sh ```",
        "user": "U01793PULLV",
        "ts": "1694218132.364789",
        "blocks": [
            {
                "type": "rich_text",
                "block_id": "8e1xp",
                "elements": [
                    {
                        "type": "rich_text_section",
                        "elements": [
                            {
                                "type": "text",
                                "text": "Running RepeatMasker using the elements on to original genomes\n"
                            }
                        ]
                    },
                    {
                        "type": "rich_text_preformatted",
                        "elements": [
                            {
                                "type": "text",
                                "text": "parensburger@hpc:~$ more repeatmasker_submit.sh \n#!\/bin\/bash\n#SBATCH --job-name=PA_RepeatMasker\n#SBATCH --partition=compute\n#SBATCH --mail-type=ALL\n#SBATCH --mail-user=parensburger@cpp.edu\n#SBATCH --ntasks=64\n#SBATCH --output=RepeatMasker.%j.out\n#SBATCH --error=RepeatMasker.%j.err\ncd $SLURM_SUBMIT_DIR\nRepeatMasker -e rmblast -dir . -lib \/home\/parensburger\/RModeler_dmel_r5.out\/consensi.fa.classified -pa 64 \/data03\/home\/parensburger\/db\/Dmel\/GCA_0000012\n15.4_Release_6_plus_ISO1_MT_genomic.fna\nparensburger@hpc:~$ sbatch repeatmasker_submit.sh "
                            }
                        ],
                        "border": 0
                    }
                ]
            }
        ],
        "team": "T017P3M8W7K",
        "user_team": "T017P3M8W7K",
        "source_team": "T017P3M8W7K",
        "user_profile": {
            "avatar_hash": "743a9fc0b5f6",
            "image_72": "https:\/\/avatars.slack-edge.com\/2022-06-30\/3731255580839_743a9fc0b5f63f195af3_72.jpg",
            "first_name": "parensburger",
            "real_name": "parensburger",
            "display_name": "Peter",
            "team": "T017P3M8W7K",
            "name": "parensburger",
            "is_restricted": false,
            "is_ultra_restricted": false
        }
    }
]