[
    {
        "client_msg_id": "6ab9f2a9-6ad5-408a-ad3a-fbbbe3254b05",
        "type": "message",
        "text": "running blastx\n```arensburger@pq:~\/Ptep3_TEs\/blastx$ blastx -db ~\/db\/nr\/nr.00 -query .\/Review3_element_consensus.fa -out .\/Review3_consensus_blastx.out -num_threads 16 -outfmt \"6 qseqid sacc slen sstart send qstart qend evalue stitle\" ```",
        "user": "U01793PULLV",
        "ts": "1691079865.704209",
        "blocks": [
            {
                "type": "rich_text",
                "block_id": "7CvwA",
                "elements": [
                    {
                        "type": "rich_text_section",
                        "elements": [
                            {
                                "type": "text",
                                "text": "running blastx\n"
                            }
                        ]
                    },
                    {
                        "type": "rich_text_preformatted",
                        "elements": [
                            {
                                "type": "text",
                                "text": "arensburger@pq:~\/Ptep3_TEs\/blastx$ blastx -db ~\/db\/nr\/nr.00 -query .\/Review3_element_consensus.fa -out .\/Review3_consensus_blastx.out -num_threads 16 -outfmt \"6 qseqid sacc slen sstart send qstart qend evalue stitle\" "
                            }
                        ],
                        "border": 0
                    }
                ]
            }
        ],
        "team": "T017P3M8W7K",
        "user_team": "T017P3M8W7K",
        "source_team": "T017P3M8W7K",
        "user_profile": {
            "avatar_hash": "743a9fc0b5f6",
            "image_72": "https:\/\/avatars.slack-edge.com\/2022-06-30\/3731255580839_743a9fc0b5f63f195af3_72.jpg",
            "first_name": "parensburger",
            "real_name": "parensburger",
            "display_name": "Peter",
            "team": "T017P3M8W7K",
            "name": "parensburger",
            "is_restricted": false,
            "is_ultra_restricted": false
        }
    },
    {
        "client_msg_id": "67baaefb-4677-491a-9407-58e28dc1fa2c",
        "type": "message",
        "text": "stretches of N's are counted as matching TSDs, fix that",
        "user": "U01793PULLV",
        "ts": "1691080373.710259",
        "blocks": [
            {
                "type": "rich_text",
                "block_id": "JOd",
                "elements": [
                    {
                        "type": "rich_text_section",
                        "elements": [
                            {
                                "type": "text",
                                "text": "stretches of N's are counted as matching TSDs, fix that"
                            }
                        ]
                    }
                ]
            }
        ],
        "team": "T017P3M8W7K",
        "user_team": "T017P3M8W7K",
        "source_team": "T017P3M8W7K",
        "user_profile": {
            "avatar_hash": "743a9fc0b5f6",
            "image_72": "https:\/\/avatars.slack-edge.com\/2022-06-30\/3731255580839_743a9fc0b5f63f195af3_72.jpg",
            "first_name": "parensburger",
            "real_name": "parensburger",
            "display_name": "Peter",
            "team": "T017P3M8W7K",
            "name": "parensburger",
            "is_restricted": false,
            "is_ultra_restricted": false
        }
    },
    {
        "client_msg_id": "f6567942-8115-4c8c-a313-70c9cdf9b2f1",
        "type": "message",
        "text": "when no TIRs are found the files for TIRs and TSDs are still created, fix that",
        "user": "U01793PULLV",
        "ts": "1691080724.655939",
        "blocks": [
            {
                "type": "rich_text",
                "block_id": "OnBZy",
                "elements": [
                    {
                        "type": "rich_text_section",
                        "elements": [
                            {
                                "type": "text",
                                "text": "when no TIRs are found the files for TIRs and TSDs are still created, fix that"
                            }
                        ]
                    }
                ]
            }
        ],
        "team": "T017P3M8W7K",
        "user_team": "T017P3M8W7K",
        "source_team": "T017P3M8W7K",
        "user_profile": {
            "avatar_hash": "743a9fc0b5f6",
            "image_72": "https:\/\/avatars.slack-edge.com\/2022-06-30\/3731255580839_743a9fc0b5f63f195af3_72.jpg",
            "first_name": "parensburger",
            "real_name": "parensburger",
            "display_name": "Peter",
            "team": "T017P3M8W7K",
            "name": "parensburger",
            "is_restricted": false,
            "is_ultra_restricted": false
        }
    },
    {
        "client_msg_id": "90be8c5c-53f3-4068-b6ab-6eaf1132be34",
        "type": "message",
        "text": "looking at the results, I'm coming up with a new approach. First look for proteins encoded inside the \"likely\" elements from Pt. if they exist then, check that the proteins exist in several elements. If that is not successful, then do nr search.",
        "user": "U01793PULLV",
        "ts": "1691083773.476719",
        "blocks": [
            {
                "type": "rich_text",
                "block_id": "+m=4",
                "elements": [
                    {
                        "type": "rich_text_section",
                        "elements": [
                            {
                                "type": "text",
                                "text": "looking at the results, I'm coming up with a new approach. First look for proteins encoded inside the \"likely\" elements from Pt. if they exist then, check that the proteins exist in several elements. If that is not successful, then do nr search."
                            }
                        ]
                    }
                ]
            }
        ],
        "team": "T017P3M8W7K",
        "user_team": "T017P3M8W7K",
        "source_team": "T017P3M8W7K",
        "user_profile": {
            "avatar_hash": "743a9fc0b5f6",
            "image_72": "https:\/\/avatars.slack-edge.com\/2022-06-30\/3731255580839_743a9fc0b5f63f195af3_72.jpg",
            "first_name": "parensburger",
            "real_name": "parensburger",
            "display_name": "Peter",
            "team": "T017P3M8W7K",
            "name": "parensburger",
            "is_restricted": false,
            "is_ultra_restricted": false
        }
    }
]