[
    {
        "client_msg_id": "0b28ebeb-2a6e-4036-a14d-85c732139165",
        "type": "message",
        "text": "```peter@faust:~\/Desktop$ perl Review3_run-interpro.pl -in Review3_interpro_input.fa ```",
        "user": "U01793PULLV",
        "ts": "1691791922.045809",
        "blocks": [
            {
                "type": "rich_text",
                "block_id": "Pynn",
                "elements": [
                    {
                        "type": "rich_text_preformatted",
                        "elements": [
                            {
                                "type": "text",
                                "text": "peter@faust:~\/Desktop$ perl Review3_run-interpro.pl -in Review3_interpro_input.fa "
                            }
                        ],
                        "border": 0
                    }
                ]
            }
        ],
        "team": "T017P3M8W7K",
        "user_team": "T017P3M8W7K",
        "source_team": "T017P3M8W7K",
        "user_profile": {
            "avatar_hash": "743a9fc0b5f6",
            "image_72": "https:\/\/avatars.slack-edge.com\/2022-06-30\/3731255580839_743a9fc0b5f63f195af3_72.jpg",
            "first_name": "parensburger",
            "real_name": "parensburger",
            "display_name": "Peter",
            "team": "T017P3M8W7K",
            "name": "parensburger",
            "is_restricted": false,
            "is_ultra_restricted": false
        }
    },
    {
        "client_msg_id": "4efff93e-5de7-4eca-a9f7-21b6258dc01e",
        "type": "message",
        "text": "updated the script Review3_classification.pl, should be ready to run now.",
        "user": "U01793PULLV",
        "ts": "1691794021.497199",
        "blocks": [
            {
                "type": "rich_text",
                "block_id": "0CR9",
                "elements": [
                    {
                        "type": "rich_text_section",
                        "elements": [
                            {
                                "type": "text",
                                "text": "updated the script Review3_classification.pl, should be ready to run now."
                            }
                        ]
                    }
                ]
            }
        ],
        "team": "T017P3M8W7K",
        "user_team": "T017P3M8W7K",
        "source_team": "T017P3M8W7K",
        "user_profile": {
            "avatar_hash": "743a9fc0b5f6",
            "image_72": "https:\/\/avatars.slack-edge.com\/2022-06-30\/3731255580839_743a9fc0b5f63f195af3_72.jpg",
            "first_name": "parensburger",
            "real_name": "parensburger",
            "display_name": "Peter",
            "team": "T017P3M8W7K",
            "name": "parensburger",
            "is_restricted": false,
            "is_ultra_restricted": false
        }
    }
]