[
    {
        "type": "message",
        "text": "Running the pipeline:\n```peter@carmen:~\/Desktop\/TE_discovery_Ptep3\/protein$ ls ~\/db\/protein_TEs\/ &gt; temp.txt\npeter@carmen:~\/Desktop\/TE_discovery_Ptep3\/protein$ perl Review3_consensus_sequences.pl -t temp.txt \narensburger@pq:~\/Ptep3_TEs\/blastx$ blastx -db ~\/db\/Ptep3_protein\/Ptep3_prot -query .\/Review3_element_consensus.fa -out .\/Review3_Ptep3_blastx.out -num_threads 16 -evalue 1e-6 -outfmt \"6 qseqid sacc slen sstart send qstart qend evalue stitle\"\narensburger@pq:~\/Ptep3_TEs\/blastx$ blastx -db ~\/db\/nr\/nr.00 -query .\/Review3_element_consensus.fa -out .\/Review3_nr_blastx.out -num_threads 16 -outfmt \"6 qseqid sacc slen sstart send qstart qend evalue stitle\" \npeter@carmen:~\/Desktop\/TE_discovery_Ptep3\/protein$ perl Review3_transposase.pl -p Review3_Ptep3_blastx.out -n Review3_nr_blastx.out &gt; protein_s3.xls```",
        "files": [
            {
                "id": "F05LFE7FLS1",
                "created": 1691362474,
                "timestamp": 1691362474,
                "name": "temp.txt",
                "title": "temp.txt",
                "mimetype": "text\/plain",
                "filetype": "text",
                "pretty_type": "Plain Text",
                "user": "U01793PULLV",
                "user_team": "T017P3M8W7K",
                "editable": true,
                "size": 836,
                "mode": "snippet",
                "is_external": false,
                "external_type": "",
                "is_public": true,
                "public_url_shared": false,
                "display_as_bot": false,
                "username": "",
                "url_private": "https:\/\/files.slack.com\/files-pri\/T017P3M8W7K-F05LFE7FLS1\/temp.txt?t=xoxe-1261123302257-6395895314663-6407612319125-137f2171a6b5696e8e285d5b7bbfa693",
                "url_private_download": "https:\/\/files.slack.com\/files-pri\/T017P3M8W7K-F05LFE7FLS1\/download\/temp.txt?t=xoxe-1261123302257-6395895314663-6407612319125-137f2171a6b5696e8e285d5b7bbfa693",
                "permalink": "https:\/\/arensburgerla-9bj1862.slack.com\/files\/U01793PULLV\/F05LFE7FLS1\/temp.txt",
                "permalink_public": "https:\/\/slack-files.com\/T017P3M8W7K-F05LFE7FLS1-3e4b5f4fdc",
                "edit_link": "https:\/\/arensburgerla-9bj1862.slack.com\/files\/U01793PULLV\/F05LFE7FLS1\/temp.txt\/edit",
                "is_starred": false,
                "has_rich_preview": false,
                "file_access": "visible"
            }
        ],
        "upload": false,
        "user": "U01793PULLV",
        "display_as_bot": false,
        "ts": "1691364504.801439",
        "blocks": [
            {
                "type": "rich_text",
                "block_id": "I\/X",
                "elements": [
                    {
                        "type": "rich_text_section",
                        "elements": [
                            {
                                "type": "text",
                                "text": "Running the pipeline:\n"
                            }
                        ]
                    },
                    {
                        "type": "rich_text_preformatted",
                        "elements": [
                            {
                                "type": "text",
                                "text": "peter@carmen:~\/Desktop\/TE_discovery_Ptep3\/protein$ ls ~\/db\/protein_TEs\/ > temp.txt\npeter@carmen:~\/Desktop\/TE_discovery_Ptep3\/protein$ perl Review3_consensus_sequences.pl -t temp.txt \narensburger@pq:~\/Ptep3_TEs\/blastx$ blastx -db ~\/db\/Ptep3_protein\/Ptep3_prot -query .\/Review3_element_consensus.fa -out .\/Review3_Ptep3_blastx.out -num_threads 16 -evalue 1e-6 -outfmt \"6 qseqid sacc slen sstart send qstart qend evalue stitle\"\narensburger@pq:~\/Ptep3_TEs\/blastx$ blastx -db ~\/db\/nr\/nr.00 -query .\/Review3_element_consensus.fa -out .\/Review3_nr_blastx.out -num_threads 16 -outfmt \"6 qseqid sacc slen sstart send qstart qend evalue stitle\" \npeter@carmen:~\/Desktop\/TE_discovery_Ptep3\/protein$ perl Review3_transposase.pl -p Review3_Ptep3_blastx.out -n Review3_nr_blastx.out > protein_s3.xls"
                            }
                        ],
                        "border": 0
                    }
                ]
            }
        ],
        "client_msg_id": "03feede9-e266-47c0-9235-d2ddc76701c1"
    },
    {
        "client_msg_id": "016169e3-eb2d-4c81-8f65-251b601d8e1f",
        "type": "message",
        "text": "started reviewing the tnp sequences. If they have a full length match to a known tnp, then mark as complete, otherwise mark as partial match.",
        "user": "U01793PULLV",
        "ts": "1691365974.345069",
        "blocks": [
            {
                "type": "rich_text",
                "block_id": "As4et",
                "elements": [
                    {
                        "type": "rich_text_section",
                        "elements": [
                            {
                                "type": "text",
                                "text": "started reviewing the tnp sequences. If they have a full length match to a known tnp, then mark as complete, otherwise mark as partial match."
                            }
                        ]
                    }
                ]
            }
        ],
        "team": "T017P3M8W7K",
        "user_team": "T017P3M8W7K",
        "source_team": "T017P3M8W7K",
        "user_profile": {
            "avatar_hash": "743a9fc0b5f6",
            "image_72": "https:\/\/avatars.slack-edge.com\/2022-06-30\/3731255580839_743a9fc0b5f63f195af3_72.jpg",
            "first_name": "parensburger",
            "real_name": "parensburger",
            "display_name": "Peter",
            "team": "T017P3M8W7K",
            "name": "parensburger",
            "is_restricted": false,
            "is_ultra_restricted": false
        }
    }
]