[
    {
        "client_msg_id": "97a66e6c-7a93-47c1-a326-96959643e31a",
        "type": "message",
        "text": "got an email today from Nam, he seems to have fixed the h5py problem, currently reinstalling RepeatMasker.",
        "user": "U01793PULLV",
        "ts": "1693588299.191099",
        "blocks": [
            {
                "type": "rich_text",
                "block_id": "Kthb3",
                "elements": [
                    {
                        "type": "rich_text_section",
                        "elements": [
                            {
                                "type": "text",
                                "text": "got an email today from Nam, he seems to have fixed the h5py problem, currently reinstalling RepeatMasker."
                            }
                        ]
                    }
                ]
            }
        ],
        "team": "T017P3M8W7K",
        "user_team": "T017P3M8W7K",
        "source_team": "T017P3M8W7K",
        "user_profile": {
            "avatar_hash": "743a9fc0b5f6",
            "image_72": "https:\/\/avatars.slack-edge.com\/2022-06-30\/3731255580839_743a9fc0b5f63f195af3_72.jpg",
            "first_name": "parensburger",
            "real_name": "parensburger",
            "display_name": "Peter",
            "team": "T017P3M8W7K",
            "name": "parensburger",
            "is_restricted": false,
            "is_ultra_restricted": false
        }
    },
    {
        "client_msg_id": "2e26b3c9-257e-40b5-a74b-14d546399a2c",
        "type": "message",
        "text": "After a lot of work, finally getting RepeatMasker to work (maybe)\n```parensburger@commander ~ $ srun -p memxl --pty \/bin\/bash\n[parensburger@cn25 ~]$ nohup RepeatMasker -e rmblast -dir . -lib hAT.fa -pa 16 ~\/data\/db\/Ptep3\/Ptep3m.fa &amp;```",
        "user": "U01793PULLV",
        "ts": "1693605732.324279",
        "blocks": [
            {
                "type": "rich_text",
                "block_id": "gm5q7",
                "elements": [
                    {
                        "type": "rich_text_section",
                        "elements": [
                            {
                                "type": "text",
                                "text": "After a lot of work, finally getting RepeatMasker to work (maybe)\n"
                            }
                        ]
                    },
                    {
                        "type": "rich_text_preformatted",
                        "elements": [
                            {
                                "type": "text",
                                "text": "parensburger@commander ~ $ srun -p memxl --pty \/bin\/bash\n[parensburger@cn25 ~]$ nohup RepeatMasker -e rmblast -dir . -lib hAT.fa -pa 16 ~\/data\/db\/Ptep3\/Ptep3m.fa &"
                            }
                        ],
                        "border": 0
                    }
                ]
            }
        ],
        "team": "T017P3M8W7K",
        "user_team": "T017P3M8W7K",
        "source_team": "T017P3M8W7K",
        "user_profile": {
            "avatar_hash": "743a9fc0b5f6",
            "image_72": "https:\/\/avatars.slack-edge.com\/2022-06-30\/3731255580839_743a9fc0b5f63f195af3_72.jpg",
            "first_name": "parensburger",
            "real_name": "parensburger",
            "display_name": "Peter",
            "team": "T017P3M8W7K",
            "name": "parensburger",
            "is_restricted": false,
            "is_ultra_restricted": false
        }
    },
    {
        "client_msg_id": "bbf739cf-c937-4e53-b5d1-bea6993016cf",
        "type": "message",
        "text": "the command above is run with 16 cores, but can probably increase that to 32 next time (don't know how to stop it)",
        "user": "U01793PULLV",
        "ts": "1693606058.296249",
        "blocks": [
            {
                "type": "rich_text",
                "block_id": "7gDWD",
                "elements": [
                    {
                        "type": "rich_text_section",
                        "elements": [
                            {
                                "type": "text",
                                "text": "the command above is run with 16 cores, but can probably increase that to 32 next time (don't know how to stop it)"
                            }
                        ]
                    }
                ]
            }
        ],
        "team": "T017P3M8W7K",
        "user_team": "T017P3M8W7K",
        "source_team": "T017P3M8W7K",
        "user_profile": {
            "avatar_hash": "743a9fc0b5f6",
            "image_72": "https:\/\/avatars.slack-edge.com\/2022-06-30\/3731255580839_743a9fc0b5f63f195af3_72.jpg",
            "first_name": "parensburger",
            "real_name": "parensburger",
            "display_name": "Peter",
            "team": "T017P3M8W7K",
            "name": "parensburger",
            "is_restricted": false,
            "is_ultra_restricted": false
        }
    },
    {
        "client_msg_id": "3aa42144-e4b5-4e72-b49f-d7b7e817be82",
        "type": "message",
        "text": "finally stopped RepeatMasker by moving the binaries, erasing everything not necessary from bin on the hpc, cleaning up.",
        "user": "U01793PULLV",
        "ts": "1693606640.174349",
        "blocks": [
            {
                "type": "rich_text",
                "block_id": "ziV",
                "elements": [
                    {
                        "type": "rich_text_section",
                        "elements": [
                            {
                                "type": "text",
                                "text": "finally stopped RepeatMasker by moving the binaries, erasing everything not necessary from bin on the hpc, cleaning up."
                            }
                        ]
                    }
                ]
            }
        ],
        "team": "T017P3M8W7K",
        "user_team": "T017P3M8W7K",
        "source_team": "T017P3M8W7K",
        "user_profile": {
            "avatar_hash": "743a9fc0b5f6",
            "image_72": "https:\/\/avatars.slack-edge.com\/2022-06-30\/3731255580839_743a9fc0b5f63f195af3_72.jpg",
            "first_name": "parensburger",
            "real_name": "parensburger",
            "display_name": "Peter",
            "team": "T017P3M8W7K",
            "name": "parensburger",
            "is_restricted": false,
            "is_ultra_restricted": false
        }
    }
]