[
    {
        "client_msg_id": "9218ae7e-686e-4ce2-9512-bc88ade212df",
        "type": "message",
        "text": "What I need to work on next is to summarize the results for each element in a way that would make it possible to manually evaluate it.  Seems like the best way would be to break it down by individual DNA sequence, and present it as table with the following information.\n1. are there intact TSD-TIRs (need to re-evaluate for merged elements)\n2. where in the sequence are ORFs located (and in what direction), what is their identification from interpro, is this orf shared with other sequences (from CD-HIT)\n3. where in the genome are these sequences located\nperhaps based on this can evaluate if this is really a sequence or just a contaminant",
        "user": "U01793PULLV",
        "ts": "1684198929.642629",
        "blocks": [
            {
                "type": "rich_text",
                "block_id": "2+A",
                "elements": [
                    {
                        "type": "rich_text_section",
                        "elements": [
                            {
                                "type": "text",
                                "text": "What I need to work on next is to summarize the results for each element in a way that would make it possible to manually evaluate it.  Seems like the best way would be to break it down by individual DNA sequence, and present it as table with the following information.\n"
                            }
                        ]
                    },
                    {
                        "type": "rich_text_list",
                        "elements": [
                            {
                                "type": "rich_text_section",
                                "elements": [
                                    {
                                        "type": "text",
                                        "text": "are there intact TSD-TIRs (need to re-evaluate for merged elements)"
                                    }
                                ]
                            },
                            {
                                "type": "rich_text_section",
                                "elements": [
                                    {
                                        "type": "text",
                                        "text": "where in the sequence are ORFs located (and in what direction), what is their identification from interpro, is this orf shared with other sequences (from CD-HIT)"
                                    }
                                ]
                            },
                            {
                                "type": "rich_text_section",
                                "elements": [
                                    {
                                        "type": "text",
                                        "text": "where in the genome are these sequences located"
                                    }
                                ]
                            }
                        ],
                        "style": "ordered",
                        "indent": 0,
                        "border": 0
                    },
                    {
                        "type": "rich_text_section",
                        "elements": [
                            {
                                "type": "text",
                                "text": "\nperhaps based on this can evaluate if this is really a sequence or just a contaminant"
                            }
                        ]
                    }
                ]
            }
        ],
        "team": "T017P3M8W7K",
        "user_team": "T017P3M8W7K",
        "source_team": "T017P3M8W7K",
        "user_profile": {
            "avatar_hash": "743a9fc0b5f6",
            "image_72": "https:\/\/avatars.slack-edge.com\/2022-06-30\/3731255580839_743a9fc0b5f63f195af3_72.jpg",
            "first_name": "parensburger",
            "real_name": "parensburger",
            "display_name": "Peter",
            "team": "T017P3M8W7K",
            "name": "parensburger",
            "is_restricted": false,
            "is_ultra_restricted": false
        }
    }
]