[
    {
        "client_msg_id": "09f24754-0f17-490f-a58c-5bc5e1d6cca3",
        "type": "message",
        "text": "command above finished around 11:00 PM.",
        "user": "U01793PULLV",
        "ts": "1675697206.864539",
        "blocks": [
            {
                "type": "rich_text",
                "block_id": "+FwJ",
                "elements": [
                    {
                        "type": "rich_text_section",
                        "elements": [
                            {
                                "type": "text",
                                "text": "command above finished around 11:00 PM."
                            }
                        ]
                    }
                ]
            }
        ],
        "team": "T017P3M8W7K",
        "user_team": "T017P3M8W7K",
        "source_team": "T017P3M8W7K",
        "user_profile": {
            "avatar_hash": "743a9fc0b5f6",
            "image_72": "https:\/\/avatars.slack-edge.com\/2022-06-30\/3731255580839_743a9fc0b5f63f195af3_72.jpg",
            "first_name": "parensburger",
            "real_name": "parensburger",
            "display_name": "Peter",
            "team": "T017P3M8W7K",
            "name": "parensburger",
            "is_restricted": false,
            "is_ultra_restricted": false
        },
        "thread_ts": "1675625711.713419",
        "parent_user_id": "U01793PULLV"
    }
]