[
    {
        "client_msg_id": "0234036b-eb94-48f2-aa0a-a21ee0a8ba90",
        "type": "message",
        "text": "working on summary script. The idea is that I'll gather all the info, then come up with a weigh system to evaluate each sequence and display those for each element. Decided on three new data points:\nmy %ORF2CLUSTER; # orf reference as key and cdhit cluster number as value\nmy %CLUSTER_LOCI; # cluster number as key and unique loci array as value\nmy %CLUSTER_ANNOTATION; # cluster number as key and array of unique annotations of cluster members as value\nnext need to write scripts to collect this data",
        "user": "U01793PULLV",
        "ts": "1686097743.350299",
        "blocks": [
            {
                "type": "rich_text",
                "block_id": "y5Qa",
                "elements": [
                    {
                        "type": "rich_text_section",
                        "elements": [
                            {
                                "type": "text",
                                "text": "working on summary script. The idea is that I'll gather all the info, then come up with a weigh system to evaluate each sequence and display those for each element. Decided on three new data points:\nmy %ORF2CLUSTER; # orf reference as key and cdhit cluster number as value\nmy %CLUSTER_LOCI; # cluster number as key and unique loci array as value\nmy %CLUSTER_ANNOTATION; # cluster number as key and array of unique annotations of cluster members as value\nnext need to write scripts to collect this data"
                            }
                        ]
                    }
                ]
            }
        ],
        "team": "T017P3M8W7K",
        "user_team": "T017P3M8W7K",
        "source_team": "T017P3M8W7K",
        "user_profile": {
            "avatar_hash": "743a9fc0b5f6",
            "image_72": "https:\/\/avatars.slack-edge.com\/2022-06-30\/3731255580839_743a9fc0b5f63f195af3_72.jpg",
            "first_name": "parensburger",
            "real_name": "parensburger",
            "display_name": "Peter",
            "team": "T017P3M8W7K",
            "name": "parensburger",
            "is_restricted": false,
            "is_ultra_restricted": false
        }
    },
    {
        "type": "message",
        "text": "",
        "files": [
            {
                "id": "F05BAD9KU82",
                "created": 1686097760,
                "timestamp": 1686097760,
                "name": "summarize_DNA_ORF.pl",
                "title": "summarize_DNA_ORF.pl",
                "mimetype": "text\/plain",
                "filetype": "perl",
                "pretty_type": "Perl",
                "user": "U01793PULLV",
                "user_team": "T017P3M8W7K",
                "editable": true,
                "size": 7380,
                "mode": "snippet",
                "is_external": false,
                "external_type": "",
                "is_public": true,
                "public_url_shared": false,
                "display_as_bot": false,
                "username": "",
                "url_private": "https:\/\/files.slack.com\/files-pri\/T017P3M8W7K-F05BAD9KU82\/summarize_dna_orf.pl?t=xoxe-1261123302257-6395895314663-6407612319125-137f2171a6b5696e8e285d5b7bbfa693",
                "url_private_download": "https:\/\/files.slack.com\/files-pri\/T017P3M8W7K-F05BAD9KU82\/download\/summarize_dna_orf.pl?t=xoxe-1261123302257-6395895314663-6407612319125-137f2171a6b5696e8e285d5b7bbfa693",
                "permalink": "https:\/\/arensburgerla-9bj1862.slack.com\/files\/U01793PULLV\/F05BAD9KU82\/summarize_dna_orf.pl",
                "permalink_public": "https:\/\/slack-files.com\/T017P3M8W7K-F05BAD9KU82-ef706a54b3",
                "edit_link": "https:\/\/arensburgerla-9bj1862.slack.com\/files\/U01793PULLV\/F05BAD9KU82\/summarize_dna_orf.pl\/edit",
                "is_starred": false,
                "has_rich_preview": false,
                "file_access": "visible"
            }
        ],
        "upload": false,
        "user": "U01793PULLV",
        "display_as_bot": false,
        "ts": "1686097763.418659",
        "client_msg_id": "dc8ac1e7-f6e1-431e-8092-c6accd665ada"
    }
]