[
    {
        "type": "message",
        "text": "A blastx search on NCBI of the Ptep3m-B-R636-Map20 Consensus-80 sequence show similarities centered 187 to 471 bp, the best match is to Eufriesia mexicana. Using the blast genome data viewer, I get the picture below that shows that this is part of larger potential element in that insect.",
        "files": [
            {
                "id": "F04LL2VMDQB",
                "created": 1674691745,
                "timestamp": 1674691745,
                "name": "Screenshot from 2023-01-25 16-07-38.png",
                "title": "Screenshot from 2023-01-25 16-07-38.png",
                "mimetype": "image\/png",
                "filetype": "png",
                "pretty_type": "PNG",
                "user": "U01793PULLV",
                "user_team": "T017P3M8W7K",
                "editable": false,
                "size": 263205,
                "mode": "hosted",
                "is_external": false,
                "external_type": "",
                "is_public": true,
                "public_url_shared": false,
                "display_as_bot": false,
                "username": "",
                "url_private": "https:\/\/files.slack.com\/files-pri\/T017P3M8W7K-F04LL2VMDQB\/screenshot_from_2023-01-25_16-07-38.png?t=xoxe-1261123302257-6395895314663-6407612319125-137f2171a6b5696e8e285d5b7bbfa693",
                "url_private_download": "https:\/\/files.slack.com\/files-pri\/T017P3M8W7K-F04LL2VMDQB\/download\/screenshot_from_2023-01-25_16-07-38.png?t=xoxe-1261123302257-6395895314663-6407612319125-137f2171a6b5696e8e285d5b7bbfa693",
                "media_display_type": "unknown",
                "thumb_64": "https:\/\/files.slack.com\/files-tmb\/T017P3M8W7K-F04LL2VMDQB-67a31f2939\/screenshot_from_2023-01-25_16-07-38_64.png?t=xoxe-1261123302257-6395895314663-6407612319125-137f2171a6b5696e8e285d5b7bbfa693",
                "thumb_80": "https:\/\/files.slack.com\/files-tmb\/T017P3M8W7K-F04LL2VMDQB-67a31f2939\/screenshot_from_2023-01-25_16-07-38_80.png?t=xoxe-1261123302257-6395895314663-6407612319125-137f2171a6b5696e8e285d5b7bbfa693",
                "thumb_360": "https:\/\/files.slack.com\/files-tmb\/T017P3M8W7K-F04LL2VMDQB-67a31f2939\/screenshot_from_2023-01-25_16-07-38_360.png?t=xoxe-1261123302257-6395895314663-6407612319125-137f2171a6b5696e8e285d5b7bbfa693",
                "thumb_360_w": 360,
                "thumb_360_h": 202,
                "thumb_480": "https:\/\/files.slack.com\/files-tmb\/T017P3M8W7K-F04LL2VMDQB-67a31f2939\/screenshot_from_2023-01-25_16-07-38_480.png?t=xoxe-1261123302257-6395895314663-6407612319125-137f2171a6b5696e8e285d5b7bbfa693",
                "thumb_480_w": 480,
                "thumb_480_h": 270,
                "thumb_160": "https:\/\/files.slack.com\/files-tmb\/T017P3M8W7K-F04LL2VMDQB-67a31f2939\/screenshot_from_2023-01-25_16-07-38_160.png?t=xoxe-1261123302257-6395895314663-6407612319125-137f2171a6b5696e8e285d5b7bbfa693",
                "thumb_720": "https:\/\/files.slack.com\/files-tmb\/T017P3M8W7K-F04LL2VMDQB-67a31f2939\/screenshot_from_2023-01-25_16-07-38_720.png?t=xoxe-1261123302257-6395895314663-6407612319125-137f2171a6b5696e8e285d5b7bbfa693",
                "thumb_720_w": 720,
                "thumb_720_h": 404,
                "thumb_800": "https:\/\/files.slack.com\/files-tmb\/T017P3M8W7K-F04LL2VMDQB-67a31f2939\/screenshot_from_2023-01-25_16-07-38_800.png?t=xoxe-1261123302257-6395895314663-6407612319125-137f2171a6b5696e8e285d5b7bbfa693",
                "thumb_800_w": 800,
                "thumb_800_h": 449,
                "thumb_960": "https:\/\/files.slack.com\/files-tmb\/T017P3M8W7K-F04LL2VMDQB-67a31f2939\/screenshot_from_2023-01-25_16-07-38_960.png?t=xoxe-1261123302257-6395895314663-6407612319125-137f2171a6b5696e8e285d5b7bbfa693",
                "thumb_960_w": 960,
                "thumb_960_h": 539,
                "thumb_1024": "https:\/\/files.slack.com\/files-tmb\/T017P3M8W7K-F04LL2VMDQB-67a31f2939\/screenshot_from_2023-01-25_16-07-38_1024.png?t=xoxe-1261123302257-6395895314663-6407612319125-137f2171a6b5696e8e285d5b7bbfa693",
                "thumb_1024_w": 1024,
                "thumb_1024_h": 575,
                "original_w": 1353,
                "original_h": 760,
                "thumb_tiny": "AwAaADC4IYj\/AAimtFGD\/q1qYUMDjIGTQFiDy4\/+ea\/nS+VH\/cT86lUHGSMfjSbsdh+dO4rEflx\/880o8uP\/AJ5pUquScbQP+BU8jIpXCw0d6CAeozQKeOlAxgAHTil\/GnUUAJ+NIT9adRQB\/9k=",
                "permalink": "https:\/\/arensburgerla-9bj1862.slack.com\/files\/U01793PULLV\/F04LL2VMDQB\/screenshot_from_2023-01-25_16-07-38.png",
                "permalink_public": "https:\/\/slack-files.com\/T017P3M8W7K-F04LL2VMDQB-65715f202e",
                "is_starred": false,
                "has_rich_preview": false,
                "file_access": "visible"
            }
        ],
        "upload": false,
        "user": "U01793PULLV",
        "display_as_bot": false,
        "ts": "1674691918.265259",
        "blocks": [
            {
                "type": "rich_text",
                "block_id": "SQrS",
                "elements": [
                    {
                        "type": "rich_text_section",
                        "elements": [
                            {
                                "type": "text",
                                "text": "A blastx search on NCBI of the Ptep3m-B-R636-Map20 Consensus-80 sequence show similarities centered 187 to 471 bp, the best match is to Eufriesia mexicana. Using the blast genome data viewer, I get the picture below that shows that this is part of larger potential element in that insect."
                            }
                        ]
                    }
                ]
            }
        ],
        "client_msg_id": "59f662bc-5ba7-4d20-aebf-7534e3a18e1b"
    },
    {
        "client_msg_id": "a0808c9c-c3ad-4a66-bd9f-95ec58b60f6b",
        "type": "message",
        "text": "Updating interproscan on faust, downloading the latest version from this <https:\/\/www.ebi.ac.uk\/interpro\/about\/interproscan\/|site>\n```peter@faust:~\/db$ wget <http:\/\/ftp.ebi.ac.uk\/pub\/software\/unix\/iprscan\/5\/5.60-92.0\/interproscan-5.60-92.0-64-bit.tar.gz>```",
        "user": "U01793PULLV",
        "ts": "1674694007.812359",
        "blocks": [
            {
                "type": "rich_text",
                "block_id": "yJ=M",
                "elements": [
                    {
                        "type": "rich_text_section",
                        "elements": [
                            {
                                "type": "text",
                                "text": "Updating interproscan on faust, downloading the latest version from this "
                            },
                            {
                                "type": "link",
                                "url": "https:\/\/www.ebi.ac.uk\/interpro\/about\/interproscan\/",
                                "text": "site"
                            },
                            {
                                "type": "text",
                                "text": "\n"
                            }
                        ]
                    },
                    {
                        "type": "rich_text_preformatted",
                        "elements": [
                            {
                                "type": "text",
                                "text": "peter@faust:~\/db$ wget "
                            },
                            {
                                "type": "link",
                                "url": "http:\/\/ftp.ebi.ac.uk\/pub\/software\/unix\/iprscan\/5\/5.60-92.0\/interproscan-5.60-92.0-64-bit.tar.gz"
                            }
                        ],
                        "border": 0
                    }
                ]
            }
        ],
        "team": "T017P3M8W7K",
        "user_team": "T017P3M8W7K",
        "source_team": "T017P3M8W7K",
        "user_profile": {
            "avatar_hash": "743a9fc0b5f6",
            "image_72": "https:\/\/avatars.slack-edge.com\/2022-06-30\/3731255580839_743a9fc0b5f63f195af3_72.jpg",
            "first_name": "parensburger",
            "real_name": "parensburger",
            "display_name": "Peter",
            "team": "T017P3M8W7K",
            "name": "parensburger",
            "is_restricted": false,
            "is_ultra_restricted": false
        },
        "attachments": [
            {
                "from_url": "https:\/\/www.ebi.ac.uk\/interpro\/about\/interproscan\/",
                "service_icon": "https:\/\/www.ebi.ac.uk\/favicon.ico",
                "id": 1,
                "original_url": "https:\/\/www.ebi.ac.uk\/interpro\/about\/interproscan\/",
                "fallback": "InterPro",
                "text": "InterPro provides functional analysis of proteins by classifying them into families and predicting domains and important sites. We combine protein signatures from a number of member databases into a single searchable resource, capitalising on their individual strengths to produce a powerful integrated database and diagnostic tool.",
                "title": "InterPro",
                "title_link": "https:\/\/www.ebi.ac.uk\/interpro\/about\/interproscan\/",
                "service_name": "ebi.ac.uk"
            }
        ],
        "thread_ts": "1674694007.812359",
        "reply_count": 1,
        "reply_users_count": 1,
        "latest_reply": "1674751310.351599",
        "reply_users": [
            "U01793PULLV"
        ],
        "replies": [
            {
                "user": "U01793PULLV",
                "ts": "1674751310.351599"
            }
        ],
        "is_locked": false,
        "subscribed": true,
        "last_read": "1674751310.351599"
    },
    {
        "client_msg_id": "26fd95f0-89d8-4fda-817c-e59bc687ec12",
        "type": "message",
        "text": "My thought now is that I need to primarily work with the consensus sequences, looking for conserved domains in those sequences rather than all sequences. If a consensus sequence has a conserved domain of a TE then it should be treated as potential autonomous element.",
        "user": "U01793PULLV",
        "ts": "1674694403.086559",
        "blocks": [
            {
                "type": "rich_text",
                "block_id": "1kR=C",
                "elements": [
                    {
                        "type": "rich_text_section",
                        "elements": [
                            {
                                "type": "text",
                                "text": "My thought now is that I need to primarily work with the consensus sequences, looking for conserved domains in those sequences rather than all sequences. If a consensus sequence has a conserved domain of a TE then it should be treated as potential autonomous element."
                            }
                        ]
                    }
                ]
            }
        ],
        "team": "T017P3M8W7K",
        "user_team": "T017P3M8W7K",
        "source_team": "T017P3M8W7K",
        "user_profile": {
            "avatar_hash": "743a9fc0b5f6",
            "image_72": "https:\/\/avatars.slack-edge.com\/2022-06-30\/3731255580839_743a9fc0b5f63f195af3_72.jpg",
            "first_name": "parensburger",
            "real_name": "parensburger",
            "display_name": "Peter",
            "team": "T017P3M8W7K",
            "name": "parensburger",
            "is_restricted": false,
            "is_ultra_restricted": false
        }
    }
]