[
    {
        "client_msg_id": "643ba5d1-cfd2-4b85-adcf-9f8dcb2436e4",
        "type": "message",
        "text": "getting the ORFs\n```peter@carmen:~\/Desktop\/TE_discovery_Ptep3\/protein$ ls ~\/db\/protein_TEs\/ &gt; temp.txt\npeter@carmen:~\/Desktop\/TE_discovery_Ptep3\/protein$ perl ..\/scripts\/process_folders-display_orfs4.pl -t temp.txt &gt; orfs042623.txt```",
        "user": "U01793PULLV",
        "ts": "1682562578.419749",
        "blocks": [
            {
                "type": "rich_text",
                "block_id": "DLsce",
                "elements": [
                    {
                        "type": "rich_text_section",
                        "elements": [
                            {
                                "type": "text",
                                "text": "getting the ORFs\n"
                            }
                        ]
                    },
                    {
                        "type": "rich_text_preformatted",
                        "elements": [
                            {
                                "type": "text",
                                "text": "peter@carmen:~\/Desktop\/TE_discovery_Ptep3\/protein$ ls ~\/db\/protein_TEs\/ > temp.txt\npeter@carmen:~\/Desktop\/TE_discovery_Ptep3\/protein$ perl ..\/scripts\/process_folders-display_orfs4.pl -t temp.txt > orfs042623.txt"
                            }
                        ],
                        "border": 0
                    }
                ]
            }
        ],
        "team": "T017P3M8W7K",
        "user_team": "T017P3M8W7K",
        "source_team": "T017P3M8W7K",
        "user_profile": {
            "avatar_hash": "743a9fc0b5f6",
            "image_72": "https:\/\/avatars.slack-edge.com\/2022-06-30\/3731255580839_743a9fc0b5f63f195af3_72.jpg",
            "first_name": "parensburger",
            "real_name": "parensburger",
            "display_name": "Peter",
            "team": "T017P3M8W7K",
            "name": "parensburger",
            "is_restricted": false,
            "is_ultra_restricted": false
        }
    }
]