[
    {
        "type": "message",
        "text": "To get a consensus sequence working on a script to take output of mafft and report sequence where most full length elements agree.",
        "files": [
            {
                "id": "F04HXMKML4Q",
                "created": 1672715247,
                "timestamp": 1672715247,
                "name": "make_consensus.pl",
                "title": "make_consensus.pl",
                "mimetype": "text\/plain",
                "filetype": "perl",
                "pretty_type": "Perl",
                "user": "U01793PULLV",
                "user_team": "T017P3M8W7K",
                "editable": true,
                "size": 3027,
                "mode": "snippet",
                "is_external": false,
                "external_type": "",
                "is_public": true,
                "public_url_shared": false,
                "display_as_bot": false,
                "username": "",
                "url_private": "https:\/\/files.slack.com\/files-pri\/T017P3M8W7K-F04HXMKML4Q\/make_consensus.pl?t=xoxe-1261123302257-6395895314663-6407612319125-137f2171a6b5696e8e285d5b7bbfa693",
                "url_private_download": "https:\/\/files.slack.com\/files-pri\/T017P3M8W7K-F04HXMKML4Q\/download\/make_consensus.pl?t=xoxe-1261123302257-6395895314663-6407612319125-137f2171a6b5696e8e285d5b7bbfa693",
                "permalink": "https:\/\/arensburgerla-9bj1862.slack.com\/files\/U01793PULLV\/F04HXMKML4Q\/make_consensus.pl",
                "permalink_public": "https:\/\/slack-files.com\/T017P3M8W7K-F04HXMKML4Q-81939f8d82",
                "edit_link": "https:\/\/arensburgerla-9bj1862.slack.com\/files\/U01793PULLV\/F04HXMKML4Q\/make_consensus.pl\/edit",
                "is_starred": false,
                "has_rich_preview": false,
                "file_access": "visible"
            }
        ],
        "upload": false,
        "user": "U01793PULLV",
        "display_as_bot": false,
        "ts": "1672715249.797709",
        "blocks": [
            {
                "type": "rich_text",
                "block_id": "D=Zbe",
                "elements": [
                    {
                        "type": "rich_text_section",
                        "elements": [
                            {
                                "type": "text",
                                "text": "To get a consensus sequence working on a script to take output of mafft and report sequence where most full length elements agree."
                            }
                        ]
                    }
                ]
            }
        ],
        "client_msg_id": "8f8748d8-dd79-471b-b6e9-c2ee7e67ffa8"
    }
]