[
    {
        "type": "message",
        "text": "now the program scores the sequences within each element, need to work on the output now",
        "files": [
            {
                "id": "F05EPCMUNBF",
                "created": 1688009946,
                "timestamp": 1688009946,
                "name": "summarize_DNA_ORF.pl",
                "title": "summarize_DNA_ORF.pl",
                "mimetype": "text\/plain",
                "filetype": "perl",
                "pretty_type": "Perl",
                "user": "U01793PULLV",
                "user_team": "T017P3M8W7K",
                "editable": true,
                "size": 14480,
                "mode": "snippet",
                "is_external": false,
                "external_type": "",
                "is_public": true,
                "public_url_shared": false,
                "display_as_bot": false,
                "username": "",
                "url_private": "https:\/\/files.slack.com\/files-pri\/T017P3M8W7K-F05EPCMUNBF\/summarize_dna_orf.pl?t=xoxe-1261123302257-6395895314663-6407612319125-137f2171a6b5696e8e285d5b7bbfa693",
                "url_private_download": "https:\/\/files.slack.com\/files-pri\/T017P3M8W7K-F05EPCMUNBF\/download\/summarize_dna_orf.pl?t=xoxe-1261123302257-6395895314663-6407612319125-137f2171a6b5696e8e285d5b7bbfa693",
                "permalink": "https:\/\/arensburgerla-9bj1862.slack.com\/files\/U01793PULLV\/F05EPCMUNBF\/summarize_dna_orf.pl",
                "permalink_public": "https:\/\/slack-files.com\/T017P3M8W7K-F05EPCMUNBF-4e865152ff",
                "edit_link": "https:\/\/arensburgerla-9bj1862.slack.com\/files\/U01793PULLV\/F05EPCMUNBF\/summarize_dna_orf.pl\/edit",
                "is_starred": false,
                "has_rich_preview": false,
                "file_access": "visible"
            }
        ],
        "upload": false,
        "user": "U01793PULLV",
        "display_as_bot": false,
        "ts": "1689209375.895219",
        "blocks": [
            {
                "type": "rich_text",
                "block_id": "uVS",
                "elements": [
                    {
                        "type": "rich_text_section",
                        "elements": [
                            {
                                "type": "text",
                                "text": "now the program scores the sequences within each element, need to work on the output now"
                            }
                        ]
                    }
                ]
            }
        ],
        "client_msg_id": "2f5f056f-24ea-4eb0-879e-a5abb4d13bb8"
    },
    {
        "client_msg_id": "5c99fcc3-aae1-4bd1-a7fc-cd1b72f1c54c",
        "type": "message",
        "text": "should check if the proposed element has a protein already identified in it",
        "user": "U01793PULLV",
        "ts": "1689214976.350119",
        "blocks": [
            {
                "type": "rich_text",
                "block_id": "us1IZ",
                "elements": [
                    {
                        "type": "rich_text_section",
                        "elements": [
                            {
                                "type": "text",
                                "text": "should check if the proposed element has a protein already identified in it"
                            }
                        ]
                    }
                ]
            }
        ],
        "team": "T017P3M8W7K",
        "user_team": "T017P3M8W7K",
        "source_team": "T017P3M8W7K",
        "user_profile": {
            "avatar_hash": "743a9fc0b5f6",
            "image_72": "https:\/\/avatars.slack-edge.com\/2022-06-30\/3731255580839_743a9fc0b5f63f195af3_72.jpg",
            "first_name": "parensburger",
            "real_name": "parensburger",
            "display_name": "Peter",
            "team": "T017P3M8W7K",
            "name": "parensburger",
            "is_restricted": false,
            "is_ultra_restricted": false
        },
        "thread_ts": "1689214976.350119",
        "reply_count": 1,
        "reply_users_count": 1,
        "latest_reply": "1689295097.615339",
        "reply_users": [
            "U01793PULLV"
        ],
        "replies": [
            {
                "user": "U01793PULLV",
                "ts": "1689295097.615339"
            }
        ],
        "is_locked": false,
        "subscribed": true,
        "last_read": "1689295097.615339"
    }
]