[
    {
        "client_msg_id": "980a4300-6055-4ade-a51d-945533a5504d",
        "type": "message",
        "text": "For task 2 I'm rethinking it, putting it into the summarize script means it has to be run separately each time, more efficient to keep running it in the run_interpro3.pl script.",
        "user": "U01793PULLV",
        "ts": "1675356069.652739",
        "blocks": [
            {
                "type": "rich_text",
                "block_id": "nuvf",
                "elements": [
                    {
                        "type": "rich_text_section",
                        "elements": [
                            {
                                "type": "text",
                                "text": "For task 2 I'm rethinking it, putting it into the summarize script means it has to be run separately each time, more efficient to keep running it in the run_interpro3.pl script."
                            }
                        ]
                    }
                ]
            }
        ],
        "team": "T017P3M8W7K",
        "user_team": "T017P3M8W7K",
        "source_team": "T017P3M8W7K",
        "user_profile": {
            "avatar_hash": "743a9fc0b5f6",
            "image_72": "https:\/\/avatars.slack-edge.com\/2022-06-30\/3731255580839_743a9fc0b5f63f195af3_72.jpg",
            "first_name": "parensburger",
            "real_name": "parensburger",
            "display_name": "Peter",
            "team": "T017P3M8W7K",
            "name": "parensburger",
            "is_restricted": false,
            "is_ultra_restricted": false
        }
    },
    {
        "client_msg_id": "5d37da20-4062-4e07-876b-c8a902691dd6",
        "type": "message",
        "text": "Need to fix, this sequence has length 0 in the get-real sequences\n&gt;Ptep3m-B-R636-Map20~NW_024972898.1~13481-15711(+)~match_TSDs~match_TIRs",
        "user": "U01793PULLV",
        "ts": "1675396297.761459",
        "blocks": [
            {
                "type": "rich_text",
                "block_id": "EiAEW",
                "elements": [
                    {
                        "type": "rich_text_section",
                        "elements": [
                            {
                                "type": "text",
                                "text": "Need to fix, this sequence has length 0 in the get-real sequences\n>Ptep3m-B-R636-Map20~NW_024972898.1~13481-15711(+)~match_TSDs~match_TIRs"
                            }
                        ]
                    }
                ]
            }
        ],
        "team": "T017P3M8W7K",
        "user_team": "T017P3M8W7K",
        "source_team": "T017P3M8W7K",
        "user_profile": {
            "avatar_hash": "743a9fc0b5f6",
            "image_72": "https:\/\/avatars.slack-edge.com\/2022-06-30\/3731255580839_743a9fc0b5f63f195af3_72.jpg",
            "first_name": "parensburger",
            "real_name": "parensburger",
            "display_name": "Peter",
            "team": "T017P3M8W7K",
            "name": "parensburger",
            "is_restricted": false,
            "is_ultra_restricted": false
        }
    },
    {
        "type": "message",
        "text": "Found a complete element using the information from Ptep3m-B-R636-Map20. Method:\n1. Blasted the longest ORF from the 50% consensus sequence against annotated proteins of P. tep. and got a match to the protein XP_042907796.1\n2. Then tBlastn matched the sequence of the  XP_042907796.1 protein to the Ptep3 genome and got a dozen or so good matches to the genome, the best on being  NW_024969635.1:4121992 -4123854\n3. I extended the search 2000 bp. beyond this and found the TSDs: CCTTAGAG with element below in between. \nBlasted the nucleotide sequence and found additional copies, at least one with different TSDs.",
        "files": [
            {
                "id": "F04MTEB3FUM",
                "created": 1675403593,
                "timestamp": 1675403593,
                "name": "element.fa",
                "title": "element.fa",
                "mimetype": "text\/plain",
                "filetype": "text",
                "pretty_type": "Plain Text",
                "user": "U01793PULLV",
                "user_team": "T017P3M8W7K",
                "editable": true,
                "size": 3218,
                "mode": "snippet",
                "is_external": false,
                "external_type": "",
                "is_public": true,
                "public_url_shared": false,
                "display_as_bot": false,
                "username": "",
                "url_private": "https:\/\/files.slack.com\/files-pri\/T017P3M8W7K-F04MTEB3FUM\/element.fa?t=xoxe-1261123302257-6395895314663-6407612319125-137f2171a6b5696e8e285d5b7bbfa693",
                "url_private_download": "https:\/\/files.slack.com\/files-pri\/T017P3M8W7K-F04MTEB3FUM\/download\/element.fa?t=xoxe-1261123302257-6395895314663-6407612319125-137f2171a6b5696e8e285d5b7bbfa693",
                "permalink": "https:\/\/arensburgerla-9bj1862.slack.com\/files\/U01793PULLV\/F04MTEB3FUM\/element.fa",
                "permalink_public": "https:\/\/slack-files.com\/T017P3M8W7K-F04MTEB3FUM-347ee0666b",
                "edit_link": "https:\/\/arensburgerla-9bj1862.slack.com\/files\/U01793PULLV\/F04MTEB3FUM\/element.fa\/edit",
                "is_starred": false,
                "has_rich_preview": false,
                "file_access": "visible"
            }
        ],
        "upload": false,
        "user": "U01793PULLV",
        "display_as_bot": false,
        "ts": "1675403597.380029",
        "blocks": [
            {
                "type": "rich_text",
                "block_id": "+BpzA",
                "elements": [
                    {
                        "type": "rich_text_section",
                        "elements": [
                            {
                                "type": "text",
                                "text": "Found a complete element using the information from Ptep3m-B-R636-Map20. Method:\n"
                            }
                        ]
                    },
                    {
                        "type": "rich_text_list",
                        "elements": [
                            {
                                "type": "rich_text_section",
                                "elements": [
                                    {
                                        "type": "text",
                                        "text": "Blasted the longest ORF from the 50% consensus sequence against annotated proteins of P. tep. and got a match to the protein XP_042907796.1"
                                    }
                                ]
                            },
                            {
                                "type": "rich_text_section",
                                "elements": [
                                    {
                                        "type": "text",
                                        "text": "Then tBlastn matched the sequence of the  XP_042907796.1 protein to the Ptep3 genome and got a dozen or so good matches to the genome, the best on being  NW_024969635.1:4121992 -4123854"
                                    }
                                ]
                            },
                            {
                                "type": "rich_text_section",
                                "elements": [
                                    {
                                        "type": "text",
                                        "text": "I extended the search 2000 bp. beyond this and found the TSDs: CCTTAGAG with element below in between. "
                                    }
                                ]
                            }
                        ],
                        "style": "ordered",
                        "indent": 0,
                        "border": 0
                    },
                    {
                        "type": "rich_text_section",
                        "elements": [
                            {
                                "type": "text",
                                "text": "Blasted the nucleotide sequence and found additional copies, at least one with different TSDs."
                            }
                        ]
                    }
                ]
            }
        ],
        "client_msg_id": "199e9f53-66fb-46e5-ac3c-903d8863a711"
    }
]