[
    {
        "client_msg_id": "0fcbe15c-705f-4f71-81c6-169e46698c4b",
        "type": "message",
        "text": "the script now records how many orfs in an element are shared (i.e. in the same cluster) between DNA sequences. Use this as a criterion to examine element more closely",
        "user": "U01793PULLV",
        "ts": "1687475059.929869",
        "blocks": [
            {
                "type": "rich_text",
                "block_id": "v5O",
                "elements": [
                    {
                        "type": "rich_text_section",
                        "elements": [
                            {
                                "type": "text",
                                "text": "the script now records how many orfs in an element are shared (i.e. in the same cluster) between DNA sequences. Use this as a criterion to examine element more closely"
                            }
                        ]
                    }
                ]
            }
        ],
        "team": "T017P3M8W7K",
        "user_team": "T017P3M8W7K",
        "source_team": "T017P3M8W7K",
        "user_profile": {
            "avatar_hash": "743a9fc0b5f6",
            "image_72": "https:\/\/avatars.slack-edge.com\/2022-06-30\/3731255580839_743a9fc0b5f63f195af3_72.jpg",
            "first_name": "parensburger",
            "real_name": "parensburger",
            "display_name": "Peter",
            "team": "T017P3M8W7K",
            "name": "parensburger",
            "is_restricted": false,
            "is_ultra_restricted": false
        }
    }
]