[
    {
        "type": "message",
        "text": "Before running the cluster script I'm removing the elements that 1) did not end being manually reviewed, 2) were reviewed but were not an element\n`peter@carmen:~\/Desktop\/TE_discovery_Ptep3\/protein$ grep \"Review2.*not_an_element\" ~\/db\/protein_TEs\/*\/README.txt &gt; temp2.txt`\nusing gedit to isolate just the element names of the \"not an element\" group, and adding the names from the file protein_s2.ods that did not have a review. The file temp2.txt has all the names.\nTrying to run the cleanup script\npeter@carmen:~\/Desktop\/TE_discovery_Ptep3\/protein$ perl ..\/scripts\/process_folders-remove_elements2.pl -t temp2.txt\nbut running into the problem that thscript is removing the folder ~\/db\/TEs\/protein_TEs (maybe the list contains a blank). Restoring the database, and will work on the cleanup script",
        "files": [
            {
                "id": "F054CL89EJG",
                "created": 1682044669,
                "timestamp": 1682044669,
                "name": "temp2.txt",
                "title": "temp2.txt",
                "mimetype": "text\/plain",
                "filetype": "text",
                "pretty_type": "Plain Text",
                "user": "U01793PULLV",
                "user_team": "T017P3M8W7K",
                "editable": true,
                "size": 12031,
                "mode": "snippet",
                "is_external": false,
                "external_type": "",
                "is_public": true,
                "public_url_shared": false,
                "display_as_bot": false,
                "username": "",
                "url_private": "https:\/\/files.slack.com\/files-pri\/T017P3M8W7K-F054CL89EJG\/temp2.txt?t=xoxe-1261123302257-6395895314663-6407612319125-137f2171a6b5696e8e285d5b7bbfa693",
                "url_private_download": "https:\/\/files.slack.com\/files-pri\/T017P3M8W7K-F054CL89EJG\/download\/temp2.txt?t=xoxe-1261123302257-6395895314663-6407612319125-137f2171a6b5696e8e285d5b7bbfa693",
                "permalink": "https:\/\/arensburgerla-9bj1862.slack.com\/files\/U01793PULLV\/F054CL89EJG\/temp2.txt",
                "permalink_public": "https:\/\/slack-files.com\/T017P3M8W7K-F054CL89EJG-01f499e7f3",
                "edit_link": "https:\/\/arensburgerla-9bj1862.slack.com\/files\/U01793PULLV\/F054CL89EJG\/temp2.txt\/edit",
                "is_starred": false,
                "has_rich_preview": false,
                "file_access": "visible"
            }
        ],
        "upload": false,
        "user": "U01793PULLV",
        "display_as_bot": false,
        "ts": "1682045654.890599",
        "blocks": [
            {
                "type": "rich_text",
                "block_id": "qUpMg",
                "elements": [
                    {
                        "type": "rich_text_section",
                        "elements": [
                            {
                                "type": "text",
                                "text": "Before running the cluster script I'm removing the elements that 1) did not end being manually reviewed, 2) were reviewed but were not an element\n"
                            },
                            {
                                "type": "text",
                                "text": "peter@carmen:~\/Desktop\/TE_discovery_Ptep3\/protein$ grep \"Review2.*not_an_element\" ~\/db\/protein_TEs\/*\/README.txt > temp2.txt",
                                "style": {
                                    "code": true
                                }
                            },
                            {
                                "type": "text",
                                "text": "\nusing gedit to isolate just the element names of the \"not an element\" group, and adding the names from the file protein_s2.ods that did not have a review. The file temp2.txt has all the names.\nTrying to run the cleanup script\npeter@carmen:~\/Desktop\/TE_discovery_Ptep3\/protein$ perl ..\/scripts\/process_folders-remove_elements2.pl -t temp2.txt\nbut running into the problem that thscript is removing the folder ~\/db\/TEs\/protein_TEs (maybe the list contains a blank). Restoring the database, and will work on the cleanup script"
                            }
                        ]
                    }
                ]
            }
        ],
        "client_msg_id": "a0e376da-734f-40ac-81ed-886adf02b3cf"
    }
]