[
    {
        "client_msg_id": "0e94d0a9-5e54-4a8e-954a-05dab1bbff35",
        "type": "message",
        "text": "Had to restart the analysis above because the make_consensus2.pl program was crashing. Fixed it.",
        "user": "U01793PULLV",
        "ts": "1676746256.902069",
        "blocks": [
            {
                "type": "rich_text",
                "block_id": "g\/d",
                "elements": [
                    {
                        "type": "rich_text_section",
                        "elements": [
                            {
                                "type": "text",
                                "text": "Had to restart the analysis above because the make_consensus2.pl program was crashing. Fixed it."
                            }
                        ]
                    }
                ]
            }
        ],
        "team": "T017P3M8W7K",
        "user_team": "T017P3M8W7K",
        "source_team": "T017P3M8W7K",
        "user_profile": {
            "avatar_hash": "743a9fc0b5f6",
            "image_72": "https:\/\/avatars.slack-edge.com\/2022-06-30\/3731255580839_743a9fc0b5f63f195af3_72.jpg",
            "first_name": "parensburger",
            "real_name": "parensburger",
            "display_name": "Peter",
            "team": "T017P3M8W7K",
            "name": "parensburger",
            "is_restricted": false,
            "is_ultra_restricted": false
        }
    },
    {
        "client_msg_id": "8d58a1c5-8ac9-4a6f-84f4-bdf7b88b325b",
        "type": "message",
        "text": "Restarting again, this time to fix case where there was no consensus created",
        "user": "U01793PULLV",
        "ts": "1676785176.422659",
        "blocks": [
            {
                "type": "rich_text",
                "block_id": "qmKBf",
                "elements": [
                    {
                        "type": "rich_text_section",
                        "elements": [
                            {
                                "type": "text",
                                "text": "Restarting again, this time to fix case where there was no consensus created"
                            }
                        ]
                    }
                ]
            }
        ],
        "team": "T017P3M8W7K",
        "user_team": "T017P3M8W7K",
        "source_team": "T017P3M8W7K",
        "user_profile": {
            "avatar_hash": "743a9fc0b5f6",
            "image_72": "https:\/\/avatars.slack-edge.com\/2022-06-30\/3731255580839_743a9fc0b5f63f195af3_72.jpg",
            "first_name": "parensburger",
            "real_name": "parensburger",
            "display_name": "Peter",
            "team": "T017P3M8W7K",
            "name": "parensburger",
            "is_restricted": false,
            "is_ultra_restricted": false
        }
    }
]