[
    {
        "client_msg_id": "8535b47b-84b4-495f-9426-6283f80f7cfb",
        "type": "message",
        "text": "trying out the blastx on two elements\n```arensburger@pq:~\/Ptep3_TEs\/blastx$ time blastx -db ~\/db\/nr\/nr.00 -query .\/Review3_element_consensus.fa -out .\/Review3_consensus_blastx.out -num_threads 16\nreal\t0m40.706s\nuser\t10m14.570s\nsys\t0m2.197s```",
        "user": "U01793PULLV",
        "ts": "1691000650.156429",
        "blocks": [
            {
                "type": "rich_text",
                "block_id": "2KFE",
                "elements": [
                    {
                        "type": "rich_text_section",
                        "elements": [
                            {
                                "type": "text",
                                "text": "trying out the blastx on two elements\n"
                            }
                        ]
                    },
                    {
                        "type": "rich_text_preformatted",
                        "elements": [
                            {
                                "type": "text",
                                "text": "arensburger@pq:~\/Ptep3_TEs\/blastx$ time blastx -db ~\/db\/nr\/nr.00 -query .\/Review3_element_consensus.fa -out .\/Review3_consensus_blastx.out -num_threads 16\nreal\t0m40.706s\nuser\t10m14.570s\nsys\t0m2.197s"
                            }
                        ],
                        "border": 0
                    }
                ]
            }
        ],
        "team": "T017P3M8W7K",
        "user_team": "T017P3M8W7K",
        "source_team": "T017P3M8W7K",
        "user_profile": {
            "avatar_hash": "743a9fc0b5f6",
            "image_72": "https:\/\/avatars.slack-edge.com\/2022-06-30\/3731255580839_743a9fc0b5f63f195af3_72.jpg",
            "first_name": "parensburger",
            "real_name": "parensburger",
            "display_name": "Peter",
            "team": "T017P3M8W7K",
            "name": "parensburger",
            "is_restricted": false,
            "is_ultra_restricted": false
        }
    },
    {
        "client_msg_id": "bb8414cf-33b1-40ab-a44b-72a601da1231",
        "type": "message",
        "text": "thinking of making a graph of where the hits land, perhaps I can define the ends that way",
        "user": "U01793PULLV",
        "ts": "1691000686.863709",
        "blocks": [
            {
                "type": "rich_text",
                "block_id": "PFek",
                "elements": [
                    {
                        "type": "rich_text_section",
                        "elements": [
                            {
                                "type": "text",
                                "text": "thinking of making a graph of where the hits land, perhaps I can define the ends that way"
                            }
                        ]
                    }
                ]
            }
        ],
        "team": "T017P3M8W7K",
        "user_team": "T017P3M8W7K",
        "source_team": "T017P3M8W7K",
        "user_profile": {
            "avatar_hash": "743a9fc0b5f6",
            "image_72": "https:\/\/avatars.slack-edge.com\/2022-06-30\/3731255580839_743a9fc0b5f63f195af3_72.jpg",
            "first_name": "parensburger",
            "real_name": "parensburger",
            "display_name": "Peter",
            "team": "T017P3M8W7K",
            "name": "parensburger",
            "is_restricted": false,
            "is_ultra_restricted": false
        }
    },
    {
        "client_msg_id": "de62d423-a7d4-49a0-ad0d-b4904edb1d17",
        "type": "message",
        "text": "Looking at the blastx results, one way to id the ends might be to look for matches along the whole length of the subject (looking at length).",
        "user": "U01793PULLV",
        "ts": "1691011990.866239",
        "blocks": [
            {
                "type": "rich_text",
                "block_id": "l5Y8",
                "elements": [
                    {
                        "type": "rich_text_section",
                        "elements": [
                            {
                                "type": "text",
                                "text": "Looking at the blastx results, one way to id the ends might be to look for matches along the whole length of the subject (looking at length)."
                            }
                        ]
                    }
                ]
            }
        ],
        "team": "T017P3M8W7K",
        "user_team": "T017P3M8W7K",
        "source_team": "T017P3M8W7K",
        "user_profile": {
            "avatar_hash": "743a9fc0b5f6",
            "image_72": "https:\/\/avatars.slack-edge.com\/2022-06-30\/3731255580839_743a9fc0b5f63f195af3_72.jpg",
            "first_name": "parensburger",
            "real_name": "parensburger",
            "display_name": "Peter",
            "team": "T017P3M8W7K",
            "name": "parensburger",
            "is_restricted": false,
            "is_ultra_restricted": false
        }
    },
    {
        "type": "message",
        "text": "Running the script on all the protein sequences\npeter@carmen:~\/Desktop\/TE_discovery_Ptep3\/protein$ perl Review3_consensus_sequences.pl -t temp.txt",
        "files": [
            {
                "id": "F05KV30RA94",
                "created": 1691013927,
                "timestamp": 1691013927,
                "name": "temp.txt",
                "title": "temp.txt",
                "mimetype": "text\/plain",
                "filetype": "text",
                "pretty_type": "Plain Text",
                "user": "U01793PULLV",
                "user_team": "T017P3M8W7K",
                "editable": true,
                "size": 836,
                "mode": "snippet",
                "is_external": false,
                "external_type": "",
                "is_public": true,
                "public_url_shared": false,
                "display_as_bot": false,
                "username": "",
                "url_private": "https:\/\/files.slack.com\/files-pri\/T017P3M8W7K-F05KV30RA94\/temp.txt?t=xoxe-1261123302257-6395895314663-6407612319125-137f2171a6b5696e8e285d5b7bbfa693",
                "url_private_download": "https:\/\/files.slack.com\/files-pri\/T017P3M8W7K-F05KV30RA94\/download\/temp.txt?t=xoxe-1261123302257-6395895314663-6407612319125-137f2171a6b5696e8e285d5b7bbfa693",
                "permalink": "https:\/\/arensburgerla-9bj1862.slack.com\/files\/U01793PULLV\/F05KV30RA94\/temp.txt",
                "permalink_public": "https:\/\/slack-files.com\/T017P3M8W7K-F05KV30RA94-1a6b5153d3",
                "edit_link": "https:\/\/arensburgerla-9bj1862.slack.com\/files\/U01793PULLV\/F05KV30RA94\/temp.txt\/edit",
                "is_starred": false,
                "has_rich_preview": false,
                "file_access": "visible"
            }
        ],
        "upload": false,
        "user": "U01793PULLV",
        "display_as_bot": false,
        "ts": "1691013933.203219",
        "blocks": [
            {
                "type": "rich_text",
                "block_id": "js0",
                "elements": [
                    {
                        "type": "rich_text_section",
                        "elements": [
                            {
                                "type": "text",
                                "text": "Running the script on all the protein sequences\npeter@carmen:~\/Desktop\/TE_discovery_Ptep3\/protein$ perl Review3_consensus_sequences.pl -t temp.txt"
                            }
                        ]
                    }
                ]
            }
        ],
        "client_msg_id": "0e910aea-5723-486a-9e3c-6a1da5acae6a"
    }
]