[
    {
        "client_msg_id": "7f1561c7-6d42-4e64-8d4b-88aa7ca4742f",
        "type": "message",
        "text": "the two issues above have been fixed",
        "user": "U01793PULLV",
        "ts": "1691166405.684979",
        "blocks": [
            {
                "type": "rich_text",
                "block_id": "Fz9",
                "elements": [
                    {
                        "type": "rich_text_section",
                        "elements": [
                            {
                                "type": "text",
                                "text": "the two issues above have been fixed"
                            }
                        ]
                    }
                ]
            }
        ],
        "team": "T017P3M8W7K",
        "user_team": "T017P3M8W7K",
        "source_team": "T017P3M8W7K",
        "user_profile": {
            "avatar_hash": "743a9fc0b5f6",
            "image_72": "https:\/\/avatars.slack-edge.com\/2022-06-30\/3731255580839_743a9fc0b5f63f195af3_72.jpg",
            "first_name": "parensburger",
            "real_name": "parensburger",
            "display_name": "Peter",
            "team": "T017P3M8W7K",
            "name": "parensburger",
            "is_restricted": false,
            "is_ultra_restricted": false
        }
    },
    {
        "client_msg_id": "323bc971-00c6-4327-b978-dae1b98b695e",
        "type": "message",
        "text": "modified the Review3 files, now they are split in two. The first one Review3_consensus_sequences.pl does the TSD and TIR analysis and outputs the consensus sequences; the second one Review3_transposase.pl, takes output of blasting the consensus sequences to nr and Ptep proteins and reports the best matches, all to the Review3-report file and to the Review3 directory. Still need to complete the second script.",
        "user": "U01793PULLV",
        "ts": "1691177255.003059",
        "blocks": [
            {
                "type": "rich_text",
                "block_id": "9rz",
                "elements": [
                    {
                        "type": "rich_text_section",
                        "elements": [
                            {
                                "type": "text",
                                "text": "modified the Review3 files, now they are split in two. The first one Review3_consensus_sequences.pl does the TSD and TIR analysis and outputs the consensus sequences; the second one Review3_transposase.pl, takes output of blasting the consensus sequences to nr and Ptep proteins and reports the best matches, all to the Review3-report file and to the Review3 directory. Still need to complete the second script."
                            }
                        ]
                    }
                ]
            }
        ],
        "team": "T017P3M8W7K",
        "user_team": "T017P3M8W7K",
        "source_team": "T017P3M8W7K",
        "user_profile": {
            "avatar_hash": "743a9fc0b5f6",
            "image_72": "https:\/\/avatars.slack-edge.com\/2022-06-30\/3731255580839_743a9fc0b5f63f195af3_72.jpg",
            "first_name": "parensburger",
            "real_name": "parensburger",
            "display_name": "Peter",
            "team": "T017P3M8W7K",
            "name": "parensburger",
            "is_restricted": false,
            "is_ultra_restricted": false
        }
    },
    {
        "client_msg_id": "44bbd387-9244-47b5-a0e2-eea49bd4d852",
        "type": "message",
        "text": "setting up Ptep3 protein blast database:\n```arensburger@pq:~\/db\/Ptep3_protein$ wget <https:\/\/ftp.ncbi.nlm.nih.gov\/genomes\/all\/GCF\/000\/365\/465\/GCF_000365465.3_Ptep_3.0\/GCF_000365465.3_Ptep_3.0_protein.faa.gz>\narensburger@pq:~\/db\/Ptep3_protein$ makeblastdb -in GCF_000365465.3_Ptep_3.0_protein.faa -dbtype prot -out Ptep3_prot```",
        "user": "U01793PULLV",
        "ts": "1691185891.874629",
        "blocks": [
            {
                "type": "rich_text",
                "block_id": "8fzG",
                "elements": [
                    {
                        "type": "rich_text_section",
                        "elements": [
                            {
                                "type": "text",
                                "text": "setting up Ptep3 protein blast database:\n"
                            }
                        ]
                    },
                    {
                        "type": "rich_text_preformatted",
                        "elements": [
                            {
                                "type": "text",
                                "text": "arensburger@pq:~\/db\/Ptep3_protein$ wget "
                            },
                            {
                                "type": "link",
                                "url": "https:\/\/ftp.ncbi.nlm.nih.gov\/genomes\/all\/GCF\/000\/365\/465\/GCF_000365465.3_Ptep_3.0\/GCF_000365465.3_Ptep_3.0_protein.faa.gz"
                            },
                            {
                                "type": "text",
                                "text": "\narensburger@pq:~\/db\/Ptep3_protein$ makeblastdb -in GCF_000365465.3_Ptep_3.0_protein.faa -dbtype prot -out Ptep3_prot"
                            }
                        ],
                        "border": 0
                    }
                ]
            }
        ],
        "team": "T017P3M8W7K",
        "user_team": "T017P3M8W7K",
        "source_team": "T017P3M8W7K",
        "user_profile": {
            "avatar_hash": "743a9fc0b5f6",
            "image_72": "https:\/\/avatars.slack-edge.com\/2022-06-30\/3731255580839_743a9fc0b5f63f195af3_72.jpg",
            "first_name": "parensburger",
            "real_name": "parensburger",
            "display_name": "Peter",
            "team": "T017P3M8W7K",
            "name": "parensburger",
            "is_restricted": false,
            "is_ultra_restricted": false
        }
    }
]