[
    {
        "client_msg_id": "74fc5141-bd83-4548-9747-e39e583857ec",
        "type": "message",
        "text": "Because getting the positions of the real element is taking a while, I'm going to run the get-real script (on faust) first.",
        "user": "U01793PULLV",
        "ts": "1680307234.177389",
        "blocks": [
            {
                "type": "rich_text",
                "block_id": "lZSd5",
                "elements": [
                    {
                        "type": "rich_text_section",
                        "elements": [
                            {
                                "type": "text",
                                "text": "Because getting the positions of the real element is taking a while, I'm going to run the get-real script (on faust) first."
                            }
                        ]
                    }
                ]
            }
        ],
        "team": "T017P3M8W7K",
        "user_team": "T017P3M8W7K",
        "source_team": "T017P3M8W7K",
        "user_profile": {
            "avatar_hash": "743a9fc0b5f6",
            "image_72": "https:\/\/avatars.slack-edge.com\/2022-06-30\/3731255580839_743a9fc0b5f63f195af3_72.jpg",
            "first_name": "parensburger",
            "real_name": "parensburger",
            "display_name": "Peter",
            "team": "T017P3M8W7K",
            "name": "parensburger",
            "is_restricted": false,
            "is_ultra_restricted": false
        },
        "thread_ts": "1680307234.177389",
        "reply_count": 3,
        "reply_users_count": 1,
        "latest_reply": "1680790684.096389",
        "reply_users": [
            "U01793PULLV"
        ],
        "replies": [
            {
                "user": "U01793PULLV",
                "ts": "1680308270.337129"
            },
            {
                "user": "U01793PULLV",
                "ts": "1680717154.469079"
            },
            {
                "user": "U01793PULLV",
                "ts": "1680790684.096389"
            }
        ],
        "is_locked": false,
        "subscribed": true,
        "last_read": "1680790684.096389"
    },
    {
        "type": "message",
        "text": "peter@faust:~\/Desktop$ nohup perl ~\/Desktop\/TE_discovery_Ptep3\/scripts\/process_folders-get_real_sequences3.pl -t temp.txt &amp;",
        "files": [
            {
                "id": "F051BK8UPCK",
                "created": 1680308268,
                "timestamp": 1680308268,
                "name": "temp.txt",
                "title": "temp.txt",
                "mimetype": "text\/plain",
                "filetype": "text",
                "pretty_type": "Plain Text",
                "user": "U01793PULLV",
                "user_team": "T017P3M8W7K",
                "editable": true,
                "size": 2220,
                "mode": "snippet",
                "is_external": false,
                "external_type": "",
                "is_public": true,
                "public_url_shared": false,
                "display_as_bot": false,
                "username": "",
                "url_private": "https:\/\/files.slack.com\/files-pri\/T017P3M8W7K-F051BK8UPCK\/temp.txt?t=xoxe-1261123302257-6395895314663-6407612319125-137f2171a6b5696e8e285d5b7bbfa693",
                "url_private_download": "https:\/\/files.slack.com\/files-pri\/T017P3M8W7K-F051BK8UPCK\/download\/temp.txt?t=xoxe-1261123302257-6395895314663-6407612319125-137f2171a6b5696e8e285d5b7bbfa693",
                "permalink": "https:\/\/arensburgerla-9bj1862.slack.com\/files\/U01793PULLV\/F051BK8UPCK\/temp.txt",
                "permalink_public": "https:\/\/slack-files.com\/T017P3M8W7K-F051BK8UPCK-3cda436dc1",
                "edit_link": "https:\/\/arensburgerla-9bj1862.slack.com\/files\/U01793PULLV\/F051BK8UPCK\/temp.txt\/edit",
                "is_starred": false,
                "has_rich_preview": false,
                "file_access": "visible"
            }
        ],
        "upload": false,
        "user": "U01793PULLV",
        "display_as_bot": false,
        "ts": "1680308270.337129",
        "blocks": [
            {
                "type": "rich_text",
                "block_id": "bplwR",
                "elements": [
                    {
                        "type": "rich_text_section",
                        "elements": [
                            {
                                "type": "text",
                                "text": "peter@faust:~\/Desktop$ nohup perl ~\/Desktop\/TE_discovery_Ptep3\/scripts\/process_folders-get_real_sequences3.pl -t temp.txt &"
                            }
                        ]
                    }
                ]
            }
        ],
        "client_msg_id": "5f6fc73f-d56f-4144-a43b-8e1c44018110",
        "thread_ts": "1680307234.177389",
        "parent_user_id": "U01793PULLV"
    },
    {
        "client_msg_id": "3192f605-4fa2-4293-af03-4adf8846118f",
        "type": "message",
        "text": "working on the cluster script, doing pairwise comparisons of coverages, hopefully it will not take too long",
        "user": "U01793PULLV",
        "ts": "1680309095.455509",
        "blocks": [
            {
                "type": "rich_text",
                "block_id": "MIDuk",
                "elements": [
                    {
                        "type": "rich_text_section",
                        "elements": [
                            {
                                "type": "text",
                                "text": "working on the cluster script, doing pairwise comparisons of coverages, hopefully it will not take too long"
                            }
                        ]
                    }
                ]
            }
        ],
        "team": "T017P3M8W7K",
        "user_team": "T017P3M8W7K",
        "source_team": "T017P3M8W7K",
        "user_profile": {
            "avatar_hash": "743a9fc0b5f6",
            "image_72": "https:\/\/avatars.slack-edge.com\/2022-06-30\/3731255580839_743a9fc0b5f63f195af3_72.jpg",
            "first_name": "parensburger",
            "real_name": "parensburger",
            "display_name": "Peter",
            "team": "T017P3M8W7K",
            "name": "parensburger",
            "is_restricted": false,
            "is_ultra_restricted": false
        }
    }
]