[
    {
        "client_msg_id": "bafa1e36-4c9e-4629-8d58-650a6c80cad8",
        "type": "message",
        "text": "testing out RepeatMasker on slurm with\n```parensburger@hpc:~$ more rm_submit.sh \n#!\/bin\/bash\n#SBATCH --job-name=PA_RepeatMasker\n#SBATCH --partition=compute\n#SBATCH --mail-type=ALL\n#SBATCH --mail-user=parensburger@cpp.edu\n#SBATCH --ntasks=32\n#SBATCH --output=RepeatMasker.%j.out\n#SBATCH --error=RepeatMasker.%j.err\ncd $SLURM_SUBMIT_DIR\nRepeatMasker -e rmblast -dir . -lib .\/hAT.fa -pa 32 .\/testPtep3.fa```\nrun started at 16:28PM today",
        "user": "U01793PULLV",
        "ts": "1693697959.016149",
        "blocks": [
            {
                "type": "rich_text",
                "block_id": "vVlC",
                "elements": [
                    {
                        "type": "rich_text_section",
                        "elements": [
                            {
                                "type": "text",
                                "text": "testing out RepeatMasker on slurm with\n"
                            }
                        ]
                    },
                    {
                        "type": "rich_text_preformatted",
                        "elements": [
                            {
                                "type": "text",
                                "text": "parensburger@hpc:~$ more rm_submit.sh \n#!\/bin\/bash\n#SBATCH --job-name=PA_RepeatMasker\n#SBATCH --partition=compute\n#SBATCH --mail-type=ALL\n#SBATCH --mail-user=parensburger@cpp.edu\n#SBATCH --ntasks=32\n#SBATCH --output=RepeatMasker.%j.out\n#SBATCH --error=RepeatMasker.%j.err\ncd $SLURM_SUBMIT_DIR\nRepeatMasker -e rmblast -dir . -lib .\/hAT.fa -pa 32 .\/testPtep3.fa"
                            }
                        ],
                        "border": 0
                    },
                    {
                        "type": "rich_text_section",
                        "elements": [
                            {
                                "type": "text",
                                "text": "run started at 16:28PM today"
                            }
                        ]
                    }
                ]
            }
        ],
        "team": "T017P3M8W7K",
        "user_team": "T017P3M8W7K",
        "source_team": "T017P3M8W7K",
        "user_profile": {
            "avatar_hash": "743a9fc0b5f6",
            "image_72": "https:\/\/avatars.slack-edge.com\/2022-06-30\/3731255580839_743a9fc0b5f63f195af3_72.jpg",
            "first_name": "parensburger",
            "real_name": "parensburger",
            "display_name": "Peter",
            "team": "T017P3M8W7K",
            "name": "parensburger",
            "is_restricted": false,
            "is_ultra_restricted": false
        }
    },
    {
        "client_msg_id": "77ae4895-d384-43c6-a59d-2106918963ce",
        "type": "message",
        "text": "finished at 5.57, total time was 1h 28min",
        "user": "U01793PULLV",
        "ts": "1693708548.019839",
        "blocks": [
            {
                "type": "rich_text",
                "block_id": "d\/j",
                "elements": [
                    {
                        "type": "rich_text_section",
                        "elements": [
                            {
                                "type": "text",
                                "text": "finished at 5.57, total time was 1h 28min"
                            }
                        ]
                    }
                ]
            }
        ],
        "team": "T017P3M8W7K",
        "user_team": "T017P3M8W7K",
        "source_team": "T017P3M8W7K",
        "user_profile": {
            "avatar_hash": "743a9fc0b5f6",
            "image_72": "https:\/\/avatars.slack-edge.com\/2022-06-30\/3731255580839_743a9fc0b5f63f195af3_72.jpg",
            "first_name": "parensburger",
            "real_name": "parensburger",
            "display_name": "Peter",
            "team": "T017P3M8W7K",
            "name": "parensburger",
            "is_restricted": false,
            "is_ultra_restricted": false
        }
    },
    {
        "client_msg_id": "e75b302d-6be6-4dc2-93e6-c672e6a9a033",
        "type": "message",
        "text": "running again, this time with 64 cores\n```parensburger@hpc:~$ more rm_submit.sh \n#!\/bin\/bash\n#SBATCH --job-name=PA_RepeatMasker\n#SBATCH --partition=compute\n#SBATCH --mail-type=ALL\n#SBATCH --mail-user=parensburger@cpp.edu\n#SBATCH --ntasks=64\n#SBATCH --output=RepeatMasker.%j.out\n#SBATCH --error=RepeatMasker.%j.err\ncd $SLURM_SUBMIT_DIR\nRepeatMasker -e rmblast -dir . -lib .\/hAT.fa -pa 64 .\/testPtep3.fa\nparensburger@hpc:~$ sbatch .\/rm_submit.sh \nSubmitted batch job 15103```",
        "user": "U01793PULLV",
        "ts": "1693708998.169559",
        "blocks": [
            {
                "type": "rich_text",
                "block_id": "\/5FwG",
                "elements": [
                    {
                        "type": "rich_text_section",
                        "elements": [
                            {
                                "type": "text",
                                "text": "running again, this time with 64 cores\n"
                            }
                        ]
                    },
                    {
                        "type": "rich_text_preformatted",
                        "elements": [
                            {
                                "type": "text",
                                "text": "parensburger@hpc:~$ more rm_submit.sh \n#!\/bin\/bash\n#SBATCH --job-name=PA_RepeatMasker\n#SBATCH --partition=compute\n#SBATCH --mail-type=ALL\n#SBATCH --mail-user=parensburger@cpp.edu\n#SBATCH --ntasks=64\n#SBATCH --output=RepeatMasker.%j.out\n#SBATCH --error=RepeatMasker.%j.err\ncd $SLURM_SUBMIT_DIR\nRepeatMasker -e rmblast -dir . -lib .\/hAT.fa -pa 64 .\/testPtep3.fa\nparensburger@hpc:~$ sbatch .\/rm_submit.sh \nSubmitted batch job 15103"
                            }
                        ],
                        "border": 0
                    }
                ]
            }
        ],
        "team": "T017P3M8W7K",
        "user_team": "T017P3M8W7K",
        "source_team": "T017P3M8W7K",
        "user_profile": {
            "avatar_hash": "743a9fc0b5f6",
            "image_72": "https:\/\/avatars.slack-edge.com\/2022-06-30\/3731255580839_743a9fc0b5f63f195af3_72.jpg",
            "first_name": "parensburger",
            "real_name": "parensburger",
            "display_name": "Peter",
            "team": "T017P3M8W7K",
            "name": "parensburger",
            "is_restricted": false,
            "is_ultra_restricted": false
        }
    }
]