[
    {
        "client_msg_id": "e84c56d8-6fad-484c-b10a-6c0540322b0f",
        "type": "message",
        "text": "read this <https:\/\/bitesizebio.com\/10041\/designing-qpcr-primers\/|post> about picking primers for qpcr. Following that methodology I’m looking for primer sequences in various genes, based on this <https:\/\/www.ncbi.nlm.nih.gov\/pmc\/articles\/PMC6232608\/|paper>. For Tubulin-alpha I searched NCBI gene for the terms “tubulin” and “parasteatoda”, then ran primer picker on one of the isoforms. For RPL13a (Cheryl used it in this <https:\/\/pubmed.ncbi.nlm.nih.gov\/33561241\/|paper>) I searched for “ribosomal protein L13A” and “parasteatoda” then ran the primer picker.\nShould do a third gene before ordering",
        "user": "U01793PULLV",
        "ts": "1619546863.004600",
        "blocks": [
            {
                "type": "rich_text",
                "block_id": "syj",
                "elements": [
                    {
                        "type": "rich_text_section",
                        "elements": [
                            {
                                "type": "text",
                                "text": "read this "
                            },
                            {
                                "type": "link",
                                "url": "https:\/\/bitesizebio.com\/10041\/designing-qpcr-primers\/",
                                "text": "post"
                            },
                            {
                                "type": "text",
                                "text": " about picking primers for qpcr. Following that methodology I’m looking for primer sequences in various genes, based on this "
                            },
                            {
                                "type": "link",
                                "url": "https:\/\/www.ncbi.nlm.nih.gov\/pmc\/articles\/PMC6232608\/",
                                "text": "paper"
                            },
                            {
                                "type": "text",
                                "text": ". For Tubulin-alpha I searched NCBI gene for the terms “tubulin” and “parasteatoda”, then ran primer picker on one of the isoforms. For RPL13a (Cheryl used it in this "
                            },
                            {
                                "type": "link",
                                "url": "https:\/\/pubmed.ncbi.nlm.nih.gov\/33561241\/",
                                "text": "paper"
                            },
                            {
                                "type": "text",
                                "text": ") I searched for “ribosomal protein L13A” and “parasteatoda” then ran the primer picker.\nShould do a third gene before ordering"
                            }
                        ]
                    }
                ]
            }
        ],
        "team": "T017P3M8W7K",
        "user_team": "T017P3M8W7K",
        "source_team": "T017P3M8W7K",
        "user_profile": {
            "avatar_hash": "743a9fc0b5f6",
            "image_72": "https:\/\/avatars.slack-edge.com\/2022-06-30\/3731255580839_743a9fc0b5f63f195af3_72.jpg",
            "first_name": "parensburger",
            "real_name": "parensburger",
            "display_name": "Peter",
            "team": "T017P3M8W7K",
            "name": "parensburger",
            "is_restricted": false,
            "is_ultra_restricted": false
        },
        "attachments": [
            {
                "service_name": "Bitesize Bio",
                "title": "A Step-by-Step Guide to Designing qPCR Primers",
                "title_link": "https:\/\/bitesizebio.com\/10041\/designing-qpcr-primers\/",
                "text": "Primer design is a critical step when setting up your qPCR or reverse transcription-qPCR assay (RT-qPCR). qPCR primers that anneal poorly or to more than one sequence during amplification can significantly impact the quality and reliability of your results. Also, if you are performing a one-step RT-qPCR, the reverse transcriptase will use the reverse primer to prime the transcription reaction. In this scenario, a poor primer would result in both inefficient reverse transcription and inefficient amplification – a lose-lose situation. Considering the above, it's well worth spending the time necessary to design good qPCR primers. This article will tell you",
                "fallback": "Bitesize Bio: A Step-by-Step Guide to Designing qPCR Primers",
                "thumb_url": "https:\/\/bitesizebio.com\/wp-content\/uploads\/2012\/12\/header-image-copy7.jpg",
                "ts": 1360134050,
                "from_url": "https:\/\/bitesizebio.com\/10041\/designing-qpcr-primers\/",
                "thumb_width": 600,
                "thumb_height": 250,
                "service_icon": "https:\/\/bitesizebio.com\/wp-content\/uploads\/2018\/08\/android-chrome-256x256.png",
                "id": 1,
                "original_url": "https:\/\/bitesizebio.com\/10041\/designing-qpcr-primers\/"
            },
            {
                "service_name": "PubMed Central (PMC)",
                "title": "Selection of Reference Genes for the Normalization of RT-qPCR Data in Gene Expression Studies in Insects: A Systematic Review",
                "title_link": "https:\/\/www.ncbi.nlm.nih.gov\/pmc\/articles\/PMC6232608\/",
                "text": "Reverse transcriptase-quantitative polymerase chain reaction (RT-qPCR) is a reliable technique for quantifying expression levels of targeted genes during various biological processes in numerous areas of clinical and biological research. Selection of ...",
                "fallback": "PubMed Central (PMC): Selection of Reference Genes for the Normalization of RT-qPCR Data in Gene Expression Studies in Insects: A Systematic Review",
                "thumb_url": "https:\/\/www.ncbi.nlm.nih.gov\/corehtml\/pmc\/pmcgifs\/pmc-logo-share.png",
                "from_url": "https:\/\/www.ncbi.nlm.nih.gov\/pmc\/articles\/PMC6232608\/",
                "thumb_width": 1200,
                "thumb_height": 630,
                "service_icon": "http:\/\/www.ncbi.nlm.nih.gov\/favicon.ico",
                "id": 2,
                "original_url": "https:\/\/www.ncbi.nlm.nih.gov\/pmc\/articles\/PMC6232608\/"
            },
            {
                "service_name": "PubMed",
                "title": "Golden orb-weaving spider (Trichonephila clavipes) silk genes with sex-biased expression and atypical architectures - PubMed",
                "title_link": "https:\/\/pubmed.ncbi.nlm.nih.gov\/33561241\/",
                "text": "Spider silks are renowned for their high-performance mechanical properties. Contributing to these properties are proteins encoded by the spidroin (spider fibroin) gene family. Spidroins have been discovered mostly through cDNA studies of females based on the presence of conserved terminal regions an …",
                "fallback": "PubMed: Golden orb-weaving spider (Trichonephila clavipes) silk genes with sex-biased expression and atypical architectures - PubMed",
                "thumb_url": "https:\/\/cdn.ncbi.nlm.nih.gov\/pubmed\/persistent\/pubmed-meta-image.png",
                "from_url": "https:\/\/pubmed.ncbi.nlm.nih.gov\/33561241\/",
                "thumb_width": 1200,
                "thumb_height": 1200,
                "service_icon": "https:\/\/cdn.ncbi.nlm.nih.gov\/coreutils\/nwds\/img\/favicons\/favicon-57.png",
                "id": 3,
                "original_url": "https:\/\/pubmed.ncbi.nlm.nih.gov\/33561241\/"
            }
        ]
    },
    {
        "client_msg_id": "b298a613-f5d9-41a4-8765-c40f70d0a88c",
        "type": "message",
        "text": "Need to order E3005S and M03805 from NEB (rep is Melissa Kuhn, <mailto:kuhn@neb.com|kuhn@neb.com>). Can get a primer quote from ThermoFisher. Need to check that I have RNAeasy mini kit still left.",
        "user": "U01793PULLV",
        "ts": "1619559893.001600",
        "blocks": [
            {
                "type": "rich_text",
                "block_id": "WDSKe",
                "elements": [
                    {
                        "type": "rich_text_section",
                        "elements": [
                            {
                                "type": "text",
                                "text": "Need to order E3005S and M03805 from NEB (rep is Melissa Kuhn, "
                            },
                            {
                                "type": "link",
                                "url": "mailto:kuhn@neb.com",
                                "text": "kuhn@neb.com"
                            },
                            {
                                "type": "text",
                                "text": "). Can get a primer quote from ThermoFisher. Need to check that I have RNAeasy mini kit still left."
                            }
                        ]
                    }
                ]
            }
        ],
        "team": "T017P3M8W7K",
        "user_team": "T017P3M8W7K",
        "source_team": "T017P3M8W7K",
        "user_profile": {
            "avatar_hash": "743a9fc0b5f6",
            "image_72": "https:\/\/avatars.slack-edge.com\/2022-06-30\/3731255580839_743a9fc0b5f63f195af3_72.jpg",
            "first_name": "parensburger",
            "real_name": "parensburger",
            "display_name": "Peter",
            "team": "T017P3M8W7K",
            "name": "parensburger",
            "is_restricted": false,
            "is_ultra_restricted": false
        }
    }
]