[
    {
        "client_msg_id": "5468906e-5b9e-433b-9c7a-f0e278f24033",
        "type": "message",
        "text": "modified the file check_tir.pl tp check_tir2.pl, it now both creates a dotplot and reports on the TSDs, putting a copy on to faust",
        "user": "U01793PULLV",
        "ts": "1658284544.724629",
        "blocks": [
            {
                "type": "rich_text",
                "block_id": "z=wvH",
                "elements": [
                    {
                        "type": "rich_text_section",
                        "elements": [
                            {
                                "type": "text",
                                "text": "modified the file check_tir.pl tp check_tir2.pl, it now both creates a dotplot and reports on the TSDs, putting a copy on to faust"
                            }
                        ]
                    }
                ]
            }
        ],
        "team": "T017P3M8W7K",
        "user_team": "T017P3M8W7K",
        "source_team": "T017P3M8W7K",
        "user_profile": {
            "avatar_hash": "743a9fc0b5f6",
            "image_72": "https:\/\/avatars.slack-edge.com\/2022-06-30\/3731255580839_743a9fc0b5f63f195af3_72.jpg",
            "first_name": "parensburger",
            "real_name": "parensburger",
            "display_name": "Peter",
            "team": "T017P3M8W7K",
            "name": "parensburger",
            "is_restricted": false,
            "is_ultra_restricted": false
        }
    }
]