[
    {
        "client_msg_id": "73142beb-6b4b-4cd0-93ee-ce19e6639f8e",
        "type": "message",
        "text": "going through <http:\/\/tehub.org\/resources\/repeat_databases|repeat databases at TEhub> to figure out those that are most relevant to spiders",
        "user": "U01793PULLV",
        "ts": "1655160124.974759",
        "blocks": [
            {
                "type": "rich_text",
                "block_id": "8RX3c",
                "elements": [
                    {
                        "type": "rich_text_section",
                        "elements": [
                            {
                                "type": "text",
                                "text": "going through "
                            },
                            {
                                "type": "link",
                                "url": "http:\/\/tehub.org\/resources\/repeat_databases",
                                "text": "repeat databases at TEhub"
                            },
                            {
                                "type": "text",
                                "text": " to figure out those that are most relevant to spiders"
                            }
                        ]
                    }
                ]
            }
        ],
        "team": "T017P3M8W7K",
        "user_team": "T017P3M8W7K",
        "source_team": "T017P3M8W7K",
        "user_profile": {
            "avatar_hash": "743a9fc0b5f6",
            "image_72": "https:\/\/avatars.slack-edge.com\/2022-06-30\/3731255580839_743a9fc0b5f63f195af3_72.jpg",
            "first_name": "parensburger",
            "real_name": "parensburger",
            "display_name": "Peter",
            "team": "T017P3M8W7K",
            "name": "parensburger",
            "is_restricted": false,
            "is_ultra_restricted": false
        }
    },
    {
        "client_msg_id": "c5e15b6a-f53c-428f-9c91-cb05e963eebd",
        "type": "message",
        "text": "Download ArTEDB at <http:\/\/artedb.net\/download.html>\nBmTEdb does not seem accessible at the moment",
        "user": "U01793PULLV",
        "ts": "1655161653.893909",
        "blocks": [
            {
                "type": "rich_text",
                "block_id": "iEC5W",
                "elements": [
                    {
                        "type": "rich_text_section",
                        "elements": [
                            {
                                "type": "text",
                                "text": "Download ArTEDB at "
                            },
                            {
                                "type": "link",
                                "url": "http:\/\/artedb.net\/download.html"
                            },
                            {
                                "type": "text",
                                "text": "\nBmTEdb does not seem accessible at the moment"
                            }
                        ]
                    }
                ]
            }
        ],
        "team": "T017P3M8W7K",
        "user_team": "T017P3M8W7K",
        "source_team": "T017P3M8W7K",
        "user_profile": {
            "avatar_hash": "743a9fc0b5f6",
            "image_72": "https:\/\/avatars.slack-edge.com\/2022-06-30\/3731255580839_743a9fc0b5f63f195af3_72.jpg",
            "first_name": "parensburger",
            "real_name": "parensburger",
            "display_name": "Peter",
            "team": "T017P3M8W7K",
            "name": "parensburger",
            "is_restricted": false,
            "is_ultra_restricted": false
        },
        "attachments": [
            {
                "from_url": "http:\/\/artedb.net\/download.html",
                "id": 1,
                "original_url": "http:\/\/artedb.net\/download.html",
                "fallback": "Home|ArTEDB",
                "text": "Arthropod Transposable Elements Database",
                "title": "Home|ArTEDB",
                "title_link": "http:\/\/artedb.net\/download.html",
                "service_name": "artedb.net"
            }
        ]
    }
]