[
    {
        "client_msg_id": "b72f235d-f714-46f9-a198-4d0dacc7eaa2",
        "type": "message",
        "text": "Redoing the analysis above from scratch, not where I was at\n```(te_annot) peter@faust:~\/TE_ManAnnot\/Ptep3_RM2$ bash ..\/bin\/generate_priority_list_from_RM2.sh Ptep3-families.fa ~\/db\/Ptep3.fa ~\/Pfam_db\/ ~\/TE_ManAnnot\/```",
        "user": "U01793PULLV",
        "ts": "1657907968.977539",
        "blocks": [
            {
                "type": "rich_text",
                "block_id": "SptOb",
                "elements": [
                    {
                        "type": "rich_text_section",
                        "elements": [
                            {
                                "type": "text",
                                "text": "Redoing the analysis above from scratch, not where I was at\n"
                            }
                        ]
                    },
                    {
                        "type": "rich_text_preformatted",
                        "elements": [
                            {
                                "type": "text",
                                "text": "(te_annot) peter@faust:~\/TE_ManAnnot\/Ptep3_RM2$ bash ..\/bin\/generate_priority_list_from_RM2.sh Ptep3-families.fa ~\/db\/Ptep3.fa ~\/Pfam_db\/ ~\/TE_ManAnnot\/"
                            }
                        ],
                        "border": 0
                    }
                ]
            }
        ],
        "team": "T017P3M8W7K",
        "user_team": "T017P3M8W7K",
        "source_team": "T017P3M8W7K",
        "user_profile": {
            "avatar_hash": "743a9fc0b5f6",
            "image_72": "https:\/\/avatars.slack-edge.com\/2022-06-30\/3731255580839_743a9fc0b5f63f195af3_72.jpg",
            "first_name": "parensburger",
            "real_name": "parensburger",
            "display_name": "Peter",
            "team": "T017P3M8W7K",
            "name": "parensburger",
            "is_restricted": false,
            "is_ultra_restricted": false
        }
    },
    {
        "client_msg_id": "d45524aa-d781-4cfe-9760-29c7087942d7",
        "type": "message",
        "text": "While I am waiting for the original analysis to be redone, I found one element that could be interesting (rnd-1_family-726#DNA) so here's how I extracted all the copies (protocols 7 and 8):\n```peter@faust:~\/TE_ManAnnot\/Ptep3_RM2\/old$ perl ..\/..\/bin\/fasta_multi_to_one_line.pl cdhit.fa &gt; cdhit2.fa\npeter@faust:~\/TE_ManAnnot\/Ptep3_RM2\/old$ grep rnd-1_family-726#DNA cdhit2.fa -A 1 &gt; f726.fa\n(te_annot) peter@faust:~\/TE_ManAnnot\/Ptep3_RM2\/old$ bash ..\/..\/bin\/make_fasta_from_blast.sh ~\/db\/Ptep3.fa f726.fa 0 500```",
        "user": "U01793PULLV",
        "ts": "1657908165.450109",
        "blocks": [
            {
                "type": "rich_text",
                "block_id": "Hrch",
                "elements": [
                    {
                        "type": "rich_text_section",
                        "elements": [
                            {
                                "type": "text",
                                "text": "While I am waiting for the original analysis to be redone, I found one element that could be interesting (rnd-1_family-726#DNA) so here's how I extracted all the copies (protocols 7 and 8):\n"
                            }
                        ]
                    },
                    {
                        "type": "rich_text_preformatted",
                        "elements": [
                            {
                                "type": "text",
                                "text": "peter@faust:~\/TE_ManAnnot\/Ptep3_RM2\/old$ perl ..\/..\/bin\/fasta_multi_to_one_line.pl cdhit.fa > cdhit2.fa\npeter@faust:~\/TE_ManAnnot\/Ptep3_RM2\/old$ grep rnd-1_family-726#DNA cdhit2.fa -A 1 > f726.fa\n(te_annot) peter@faust:~\/TE_ManAnnot\/Ptep3_RM2\/old$ bash ..\/..\/bin\/make_fasta_from_blast.sh ~\/db\/Ptep3.fa f726.fa 0 500"
                            }
                        ],
                        "border": 0
                    }
                ]
            }
        ],
        "team": "T017P3M8W7K",
        "user_team": "T017P3M8W7K",
        "source_team": "T017P3M8W7K",
        "user_profile": {
            "avatar_hash": "743a9fc0b5f6",
            "image_72": "https:\/\/avatars.slack-edge.com\/2022-06-30\/3731255580839_743a9fc0b5f63f195af3_72.jpg",
            "first_name": "parensburger",
            "real_name": "parensburger",
            "display_name": "Peter",
            "team": "T017P3M8W7K",
            "name": "parensburger",
            "is_restricted": false,
            "is_ultra_restricted": false
        }
    },
    {
        "client_msg_id": "72d69030-45a8-4de3-8731-6f0e53061b80",
        "type": "message",
        "text": "continuing with the example\n```(te_annot) peter@faust:~\/TE_ManAnnot\/Ptep3_RM2\/old$ mafft f726.fa.blast.bed.fa &gt; f726.maf```\nthe output here has lots of insert columns (problem described on page 32 of the manual alignment document), try to solve with t-coffee as suggested.\nThe version of t_coffee I downloaded crashes, use the one that can be installed by default with ubuntu.\nNeed to install a good version of a dot plot program",
        "user": "U01793PULLV",
        "ts": "1657915603.624739",
        "blocks": [
            {
                "type": "rich_text",
                "block_id": "1Fcw",
                "elements": [
                    {
                        "type": "rich_text_section",
                        "elements": [
                            {
                                "type": "text",
                                "text": "continuing with the example\n"
                            }
                        ]
                    },
                    {
                        "type": "rich_text_preformatted",
                        "elements": [
                            {
                                "type": "text",
                                "text": "(te_annot) peter@faust:~\/TE_ManAnnot\/Ptep3_RM2\/old$ mafft f726.fa.blast.bed.fa > f726.maf"
                            }
                        ],
                        "border": 0
                    },
                    {
                        "type": "rich_text_section",
                        "elements": [
                            {
                                "type": "text",
                                "text": "the output here has lots of insert columns (problem described on page 32 of the manual alignment document), try to solve with t-coffee as suggested.\nThe version of t_coffee I downloaded crashes, use the one that can be installed by default with ubuntu.\nNeed to install a good version of a dot plot program"
                            }
                        ]
                    }
                ]
            }
        ],
        "team": "T017P3M8W7K",
        "user_team": "T017P3M8W7K",
        "source_team": "T017P3M8W7K",
        "user_profile": {
            "avatar_hash": "743a9fc0b5f6",
            "image_72": "https:\/\/avatars.slack-edge.com\/2022-06-30\/3731255580839_743a9fc0b5f63f195af3_72.jpg",
            "first_name": "parensburger",
            "real_name": "parensburger",
            "display_name": "Peter",
            "team": "T017P3M8W7K",
            "name": "parensburger",
            "is_restricted": false,
            "is_ultra_restricted": false
        }
    }
]