[
    {
        "client_msg_id": "d8174d85-1fe1-4f4e-9a21-7554133a8768",
        "type": "message",
        "text": "trying out a script to test out how good the TIRs might be on a proposed editing of file ends\nfile f726_tir.fa fasta file with ends edited out",
        "user": "U01793PULLV",
        "ts": "1658169526.416009",
        "blocks": [
            {
                "type": "rich_text",
                "block_id": "nI2ol",
                "elements": [
                    {
                        "type": "rich_text_section",
                        "elements": [
                            {
                                "type": "text",
                                "text": "trying out a script to test out how good the TIRs might be on a proposed editing of file ends\nfile f726_tir.fa fasta file with ends edited out"
                            }
                        ]
                    }
                ]
            }
        ],
        "team": "T017P3M8W7K",
        "user_team": "T017P3M8W7K",
        "source_team": "T017P3M8W7K",
        "user_profile": {
            "avatar_hash": "743a9fc0b5f6",
            "image_72": "https:\/\/avatars.slack-edge.com\/2022-06-30\/3731255580839_743a9fc0b5f63f195af3_72.jpg",
            "first_name": "parensburger",
            "real_name": "parensburger",
            "display_name": "Peter",
            "team": "T017P3M8W7K",
            "name": "parensburger",
            "is_restricted": false,
            "is_ultra_restricted": false
        }
    },
    {
        "client_msg_id": "ea05cab4-1340-472b-b2b7-cc138a2740bd",
        "type": "message",
        "text": "wrote script check_tir.pl that takes a fasta file, and returns a dot plot of the ends, could be useful to find TIRs.",
        "user": "U01793PULLV",
        "ts": "1658175272.949259",
        "blocks": [
            {
                "type": "rich_text",
                "block_id": "iB9",
                "elements": [
                    {
                        "type": "rich_text_section",
                        "elements": [
                            {
                                "type": "text",
                                "text": "wrote script check_tir.pl that takes a fasta file, and returns a dot plot of the ends, could be useful to find TIRs."
                            }
                        ]
                    }
                ]
            }
        ],
        "team": "T017P3M8W7K",
        "user_team": "T017P3M8W7K",
        "source_team": "T017P3M8W7K",
        "user_profile": {
            "avatar_hash": "743a9fc0b5f6",
            "image_72": "https:\/\/avatars.slack-edge.com\/2022-06-30\/3731255580839_743a9fc0b5f63f195af3_72.jpg",
            "first_name": "parensburger",
            "real_name": "parensburger",
            "display_name": "Peter",
            "team": "T017P3M8W7K",
            "name": "parensburger",
            "is_restricted": false,
            "is_ultra_restricted": false
        }
    },
    {
        "client_msg_id": "0f204b3b-80f4-4687-882e-086c9a7219c0",
        "type": "message",
        "text": "Next script (check_tst.pl) will take a fasta file with TIR ends and original .maf sequence as input and return a report about TSDs",
        "user": "U01793PULLV",
        "ts": "1658176299.761879",
        "blocks": [
            {
                "type": "rich_text",
                "block_id": "lXF0",
                "elements": [
                    {
                        "type": "rich_text_section",
                        "elements": [
                            {
                                "type": "text",
                                "text": "Next script (check_tst.pl) will take a fasta file with TIR ends and original .maf sequence as input and return a report about TSDs"
                            }
                        ]
                    }
                ]
            }
        ],
        "team": "T017P3M8W7K",
        "user_team": "T017P3M8W7K",
        "source_team": "T017P3M8W7K",
        "user_profile": {
            "avatar_hash": "743a9fc0b5f6",
            "image_72": "https:\/\/avatars.slack-edge.com\/2022-06-30\/3731255580839_743a9fc0b5f63f195af3_72.jpg",
            "first_name": "parensburger",
            "real_name": "parensburger",
            "display_name": "Peter",
            "team": "T017P3M8W7K",
            "name": "parensburger",
            "is_restricted": false,
            "is_ultra_restricted": false
        }
    },
    {
        "client_msg_id": "1ecad3cf-8e36-4f2c-a577-613db9c2758c",
        "type": "message",
        "text": "wrote check_tsd.pl, seems to work, at least on one example",
        "user": "U01793PULLV",
        "ts": "1658185438.829719",
        "blocks": [
            {
                "type": "rich_text",
                "block_id": "3eD\/D",
                "elements": [
                    {
                        "type": "rich_text_section",
                        "elements": [
                            {
                                "type": "text",
                                "text": "wrote check_tsd.pl, seems to work, at least on one example"
                            }
                        ]
                    }
                ]
            }
        ],
        "team": "T017P3M8W7K",
        "user_team": "T017P3M8W7K",
        "source_team": "T017P3M8W7K",
        "user_profile": {
            "avatar_hash": "743a9fc0b5f6",
            "image_72": "https:\/\/avatars.slack-edge.com\/2022-06-30\/3731255580839_743a9fc0b5f63f195af3_72.jpg",
            "first_name": "parensburger",
            "real_name": "parensburger",
            "display_name": "Peter",
            "team": "T017P3M8W7K",
            "name": "parensburger",
            "is_restricted": false,
            "is_ultra_restricted": false
        }
    }
]