[
    {
        "client_msg_id": "42a693ff-a072-4e5b-b05f-241c853107f4",
        "type": "message",
        "text": "Use Drosophila TEs Github, <https:\/\/github.com\/cbergman\/transposons|here> . The <http:\/\/petrov.stanford.edu\/cgi-bin\/Tlex_databases\/flyTE_home.cgi|FlyTE> is likel the same thing",
        "user": "U01793PULLV",
        "ts": "1655255505.942239",
        "blocks": [
            {
                "type": "rich_text",
                "block_id": "yhc0",
                "elements": [
                    {
                        "type": "rich_text_section",
                        "elements": [
                            {
                                "type": "text",
                                "text": "Use Drosophila TEs Github, "
                            },
                            {
                                "type": "link",
                                "url": "https:\/\/github.com\/cbergman\/transposons",
                                "text": "here"
                            },
                            {
                                "type": "text",
                                "text": " . The "
                            },
                            {
                                "type": "link",
                                "url": "http:\/\/petrov.stanford.edu\/cgi-bin\/Tlex_databases\/flyTE_home.cgi",
                                "text": "FlyTE"
                            },
                            {
                                "type": "text",
                                "text": " is likel the same thing"
                            }
                        ]
                    }
                ]
            }
        ],
        "team": "T017P3M8W7K",
        "user_team": "T017P3M8W7K",
        "source_team": "T017P3M8W7K",
        "user_profile": {
            "avatar_hash": "743a9fc0b5f6",
            "image_72": "https:\/\/avatars.slack-edge.com\/2022-06-30\/3731255580839_743a9fc0b5f63f195af3_72.jpg",
            "first_name": "parensburger",
            "real_name": "parensburger",
            "display_name": "Peter",
            "team": "T017P3M8W7K",
            "name": "parensburger",
            "is_restricted": false,
            "is_ultra_restricted": false
        },
        "edited": {
            "user": "U01793PULLV",
            "ts": "1655255664.000000"
        },
        "attachments": [
            {
                "from_url": "https:\/\/github.com\/cbergman\/transposons",
                "image_url": "https:\/\/opengraph.githubassets.com\/5303d63d6eb3ac1ad01df2931da812af212bbc4c3383e7bdc67e0744725d4e6e\/bergmanlab\/drosophila-transposons",
                "image_width": 500,
                "image_height": 250,
                "image_bytes": 48572,
                "service_icon": "https:\/\/a.slack-edge.com\/80588\/img\/unfurl_icons\/github.png",
                "id": 1,
                "original_url": "https:\/\/github.com\/cbergman\/transposons",
                "fallback": "GitHub: GitHub - bergmanlab\/drosophila-transposons: Drosophila transposable element canonical sequences",
                "text": "Drosophila transposable element canonical sequences - GitHub - bergmanlab\/drosophila-transposons: Drosophila transposable element canonical sequences",
                "title": "GitHub - bergmanlab\/drosophila-transposons: Drosophila transposable element canonical sequences",
                "title_link": "https:\/\/github.com\/cbergman\/transposons",
                "service_name": "GitHub"
            },
            {
                "from_url": "http:\/\/petrov.stanford.edu\/cgi-bin\/Tlex_databases\/flyTE_home.cgi",
                "service_icon": "http:\/\/petrov.stanford.edu\/cgi-bin\/Tlex-archives\/D-melo1.jpg",
                "id": 2,
                "original_url": "http:\/\/petrov.stanford.edu\/cgi-bin\/Tlex_databases\/flyTE_home.cgi",
                "fallback": "FlyTE-Home",
                "text": "Discovery, annotation and population frequency of transposable elements using next-generation sequencing data",
                "title": "FlyTE-Home",
                "title_link": "http:\/\/petrov.stanford.edu\/cgi-bin\/Tlex_databases\/flyTE_home.cgi",
                "service_name": "petrov.stanford.edu"
            }
        ]
    },
    {
        "client_msg_id": "d5959f5c-c536-4f78-afbe-f0dc228fcb76",
        "type": "message",
        "text": "iMITEdb not accessible",
        "user": "U01793PULLV",
        "ts": "1655255929.287349",
        "blocks": [
            {
                "type": "rich_text",
                "block_id": "=df",
                "elements": [
                    {
                        "type": "rich_text_section",
                        "elements": [
                            {
                                "type": "text",
                                "text": "iMITEdb not accessible"
                            }
                        ]
                    }
                ]
            }
        ],
        "team": "T017P3M8W7K",
        "user_team": "T017P3M8W7K",
        "source_team": "T017P3M8W7K",
        "user_profile": {
            "avatar_hash": "743a9fc0b5f6",
            "image_72": "https:\/\/avatars.slack-edge.com\/2022-06-30\/3731255580839_743a9fc0b5f63f195af3_72.jpg",
            "first_name": "parensburger",
            "real_name": "parensburger",
            "display_name": "Peter",
            "team": "T017P3M8W7K",
            "name": "parensburger",
            "is_restricted": false,
            "is_ultra_restricted": false
        }
    },
    {
        "client_msg_id": "87677d9d-6f7f-4815-963d-029194e42a09",
        "type": "message",
        "text": "tefam not working",
        "user": "U01793PULLV",
        "ts": "1655256122.572779",
        "blocks": [
            {
                "type": "rich_text",
                "block_id": "CBxh",
                "elements": [
                    {
                        "type": "rich_text_section",
                        "elements": [
                            {
                                "type": "text",
                                "text": "tefam not working"
                            }
                        ]
                    }
                ]
            }
        ],
        "team": "T017P3M8W7K",
        "user_team": "T017P3M8W7K",
        "source_team": "T017P3M8W7K",
        "user_profile": {
            "avatar_hash": "743a9fc0b5f6",
            "image_72": "https:\/\/avatars.slack-edge.com\/2022-06-30\/3731255580839_743a9fc0b5f63f195af3_72.jpg",
            "first_name": "parensburger",
            "real_name": "parensburger",
            "display_name": "Peter",
            "team": "T017P3M8W7K",
            "name": "parensburger",
            "is_restricted": false,
            "is_ultra_restricted": false
        }
    }
]