[
    {
        "client_msg_id": "2e08d56e-6b15-49d9-85fc-7b64cff81b18",
        "type": "message",
        "text": "Trying out manual annotation on RepeatModeler output, using the genome NOT masked by trf\n```(te_annot) peter@faust:~\/TE_ManAnnot\/Ptep3_RM2$ scp arensburger@cppbc:\/home\/arensburger\/Ptep3_RepeatModeler\/Ptep3-families.fa .\n(te_annot) peter@faust:~\/TE_ManAnnot\/Ptep3_RM2$ bash ..\/bin\/generate_priority_list_from_RM2.sh Ptep3-families.fa ~\/db\/Ptep3.fa ~\/Pfam_db\/ ~\/TE_ManAnnot\/```",
        "user": "U01793PULLV",
        "ts": "1657061462.154849",
        "blocks": [
            {
                "type": "rich_text",
                "block_id": "IONv2",
                "elements": [
                    {
                        "type": "rich_text_section",
                        "elements": [
                            {
                                "type": "text",
                                "text": "Trying out manual annotation on RepeatModeler output, using the genome NOT masked by trf\n"
                            }
                        ]
                    },
                    {
                        "type": "rich_text_preformatted",
                        "elements": [
                            {
                                "type": "text",
                                "text": "(te_annot) peter@faust:~\/TE_ManAnnot\/Ptep3_RM2$ scp arensburger@cppbc:\/home\/arensburger\/Ptep3_RepeatModeler\/Ptep3-families.fa .\n(te_annot) peter@faust:~\/TE_ManAnnot\/Ptep3_RM2$ bash ..\/bin\/generate_priority_list_from_RM2.sh Ptep3-families.fa ~\/db\/Ptep3.fa ~\/Pfam_db\/ ~\/TE_ManAnnot\/"
                            }
                        ],
                        "border": 0
                    }
                ]
            }
        ],
        "team": "T017P3M8W7K",
        "user_team": "T017P3M8W7K",
        "source_team": "T017P3M8W7K",
        "user_profile": {
            "avatar_hash": "743a9fc0b5f6",
            "image_72": "https:\/\/avatars.slack-edge.com\/2022-06-30\/3731255580839_743a9fc0b5f63f195af3_72.jpg",
            "first_name": "parensburger",
            "real_name": "parensburger",
            "display_name": "Peter",
            "team": "T017P3M8W7K",
            "name": "parensburger",
            "is_restricted": false,
            "is_ultra_restricted": false
        }
    },
    {
        "client_msg_id": "3f258389-172e-4ac2-85be-dbc7d6c9317a",
        "type": "message",
        "text": "finished running steps 1-6 (based on Goubert), when running this script what Goubert calls \"reduced.fa\" is now \"cdhit.fa\"",
        "user": "U01793PULLV",
        "ts": "1657062069.247629",
        "blocks": [
            {
                "type": "rich_text",
                "block_id": "IPxW",
                "elements": [
                    {
                        "type": "rich_text_section",
                        "elements": [
                            {
                                "type": "text",
                                "text": "finished running steps 1-6 (based on Goubert), when running this script what Goubert calls \"reduced.fa\" is now \"cdhit.fa\""
                            }
                        ]
                    }
                ]
            }
        ],
        "team": "T017P3M8W7K",
        "user_team": "T017P3M8W7K",
        "source_team": "T017P3M8W7K",
        "user_profile": {
            "avatar_hash": "743a9fc0b5f6",
            "image_72": "https:\/\/avatars.slack-edge.com\/2022-06-30\/3731255580839_743a9fc0b5f63f195af3_72.jpg",
            "first_name": "parensburger",
            "real_name": "parensburger",
            "display_name": "Peter",
            "team": "T017P3M8W7K",
            "name": "parensburger",
            "is_restricted": false,
            "is_ultra_restricted": false
        }
    },
    {
        "client_msg_id": "b696ea20-5a8f-47e0-bdcc-c0bb8b2bc2e8",
        "type": "message",
        "text": ":frowning: I erased the file cdhit.fa trying to them all on a single line. redoing the analysis.",
        "user": "U01793PULLV",
        "ts": "1657062332.162769",
        "blocks": [
            {
                "type": "rich_text",
                "block_id": "we+md",
                "elements": [
                    {
                        "type": "rich_text_section",
                        "elements": [
                            {
                                "type": "emoji",
                                "name": "frowning",
                                "unicode": "1f626"
                            },
                            {
                                "type": "text",
                                "text": " I erased the file cdhit.fa trying to them all on a single line. redoing the analysis."
                            }
                        ]
                    }
                ]
            }
        ],
        "team": "T017P3M8W7K",
        "user_team": "T017P3M8W7K",
        "source_team": "T017P3M8W7K",
        "user_profile": {
            "avatar_hash": "743a9fc0b5f6",
            "image_72": "https:\/\/avatars.slack-edge.com\/2022-06-30\/3731255580839_743a9fc0b5f63f195af3_72.jpg",
            "first_name": "parensburger",
            "real_name": "parensburger",
            "display_name": "Peter",
            "team": "T017P3M8W7K",
            "name": "parensburger",
            "is_restricted": false,
            "is_ultra_restricted": false
        }
    }
]