[
    {
        "client_msg_id": "71ec666b-49a2-40cc-addd-a33323dbfd2f",
        "type": "message",
        "text": "apparently t_coffee has its own perl version, that was interfering with IDrive. So changed the directory\n```peter@faust:~\/.t_coffee$ mv perl perl_old```",
        "user": "U01793PULLV",
        "ts": "1650489137.615309",
        "blocks": [
            {
                "type": "rich_text",
                "block_id": "=dAd0",
                "elements": [
                    {
                        "type": "rich_text_section",
                        "elements": [
                            {
                                "type": "text",
                                "text": "apparently t_coffee has its own perl version, that was interfering with IDrive. So changed the directory\n"
                            }
                        ]
                    },
                    {
                        "type": "rich_text_preformatted",
                        "elements": [
                            {
                                "type": "text",
                                "text": "peter@faust:~\/.t_coffee$ mv perl perl_old"
                            }
                        ],
                        "border": 0
                    }
                ]
            }
        ],
        "team": "T017P3M8W7K",
        "user_team": "T017P3M8W7K",
        "source_team": "T017P3M8W7K",
        "user_profile": {
            "avatar_hash": "743a9fc0b5f6",
            "image_72": "https:\/\/avatars.slack-edge.com\/2022-06-30\/3731255580839_743a9fc0b5f63f195af3_72.jpg",
            "first_name": "parensburger",
            "real_name": "parensburger",
            "display_name": "Peter",
            "team": "T017P3M8W7K",
            "name": "parensburger",
            "is_restricted": false,
            "is_ultra_restricted": false
        }
    }
]