[
    {
        "client_msg_id": "6b6055af-50f1-4306-a93a-f3b8d088f49c",
        "type": "message",
        "text": "```(te_annot) peter@faust:~\/TE_ManAnnot\/tutorial_data$ perl ..\/bin\/rm2_fams2table.pl rm2-families.fa\n(te_annot) peter@faust:~\/TE_ManAnnot\/tutorial_data$ cd-hit-est -i rm2-families.fa -o reduced.fa -d 0 -aS 0.8 -c 0.8 -G 0 -g 1 -b 500\n(te_annot) peter@faust:~\/TE_ManAnnot\/tutorial_data$ perl ..\/bin\/rm2_fams2table.pl reduced.fa\n(te_annot) peter@faust:~\/TE_ManAnnot\/tutorial_data$ pfam_scan.pl -fasta reduced.orf -dir ~\/Pfam_db -outfile reduced.pfam```",
        "user": "U01793PULLV",
        "ts": "1651704547.116519",
        "blocks": [
            {
                "type": "rich_text",
                "block_id": "fHmvb",
                "elements": [
                    {
                        "type": "rich_text_preformatted",
                        "elements": [
                            {
                                "type": "text",
                                "text": "(te_annot) peter@faust:~\/TE_ManAnnot\/tutorial_data$ perl ..\/bin\/rm2_fams2table.pl rm2-families.fa\n(te_annot) peter@faust:~\/TE_ManAnnot\/tutorial_data$ cd-hit-est -i rm2-families.fa -o reduced.fa -d 0 -aS 0.8 -c 0.8 -G 0 -g 1 -b 500\n(te_annot) peter@faust:~\/TE_ManAnnot\/tutorial_data$ perl ..\/bin\/rm2_fams2table.pl reduced.fa\n(te_annot) peter@faust:~\/TE_ManAnnot\/tutorial_data$ pfam_scan.pl -fasta reduced.orf -dir ~\/Pfam_db -outfile reduced.pfam"
                            }
                        ],
                        "border": 0
                    }
                ]
            }
        ],
        "team": "T017P3M8W7K",
        "user_team": "T017P3M8W7K",
        "source_team": "T017P3M8W7K",
        "user_profile": {
            "avatar_hash": "743a9fc0b5f6",
            "image_72": "https:\/\/avatars.slack-edge.com\/2022-06-30\/3731255580839_743a9fc0b5f63f195af3_72.jpg",
            "first_name": "parensburger",
            "real_name": "parensburger",
            "display_name": "Peter",
            "team": "T017P3M8W7K",
            "name": "parensburger",
            "is_restricted": false,
            "is_ultra_restricted": false
        },
        "edited": {
            "user": "U01793PULLV",
            "ts": "1651705781.000000"
        }
    },
    {
        "client_msg_id": "bf20f640-df42-4050-9f7d-6062ce1bebc1",
        "type": "message",
        "text": "```(te_annot) peter@faust:~\/TE_ManAnnot\/tutorial_data$ awk '{if ($6~\/^PF\/) {print $1}}' reduced.pfam | sed 's\/\\#\/ \/1' | awk '{print $1}' | sort | uniq -c | sort &gt; pf.domains.count\n(stopped at at block 27)```\n",
        "user": "U01793PULLV",
        "ts": "1651705765.778239",
        "blocks": [
            {
                "type": "rich_text",
                "block_id": "3xV",
                "elements": [
                    {
                        "type": "rich_text_preformatted",
                        "elements": [
                            {
                                "type": "text",
                                "text": "(te_annot) peter@faust:~\/TE_ManAnnot\/tutorial_data$ awk '{if ($6~\/^PF\/) {print $1}}' reduced.pfam | sed 's\/\\#\/ \/1' | awk '{print $1}' | sort | uniq -c | sort > pf.domains.count\n(stopped at at block 27)"
                            }
                        ],
                        "border": 0
                    },
                    {
                        "type": "rich_text_section",
                        "elements": []
                    }
                ]
            }
        ],
        "team": "T017P3M8W7K",
        "user_team": "T017P3M8W7K",
        "source_team": "T017P3M8W7K",
        "user_profile": {
            "avatar_hash": "743a9fc0b5f6",
            "image_72": "https:\/\/avatars.slack-edge.com\/2022-06-30\/3731255580839_743a9fc0b5f63f195af3_72.jpg",
            "first_name": "parensburger",
            "real_name": "parensburger",
            "display_name": "Peter",
            "team": "T017P3M8W7K",
            "name": "parensburger",
            "is_restricted": false,
            "is_ultra_restricted": false
        }
    }
]